design_id,operational_id,connection_count,block_creation_interval,maximum_block_size,validating_node_count,node_bandwidth_heterogeneity,link_bandwidth_heterogeneity,hashing_power_concentration,adversarial_hashing_power_share,transaction_arrival_rate,number_of_attackers,transaction_batch_size
D121,O006,1,60,0.25,26,0.46643889626056984,0.1999019902784377,0.36047690978299723,0.19632186896831513,0.7164933989680144,1,1
D121,O071,1,60,0.25,830,0.02577223787060603,0.059916075683899506,0.006124036584080637,0.001567019036236368,15.173323377461541,1,1
D121,O014,1,60,0.25,505,0.055050563519665925,0.385744929065962,0.3235732737788464,0.24919199267349826,40.509619850150905,1,2
D121,O017,1,60,0.25,47,0.23594790081754102,0.20555857271914696,0.45042194931634016,0.031413736601039494,53.72409801145742,1,1
D121,O086,1,60,0.25,135,0.46988821914906914,0.05636599657473364,0.04382145887034975,0.20420128774402999,39.12492865085397,1,1
D121,O068,1,60,0.25,871,0.14852577867663705,0.23899060027800526,0.4312666597088087,0.024847913302553898,0.9200696163057719,1,1
D121,O088,1,60,0.25,74,0.028069089455227885,0.0540852458243732,0.20267396198384915,0.18713991585106382,1.5827391896984995,1,1
D121,O004,1,60,0.25,544,0.015441285299266139,0.39993712983284035,0.04776710118920632,0.021638755647051863,1.6116316353856468,1,1
D121,O044,1,60,0.25,721,0.4323761389499774,0.3249254075658305,0.14400789358316032,0.2057651422999217,5.188637143423622,1,1
D121,O039,1,60,0.25,48,0.23271826163391704,0.17994216982882252,0.033136716412387766,0.009267722660894678,7.735302700968688,1,1
D121,O002,1,60,0.25,71,0.3869572888593429,0.3359060402524592,0.4237565470025848,0.2289968100269869,83.12511836496435,1,1
D121,O040,1,60,0.25,585,0.39295945909914204,0.39457393035340843,0.49881523135642764,0.05135952265618624,14.252098768706817,1,1
D121,O094,1,60,0.25,888,0.3020897605205713,0.09146905532601642,0.35894591710200935,0.2171888653996259,27.41085260307382,1,2
D121,O081,1,60,0.25,229,0.311863322482168,0.04075722691061323,0.19095392421992533,0.02739734620632218,0.6097018515377178,1,1
D121,O049,1,60,0.25,33,0.06812771834318439,0.32719790546899485,0.35145855206621296,0.16958665122464434,1.8896835200947433,1,1
D121,O052,1,60,0.25,249,0.2931097132079093,0.3814959415656873,0.2938470301831344,0.11894055514138323,0.5015927101920599,1,1
D121,O008,1,60,0.25,217,0.11836586776404656,0.010264004522404446,0.43857764367626295,0.018412668361408348,3.575437414313759,1,1
D121,O054,1,60,0.25,70,0.4839396769446982,0.22536965317316154,0.03930216819422613,0.15840050766206762,1.0282529368841058,1,1
D121,O024,1,60,0.25,109,0.10754307926740679,0.37018563204761357,0.33107988983875875,0.015416181466785838,6.304497557330792,1,1
D121,O096,1,60,0.25,91,0.16170145035385156,0.2643539191149355,0.06955567449111148,0.22233066342288632,0.7713641646886089,1,1
D121,O011,1,60,0.25,163,0.25776627650906286,0.2303694517776211,0.06737682806363049,0.14710779675896993,91.70680464514531,1,2
D121,O007,1,60,0.25,20,0.14113037245484783,0.13876459429554666,0.1666223660040416,0.10804294323375169,48.415238066551936,1,1
D121,O005,1,60,0.25,472,0.4589275080729363,0.08115278028022999,0.01805553152120237,0.016407342151695845,5.656278920047442,1,1
D121,O051,1,60,0.25,264,0.41545850105358517,0.16117913503688408,0.31172678881737154,0.04432963616759917,29.375100601310205,1,1
D121,O035,1,60,0.25,173,0.04115959515567879,0.2568973510762646,0.341435098368886,0.12832396264407875,33.55867734781047,1,1
D121,O061,1,60,0.25,27,0.3818054373139011,0.016164820124611564,0.49161369207236744,0.15170831162875867,2.704226534184525,1,1
D121,O041,1,60,0.25,49,0.29773529796391324,0.2682058880863957,0.21258059195189896,0.13536346098324145,6.422809519648459,1,1
D121,O063,1,60,0.25,159,0.16777747895905004,0.06995771215016022,0.1303723567023025,0.23670560860575965,35.98655231023139,1,1
D121,O019,1,60,0.25,24,0.43162963836847273,0.2540667171143032,0.25374033794612383,0.035040597237275414,32.89046352986745,1,1
D121,O012,1,60,0.25,121,0.018977159008053714,0.04210847176585192,0.10616643187530726,0.054886753813351695,1.8282853898334144,1,1
D121,O043,1,60,0.25,936,0.15426768642279118,0.33291989469689626,0.3891618356934266,0.22532924015852426,3.26544153713843,1,1
D121,O020,1,60,0.25,113,0.34826997592038184,0.09528586345019373,0.4094664889372201,0.24640169843124984,56.59198119339328,1,1
D121,O038,1,60,0.25,765,0.13732854699013036,0.15389066235695392,0.3957456035362972,0.09581902124053866,11.34675406331586,1,1
D121,O010,1,60,0.25,78,0.42428609036547965,0.04657399042364526,0.4729163397200382,0.0751091814821646,20.648364158380655,1,1
D121,O053,1,60,0.25,251,0.008437374343120882,0.21970454406000367,0.07760861372476294,0.043406152521391926,15.704072062843153,1,1
D121,O032,1,60,0.25,449,0.47407037046920236,0.2939643960095397,0.3338689716235752,0.19214128568359498,0.6467632780905109,1,1
D121,O083,1,60,0.25,89,0.0026292440689011016,0.11891721005650385,0.01234014792986679,0.1423155000056148,8.932954010356676,1,1
D121,O050,1,60,0.25,322,0.20605210901232662,0.1235097854541975,0.23025885735500393,0.24203168280895757,3.7974936169643003,1,1
D121,O084,1,60,0.25,797,0.3729926769965046,0.00038649133259261126,0.0015211296530381324,0.21211963380230117,57.968250320486554,1,5
D121,O027,1,60,0.25,120,0.17379211770070632,0.27539058086552737,0.1159901845036011,0.0031260536499028886,1.2414059949857388,1,1
D121,O023,1,60,0.25,410,0.21445143650369905,0.1278983599397813,0.09400253805958962,0.08365268726290574,18.724748063248505,1,1
D121,O047,1,60,0.25,32,0.45759305330669026,0.35742600924919476,0.3652359087633477,0.12397431353742944,4.578704726331181,1,1
D121,O067,1,60,0.25,60,0.35992868878826584,0.02076874017167992,0.17423242461745192,0.0965105355241593,2.1003211333451848,1,1
D121,O074,1,60,0.25,36,0.04256894354729143,0.004280635208135988,0.08729344080162678,0.07148454213260426,17.202121910274414,1,1
D121,O092,1,60,0.25,303,0.4427063112729767,0.17226722665159136,0.4364919026956049,0.17566795406842103,23.101547487550636,1,1
D121,O045,1,60,0.25,692,0.33110476806173594,0.08646504541541372,0.22004213527881566,0.08596571587890212,2.810064906380055,1,1
D121,O093,1,60,0.25,25,0.27627503482623056,0.07815342445263838,0.29138458201830647,0.04123940092547084,41.46024928161635,1,1
D121,O055,1,60,0.25,143,0.09821221972656778,0.1636668169410805,0.28503377285937526,0.11581965182801995,1.3300221265710437,1,1
D128,O006,8,1200,8.0,26,0.46643889626056984,0.1999019902784377,0.36047690978299723,0.19632186896831513,0.7164933989680144,1,1
D128,O071,8,1200,8.0,830,0.02577223787060603,0.059916075683899506,0.006124036584080637,0.001567019036236368,15.173323377461541,1,20
D128,O014,8,1200,8.0,505,0.055050563519665925,0.385744929065962,0.3235732737788464,0.24919199267349826,40.509619850150905,1,50
D128,O017,8,1200,8.0,47,0.23594790081754102,0.20555857271914696,0.45042194931634016,0.031413736601039494,53.72409801145742,1,5
D128,O086,8,1200,8.0,135,0.46988821914906914,0.05636599657473364,0.04382145887034975,0.20420128774402999,39.12492865085397,1,10
D128,O068,8,1200,8.0,871,0.14852577867663705,0.23899060027800526,0.4312666597088087,0.024847913302553898,0.9200696163057719,1,2
D128,O088,8,1200,8.0,74,0.028069089455227885,0.0540852458243732,0.20267396198384915,0.18713991585106382,1.5827391896984995,1,1
D128,O004,8,1200,8.0,544,0.015441285299266139,0.39993712983284035,0.04776710118920632,0.021638755647051863,1.6116316353856468,1,2
D128,O044,8,1200,8.0,721,0.4323761389499774,0.3249254075658305,0.14400789358316032,0.2057651422999217,5.188637143423622,1,10
D128,O039,8,1200,8.0,48,0.23271826163391704,0.17994216982882252,0.033136716412387766,0.009267722660894678,7.735302700968688,1,1
D128,O002,8,1200,8.0,71,0.3869572888593429,0.3359060402524592,0.4237565470025848,0.2289968100269869,83.12511836496435,1,10
D128,O040,8,1200,8.0,585,0.39295945909914204,0.39457393035340843,0.49881523135642764,0.05135952265618624,14.252098768706817,1,20
D128,O094,8,1200,8.0,888,0.3020897605205713,0.09146905532601642,0.35894591710200935,0.2171888653996259,27.41085260307382,1,50
D128,O081,8,1200,8.0,229,0.311863322482168,0.04075722691061323,0.19095392421992533,0.02739734620632218,0.6097018515377178,1,1
D128,O049,8,1200,8.0,33,0.06812771834318439,0.32719790546899485,0.35145855206621296,0.16958665122464434,1.8896835200947433,1,1
D128,O052,8,1200,8.0,249,0.2931097132079093,0.3814959415656873,0.2938470301831344,0.11894055514138323,0.5015927101920599,1,1
D128,O008,8,1200,8.0,217,0.11836586776404656,0.010264004522404446,0.43857764367626295,0.018412668361408348,3.575437414313759,1,2
D128,O054,8,1200,8.0,70,0.4839396769446982,0.22536965317316154,0.03930216819422613,0.15840050766206762,1.0282529368841058,1,1
D128,O024,8,1200,8.0,109,0.10754307926740679,0.37018563204761357,0.33107988983875875,0.015416181466785838,6.304497557330792,1,2
D128,O096,8,1200,8.0,91,0.16170145035385156,0.2643539191149355,0.06955567449111148,0.22233066342288632,0.7713641646886089,1,1
D128,O011,8,1200,8.0,163,0.25776627650906286,0.2303694517776211,0.06737682806363049,0.14710779675896993,91.70680464514531,1,50
D128,O007,8,1200,8.0,20,0.14113037245484783,0.13876459429554666,0.1666223660040416,0.10804294323375169,48.415238066551936,1,2
D128,O005,8,1200,8.0,472,0.4589275080729363,0.08115278028022999,0.01805553152120237,0.016407342151695845,5.656278920047442,1,5
D128,O051,8,1200,8.0,264,0.41545850105358517,0.16117913503688408,0.31172678881737154,0.04432963616759917,29.375100601310205,1,20
D128,O035,8,1200,8.0,173,0.04115959515567879,0.2568973510762646,0.341435098368886,0.12832396264407875,33.55867734781047,1,10
D128,O061,8,1200,8.0,27,0.3818054373139011,0.016164820124611564,0.49161369207236744,0.15170831162875867,2.704226534184525,1,1
D128,O041,8,1200,8.0,49,0.29773529796391324,0.2682058880863957,0.21258059195189896,0.13536346098324145,6.422809519648459,1,1
D128,O063,8,1200,8.0,159,0.16777747895905004,0.06995771215016022,0.1303723567023025,0.23670560860575965,35.98655231023139,1,10
D128,O019,8,1200,8.0,24,0.43162963836847273,0.2540667171143032,0.25374033794612383,0.035040597237275414,32.89046352986745,1,2
D128,O012,8,1200,8.0,121,0.018977159008053714,0.04210847176585192,0.10616643187530726,0.054886753813351695,1.8282853898334144,1,1
D128,O043,8,1200,8.0,936,0.15426768642279118,0.33291989469689626,0.3891618356934266,0.22532924015852426,3.26544153713843,1,5
D128,O020,8,1200,8.0,113,0.34826997592038184,0.09528586345019373,0.4094664889372201,0.24640169843124984,56.59198119339328,1,10
D128,O038,8,1200,8.0,765,0.13732854699013036,0.15389066235695392,0.3957456035362972,0.09581902124053866,11.34675406331586,1,20
D128,O010,8,1200,8.0,78,0.42428609036547965,0.04657399042364526,0.4729163397200382,0.0751091814821646,20.648364158380655,1,5
D128,O053,8,1200,8.0,251,0.008437374343120882,0.21970454406000367,0.07760861372476294,0.043406152521391926,15.704072062843153,1,10
D128,O032,8,1200,8.0,449,0.47407037046920236,0.2939643960095397,0.3338689716235752,0.19214128568359498,0.6467632780905109,1,1
D128,O083,8,1200,8.0,89,0.0026292440689011016,0.11891721005650385,0.01234014792986679,0.1423155000056148,8.932954010356676,1,2
D128,O050,8,1200,8.0,322,0.20605210901232662,0.1235097854541975,0.23025885735500393,0.24203168280895757,3.7974936169643003,1,2
D128,O084,8,1200,8.0,797,0.3729926769965046,0.00038649133259261126,0.0015211296530381324,0.21211963380230117,57.968250320486554,1,100
D128,O027,8,1200,8.0,120,0.17379211770070632,0.27539058086552737,0.1159901845036011,0.0031260536499028886,1.2414059949857388,1,1
D128,O023,8,1200,8.0,410,0.21445143650369905,0.1278983599397813,0.09400253805958962,0.08365268726290574,18.724748063248505,1,20
D128,O047,8,1200,8.0,32,0.45759305330669026,0.35742600924919476,0.3652359087633477,0.12397431353742944,4.578704726331181,1,1
D128,O067,8,1200,8.0,60,0.35992868878826584,0.02076874017167992,0.17423242461745192,0.0965105355241593,2.1003211333451848,1,1
D128,O074,8,1200,8.0,36,0.04256894354729143,0.004280635208135988,0.08729344080162678,0.07148454213260426,17.202121910274414,1,1
D128,O092,8,1200,8.0,303,0.4427063112729767,0.17226722665159136,0.4364919026956049,0.17566795406842103,23.101547487550636,1,20
D128,O045,8,1200,8.0,692,0.33110476806173594,0.08646504541541372,0.22004213527881566,0.08596571587890212,2.810064906380055,1,5
D128,O093,8,1200,8.0,25,0.27627503482623056,0.07815342445263838,0.29138458201830647,0.04123940092547084,41.46024928161635,1,2
D128,O055,8,1200,8.0,143,0.09821221972656778,0.1636668169410805,0.28503377285937526,0.11581965182801995,1.3300221265710437,1,1
D024,O006,8,72,0.9464511466116003,26,0.46643889626056984,0.1999019902784377,0.36047690978299723,0.19632186896831513,0.7164933989680144,1,1
D024,O071,8,72,0.9464511466116003,830,0.02577223787060603,0.059916075683899506,0.006124036584080637,0.001567019036236368,15.173323377461541,1,2
D024,O014,8,72,0.9464511466116003,505,0.055050563519665925,0.385744929065962,0.3235732737788464,0.24919199267349826,40.509619850150905,1,2
D024,O017,8,72,0.9464511466116003,47,0.23594790081754102,0.20555857271914696,0.45042194931634016,0.031413736601039494,53.72409801145742,1,1
D024,O086,8,72,0.9464511466116003,135,0.46988821914906914,0.05636599657473364,0.04382145887034975,0.20420128774402999,39.12492865085397,1,1
D024,O068,8,72,0.9464511466116003,871,0.14852577867663705,0.23899060027800526,0.4312666597088087,0.024847913302553898,0.9200696163057719,1,1
D024,O088,8,72,0.9464511466116003,74,0.028069089455227885,0.0540852458243732,0.20267396198384915,0.18713991585106382,1.5827391896984995,1,1
D024,O004,8,72,0.9464511466116003,544,0.015441285299266139,0.39993712983284035,0.04776710118920632,0.021638755647051863,1.6116316353856468,1,1
D024,O044,8,72,0.9464511466116003,721,0.4323761389499774,0.3249254075658305,0.14400789358316032,0.2057651422999217,5.188637143423622,1,1
D024,O039,8,72,0.9464511466116003,48,0.23271826163391704,0.17994216982882252,0.033136716412387766,0.009267722660894678,7.735302700968688,1,1
D024,O002,8,72,0.9464511466116003,71,0.3869572888593429,0.3359060402524592,0.4237565470025848,0.2289968100269869,83.12511836496435,1,1
D024,O040,8,72,0.9464511466116003,585,0.39295945909914204,0.39457393035340843,0.49881523135642764,0.05135952265618624,14.252098768706817,1,1
D024,O094,8,72,0.9464511466116003,888,0.3020897605205713,0.09146905532601642,0.35894591710200935,0.2171888653996259,27.41085260307382,1,5
D024,O081,8,72,0.9464511466116003,229,0.311863322482168,0.04075722691061323,0.19095392421992533,0.02739734620632218,0.6097018515377178,1,1
D024,O049,8,72,0.9464511466116003,33,0.06812771834318439,0.32719790546899485,0.35145855206621296,0.16958665122464434,1.8896835200947433,1,1
D024,O052,8,72,0.9464511466116003,249,0.2931097132079093,0.3814959415656873,0.2938470301831344,0.11894055514138323,0.5015927101920599,1,1
D024,O008,8,72,0.9464511466116003,217,0.11836586776404656,0.010264004522404446,0.43857764367626295,0.018412668361408348,3.575437414313759,1,1
D024,O054,8,72,0.9464511466116003,70,0.4839396769446982,0.22536965317316154,0.03930216819422613,0.15840050766206762,1.0282529368841058,1,1
D024,O024,8,72,0.9464511466116003,109,0.10754307926740679,0.37018563204761357,0.33107988983875875,0.015416181466785838,6.304497557330792,1,1
D024,O096,8,72,0.9464511466116003,91,0.16170145035385156,0.2643539191149355,0.06955567449111148,0.22233066342288632,0.7713641646886089,1,1
D024,O011,8,72,0.9464511466116003,163,0.25776627650906286,0.2303694517776211,0.06737682806363049,0.14710779675896993,91.70680464514531,1,2
D024,O007,8,72,0.9464511466116003,20,0.14113037245484783,0.13876459429554666,0.1666223660040416,0.10804294323375169,48.415238066551936,1,1
D024,O005,8,72,0.9464511466116003,472,0.4589275080729363,0.08115278028022999,0.01805553152120237,0.016407342151695845,5.656278920047442,1,1
D024,O051,8,72,0.9464511466116003,264,0.41545850105358517,0.16117913503688408,0.31172678881737154,0.04432963616759917,29.375100601310205,1,1
D024,O035,8,72,0.9464511466116003,173,0.04115959515567879,0.2568973510762646,0.341435098368886,0.12832396264407875,33.55867734781047,1,1
D024,O061,8,72,0.9464511466116003,27,0.3818054373139011,0.016164820124611564,0.49161369207236744,0.15170831162875867,2.704226534184525,1,1
D024,O041,8,72,0.9464511466116003,49,0.29773529796391324,0.2682058880863957,0.21258059195189896,0.13536346098324145,6.422809519648459,1,1
D024,O063,8,72,0.9464511466116003,159,0.16777747895905004,0.06995771215016022,0.1303723567023025,0.23670560860575965,35.98655231023139,1,1
D024,O019,8,72,0.9464511466116003,24,0.43162963836847273,0.2540667171143032,0.25374033794612383,0.035040597237275414,32.89046352986745,1,1
D024,O012,8,72,0.9464511466116003,121,0.018977159008053714,0.04210847176585192,0.10616643187530726,0.054886753813351695,1.8282853898334144,1,1
D024,O043,8,72,0.9464511466116003,936,0.15426768642279118,0.33291989469689626,0.3891618356934266,0.22532924015852426,3.26544153713843,1,1
D024,O020,8,72,0.9464511466116003,113,0.34826997592038184,0.09528586345019373,0.4094664889372201,0.24640169843124984,56.59198119339328,1,1
D024,O038,8,72,0.9464511466116003,765,0.13732854699013036,0.15389066235695392,0.3957456035362972,0.09581902124053866,11.34675406331586,1,1
D024,O010,8,72,0.9464511466116003,78,0.42428609036547965,0.04657399042364526,0.4729163397200382,0.0751091814821646,20.648364158380655,1,1
D024,O053,8,72,0.9464511466116003,251,0.008437374343120882,0.21970454406000367,0.07760861372476294,0.043406152521391926,15.704072062843153,1,1
D024,O032,8,72,0.9464511466116003,449,0.47407037046920236,0.2939643960095397,0.3338689716235752,0.19214128568359498,0.6467632780905109,1,1
D024,O083,8,72,0.9464511466116003,89,0.0026292440689011016,0.11891721005650385,0.01234014792986679,0.1423155000056148,8.932954010356676,1,1
D024,O050,8,72,0.9464511466116003,322,0.20605210901232662,0.1235097854541975,0.23025885735500393,0.24203168280895757,3.7974936169643003,1,1
D024,O084,8,72,0.9464511466116003,797,0.3729926769965046,0.00038649133259261126,0.0015211296530381324,0.21211963380230117,57.968250320486554,1,5
D024,O027,8,72,0.9464511466116003,120,0.17379211770070632,0.27539058086552737,0.1159901845036011,0.0031260536499028886,1.2414059949857388,1,1
D024,O023,8,72,0.9464511466116003,410,0.21445143650369905,0.1278983599397813,0.09400253805958962,0.08365268726290574,18.724748063248505,1,1
D024,O047,8,72,0.9464511466116003,32,0.45759305330669026,0.35742600924919476,0.3652359087633477,0.12397431353742944,4.578704726331181,1,1
D024,O067,8,72,0.9464511466116003,60,0.35992868878826584,0.02076874017167992,0.17423242461745192,0.0965105355241593,2.1003211333451848,1,1
D024,O074,8,72,0.9464511466116003,36,0.04256894354729143,0.004280635208135988,0.08729344080162678,0.07148454213260426,17.202121910274414,1,1
D024,O092,8,72,0.9464511466116003,303,0.4427063112729767,0.17226722665159136,0.4364919026956049,0.17566795406842103,23.101547487550636,1,1
D024,O045,8,72,0.9464511466116003,692,0.33110476806173594,0.08646504541541372,0.22004213527881566,0.08596571587890212,2.810064906380055,1,1
D024,O093,8,72,0.9464511466116003,25,0.27627503482623056,0.07815342445263838,0.29138458201830647,0.04123940092547084,41.46024928161635,1,1
D024,O055,8,72,0.9464511466116003,143,0.09821221972656778,0.1636668169410805,0.28503377285937526,0.11581965182801995,1.3300221265710437,1,1
D118,O006,4,1114,0.319192160663581,26,0.46643889626056984,0.1999019902784377,0.36047690978299723,0.19632186896831513,0.7164933989680144,1,1
D118,O071,4,1114,0.319192160663581,830,0.02577223787060603,0.059916075683899506,0.006124036584080637,0.001567019036236368,15.173323377461541,1,20
D118,O014,4,1114,0.319192160663581,505,0.055050563519665925,0.385744929065962,0.3235732737788464,0.24919199267349826,40.509619850150905,1,50
D118,O017,4,1114,0.319192160663581,47,0.23594790081754102,0.20555857271914696,0.45042194931634016,0.031413736601039494,53.72409801145742,1,5
D118,O086,4,1114,0.319192160663581,135,0.46988821914906914,0.05636599657473364,0.04382145887034975,0.20420128774402999,39.12492865085397,1,10
D118,O068,4,1114,0.319192160663581,871,0.14852577867663705,0.23899060027800526,0.4312666597088087,0.024847913302553898,0.9200696163057719,1,2
D118,O088,4,1114,0.319192160663581,74,0.028069089455227885,0.0540852458243732,0.20267396198384915,0.18713991585106382,1.5827391896984995,1,1
D118,O004,4,1114,0.319192160663581,544,0.015441285299266139,0.39993712983284035,0.04776710118920632,0.021638755647051863,1.6116316353856468,1,2
D118,O044,4,1114,0.319192160663581,721,0.4323761389499774,0.3249254075658305,0.14400789358316032,0.2057651422999217,5.188637143423622,1,10
D118,O039,4,1114,0.319192160663581,48,0.23271826163391704,0.17994216982882252,0.033136716412387766,0.009267722660894678,7.735302700968688,1,1
D118,O002,4,1114,0.319192160663581,71,0.3869572888593429,0.3359060402524592,0.4237565470025848,0.2289968100269869,83.12511836496435,1,10
D118,O040,4,1114,0.319192160663581,585,0.39295945909914204,0.39457393035340843,0.49881523135642764,0.05135952265618624,14.252098768706817,1,20
D118,O094,4,1114,0.319192160663581,888,0.3020897605205713,0.09146905532601642,0.35894591710200935,0.2171888653996259,27.41085260307382,1,50
D118,O081,4,1114,0.319192160663581,229,0.311863322482168,0.04075722691061323,0.19095392421992533,0.02739734620632218,0.6097018515377178,1,1
D118,O049,4,1114,0.319192160663581,33,0.06812771834318439,0.32719790546899485,0.35145855206621296,0.16958665122464434,1.8896835200947433,1,1
D118,O052,4,1114,0.319192160663581,249,0.2931097132079093,0.3814959415656873,0.2938470301831344,0.11894055514138323,0.5015927101920599,1,1
D118,O008,4,1114,0.319192160663581,217,0.11836586776404656,0.010264004522404446,0.43857764367626295,0.018412668361408348,3.575437414313759,1,2
D118,O054,4,1114,0.319192160663581,70,0.4839396769446982,0.22536965317316154,0.03930216819422613,0.15840050766206762,1.0282529368841058,1,1
D118,O024,4,1114,0.319192160663581,109,0.10754307926740679,0.37018563204761357,0.33107988983875875,0.015416181466785838,6.304497557330792,1,1
D118,O096,4,1114,0.319192160663581,91,0.16170145035385156,0.2643539191149355,0.06955567449111148,0.22233066342288632,0.7713641646886089,1,1
D118,O011,4,1114,0.319192160663581,163,0.25776627650906286,0.2303694517776211,0.06737682806363049,0.14710779675896993,91.70680464514531,1,50
D118,O007,4,1114,0.319192160663581,20,0.14113037245484783,0.13876459429554666,0.1666223660040416,0.10804294323375169,48.415238066551936,1,2
D118,O005,4,1114,0.319192160663581,472,0.4589275080729363,0.08115278028022999,0.01805553152120237,0.016407342151695845,5.656278920047442,1,5
D118,O051,4,1114,0.319192160663581,264,0.41545850105358517,0.16117913503688408,0.31172678881737154,0.04432963616759917,29.375100601310205,1,20
D118,O035,4,1114,0.319192160663581,173,0.04115959515567879,0.2568973510762646,0.341435098368886,0.12832396264407875,33.55867734781047,1,10
D118,O061,4,1114,0.319192160663581,27,0.3818054373139011,0.016164820124611564,0.49161369207236744,0.15170831162875867,2.704226534184525,1,1
D118,O041,4,1114,0.319192160663581,49,0.29773529796391324,0.2682058880863957,0.21258059195189896,0.13536346098324145,6.422809519648459,1,1
D118,O063,4,1114,0.319192160663581,159,0.16777747895905004,0.06995771215016022,0.1303723567023025,0.23670560860575965,35.98655231023139,1,10
D118,O019,4,1114,0.319192160663581,24,0.43162963836847273,0.2540667171143032,0.25374033794612383,0.035040597237275414,32.89046352986745,1,2
D118,O012,4,1114,0.319192160663581,121,0.018977159008053714,0.04210847176585192,0.10616643187530726,0.054886753813351695,1.8282853898334144,1,1
D118,O043,4,1114,0.319192160663581,936,0.15426768642279118,0.33291989469689626,0.3891618356934266,0.22532924015852426,3.26544153713843,1,5
D118,O020,4,1114,0.319192160663581,113,0.34826997592038184,0.09528586345019373,0.4094664889372201,0.24640169843124984,56.59198119339328,1,10
D118,O038,4,1114,0.319192160663581,765,0.13732854699013036,0.15389066235695392,0.3957456035362972,0.09581902124053866,11.34675406331586,1,20
D118,O010,4,1114,0.319192160663581,78,0.42428609036547965,0.04657399042364526,0.4729163397200382,0.0751091814821646,20.648364158380655,1,5
D118,O053,4,1114,0.319192160663581,251,0.008437374343120882,0.21970454406000367,0.07760861372476294,0.043406152521391926,15.704072062843153,1,10
D118,O032,4,1114,0.319192160663581,449,0.47407037046920236,0.2939643960095397,0.3338689716235752,0.19214128568359498,0.6467632780905109,1,1
D118,O083,4,1114,0.319192160663581,89,0.0026292440689011016,0.11891721005650385,0.01234014792986679,0.1423155000056148,8.932954010356676,1,2
D118,O050,4,1114,0.319192160663581,322,0.20605210901232662,0.1235097854541975,0.23025885735500393,0.24203168280895757,3.7974936169643003,1,2
D118,O084,4,1114,0.319192160663581,797,0.3729926769965046,0.00038649133259261126,0.0015211296530381324,0.21211963380230117,57.968250320486554,1,100
D118,O027,4,1114,0.319192160663581,120,0.17379211770070632,0.27539058086552737,0.1159901845036011,0.0031260536499028886,1.2414059949857388,1,1
D118,O023,4,1114,0.319192160663581,410,0.21445143650369905,0.1278983599397813,0.09400253805958962,0.08365268726290574,18.724748063248505,1,20
D118,O047,4,1114,0.319192160663581,32,0.45759305330669026,0.35742600924919476,0.3652359087633477,0.12397431353742944,4.578704726331181,1,1
D118,O067,4,1114,0.319192160663581,60,0.35992868878826584,0.02076874017167992,0.17423242461745192,0.0965105355241593,2.1003211333451848,1,1
D118,O074,4,1114,0.319192160663581,36,0.04256894354729143,0.004280635208135988,0.08729344080162678,0.07148454213260426,17.202121910274414,1,1
D118,O092,4,1114,0.319192160663581,303,0.4427063112729767,0.17226722665159136,0.4364919026956049,0.17566795406842103,23.101547487550636,1,20
D118,O045,4,1114,0.319192160663581,692,0.33110476806173594,0.08646504541541372,0.22004213527881566,0.08596571587890212,2.810064906380055,1,5
D118,O093,4,1114,0.319192160663581,25,0.27627503482623056,0.07815342445263838,0.29138458201830647,0.04123940092547084,41.46024928161635,1,2
D118,O055,4,1114,0.319192160663581,143,0.09821221972656778,0.1636668169410805,0.28503377285937526,0.11581965182801995,1.3300221265710437,1,1
D117,O006,1,697,7.063418201495651,26,0.46643889626056984,0.1999019902784377,0.36047690978299723,0.19632186896831513,0.7164933989680144,1,1
D117,O071,1,697,7.063418201495651,830,0.02577223787060603,0.059916075683899506,0.006124036584080637,0.001567019036236368,15.173323377461541,1,20
D117,O014,1,697,7.063418201495651,505,0.055050563519665925,0.385744929065962,0.3235732737788464,0.24919199267349826,40.509619850150905,1,20
D117,O017,1,697,7.063418201495651,47,0.23594790081754102,0.20555857271914696,0.45042194931634016,0.031413736601039494,53.72409801145742,1,5
D117,O086,1,697,7.063418201495651,135,0.46988821914906914,0.05636599657473364,0.04382145887034975,0.20420128774402999,39.12492865085397,1,5
D117,O068,1,697,7.063418201495651,871,0.14852577867663705,0.23899060027800526,0.4312666597088087,0.024847913302553898,0.9200696163057719,1,1
D117,O088,1,697,7.063418201495651,74,0.028069089455227885,0.0540852458243732,0.20267396198384915,0.18713991585106382,1.5827391896984995,1,1
D117,O004,1,697,7.063418201495651,544,0.015441285299266139,0.39993712983284035,0.04776710118920632,0.021638755647051863,1.6116316353856468,1,1
D117,O044,1,697,7.063418201495651,721,0.4323761389499774,0.3249254075658305,0.14400789358316032,0.2057651422999217,5.188637143423622,1,5
D117,O039,1,697,7.063418201495651,48,0.23271826163391704,0.17994216982882252,0.033136716412387766,0.009267722660894678,7.735302700968688,1,1
D117,O002,1,697,7.063418201495651,71,0.3869572888593429,0.3359060402524592,0.4237565470025848,0.2289968100269869,83.12511836496435,1,10
D117,O040,1,697,7.063418201495651,585,0.39295945909914204,0.39457393035340843,0.49881523135642764,0.05135952265618624,14.252098768706817,1,10
D117,O094,1,697,7.063418201495651,888,0.3020897605205713,0.09146905532601642,0.35894591710200935,0.2171888653996259,27.41085260307382,1,50
D117,O081,1,697,7.063418201495651,229,0.311863322482168,0.04075722691061323,0.19095392421992533,0.02739734620632218,0.6097018515377178,1,1
D117,O049,1,697,7.063418201495651,33,0.06812771834318439,0.32719790546899485,0.35145855206621296,0.16958665122464434,1.8896835200947433,1,1
D117,O052,1,697,7.063418201495651,249,0.2931097132079093,0.3814959415656873,0.2938470301831344,0.11894055514138323,0.5015927101920599,1,1
D117,O008,1,697,7.063418201495651,217,0.11836586776404656,0.010264004522404446,0.43857764367626295,0.018412668361408348,3.575437414313759,1,1
D117,O054,1,697,7.063418201495651,70,0.4839396769446982,0.22536965317316154,0.03930216819422613,0.15840050766206762,1.0282529368841058,1,1
D117,O024,1,697,7.063418201495651,109,0.10754307926740679,0.37018563204761357,0.33107988983875875,0.015416181466785838,6.304497557330792,1,1
D117,O096,1,697,7.063418201495651,91,0.16170145035385156,0.2643539191149355,0.06955567449111148,0.22233066342288632,0.7713641646886089,1,1
D117,O011,1,697,7.063418201495651,163,0.25776627650906286,0.2303694517776211,0.06737682806363049,0.14710779675896993,91.70680464514531,1,20
D117,O007,1,697,7.063418201495651,20,0.14113037245484783,0.13876459429554666,0.1666223660040416,0.10804294323375169,48.415238066551936,1,1
D117,O005,1,697,7.063418201495651,472,0.4589275080729363,0.08115278028022999,0.01805553152120237,0.016407342151695845,5.656278920047442,1,5
D117,O051,1,697,7.063418201495651,264,0.41545850105358517,0.16117913503688408,0.31172678881737154,0.04432963616759917,29.375100601310205,1,10
D117,O035,1,697,7.063418201495651,173,0.04115959515567879,0.2568973510762646,0.341435098368886,0.12832396264407875,33.55867734781047,1,10
D117,O061,1,697,7.063418201495651,27,0.3818054373139011,0.016164820124611564,0.49161369207236744,0.15170831162875867,2.704226534184525,1,1
D117,O041,1,697,7.063418201495651,49,0.29773529796391324,0.2682058880863957,0.21258059195189896,0.13536346098324145,6.422809519648459,1,1
D117,O063,1,697,7.063418201495651,159,0.16777747895905004,0.06995771215016022,0.1303723567023025,0.23670560860575965,35.98655231023139,1,10
D117,O019,1,697,7.063418201495651,24,0.43162963836847273,0.2540667171143032,0.25374033794612383,0.035040597237275414,32.89046352986745,1,1
D117,O012,1,697,7.063418201495651,121,0.018977159008053714,0.04210847176585192,0.10616643187530726,0.054886753813351695,1.8282853898334144,1,1
D117,O043,1,697,7.063418201495651,936,0.15426768642279118,0.33291989469689626,0.3891618356934266,0.22532924015852426,3.26544153713843,1,5
D117,O020,1,697,7.063418201495651,113,0.34826997592038184,0.09528586345019373,0.4094664889372201,0.24640169843124984,56.59198119339328,1,10
D117,O038,1,697,7.063418201495651,765,0.13732854699013036,0.15389066235695392,0.3957456035362972,0.09581902124053866,11.34675406331586,1,10
D117,O010,1,697,7.063418201495651,78,0.42428609036547965,0.04657399042364526,0.4729163397200382,0.0751091814821646,20.648364158380655,1,2
D117,O053,1,697,7.063418201495651,251,0.008437374343120882,0.21970454406000367,0.07760861372476294,0.043406152521391926,15.704072062843153,1,5
D117,O032,1,697,7.063418201495651,449,0.47407037046920236,0.2939643960095397,0.3338689716235752,0.19214128568359498,0.6467632780905109,1,1
D117,O083,1,697,7.063418201495651,89,0.0026292440689011016,0.11891721005650385,0.01234014792986679,0.1423155000056148,8.932954010356676,1,1
D117,O050,1,697,7.063418201495651,322,0.20605210901232662,0.1235097854541975,0.23025885735500393,0.24203168280895757,3.7974936169643003,1,2
D117,O084,1,697,7.063418201495651,797,0.3729926769965046,0.00038649133259261126,0.0015211296530381324,0.21211963380230117,57.968250320486554,1,50
D117,O027,1,697,7.063418201495651,120,0.17379211770070632,0.27539058086552737,0.1159901845036011,0.0031260536499028886,1.2414059949857388,1,1
D117,O023,1,697,7.063418201495651,410,0.21445143650369905,0.1278983599397813,0.09400253805958962,0.08365268726290574,18.724748063248505,1,10
D117,O047,1,697,7.063418201495651,32,0.45759305330669026,0.35742600924919476,0.3652359087633477,0.12397431353742944,4.578704726331181,1,1
D117,O067,1,697,7.063418201495651,60,0.35992868878826584,0.02076874017167992,0.17423242461745192,0.0965105355241593,2.1003211333451848,1,1
D117,O074,1,697,7.063418201495651,36,0.04256894354729143,0.004280635208135988,0.08729344080162678,0.07148454213260426,17.202121910274414,1,1
D117,O092,1,697,7.063418201495651,303,0.4427063112729767,0.17226722665159136,0.4364919026956049,0.17566795406842103,23.101547487550636,1,10
D117,O045,1,697,7.063418201495651,692,0.33110476806173594,0.08646504541541372,0.22004213527881566,0.08596571587890212,2.810064906380055,1,2
D117,O093,1,697,7.063418201495651,25,0.27627503482623056,0.07815342445263838,0.29138458201830647,0.04123940092547084,41.46024928161635,1,1
D117,O055,1,697,7.063418201495651,143,0.09821221972656778,0.1636668169410805,0.28503377285937526,0.11581965182801995,1.3300221265710437,1,1
D122,O006,1,60,8.0,26,0.46643889626056984,0.1999019902784377,0.36047690978299723,0.19632186896831513,0.7164933989680144,1,1
D122,O071,1,60,8.0,830,0.02577223787060603,0.059916075683899506,0.006124036584080637,0.001567019036236368,15.173323377461541,1,1
D122,O014,1,60,8.0,505,0.055050563519665925,0.385744929065962,0.3235732737788464,0.24919199267349826,40.509619850150905,1,2
D122,O017,1,60,8.0,47,0.23594790081754102,0.20555857271914696,0.45042194931634016,0.031413736601039494,53.72409801145742,1,1
D122,O086,1,60,8.0,135,0.46988821914906914,0.05636599657473364,0.04382145887034975,0.20420128774402999,39.12492865085397,1,1
D122,O068,1,60,8.0,871,0.14852577867663705,0.23899060027800526,0.4312666597088087,0.024847913302553898,0.9200696163057719,1,1
D122,O088,1,60,8.0,74,0.028069089455227885,0.0540852458243732,0.20267396198384915,0.18713991585106382,1.5827391896984995,1,1
D122,O004,1,60,8.0,544,0.015441285299266139,0.39993712983284035,0.04776710118920632,0.021638755647051863,1.6116316353856468,1,1
D122,O044,1,60,8.0,721,0.4323761389499774,0.3249254075658305,0.14400789358316032,0.2057651422999217,5.188637143423622,1,1
D122,O039,1,60,8.0,48,0.23271826163391704,0.17994216982882252,0.033136716412387766,0.009267722660894678,7.735302700968688,1,1
D122,O002,1,60,8.0,71,0.3869572888593429,0.3359060402524592,0.4237565470025848,0.2289968100269869,83.12511836496435,1,1
D122,O040,1,60,8.0,585,0.39295945909914204,0.39457393035340843,0.49881523135642764,0.05135952265618624,14.252098768706817,1,1
D122,O094,1,60,8.0,888,0.3020897605205713,0.09146905532601642,0.35894591710200935,0.2171888653996259,27.41085260307382,1,2
D122,O081,1,60,8.0,229,0.311863322482168,0.04075722691061323,0.19095392421992533,0.02739734620632218,0.6097018515377178,1,1
D122,O049,1,60,8.0,33,0.06812771834318439,0.32719790546899485,0.35145855206621296,0.16958665122464434,1.8896835200947433,1,1
D122,O052,1,60,8.0,249,0.2931097132079093,0.3814959415656873,0.2938470301831344,0.11894055514138323,0.5015927101920599,1,1
D122,O008,1,60,8.0,217,0.11836586776404656,0.010264004522404446,0.43857764367626295,0.018412668361408348,3.575437414313759,1,1
D122,O054,1,60,8.0,70,0.4839396769446982,0.22536965317316154,0.03930216819422613,0.15840050766206762,1.0282529368841058,1,1
D122,O024,1,60,8.0,109,0.10754307926740679,0.37018563204761357,0.33107988983875875,0.015416181466785838,6.304497557330792,1,1
D122,O096,1,60,8.0,91,0.16170145035385156,0.2643539191149355,0.06955567449111148,0.22233066342288632,0.7713641646886089,1,1
D122,O011,1,60,8.0,163,0.25776627650906286,0.2303694517776211,0.06737682806363049,0.14710779675896993,91.70680464514531,1,2
D122,O007,1,60,8.0,20,0.14113037245484783,0.13876459429554666,0.1666223660040416,0.10804294323375169,48.415238066551936,1,1
D122,O005,1,60,8.0,472,0.4589275080729363,0.08115278028022999,0.01805553152120237,0.016407342151695845,5.656278920047442,1,1
D122,O051,1,60,8.0,264,0.41545850105358517,0.16117913503688408,0.31172678881737154,0.04432963616759917,29.375100601310205,1,1
D122,O035,1,60,8.0,173,0.04115959515567879,0.2568973510762646,0.341435098368886,0.12832396264407875,33.55867734781047,1,1
D122,O061,1,60,8.0,27,0.3818054373139011,0.016164820124611564,0.49161369207236744,0.15170831162875867,2.704226534184525,1,1
D122,O041,1,60,8.0,49,0.29773529796391324,0.2682058880863957,0.21258059195189896,0.13536346098324145,6.422809519648459,1,1
D122,O063,1,60,8.0,159,0.16777747895905004,0.06995771215016022,0.1303723567023025,0.23670560860575965,35.98655231023139,1,1
D122,O019,1,60,8.0,24,0.43162963836847273,0.2540667171143032,0.25374033794612383,0.035040597237275414,32.89046352986745,1,1
D122,O012,1,60,8.0,121,0.018977159008053714,0.04210847176585192,0.10616643187530726,0.054886753813351695,1.8282853898334144,1,1
D122,O043,1,60,8.0,936,0.15426768642279118,0.33291989469689626,0.3891618356934266,0.22532924015852426,3.26544153713843,1,1
D122,O020,1,60,8.0,113,0.34826997592038184,0.09528586345019373,0.4094664889372201,0.24640169843124984,56.59198119339328,1,1
D122,O038,1,60,8.0,765,0.13732854699013036,0.15389066235695392,0.3957456035362972,0.09581902124053866,11.34675406331586,1,1
D122,O010,1,60,8.0,78,0.42428609036547965,0.04657399042364526,0.4729163397200382,0.0751091814821646,20.648364158380655,1,1
D122,O053,1,60,8.0,251,0.008437374343120882,0.21970454406000367,0.07760861372476294,0.043406152521391926,15.704072062843153,1,1
D122,O032,1,60,8.0,449,0.47407037046920236,0.2939643960095397,0.3338689716235752,0.19214128568359498,0.6467632780905109,1,1
D122,O083,1,60,8.0,89,0.0026292440689011016,0.11891721005650385,0.01234014792986679,0.1423155000056148,8.932954010356676,1,1
D122,O050,1,60,8.0,322,0.20605210901232662,0.1235097854541975,0.23025885735500393,0.24203168280895757,3.7974936169643003,1,1
D122,O084,1,60,8.0,797,0.3729926769965046,0.00038649133259261126,0.0015211296530381324,0.21211963380230117,57.968250320486554,1,5
D122,O027,1,60,8.0,120,0.17379211770070632,0.27539058086552737,0.1159901845036011,0.0031260536499028886,1.2414059949857388,1,1
D122,O023,1,60,8.0,410,0.21445143650369905,0.1278983599397813,0.09400253805958962,0.08365268726290574,18.724748063248505,1,1
D122,O047,1,60,8.0,32,0.45759305330669026,0.35742600924919476,0.3652359087633477,0.12397431353742944,4.578704726331181,1,1
D122,O067,1,60,8.0,60,0.35992868878826584,0.02076874017167992,0.17423242461745192,0.0965105355241593,2.1003211333451848,1,1
D122,O074,1,60,8.0,36,0.04256894354729143,0.004280635208135988,0.08729344080162678,0.07148454213260426,17.202121910274414,1,1
D122,O092,1,60,8.0,303,0.4427063112729767,0.17226722665159136,0.4364919026956049,0.17566795406842103,23.101547487550636,1,1
D122,O045,1,60,8.0,692,0.33110476806173594,0.08646504541541372,0.22004213527881566,0.08596571587890212,2.810064906380055,1,1
D122,O093,1,60,8.0,25,0.27627503482623056,0.07815342445263838,0.29138458201830647,0.04123940092547084,41.46024928161635,1,1
D122,O055,1,60,8.0,143,0.09821221972656778,0.1636668169410805,0.28503377285937526,0.11581965182801995,1.3300221265710437,1,1
D101,O006,5,167,5.760753696304674,26,0.46643889626056984,0.1999019902784377,0.36047690978299723,0.19632186896831513,0.7164933989680144,1,1
D101,O071,5,167,5.760753696304674,830,0.02577223787060603,0.059916075683899506,0.006124036584080637,0.001567019036236368,15.173323377461541,1,5
D101,O014,5,167,5.760753696304674,505,0.055050563519665925,0.385744929065962,0.3235732737788464,0.24919199267349826,40.509619850150905,1,5
D101,O017,5,167,5.760753696304674,47,0.23594790081754102,0.20555857271914696,0.45042194931634016,0.031413736601039494,53.72409801145742,1,1
D101,O086,5,167,5.760753696304674,135,0.46988821914906914,0.05636599657473364,0.04382145887034975,0.20420128774402999,39.12492865085397,1,2
D101,O068,5,167,5.760753696304674,871,0.14852577867663705,0.23899060027800526,0.4312666597088087,0.024847913302553898,0.9200696163057719,1,1
D101,O088,5,167,5.760753696304674,74,0.028069089455227885,0.0540852458243732,0.20267396198384915,0.18713991585106382,1.5827391896984995,1,1
D101,O004,5,167,5.760753696304674,544,0.015441285299266139,0.39993712983284035,0.04776710118920632,0.021638755647051863,1.6116316353856468,1,1
D101,O044,5,167,5.760753696304674,721,0.4323761389499774,0.3249254075658305,0.14400789358316032,0.2057651422999217,5.188637143423622,1,1
D101,O039,5,167,5.760753696304674,48,0.23271826163391704,0.17994216982882252,0.033136716412387766,0.009267722660894678,7.735302700968688,1,1
D101,O002,5,167,5.760753696304674,71,0.3869572888593429,0.3359060402524592,0.4237565470025848,0.2289968100269869,83.12511836496435,1,2
D101,O040,5,167,5.760753696304674,585,0.39295945909914204,0.39457393035340843,0.49881523135642764,0.05135952265618624,14.252098768706817,1,2
D101,O094,5,167,5.760753696304674,888,0.3020897605205713,0.09146905532601642,0.35894591710200935,0.2171888653996259,27.41085260307382,1,10
D101,O081,5,167,5.760753696304674,229,0.311863322482168,0.04075722691061323,0.19095392421992533,0.02739734620632218,0.6097018515377178,1,1
D101,O049,5,167,5.760753696304674,33,0.06812771834318439,0.32719790546899485,0.35145855206621296,0.16958665122464434,1.8896835200947433,1,1
D101,O052,5,167,5.760753696304674,249,0.2931097132079093,0.3814959415656873,0.2938470301831344,0.11894055514138323,0.5015927101920599,1,1
D101,O008,5,167,5.760753696304674,217,0.11836586776404656,0.010264004522404446,0.43857764367626295,0.018412668361408348,3.575437414313759,1,1
D101,O054,5,167,5.760753696304674,70,0.4839396769446982,0.22536965317316154,0.03930216819422613,0.15840050766206762,1.0282529368841058,1,1
D101,O024,5,167,5.760753696304674,109,0.10754307926740679,0.37018563204761357,0.33107988983875875,0.015416181466785838,6.304497557330792,1,1
D101,O096,5,167,5.760753696304674,91,0.16170145035385156,0.2643539191149355,0.06955567449111148,0.22233066342288632,0.7713641646886089,1,1
D101,O011,5,167,5.760753696304674,163,0.25776627650906286,0.2303694517776211,0.06737682806363049,0.14710779675896993,91.70680464514531,1,5
D101,O007,5,167,5.760753696304674,20,0.14113037245484783,0.13876459429554666,0.1666223660040416,0.10804294323375169,48.415238066551936,1,1
D101,O005,5,167,5.760753696304674,472,0.4589275080729363,0.08115278028022999,0.01805553152120237,0.016407342151695845,5.656278920047442,1,1
D101,O051,5,167,5.760753696304674,264,0.41545850105358517,0.16117913503688408,0.31172678881737154,0.04432963616759917,29.375100601310205,1,2
D101,O035,5,167,5.760753696304674,173,0.04115959515567879,0.2568973510762646,0.341435098368886,0.12832396264407875,33.55867734781047,1,2
D101,O061,5,167,5.760753696304674,27,0.3818054373139011,0.016164820124611564,0.49161369207236744,0.15170831162875867,2.704226534184525,1,1
D101,O041,5,167,5.760753696304674,49,0.29773529796391324,0.2682058880863957,0.21258059195189896,0.13536346098324145,6.422809519648459,1,1
D101,O063,5,167,5.760753696304674,159,0.16777747895905004,0.06995771215016022,0.1303723567023025,0.23670560860575965,35.98655231023139,1,2
D101,O019,5,167,5.760753696304674,24,0.43162963836847273,0.2540667171143032,0.25374033794612383,0.035040597237275414,32.89046352986745,1,1
D101,O012,5,167,5.760753696304674,121,0.018977159008053714,0.04210847176585192,0.10616643187530726,0.054886753813351695,1.8282853898334144,1,1
D101,O043,5,167,5.760753696304674,936,0.15426768642279118,0.33291989469689626,0.3891618356934266,0.22532924015852426,3.26544153713843,1,1
D101,O020,5,167,5.760753696304674,113,0.34826997592038184,0.09528586345019373,0.4094664889372201,0.24640169843124984,56.59198119339328,1,2
D101,O038,5,167,5.760753696304674,765,0.13732854699013036,0.15389066235695392,0.3957456035362972,0.09581902124053866,11.34675406331586,1,2
D101,O010,5,167,5.760753696304674,78,0.42428609036547965,0.04657399042364526,0.4729163397200382,0.0751091814821646,20.648364158380655,1,1
D101,O053,5,167,5.760753696304674,251,0.008437374343120882,0.21970454406000367,0.07760861372476294,0.043406152521391926,15.704072062843153,1,1
D101,O032,5,167,5.760753696304674,449,0.47407037046920236,0.2939643960095397,0.3338689716235752,0.19214128568359498,0.6467632780905109,1,1
D101,O083,5,167,5.760753696304674,89,0.0026292440689011016,0.11891721005650385,0.01234014792986679,0.1423155000056148,8.932954010356676,1,1
D101,O050,5,167,5.760753696304674,322,0.20605210901232662,0.1235097854541975,0.23025885735500393,0.24203168280895757,3.7974936169643003,1,1
D101,O084,5,167,5.760753696304674,797,0.3729926769965046,0.00038649133259261126,0.0015211296530381324,0.21211963380230117,57.968250320486554,1,20
D101,O027,5,167,5.760753696304674,120,0.17379211770070632,0.27539058086552737,0.1159901845036011,0.0031260536499028886,1.2414059949857388,1,1
D101,O023,5,167,5.760753696304674,410,0.21445143650369905,0.1278983599397813,0.09400253805958962,0.08365268726290574,18.724748063248505,1,2
D101,O047,5,167,5.760753696304674,32,0.45759305330669026,0.35742600924919476,0.3652359087633477,0.12397431353742944,4.578704726331181,1,1
D101,O067,5,167,5.760753696304674,60,0.35992868878826584,0.02076874017167992,0.17423242461745192,0.0965105355241593,2.1003211333451848,1,1
D101,O074,5,167,5.760753696304674,36,0.04256894354729143,0.004280635208135988,0.08729344080162678,0.07148454213260426,17.202121910274414,1,1
D101,O092,5,167,5.760753696304674,303,0.4427063112729767,0.17226722665159136,0.4364919026956049,0.17566795406842103,23.101547487550636,1,2
D101,O045,5,167,5.760753696304674,692,0.33110476806173594,0.08646504541541372,0.22004213527881566,0.08596571587890212,2.810064906380055,1,1
D101,O093,5,167,5.760753696304674,25,0.27627503482623056,0.07815342445263838,0.29138458201830647,0.04123940092547084,41.46024928161635,1,1
D101,O055,5,167,5.760753696304674,143,0.09821221972656778,0.1636668169410805,0.28503377285937526,0.11581965182801995,1.3300221265710437,1,1
D097,O006,8,515,0.9437257111493362,26,0.46643889626056984,0.1999019902784377,0.36047690978299723,0.19632186896831513,0.7164933989680144,1,1
D097,O071,8,515,0.9437257111493362,830,0.02577223787060603,0.059916075683899506,0.006124036584080637,0.001567019036236368,15.173323377461541,1,10
D097,O014,8,515,0.9437257111493362,505,0.055050563519665925,0.385744929065962,0.3235732737788464,0.24919199267349826,40.509619850150905,1,20
D097,O017,8,515,0.9437257111493362,47,0.23594790081754102,0.20555857271914696,0.45042194931634016,0.031413736601039494,53.72409801145742,1,2
D097,O086,8,515,0.9437257111493362,135,0.46988821914906914,0.05636599657473364,0.04382145887034975,0.20420128774402999,39.12492865085397,1,5
D097,O068,8,515,0.9437257111493362,871,0.14852577867663705,0.23899060027800526,0.4312666597088087,0.024847913302553898,0.9200696163057719,1,1
D097,O088,8,515,0.9437257111493362,74,0.028069089455227885,0.0540852458243732,0.20267396198384915,0.18713991585106382,1.5827391896984995,1,1
D097,O004,8,515,0.9437257111493362,544,0.015441285299266139,0.39993712983284035,0.04776710118920632,0.021638755647051863,1.6116316353856468,1,1
D097,O044,8,515,0.9437257111493362,721,0.4323761389499774,0.3249254075658305,0.14400789358316032,0.2057651422999217,5.188637143423622,1,5
D097,O039,8,515,0.9437257111493362,48,0.23271826163391704,0.17994216982882252,0.033136716412387766,0.009267722660894678,7.735302700968688,1,1
D097,O002,8,515,0.9437257111493362,71,0.3869572888593429,0.3359060402524592,0.4237565470025848,0.2289968100269869,83.12511836496435,1,5
D097,O040,8,515,0.9437257111493362,585,0.39295945909914204,0.39457393035340843,0.49881523135642764,0.05135952265618624,14.252098768706817,1,10
D097,O094,8,515,0.9437257111493362,888,0.3020897605205713,0.09146905532601642,0.35894591710200935,0.2171888653996259,27.41085260307382,1,20
D097,O081,8,515,0.9437257111493362,229,0.311863322482168,0.04075722691061323,0.19095392421992533,0.02739734620632218,0.6097018515377178,1,1
D097,O049,8,515,0.9437257111493362,33,0.06812771834318439,0.32719790546899485,0.35145855206621296,0.16958665122464434,1.8896835200947433,1,1
D097,O052,8,515,0.9437257111493362,249,0.2931097132079093,0.3814959415656873,0.2938470301831344,0.11894055514138323,0.5015927101920599,1,1
D097,O008,8,515,0.9437257111493362,217,0.11836586776404656,0.010264004522404446,0.43857764367626295,0.018412668361408348,3.575437414313759,1,1
D097,O054,8,515,0.9437257111493362,70,0.4839396769446982,0.22536965317316154,0.03930216819422613,0.15840050766206762,1.0282529368841058,1,1
D097,O024,8,515,0.9437257111493362,109,0.10754307926740679,0.37018563204761357,0.33107988983875875,0.015416181466785838,6.304497557330792,1,1
D097,O096,8,515,0.9437257111493362,91,0.16170145035385156,0.2643539191149355,0.06955567449111148,0.22233066342288632,0.7713641646886089,1,1
D097,O011,8,515,0.9437257111493362,163,0.25776627650906286,0.2303694517776211,0.06737682806363049,0.14710779675896993,91.70680464514531,1,20
D097,O007,8,515,0.9437257111493362,20,0.14113037245484783,0.13876459429554666,0.1666223660040416,0.10804294323375169,48.415238066551936,1,1
D097,O005,8,515,0.9437257111493362,472,0.4589275080729363,0.08115278028022999,0.01805553152120237,0.016407342151695845,5.656278920047442,1,2
D097,O051,8,515,0.9437257111493362,264,0.41545850105358517,0.16117913503688408,0.31172678881737154,0.04432963616759917,29.375100601310205,1,10
D097,O035,8,515,0.9437257111493362,173,0.04115959515567879,0.2568973510762646,0.341435098368886,0.12832396264407875,33.55867734781047,1,5
D097,O061,8,515,0.9437257111493362,27,0.3818054373139011,0.016164820124611564,0.49161369207236744,0.15170831162875867,2.704226534184525,1,1
D097,O041,8,515,0.9437257111493362,49,0.29773529796391324,0.2682058880863957,0.21258059195189896,0.13536346098324145,6.422809519648459,1,1
D097,O063,8,515,0.9437257111493362,159,0.16777747895905004,0.06995771215016022,0.1303723567023025,0.23670560860575965,35.98655231023139,1,5
D097,O019,8,515,0.9437257111493362,24,0.43162963836847273,0.2540667171143032,0.25374033794612383,0.035040597237275414,32.89046352986745,1,1
D097,O012,8,515,0.9437257111493362,121,0.018977159008053714,0.04210847176585192,0.10616643187530726,0.054886753813351695,1.8282853898334144,1,1
D097,O043,8,515,0.9437257111493362,936,0.15426768642279118,0.33291989469689626,0.3891618356934266,0.22532924015852426,3.26544153713843,1,5
D097,O020,8,515,0.9437257111493362,113,0.34826997592038184,0.09528586345019373,0.4094664889372201,0.24640169843124984,56.59198119339328,1,5
D097,O038,8,515,0.9437257111493362,765,0.13732854699013036,0.15389066235695392,0.3957456035362972,0.09581902124053866,11.34675406331586,1,10
D097,O010,8,515,0.9437257111493362,78,0.42428609036547965,0.04657399042364526,0.4729163397200382,0.0751091814821646,20.648364158380655,1,2
D097,O053,8,515,0.9437257111493362,251,0.008437374343120882,0.21970454406000367,0.07760861372476294,0.043406152521391926,15.704072062843153,1,5
D097,O032,8,515,0.9437257111493362,449,0.47407037046920236,0.2939643960095397,0.3338689716235752,0.19214128568359498,0.6467632780905109,1,1
D097,O083,8,515,0.9437257111493362,89,0.0026292440689011016,0.11891721005650385,0.01234014792986679,0.1423155000056148,8.932954010356676,1,1
D097,O050,8,515,0.9437257111493362,322,0.20605210901232662,0.1235097854541975,0.23025885735500393,0.24203168280895757,3.7974936169643003,1,1
D097,O084,8,515,0.9437257111493362,797,0.3729926769965046,0.00038649133259261126,0.0015211296530381324,0.21211963380230117,57.968250320486554,1,50
D097,O027,8,515,0.9437257111493362,120,0.17379211770070632,0.27539058086552737,0.1159901845036011,0.0031260536499028886,1.2414059949857388,1,1
D097,O023,8,515,0.9437257111493362,410,0.21445143650369905,0.1278983599397813,0.09400253805958962,0.08365268726290574,18.724748063248505,1,10
D097,O047,8,515,0.9437257111493362,32,0.45759305330669026,0.35742600924919476,0.3652359087633477,0.12397431353742944,4.578704726331181,1,1
D097,O067,8,515,0.9437257111493362,60,0.35992868878826584,0.02076874017167992,0.17423242461745192,0.0965105355241593,2.1003211333451848,1,1
D097,O074,8,515,0.9437257111493362,36,0.04256894354729143,0.004280635208135988,0.08729344080162678,0.07148454213260426,17.202121910274414,1,1
D097,O092,8,515,0.9437257111493362,303,0.4427063112729767,0.17226722665159136,0.4364919026956049,0.17566795406842103,23.101547487550636,1,5
D097,O045,8,515,0.9437257111493362,692,0.33110476806173594,0.08646504541541372,0.22004213527881566,0.08596571587890212,2.810064906380055,1,2
D097,O093,8,515,0.9437257111493362,25,0.27627503482623056,0.07815342445263838,0.29138458201830647,0.04123940092547084,41.46024928161635,1,1
D097,O055,8,515,0.9437257111493362,143,0.09821221972656778,0.1636668169410805,0.28503377285937526,0.11581965182801995,1.3300221265710437,1,1
D070,O006,1,289,0.8872791936429235,26,0.46643889626056984,0.1999019902784377,0.36047690978299723,0.19632186896831513,0.7164933989680144,1,1
D070,O071,1,289,0.8872791936429235,830,0.02577223787060603,0.059916075683899506,0.006124036584080637,0.001567019036236368,15.173323377461541,1,5
D070,O014,1,289,0.8872791936429235,505,0.055050563519665925,0.385744929065962,0.3235732737788464,0.24919199267349826,40.509619850150905,1,10
D070,O017,1,289,0.8872791936429235,47,0.23594790081754102,0.20555857271914696,0.45042194931634016,0.031413736601039494,53.72409801145742,1,1
D070,O086,1,289,0.8872791936429235,135,0.46988821914906914,0.05636599657473364,0.04382145887034975,0.20420128774402999,39.12492865085397,1,2
D070,O068,1,289,0.8872791936429235,871,0.14852577867663705,0.23899060027800526,0.4312666597088087,0.024847913302553898,0.9200696163057719,1,1
D070,O088,1,289,0.8872791936429235,74,0.028069089455227885,0.0540852458243732,0.20267396198384915,0.18713991585106382,1.5827391896984995,1,1
D070,O004,1,289,0.8872791936429235,544,0.015441285299266139,0.39993712983284035,0.04776710118920632,0.021638755647051863,1.6116316353856468,1,1
D070,O044,1,289,0.8872791936429235,721,0.4323761389499774,0.3249254075658305,0.14400789358316032,0.2057651422999217,5.188637143423622,1,2
D070,O039,1,289,0.8872791936429235,48,0.23271826163391704,0.17994216982882252,0.033136716412387766,0.009267722660894678,7.735302700968688,1,1
D070,O002,1,289,0.8872791936429235,71,0.3869572888593429,0.3359060402524592,0.4237565470025848,0.2289968100269869,83.12511836496435,1,5
D070,O040,1,289,0.8872791936429235,585,0.39295945909914204,0.39457393035340843,0.49881523135642764,0.05135952265618624,14.252098768706817,1,5
D070,O094,1,289,0.8872791936429235,888,0.3020897605205713,0.09146905532601642,0.35894591710200935,0.2171888653996259,27.41085260307382,1,10
D070,O081,1,289,0.8872791936429235,229,0.311863322482168,0.04075722691061323,0.19095392421992533,0.02739734620632218,0.6097018515377178,1,1
D070,O049,1,289,0.8872791936429235,33,0.06812771834318439,0.32719790546899485,0.35145855206621296,0.16958665122464434,1.8896835200947433,1,1
D070,O052,1,289,0.8872791936429235,249,0.2931097132079093,0.3814959415656873,0.2938470301831344,0.11894055514138323,0.5015927101920599,1,1
D070,O008,1,289,0.8872791936429235,217,0.11836586776404656,0.010264004522404446,0.43857764367626295,0.018412668361408348,3.575437414313759,1,1
D070,O054,1,289,0.8872791936429235,70,0.4839396769446982,0.22536965317316154,0.03930216819422613,0.15840050766206762,1.0282529368841058,1,1
D070,O024,1,289,0.8872791936429235,109,0.10754307926740679,0.37018563204761357,0.33107988983875875,0.015416181466785838,6.304497557330792,1,1
D070,O096,1,289,0.8872791936429235,91,0.16170145035385156,0.2643539191149355,0.06955567449111148,0.22233066342288632,0.7713641646886089,1,1
D070,O011,1,289,0.8872791936429235,163,0.25776627650906286,0.2303694517776211,0.06737682806363049,0.14710779675896993,91.70680464514531,1,10
D070,O007,1,289,0.8872791936429235,20,0.14113037245484783,0.13876459429554666,0.1666223660040416,0.10804294323375169,48.415238066551936,1,1
D070,O005,1,289,0.8872791936429235,472,0.4589275080729363,0.08115278028022999,0.01805553152120237,0.016407342151695845,5.656278920047442,1,2
D070,O051,1,289,0.8872791936429235,264,0.41545850105358517,0.16117913503688408,0.31172678881737154,0.04432963616759917,29.375100601310205,1,5
D070,O035,1,289,0.8872791936429235,173,0.04115959515567879,0.2568973510762646,0.341435098368886,0.12832396264407875,33.55867734781047,1,5
D070,O061,1,289,0.8872791936429235,27,0.3818054373139011,0.016164820124611564,0.49161369207236744,0.15170831162875867,2.704226534184525,1,1
D070,O041,1,289,0.8872791936429235,49,0.29773529796391324,0.2682058880863957,0.21258059195189896,0.13536346098324145,6.422809519648459,1,1
D070,O063,1,289,0.8872791936429235,159,0.16777747895905004,0.06995771215016022,0.1303723567023025,0.23670560860575965,35.98655231023139,1,5
D070,O019,1,289,0.8872791936429235,24,0.43162963836847273,0.2540667171143032,0.25374033794612383,0.035040597237275414,32.89046352986745,1,1
D070,O012,1,289,0.8872791936429235,121,0.018977159008053714,0.04210847176585192,0.10616643187530726,0.054886753813351695,1.8282853898334144,1,1
D070,O043,1,289,0.8872791936429235,936,0.15426768642279118,0.33291989469689626,0.3891618356934266,0.22532924015852426,3.26544153713843,1,2
D070,O020,1,289,0.8872791936429235,113,0.34826997592038184,0.09528586345019373,0.4094664889372201,0.24640169843124984,56.59198119339328,1,5
D070,O038,1,289,0.8872791936429235,765,0.13732854699013036,0.15389066235695392,0.3957456035362972,0.09581902124053866,11.34675406331586,1,5
D070,O010,1,289,0.8872791936429235,78,0.42428609036547965,0.04657399042364526,0.4729163397200382,0.0751091814821646,20.648364158380655,1,1
D070,O053,1,289,0.8872791936429235,251,0.008437374343120882,0.21970454406000367,0.07760861372476294,0.043406152521391926,15.704072062843153,1,2
D070,O032,1,289,0.8872791936429235,449,0.47407037046920236,0.2939643960095397,0.3338689716235752,0.19214128568359498,0.6467632780905109,1,1
D070,O083,1,289,0.8872791936429235,89,0.0026292440689011016,0.11891721005650385,0.01234014792986679,0.1423155000056148,8.932954010356676,1,1
D070,O050,1,289,0.8872791936429235,322,0.20605210901232662,0.1235097854541975,0.23025885735500393,0.24203168280895757,3.7974936169643003,1,1
D070,O084,1,289,0.8872791936429235,797,0.3729926769965046,0.00038649133259261126,0.0015211296530381324,0.21211963380230117,57.968250320486554,1,20
D070,O027,1,289,0.8872791936429235,120,0.17379211770070632,0.27539058086552737,0.1159901845036011,0.0031260536499028886,1.2414059949857388,1,1
D070,O023,1,289,0.8872791936429235,410,0.21445143650369905,0.1278983599397813,0.09400253805958962,0.08365268726290574,18.724748063248505,1,5
D070,O047,1,289,0.8872791936429235,32,0.45759305330669026,0.35742600924919476,0.3652359087633477,0.12397431353742944,4.578704726331181,1,1
D070,O067,1,289,0.8872791936429235,60,0.35992868878826584,0.02076874017167992,0.17423242461745192,0.0965105355241593,2.1003211333451848,1,1
D070,O074,1,289,0.8872791936429235,36,0.04256894354729143,0.004280635208135988,0.08729344080162678,0.07148454213260426,17.202121910274414,1,1
D070,O092,1,289,0.8872791936429235,303,0.4427063112729767,0.17226722665159136,0.4364919026956049,0.17566795406842103,23.101547487550636,1,5
D070,O045,1,289,0.8872791936429235,692,0.33110476806173594,0.08646504541541372,0.22004213527881566,0.08596571587890212,2.810064906380055,1,1
D070,O093,1,289,0.8872791936429235,25,0.27627503482623056,0.07815342445263838,0.29138458201830647,0.04123940092547084,41.46024928161635,1,1
D070,O055,1,289,0.8872791936429235,143,0.09821221972656778,0.1636668169410805,0.28503377285937526,0.11581965182801995,1.3300221265710437,1,1
D098,O006,5,182,0.32747893221583835,26,0.46643889626056984,0.1999019902784377,0.36047690978299723,0.19632186896831513,0.7164933989680144,1,1
D098,O071,5,182,0.32747893221583835,830,0.02577223787060603,0.059916075683899506,0.006124036584080637,0.001567019036236368,15.173323377461541,1,5
D098,O014,5,182,0.32747893221583835,505,0.055050563519665925,0.385744929065962,0.3235732737788464,0.24919199267349826,40.509619850150905,1,5
D098,O017,5,182,0.32747893221583835,47,0.23594790081754102,0.20555857271914696,0.45042194931634016,0.031413736601039494,53.72409801145742,1,1
D098,O086,5,182,0.32747893221583835,135,0.46988821914906914,0.05636599657473364,0.04382145887034975,0.20420128774402999,39.12492865085397,1,2
D098,O068,5,182,0.32747893221583835,871,0.14852577867663705,0.23899060027800526,0.4312666597088087,0.024847913302553898,0.9200696163057719,1,1
D098,O088,5,182,0.32747893221583835,74,0.028069089455227885,0.0540852458243732,0.20267396198384915,0.18713991585106382,1.5827391896984995,1,1
D098,O004,5,182,0.32747893221583835,544,0.015441285299266139,0.39993712983284035,0.04776710118920632,0.021638755647051863,1.6116316353856468,1,1
D098,O044,5,182,0.32747893221583835,721,0.4323761389499774,0.3249254075658305,0.14400789358316032,0.2057651422999217,5.188637143423622,1,1
D098,O039,5,182,0.32747893221583835,48,0.23271826163391704,0.17994216982882252,0.033136716412387766,0.009267722660894678,7.735302700968688,1,1
D098,O002,5,182,0.32747893221583835,71,0.3869572888593429,0.3359060402524592,0.4237565470025848,0.2289968100269869,83.12511836496435,1,2
D098,O040,5,182,0.32747893221583835,585,0.39295945909914204,0.39457393035340843,0.49881523135642764,0.05135952265618624,14.252098768706817,1,2
D098,O094,5,182,0.32747893221583835,888,0.3020897605205713,0.09146905532601642,0.35894591710200935,0.2171888653996259,27.41085260307382,1,10
D098,O081,5,182,0.32747893221583835,229,0.311863322482168,0.04075722691061323,0.19095392421992533,0.02739734620632218,0.6097018515377178,1,1
D098,O049,5,182,0.32747893221583835,33,0.06812771834318439,0.32719790546899485,0.35145855206621296,0.16958665122464434,1.8896835200947433,1,1
D098,O052,5,182,0.32747893221583835,249,0.2931097132079093,0.3814959415656873,0.2938470301831344,0.11894055514138323,0.5015927101920599,1,1
D098,O008,5,182,0.32747893221583835,217,0.11836586776404656,0.010264004522404446,0.43857764367626295,0.018412668361408348,3.575437414313759,1,1
D098,O054,5,182,0.32747893221583835,70,0.4839396769446982,0.22536965317316154,0.03930216819422613,0.15840050766206762,1.0282529368841058,1,1
D098,O024,5,182,0.32747893221583835,109,0.10754307926740679,0.37018563204761357,0.33107988983875875,0.015416181466785838,6.304497557330792,1,1
D098,O096,5,182,0.32747893221583835,91,0.16170145035385156,0.2643539191149355,0.06955567449111148,0.22233066342288632,0.7713641646886089,1,1
D098,O011,5,182,0.32747893221583835,163,0.25776627650906286,0.2303694517776211,0.06737682806363049,0.14710779675896993,91.70680464514531,1,5
D098,O007,5,182,0.32747893221583835,20,0.14113037245484783,0.13876459429554666,0.1666223660040416,0.10804294323375169,48.415238066551936,1,1
D098,O005,5,182,0.32747893221583835,472,0.4589275080729363,0.08115278028022999,0.01805553152120237,0.016407342151695845,5.656278920047442,1,1
D098,O051,5,182,0.32747893221583835,264,0.41545850105358517,0.16117913503688408,0.31172678881737154,0.04432963616759917,29.375100601310205,1,2
D098,O035,5,182,0.32747893221583835,173,0.04115959515567879,0.2568973510762646,0.341435098368886,0.12832396264407875,33.55867734781047,1,2
D098,O061,5,182,0.32747893221583835,27,0.3818054373139011,0.016164820124611564,0.49161369207236744,0.15170831162875867,2.704226534184525,1,1
D098,O041,5,182,0.32747893221583835,49,0.29773529796391324,0.2682058880863957,0.21258059195189896,0.13536346098324145,6.422809519648459,1,1
D098,O063,5,182,0.32747893221583835,159,0.16777747895905004,0.06995771215016022,0.1303723567023025,0.23670560860575965,35.98655231023139,1,2
D098,O019,5,182,0.32747893221583835,24,0.43162963836847273,0.2540667171143032,0.25374033794612383,0.035040597237275414,32.89046352986745,1,1
D098,O012,5,182,0.32747893221583835,121,0.018977159008053714,0.04210847176585192,0.10616643187530726,0.054886753813351695,1.8282853898334144,1,1
D098,O043,5,182,0.32747893221583835,936,0.15426768642279118,0.33291989469689626,0.3891618356934266,0.22532924015852426,3.26544153713843,1,1
D098,O020,5,182,0.32747893221583835,113,0.34826997592038184,0.09528586345019373,0.4094664889372201,0.24640169843124984,56.59198119339328,1,2
D098,O038,5,182,0.32747893221583835,765,0.13732854699013036,0.15389066235695392,0.3957456035362972,0.09581902124053866,11.34675406331586,1,5
D098,O010,5,182,0.32747893221583835,78,0.42428609036547965,0.04657399042364526,0.4729163397200382,0.0751091814821646,20.648364158380655,1,1
D098,O053,5,182,0.32747893221583835,251,0.008437374343120882,0.21970454406000367,0.07760861372476294,0.043406152521391926,15.704072062843153,1,1
D098,O032,5,182,0.32747893221583835,449,0.47407037046920236,0.2939643960095397,0.3338689716235752,0.19214128568359498,0.6467632780905109,1,1
D098,O083,5,182,0.32747893221583835,89,0.0026292440689011016,0.11891721005650385,0.01234014792986679,0.1423155000056148,8.932954010356676,1,1
D098,O050,5,182,0.32747893221583835,322,0.20605210901232662,0.1235097854541975,0.23025885735500393,0.24203168280895757,3.7974936169643003,1,1
D098,O084,5,182,0.32747893221583835,797,0.3729926769965046,0.00038649133259261126,0.0015211296530381324,0.21211963380230117,57.968250320486554,1,20
D098,O027,5,182,0.32747893221583835,120,0.17379211770070632,0.27539058086552737,0.1159901845036011,0.0031260536499028886,1.2414059949857388,1,1
D098,O023,5,182,0.32747893221583835,410,0.21445143650369905,0.1278983599397813,0.09400253805958962,0.08365268726290574,18.724748063248505,1,2
D098,O047,5,182,0.32747893221583835,32,0.45759305330669026,0.35742600924919476,0.3652359087633477,0.12397431353742944,4.578704726331181,1,1
D098,O067,5,182,0.32747893221583835,60,0.35992868878826584,0.02076874017167992,0.17423242461745192,0.0965105355241593,2.1003211333451848,1,1
D098,O074,5,182,0.32747893221583835,36,0.04256894354729143,0.004280635208135988,0.08729344080162678,0.07148454213260426,17.202121910274414,1,1
D098,O092,5,182,0.32747893221583835,303,0.4427063112729767,0.17226722665159136,0.4364919026956049,0.17566795406842103,23.101547487550636,1,2
D098,O045,5,182,0.32747893221583835,692,0.33110476806173594,0.08646504541541372,0.22004213527881566,0.08596571587890212,2.810064906380055,1,1
D098,O093,5,182,0.32747893221583835,25,0.27627503482623056,0.07815342445263838,0.29138458201830647,0.04123940092547084,41.46024928161635,1,1
D098,O055,5,182,0.32747893221583835,143,0.09821221972656778,0.1636668169410805,0.28503377285937526,0.11581965182801995,1.3300221265710437,1,1
D126,O006,8,60,8.0,26,0.46643889626056984,0.1999019902784377,0.36047690978299723,0.19632186896831513,0.7164933989680144,1,1
D126,O071,8,60,8.0,830,0.02577223787060603,0.059916075683899506,0.006124036584080637,0.001567019036236368,15.173323377461541,1,1
D126,O014,8,60,8.0,505,0.055050563519665925,0.385744929065962,0.3235732737788464,0.24919199267349826,40.509619850150905,1,2
D126,O017,8,60,8.0,47,0.23594790081754102,0.20555857271914696,0.45042194931634016,0.031413736601039494,53.72409801145742,1,1
D126,O086,8,60,8.0,135,0.46988821914906914,0.05636599657473364,0.04382145887034975,0.20420128774402999,39.12492865085397,1,1
D126,O068,8,60,8.0,871,0.14852577867663705,0.23899060027800526,0.4312666597088087,0.024847913302553898,0.9200696163057719,1,1
D126,O088,8,60,8.0,74,0.028069089455227885,0.0540852458243732,0.20267396198384915,0.18713991585106382,1.5827391896984995,1,1
D126,O004,8,60,8.0,544,0.015441285299266139,0.39993712983284035,0.04776710118920632,0.021638755647051863,1.6116316353856468,1,1
D126,O044,8,60,8.0,721,0.4323761389499774,0.3249254075658305,0.14400789358316032,0.2057651422999217,5.188637143423622,1,1
D126,O039,8,60,8.0,48,0.23271826163391704,0.17994216982882252,0.033136716412387766,0.009267722660894678,7.735302700968688,1,1
D126,O002,8,60,8.0,71,0.3869572888593429,0.3359060402524592,0.4237565470025848,0.2289968100269869,83.12511836496435,1,1
D126,O040,8,60,8.0,585,0.39295945909914204,0.39457393035340843,0.49881523135642764,0.05135952265618624,14.252098768706817,1,1
D126,O094,8,60,8.0,888,0.3020897605205713,0.09146905532601642,0.35894591710200935,0.2171888653996259,27.41085260307382,1,2
D126,O081,8,60,8.0,229,0.311863322482168,0.04075722691061323,0.19095392421992533,0.02739734620632218,0.6097018515377178,1,1
D126,O049,8,60,8.0,33,0.06812771834318439,0.32719790546899485,0.35145855206621296,0.16958665122464434,1.8896835200947433,1,1
D126,O052,8,60,8.0,249,0.2931097132079093,0.3814959415656873,0.2938470301831344,0.11894055514138323,0.5015927101920599,1,1
D126,O008,8,60,8.0,217,0.11836586776404656,0.010264004522404446,0.43857764367626295,0.018412668361408348,3.575437414313759,1,1
D126,O054,8,60,8.0,70,0.4839396769446982,0.22536965317316154,0.03930216819422613,0.15840050766206762,1.0282529368841058,1,1
D126,O024,8,60,8.0,109,0.10754307926740679,0.37018563204761357,0.33107988983875875,0.015416181466785838,6.304497557330792,1,1
D126,O096,8,60,8.0,91,0.16170145035385156,0.2643539191149355,0.06955567449111148,0.22233066342288632,0.7713641646886089,1,1
D126,O011,8,60,8.0,163,0.25776627650906286,0.2303694517776211,0.06737682806363049,0.14710779675896993,91.70680464514531,1,2
D126,O007,8,60,8.0,20,0.14113037245484783,0.13876459429554666,0.1666223660040416,0.10804294323375169,48.415238066551936,1,1
D126,O005,8,60,8.0,472,0.4589275080729363,0.08115278028022999,0.01805553152120237,0.016407342151695845,5.656278920047442,1,1
D126,O051,8,60,8.0,264,0.41545850105358517,0.16117913503688408,0.31172678881737154,0.04432963616759917,29.375100601310205,1,1
D126,O035,8,60,8.0,173,0.04115959515567879,0.2568973510762646,0.341435098368886,0.12832396264407875,33.55867734781047,1,1
D126,O061,8,60,8.0,27,0.3818054373139011,0.016164820124611564,0.49161369207236744,0.15170831162875867,2.704226534184525,1,1
D126,O041,8,60,8.0,49,0.29773529796391324,0.2682058880863957,0.21258059195189896,0.13536346098324145,6.422809519648459,1,1
D126,O063,8,60,8.0,159,0.16777747895905004,0.06995771215016022,0.1303723567023025,0.23670560860575965,35.98655231023139,1,1
D126,O019,8,60,8.0,24,0.43162963836847273,0.2540667171143032,0.25374033794612383,0.035040597237275414,32.89046352986745,1,1
D126,O012,8,60,8.0,121,0.018977159008053714,0.04210847176585192,0.10616643187530726,0.054886753813351695,1.8282853898334144,1,1
D126,O043,8,60,8.0,936,0.15426768642279118,0.33291989469689626,0.3891618356934266,0.22532924015852426,3.26544153713843,1,1
D126,O020,8,60,8.0,113,0.34826997592038184,0.09528586345019373,0.4094664889372201,0.24640169843124984,56.59198119339328,1,1
D126,O038,8,60,8.0,765,0.13732854699013036,0.15389066235695392,0.3957456035362972,0.09581902124053866,11.34675406331586,1,1
D126,O010,8,60,8.0,78,0.42428609036547965,0.04657399042364526,0.4729163397200382,0.0751091814821646,20.648364158380655,1,1
D126,O053,8,60,8.0,251,0.008437374343120882,0.21970454406000367,0.07760861372476294,0.043406152521391926,15.704072062843153,1,1
D126,O032,8,60,8.0,449,0.47407037046920236,0.2939643960095397,0.3338689716235752,0.19214128568359498,0.6467632780905109,1,1
D126,O083,8,60,8.0,89,0.0026292440689011016,0.11891721005650385,0.01234014792986679,0.1423155000056148,8.932954010356676,1,1
D126,O050,8,60,8.0,322,0.20605210901232662,0.1235097854541975,0.23025885735500393,0.24203168280895757,3.7974936169643003,1,1
D126,O084,8,60,8.0,797,0.3729926769965046,0.00038649133259261126,0.0015211296530381324,0.21211963380230117,57.968250320486554,1,5
D126,O027,8,60,8.0,120,0.17379211770070632,0.27539058086552737,0.1159901845036011,0.0031260536499028886,1.2414059949857388,1,1
D126,O023,8,60,8.0,410,0.21445143650369905,0.1278983599397813,0.09400253805958962,0.08365268726290574,18.724748063248505,1,1
D126,O047,8,60,8.0,32,0.45759305330669026,0.35742600924919476,0.3652359087633477,0.12397431353742944,4.578704726331181,1,1
D126,O067,8,60,8.0,60,0.35992868878826584,0.02076874017167992,0.17423242461745192,0.0965105355241593,2.1003211333451848,1,1
D126,O074,8,60,8.0,36,0.04256894354729143,0.004280635208135988,0.08729344080162678,0.07148454213260426,17.202121910274414,1,1
D126,O092,8,60,8.0,303,0.4427063112729767,0.17226722665159136,0.4364919026956049,0.17566795406842103,23.101547487550636,1,1
D126,O045,8,60,8.0,692,0.33110476806173594,0.08646504541541372,0.22004213527881566,0.08596571587890212,2.810064906380055,1,1
D126,O093,8,60,8.0,25,0.27627503482623056,0.07815342445263838,0.29138458201830647,0.04123940092547084,41.46024928161635,1,1
D126,O055,8,60,8.0,143,0.09821221972656778,0.1636668169410805,0.28503377285937526,0.11581965182801995,1.3300221265710437,1,1
D072,O006,2,70,1.4158049041742917,26,0.46643889626056984,0.1999019902784377,0.36047690978299723,0.19632186896831513,0.7164933989680144,1,1
D072,O071,2,70,1.4158049041742917,830,0.02577223787060603,0.059916075683899506,0.006124036584080637,0.001567019036236368,15.173323377461541,1,2
D072,O014,2,70,1.4158049041742917,505,0.055050563519665925,0.385744929065962,0.3235732737788464,0.24919199267349826,40.509619850150905,1,2
D072,O017,2,70,1.4158049041742917,47,0.23594790081754102,0.20555857271914696,0.45042194931634016,0.031413736601039494,53.72409801145742,1,1
D072,O086,2,70,1.4158049041742917,135,0.46988821914906914,0.05636599657473364,0.04382145887034975,0.20420128774402999,39.12492865085397,1,1
D072,O068,2,70,1.4158049041742917,871,0.14852577867663705,0.23899060027800526,0.4312666597088087,0.024847913302553898,0.9200696163057719,1,1
D072,O088,2,70,1.4158049041742917,74,0.028069089455227885,0.0540852458243732,0.20267396198384915,0.18713991585106382,1.5827391896984995,1,1
D072,O004,2,70,1.4158049041742917,544,0.015441285299266139,0.39993712983284035,0.04776710118920632,0.021638755647051863,1.6116316353856468,1,1
D072,O044,2,70,1.4158049041742917,721,0.4323761389499774,0.3249254075658305,0.14400789358316032,0.2057651422999217,5.188637143423622,1,1
D072,O039,2,70,1.4158049041742917,48,0.23271826163391704,0.17994216982882252,0.033136716412387766,0.009267722660894678,7.735302700968688,1,1
D072,O002,2,70,1.4158049041742917,71,0.3869572888593429,0.3359060402524592,0.4237565470025848,0.2289968100269869,83.12511836496435,1,1
D072,O040,2,70,1.4158049041742917,585,0.39295945909914204,0.39457393035340843,0.49881523135642764,0.05135952265618624,14.252098768706817,1,1
D072,O094,2,70,1.4158049041742917,888,0.3020897605205713,0.09146905532601642,0.35894591710200935,0.2171888653996259,27.41085260307382,1,5
D072,O081,2,70,1.4158049041742917,229,0.311863322482168,0.04075722691061323,0.19095392421992533,0.02739734620632218,0.6097018515377178,1,1
D072,O049,2,70,1.4158049041742917,33,0.06812771834318439,0.32719790546899485,0.35145855206621296,0.16958665122464434,1.8896835200947433,1,1
D072,O052,2,70,1.4158049041742917,249,0.2931097132079093,0.3814959415656873,0.2938470301831344,0.11894055514138323,0.5015927101920599,1,1
D072,O008,2,70,1.4158049041742917,217,0.11836586776404656,0.010264004522404446,0.43857764367626295,0.018412668361408348,3.575437414313759,1,1
D072,O054,2,70,1.4158049041742917,70,0.4839396769446982,0.22536965317316154,0.03930216819422613,0.15840050766206762,1.0282529368841058,1,1
D072,O024,2,70,1.4158049041742917,109,0.10754307926740679,0.37018563204761357,0.33107988983875875,0.015416181466785838,6.304497557330792,1,1
D072,O096,2,70,1.4158049041742917,91,0.16170145035385156,0.2643539191149355,0.06955567449111148,0.22233066342288632,0.7713641646886089,1,1
D072,O011,2,70,1.4158049041742917,163,0.25776627650906286,0.2303694517776211,0.06737682806363049,0.14710779675896993,91.70680464514531,1,2
D072,O007,2,70,1.4158049041742917,20,0.14113037245484783,0.13876459429554666,0.1666223660040416,0.10804294323375169,48.415238066551936,1,1
D072,O005,2,70,1.4158049041742917,472,0.4589275080729363,0.08115278028022999,0.01805553152120237,0.016407342151695845,5.656278920047442,1,1
D072,O051,2,70,1.4158049041742917,264,0.41545850105358517,0.16117913503688408,0.31172678881737154,0.04432963616759917,29.375100601310205,1,1
D072,O035,2,70,1.4158049041742917,173,0.04115959515567879,0.2568973510762646,0.341435098368886,0.12832396264407875,33.55867734781047,1,1
D072,O061,2,70,1.4158049041742917,27,0.3818054373139011,0.016164820124611564,0.49161369207236744,0.15170831162875867,2.704226534184525,1,1
D072,O041,2,70,1.4158049041742917,49,0.29773529796391324,0.2682058880863957,0.21258059195189896,0.13536346098324145,6.422809519648459,1,1
D072,O063,2,70,1.4158049041742917,159,0.16777747895905004,0.06995771215016022,0.1303723567023025,0.23670560860575965,35.98655231023139,1,1
D072,O019,2,70,1.4158049041742917,24,0.43162963836847273,0.2540667171143032,0.25374033794612383,0.035040597237275414,32.89046352986745,1,1
D072,O012,2,70,1.4158049041742917,121,0.018977159008053714,0.04210847176585192,0.10616643187530726,0.054886753813351695,1.8282853898334144,1,1
D072,O043,2,70,1.4158049041742917,936,0.15426768642279118,0.33291989469689626,0.3891618356934266,0.22532924015852426,3.26544153713843,1,1
D072,O020,2,70,1.4158049041742917,113,0.34826997592038184,0.09528586345019373,0.4094664889372201,0.24640169843124984,56.59198119339328,1,1
D072,O038,2,70,1.4158049041742917,765,0.13732854699013036,0.15389066235695392,0.3957456035362972,0.09581902124053866,11.34675406331586,1,1
D072,O010,2,70,1.4158049041742917,78,0.42428609036547965,0.04657399042364526,0.4729163397200382,0.0751091814821646,20.648364158380655,1,1
D072,O053,2,70,1.4158049041742917,251,0.008437374343120882,0.21970454406000367,0.07760861372476294,0.043406152521391926,15.704072062843153,1,1
D072,O032,2,70,1.4158049041742917,449,0.47407037046920236,0.2939643960095397,0.3338689716235752,0.19214128568359498,0.6467632780905109,1,1
D072,O083,2,70,1.4158049041742917,89,0.0026292440689011016,0.11891721005650385,0.01234014792986679,0.1423155000056148,8.932954010356676,1,1
D072,O050,2,70,1.4158049041742917,322,0.20605210901232662,0.1235097854541975,0.23025885735500393,0.24203168280895757,3.7974936169643003,1,1
D072,O084,2,70,1.4158049041742917,797,0.3729926769965046,0.00038649133259261126,0.0015211296530381324,0.21211963380230117,57.968250320486554,1,5
D072,O027,2,70,1.4158049041742917,120,0.17379211770070632,0.27539058086552737,0.1159901845036011,0.0031260536499028886,1.2414059949857388,1,1
D072,O023,2,70,1.4158049041742917,410,0.21445143650369905,0.1278983599397813,0.09400253805958962,0.08365268726290574,18.724748063248505,1,1
D072,O047,2,70,1.4158049041742917,32,0.45759305330669026,0.35742600924919476,0.3652359087633477,0.12397431353742944,4.578704726331181,1,1
D072,O067,2,70,1.4158049041742917,60,0.35992868878826584,0.02076874017167992,0.17423242461745192,0.0965105355241593,2.1003211333451848,1,1
D072,O074,2,70,1.4158049041742917,36,0.04256894354729143,0.004280635208135988,0.08729344080162678,0.07148454213260426,17.202121910274414,1,1
D072,O092,2,70,1.4158049041742917,303,0.4427063112729767,0.17226722665159136,0.4364919026956049,0.17566795406842103,23.101547487550636,1,1
D072,O045,2,70,1.4158049041742917,692,0.33110476806173594,0.08646504541541372,0.22004213527881566,0.08596571587890212,2.810064906380055,1,1
D072,O093,2,70,1.4158049041742917,25,0.27627503482623056,0.07815342445263838,0.29138458201830647,0.04123940092547084,41.46024928161635,1,1
D072,O055,2,70,1.4158049041742917,143,0.09821221972656778,0.1636668169410805,0.28503377285937526,0.11581965182801995,1.3300221265710437,1,1
D127,O006,8,1200,0.25,26,0.46643889626056984,0.1999019902784377,0.36047690978299723,0.19632186896831513,0.7164933989680144,1,1
D127,O071,8,1200,0.25,830,0.02577223787060603,0.059916075683899506,0.006124036584080637,0.001567019036236368,15.173323377461541,1,20
D127,O014,8,1200,0.25,505,0.055050563519665925,0.385744929065962,0.3235732737788464,0.24919199267349826,40.509619850150905,1,50
D127,O017,8,1200,0.25,47,0.23594790081754102,0.20555857271914696,0.45042194931634016,0.031413736601039494,53.72409801145742,1,5
D127,O086,8,1200,0.25,135,0.46988821914906914,0.05636599657473364,0.04382145887034975,0.20420128774402999,39.12492865085397,1,10
D127,O068,8,1200,0.25,871,0.14852577867663705,0.23899060027800526,0.4312666597088087,0.024847913302553898,0.9200696163057719,1,2
D127,O088,8,1200,0.25,74,0.028069089455227885,0.0540852458243732,0.20267396198384915,0.18713991585106382,1.5827391896984995,1,1
D127,O004,8,1200,0.25,544,0.015441285299266139,0.39993712983284035,0.04776710118920632,0.021638755647051863,1.6116316353856468,1,2
D127,O044,8,1200,0.25,721,0.4323761389499774,0.3249254075658305,0.14400789358316032,0.2057651422999217,5.188637143423622,1,10
D127,O039,8,1200,0.25,48,0.23271826163391704,0.17994216982882252,0.033136716412387766,0.009267722660894678,7.735302700968688,1,1
D127,O002,8,1200,0.25,71,0.3869572888593429,0.3359060402524592,0.4237565470025848,0.2289968100269869,83.12511836496435,1,10
D127,O040,8,1200,0.25,585,0.39295945909914204,0.39457393035340843,0.49881523135642764,0.05135952265618624,14.252098768706817,1,20
D127,O094,8,1200,0.25,888,0.3020897605205713,0.09146905532601642,0.35894591710200935,0.2171888653996259,27.41085260307382,1,50
D127,O081,8,1200,0.25,229,0.311863322482168,0.04075722691061323,0.19095392421992533,0.02739734620632218,0.6097018515377178,1,1
D127,O049,8,1200,0.25,33,0.06812771834318439,0.32719790546899485,0.35145855206621296,0.16958665122464434,1.8896835200947433,1,1
D127,O052,8,1200,0.25,249,0.2931097132079093,0.3814959415656873,0.2938470301831344,0.11894055514138323,0.5015927101920599,1,1
D127,O008,8,1200,0.25,217,0.11836586776404656,0.010264004522404446,0.43857764367626295,0.018412668361408348,3.575437414313759,1,2
D127,O054,8,1200,0.25,70,0.4839396769446982,0.22536965317316154,0.03930216819422613,0.15840050766206762,1.0282529368841058,1,1
D127,O024,8,1200,0.25,109,0.10754307926740679,0.37018563204761357,0.33107988983875875,0.015416181466785838,6.304497557330792,1,2
D127,O096,8,1200,0.25,91,0.16170145035385156,0.2643539191149355,0.06955567449111148,0.22233066342288632,0.7713641646886089,1,1
D127,O011,8,1200,0.25,163,0.25776627650906286,0.2303694517776211,0.06737682806363049,0.14710779675896993,91.70680464514531,1,50
D127,O007,8,1200,0.25,20,0.14113037245484783,0.13876459429554666,0.1666223660040416,0.10804294323375169,48.415238066551936,1,2
D127,O005,8,1200,0.25,472,0.4589275080729363,0.08115278028022999,0.01805553152120237,0.016407342151695845,5.656278920047442,1,5
D127,O051,8,1200,0.25,264,0.41545850105358517,0.16117913503688408,0.31172678881737154,0.04432963616759917,29.375100601310205,1,20
D127,O035,8,1200,0.25,173,0.04115959515567879,0.2568973510762646,0.341435098368886,0.12832396264407875,33.55867734781047,1,10
D127,O061,8,1200,0.25,27,0.3818054373139011,0.016164820124611564,0.49161369207236744,0.15170831162875867,2.704226534184525,1,1
D127,O041,8,1200,0.25,49,0.29773529796391324,0.2682058880863957,0.21258059195189896,0.13536346098324145,6.422809519648459,1,1
D127,O063,8,1200,0.25,159,0.16777747895905004,0.06995771215016022,0.1303723567023025,0.23670560860575965,35.98655231023139,1,10
D127,O019,8,1200,0.25,24,0.43162963836847273,0.2540667171143032,0.25374033794612383,0.035040597237275414,32.89046352986745,1,2
D127,O012,8,1200,0.25,121,0.018977159008053714,0.04210847176585192,0.10616643187530726,0.054886753813351695,1.8282853898334144,1,1
D127,O043,8,1200,0.25,936,0.15426768642279118,0.33291989469689626,0.3891618356934266,0.22532924015852426,3.26544153713843,1,5
D127,O020,8,1200,0.25,113,0.34826997592038184,0.09528586345019373,0.4094664889372201,0.24640169843124984,56.59198119339328,1,10
D127,O038,8,1200,0.25,765,0.13732854699013036,0.15389066235695392,0.3957456035362972,0.09581902124053866,11.34675406331586,1,20
D127,O010,8,1200,0.25,78,0.42428609036547965,0.04657399042364526,0.4729163397200382,0.0751091814821646,20.648364158380655,1,5
D127,O053,8,1200,0.25,251,0.008437374343120882,0.21970454406000367,0.07760861372476294,0.043406152521391926,15.704072062843153,1,10
D127,O032,8,1200,0.25,449,0.47407037046920236,0.2939643960095397,0.3338689716235752,0.19214128568359498,0.6467632780905109,1,1
D127,O083,8,1200,0.25,89,0.0026292440689011016,0.11891721005650385,0.01234014792986679,0.1423155000056148,8.932954010356676,1,2
D127,O050,8,1200,0.25,322,0.20605210901232662,0.1235097854541975,0.23025885735500393,0.24203168280895757,3.7974936169643003,1,2
D127,O084,8,1200,0.25,797,0.3729926769965046,0.00038649133259261126,0.0015211296530381324,0.21211963380230117,57.968250320486554,1,100
D127,O027,8,1200,0.25,120,0.17379211770070632,0.27539058086552737,0.1159901845036011,0.0031260536499028886,1.2414059949857388,1,1
D127,O023,8,1200,0.25,410,0.21445143650369905,0.1278983599397813,0.09400253805958962,0.08365268726290574,18.724748063248505,1,20
D127,O047,8,1200,0.25,32,0.45759305330669026,0.35742600924919476,0.3652359087633477,0.12397431353742944,4.578704726331181,1,1
D127,O067,8,1200,0.25,60,0.35992868878826584,0.02076874017167992,0.17423242461745192,0.0965105355241593,2.1003211333451848,1,1
D127,O074,8,1200,0.25,36,0.04256894354729143,0.004280635208135988,0.08729344080162678,0.07148454213260426,17.202121910274414,1,1
D127,O092,8,1200,0.25,303,0.4427063112729767,0.17226722665159136,0.4364919026956049,0.17566795406842103,23.101547487550636,1,20
D127,O045,8,1200,0.25,692,0.33110476806173594,0.08646504541541372,0.22004213527881566,0.08596571587890212,2.810064906380055,1,5
D127,O093,8,1200,0.25,25,0.27627503482623056,0.07815342445263838,0.29138458201830647,0.04123940092547084,41.46024928161635,1,2
D127,O055,8,1200,0.25,143,0.09821221972656778,0.1636668169410805,0.28503377285937526,0.11581965182801995,1.3300221265710437,1,1
D087,O006,4,633,3.727721850960899,26,0.46643889626056984,0.1999019902784377,0.36047690978299723,0.19632186896831513,0.7164933989680144,1,1
D087,O071,4,633,3.727721850960899,830,0.02577223787060603,0.059916075683899506,0.006124036584080637,0.001567019036236368,15.173323377461541,1,20
D087,O014,4,633,3.727721850960899,505,0.055050563519665925,0.385744929065962,0.3235732737788464,0.24919199267349826,40.509619850150905,1,20
D087,O017,4,633,3.727721850960899,47,0.23594790081754102,0.20555857271914696,0.45042194931634016,0.031413736601039494,53.72409801145742,1,5
D087,O086,4,633,3.727721850960899,135,0.46988821914906914,0.05636599657473364,0.04382145887034975,0.20420128774402999,39.12492865085397,1,5
D087,O068,4,633,3.727721850960899,871,0.14852577867663705,0.23899060027800526,0.4312666597088087,0.024847913302553898,0.9200696163057719,1,1
D087,O088,4,633,3.727721850960899,74,0.028069089455227885,0.0540852458243732,0.20267396198384915,0.18713991585106382,1.5827391896984995,1,1
D087,O004,4,633,3.727721850960899,544,0.015441285299266139,0.39993712983284035,0.04776710118920632,0.021638755647051863,1.6116316353856468,1,1
D087,O044,4,633,3.727721850960899,721,0.4323761389499774,0.3249254075658305,0.14400789358316032,0.2057651422999217,5.188637143423622,1,5
D087,O039,4,633,3.727721850960899,48,0.23271826163391704,0.17994216982882252,0.033136716412387766,0.009267722660894678,7.735302700968688,1,1
D087,O002,4,633,3.727721850960899,71,0.3869572888593429,0.3359060402524592,0.4237565470025848,0.2289968100269869,83.12511836496435,1,5
D087,O040,4,633,3.727721850960899,585,0.39295945909914204,0.39457393035340843,0.49881523135642764,0.05135952265618624,14.252098768706817,1,10
D087,O094,4,633,3.727721850960899,888,0.3020897605205713,0.09146905532601642,0.35894591710200935,0.2171888653996259,27.41085260307382,1,50
D087,O081,4,633,3.727721850960899,229,0.311863322482168,0.04075722691061323,0.19095392421992533,0.02739734620632218,0.6097018515377178,1,1
D087,O049,4,633,3.727721850960899,33,0.06812771834318439,0.32719790546899485,0.35145855206621296,0.16958665122464434,1.8896835200947433,1,1
D087,O052,4,633,3.727721850960899,249,0.2931097132079093,0.3814959415656873,0.2938470301831344,0.11894055514138323,0.5015927101920599,1,1
D087,O008,4,633,3.727721850960899,217,0.11836586776404656,0.010264004522404446,0.43857764367626295,0.018412668361408348,3.575437414313759,1,1
D087,O054,4,633,3.727721850960899,70,0.4839396769446982,0.22536965317316154,0.03930216819422613,0.15840050766206762,1.0282529368841058,1,1
D087,O024,4,633,3.727721850960899,109,0.10754307926740679,0.37018563204761357,0.33107988983875875,0.015416181466785838,6.304497557330792,1,1
D087,O096,4,633,3.727721850960899,91,0.16170145035385156,0.2643539191149355,0.06955567449111148,0.22233066342288632,0.7713641646886089,1,1
D087,O011,4,633,3.727721850960899,163,0.25776627650906286,0.2303694517776211,0.06737682806363049,0.14710779675896993,91.70680464514531,1,20
D087,O007,4,633,3.727721850960899,20,0.14113037245484783,0.13876459429554666,0.1666223660040416,0.10804294323375169,48.415238066551936,1,1
D087,O005,4,633,3.727721850960899,472,0.4589275080729363,0.08115278028022999,0.01805553152120237,0.016407342151695845,5.656278920047442,1,5
D087,O051,4,633,3.727721850960899,264,0.41545850105358517,0.16117913503688408,0.31172678881737154,0.04432963616759917,29.375100601310205,1,10
D087,O035,4,633,3.727721850960899,173,0.04115959515567879,0.2568973510762646,0.341435098368886,0.12832396264407875,33.55867734781047,1,5
D087,O061,4,633,3.727721850960899,27,0.3818054373139011,0.016164820124611564,0.49161369207236744,0.15170831162875867,2.704226534184525,1,1
D087,O041,4,633,3.727721850960899,49,0.29773529796391324,0.2682058880863957,0.21258059195189896,0.13536346098324145,6.422809519648459,1,1
D087,O063,4,633,3.727721850960899,159,0.16777747895905004,0.06995771215016022,0.1303723567023025,0.23670560860575965,35.98655231023139,1,5
D087,O019,4,633,3.727721850960899,24,0.43162963836847273,0.2540667171143032,0.25374033794612383,0.035040597237275414,32.89046352986745,1,1
D087,O012,4,633,3.727721850960899,121,0.018977159008053714,0.04210847176585192,0.10616643187530726,0.054886753813351695,1.8282853898334144,1,1
D087,O043,4,633,3.727721850960899,936,0.15426768642279118,0.33291989469689626,0.3891618356934266,0.22532924015852426,3.26544153713843,1,5
D087,O020,4,633,3.727721850960899,113,0.34826997592038184,0.09528586345019373,0.4094664889372201,0.24640169843124984,56.59198119339328,1,10
D087,O038,4,633,3.727721850960899,765,0.13732854699013036,0.15389066235695392,0.3957456035362972,0.09581902124053866,11.34675406331586,1,10
D087,O010,4,633,3.727721850960899,78,0.42428609036547965,0.04657399042364526,0.4729163397200382,0.0751091814821646,20.648364158380655,1,2
D087,O053,4,633,3.727721850960899,251,0.008437374343120882,0.21970454406000367,0.07760861372476294,0.043406152521391926,15.704072062843153,1,5
D087,O032,4,633,3.727721850960899,449,0.47407037046920236,0.2939643960095397,0.3338689716235752,0.19214128568359498,0.6467632780905109,1,1
D087,O083,4,633,3.727721850960899,89,0.0026292440689011016,0.11891721005650385,0.01234014792986679,0.1423155000056148,8.932954010356676,1,1
D087,O050,4,633,3.727721850960899,322,0.20605210901232662,0.1235097854541975,0.23025885735500393,0.24203168280895757,3.7974936169643003,1,2
D087,O084,4,633,3.727721850960899,797,0.3729926769965046,0.00038649133259261126,0.0015211296530381324,0.21211963380230117,57.968250320486554,1,50
D087,O027,4,633,3.727721850960899,120,0.17379211770070632,0.27539058086552737,0.1159901845036011,0.0031260536499028886,1.2414059949857388,1,1
D087,O023,4,633,3.727721850960899,410,0.21445143650369905,0.1278983599397813,0.09400253805958962,0.08365268726290574,18.724748063248505,1,10
D087,O047,4,633,3.727721850960899,32,0.45759305330669026,0.35742600924919476,0.3652359087633477,0.12397431353742944,4.578704726331181,1,1
D087,O067,4,633,3.727721850960899,60,0.35992868878826584,0.02076874017167992,0.17423242461745192,0.0965105355241593,2.1003211333451848,1,1
D087,O074,4,633,3.727721850960899,36,0.04256894354729143,0.004280635208135988,0.08729344080162678,0.07148454213260426,17.202121910274414,1,1
D087,O092,4,633,3.727721850960899,303,0.4427063112729767,0.17226722665159136,0.4364919026956049,0.17566795406842103,23.101547487550636,1,10
D087,O045,4,633,3.727721850960899,692,0.33110476806173594,0.08646504541541372,0.22004213527881566,0.08596571587890212,2.810064906380055,1,2
D087,O093,4,633,3.727721850960899,25,0.27627503482623056,0.07815342445263838,0.29138458201830647,0.04123940092547084,41.46024928161635,1,1
D087,O055,4,633,3.727721850960899,143,0.09821221972656778,0.1636668169410805,0.28503377285937526,0.11581965182801995,1.3300221265710437,1,1
D102,O006,8,204,3.12778775572404,26,0.46643889626056984,0.1999019902784377,0.36047690978299723,0.19632186896831513,0.7164933989680144,1,1
D102,O071,8,204,3.12778775572404,830,0.02577223787060603,0.059916075683899506,0.006124036584080637,0.001567019036236368,15.173323377461541,1,5
D102,O014,8,204,3.12778775572404,505,0.055050563519665925,0.385744929065962,0.3235732737788464,0.24919199267349826,40.509619850150905,1,10
D102,O017,8,204,3.12778775572404,47,0.23594790081754102,0.20555857271914696,0.45042194931634016,0.031413736601039494,53.72409801145742,1,1
D102,O086,8,204,3.12778775572404,135,0.46988821914906914,0.05636599657473364,0.04382145887034975,0.20420128774402999,39.12492865085397,1,2
D102,O068,8,204,3.12778775572404,871,0.14852577867663705,0.23899060027800526,0.4312666597088087,0.024847913302553898,0.9200696163057719,1,1
D102,O088,8,204,3.12778775572404,74,0.028069089455227885,0.0540852458243732,0.20267396198384915,0.18713991585106382,1.5827391896984995,1,1
D102,O004,8,204,3.12778775572404,544,0.015441285299266139,0.39993712983284035,0.04776710118920632,0.021638755647051863,1.6116316353856468,1,1
D102,O044,8,204,3.12778775572404,721,0.4323761389499774,0.3249254075658305,0.14400789358316032,0.2057651422999217,5.188637143423622,1,1
D102,O039,8,204,3.12778775572404,48,0.23271826163391704,0.17994216982882252,0.033136716412387766,0.009267722660894678,7.735302700968688,1,1
D102,O002,8,204,3.12778775572404,71,0.3869572888593429,0.3359060402524592,0.4237565470025848,0.2289968100269869,83.12511836496435,1,2
D102,O040,8,204,3.12778775572404,585,0.39295945909914204,0.39457393035340843,0.49881523135642764,0.05135952265618624,14.252098768706817,1,5
D102,O094,8,204,3.12778775572404,888,0.3020897605205713,0.09146905532601642,0.35894591710200935,0.2171888653996259,27.41085260307382,1,10
D102,O081,8,204,3.12778775572404,229,0.311863322482168,0.04075722691061323,0.19095392421992533,0.02739734620632218,0.6097018515377178,1,1
D102,O049,8,204,3.12778775572404,33,0.06812771834318439,0.32719790546899485,0.35145855206621296,0.16958665122464434,1.8896835200947433,1,1
D102,O052,8,204,3.12778775572404,249,0.2931097132079093,0.3814959415656873,0.2938470301831344,0.11894055514138323,0.5015927101920599,1,1
D102,O008,8,204,3.12778775572404,217,0.11836586776404656,0.010264004522404446,0.43857764367626295,0.018412668361408348,3.575437414313759,1,1
D102,O054,8,204,3.12778775572404,70,0.4839396769446982,0.22536965317316154,0.03930216819422613,0.15840050766206762,1.0282529368841058,1,1
D102,O024,8,204,3.12778775572404,109,0.10754307926740679,0.37018563204761357,0.33107988983875875,0.015416181466785838,6.304497557330792,1,1
D102,O096,8,204,3.12778775572404,91,0.16170145035385156,0.2643539191149355,0.06955567449111148,0.22233066342288632,0.7713641646886089,1,1
D102,O011,8,204,3.12778775572404,163,0.25776627650906286,0.2303694517776211,0.06737682806363049,0.14710779675896993,91.70680464514531,1,5
D102,O007,8,204,3.12778775572404,20,0.14113037245484783,0.13876459429554666,0.1666223660040416,0.10804294323375169,48.415238066551936,1,1
D102,O005,8,204,3.12778775572404,472,0.4589275080729363,0.08115278028022999,0.01805553152120237,0.016407342151695845,5.656278920047442,1,1
D102,O051,8,204,3.12778775572404,264,0.41545850105358517,0.16117913503688408,0.31172678881737154,0.04432963616759917,29.375100601310205,1,5
D102,O035,8,204,3.12778775572404,173,0.04115959515567879,0.2568973510762646,0.341435098368886,0.12832396264407875,33.55867734781047,1,2
D102,O061,8,204,3.12778775572404,27,0.3818054373139011,0.016164820124611564,0.49161369207236744,0.15170831162875867,2.704226534184525,1,1
D102,O041,8,204,3.12778775572404,49,0.29773529796391324,0.2682058880863957,0.21258059195189896,0.13536346098324145,6.422809519648459,1,1
D102,O063,8,204,3.12778775572404,159,0.16777747895905004,0.06995771215016022,0.1303723567023025,0.23670560860575965,35.98655231023139,1,2
D102,O019,8,204,3.12778775572404,24,0.43162963836847273,0.2540667171143032,0.25374033794612383,0.035040597237275414,32.89046352986745,1,1
D102,O012,8,204,3.12778775572404,121,0.018977159008053714,0.04210847176585192,0.10616643187530726,0.054886753813351695,1.8282853898334144,1,1
D102,O043,8,204,3.12778775572404,936,0.15426768642279118,0.33291989469689626,0.3891618356934266,0.22532924015852426,3.26544153713843,1,1
D102,O020,8,204,3.12778775572404,113,0.34826997592038184,0.09528586345019373,0.4094664889372201,0.24640169843124984,56.59198119339328,1,2
D102,O038,8,204,3.12778775572404,765,0.13732854699013036,0.15389066235695392,0.3957456035362972,0.09581902124053866,11.34675406331586,1,5
D102,O010,8,204,3.12778775572404,78,0.42428609036547965,0.04657399042364526,0.4729163397200382,0.0751091814821646,20.648364158380655,1,1
D102,O053,8,204,3.12778775572404,251,0.008437374343120882,0.21970454406000367,0.07760861372476294,0.043406152521391926,15.704072062843153,1,2
D102,O032,8,204,3.12778775572404,449,0.47407037046920236,0.2939643960095397,0.3338689716235752,0.19214128568359498,0.6467632780905109,1,1
D102,O083,8,204,3.12778775572404,89,0.0026292440689011016,0.11891721005650385,0.01234014792986679,0.1423155000056148,8.932954010356676,1,1
D102,O050,8,204,3.12778775572404,322,0.20605210901232662,0.1235097854541975,0.23025885735500393,0.24203168280895757,3.7974936169643003,1,1
D102,O084,8,204,3.12778775572404,797,0.3729926769965046,0.00038649133259261126,0.0015211296530381324,0.21211963380230117,57.968250320486554,1,20
D102,O027,8,204,3.12778775572404,120,0.17379211770070632,0.27539058086552737,0.1159901845036011,0.0031260536499028886,1.2414059949857388,1,1
D102,O023,8,204,3.12778775572404,410,0.21445143650369905,0.1278983599397813,0.09400253805958962,0.08365268726290574,18.724748063248505,1,5
D102,O047,8,204,3.12778775572404,32,0.45759305330669026,0.35742600924919476,0.3652359087633477,0.12397431353742944,4.578704726331181,1,1
D102,O067,8,204,3.12778775572404,60,0.35992868878826584,0.02076874017167992,0.17423242461745192,0.0965105355241593,2.1003211333451848,1,1
D102,O074,8,204,3.12778775572404,36,0.04256894354729143,0.004280635208135988,0.08729344080162678,0.07148454213260426,17.202121910274414,1,1
D102,O092,8,204,3.12778775572404,303,0.4427063112729767,0.17226722665159136,0.4364919026956049,0.17566795406842103,23.101547487550636,1,2
D102,O045,8,204,3.12778775572404,692,0.33110476806173594,0.08646504541541372,0.22004213527881566,0.08596571587890212,2.810064906380055,1,1
D102,O093,8,204,3.12778775572404,25,0.27627503482623056,0.07815342445263838,0.29138458201830647,0.04123940092547084,41.46024928161635,1,1
D102,O055,8,204,3.12778775572404,143,0.09821221972656778,0.1636668169410805,0.28503377285937526,0.11581965182801995,1.3300221265710437,1,1
D123,O006,1,1200,0.25,26,0.46643889626056984,0.1999019902784377,0.36047690978299723,0.19632186896831513,0.7164933989680144,1,1
D123,O071,1,1200,0.25,830,0.02577223787060603,0.059916075683899506,0.006124036584080637,0.001567019036236368,15.173323377461541,1,20
D123,O014,1,1200,0.25,505,0.055050563519665925,0.385744929065962,0.3235732737788464,0.24919199267349826,40.509619850150905,1,50
D123,O017,1,1200,0.25,47,0.23594790081754102,0.20555857271914696,0.45042194931634016,0.031413736601039494,53.72409801145742,1,5
D123,O086,1,1200,0.25,135,0.46988821914906914,0.05636599657473364,0.04382145887034975,0.20420128774402999,39.12492865085397,1,10
D123,O068,1,1200,0.25,871,0.14852577867663705,0.23899060027800526,0.4312666597088087,0.024847913302553898,0.9200696163057719,1,2
D123,O088,1,1200,0.25,74,0.028069089455227885,0.0540852458243732,0.20267396198384915,0.18713991585106382,1.5827391896984995,1,1
D123,O004,1,1200,0.25,544,0.015441285299266139,0.39993712983284035,0.04776710118920632,0.021638755647051863,1.6116316353856468,1,2
D123,O044,1,1200,0.25,721,0.4323761389499774,0.3249254075658305,0.14400789358316032,0.2057651422999217,5.188637143423622,1,10
D123,O039,1,1200,0.25,48,0.23271826163391704,0.17994216982882252,0.033136716412387766,0.009267722660894678,7.735302700968688,1,1
D123,O002,1,1200,0.25,71,0.3869572888593429,0.3359060402524592,0.4237565470025848,0.2289968100269869,83.12511836496435,1,10
D123,O040,1,1200,0.25,585,0.39295945909914204,0.39457393035340843,0.49881523135642764,0.05135952265618624,14.252098768706817,1,20
D123,O094,1,1200,0.25,888,0.3020897605205713,0.09146905532601642,0.35894591710200935,0.2171888653996259,27.41085260307382,1,50
D123,O081,1,1200,0.25,229,0.311863322482168,0.04075722691061323,0.19095392421992533,0.02739734620632218,0.6097018515377178,1,1
D123,O049,1,1200,0.25,33,0.06812771834318439,0.32719790546899485,0.35145855206621296,0.16958665122464434,1.8896835200947433,1,1
D123,O052,1,1200,0.25,249,0.2931097132079093,0.3814959415656873,0.2938470301831344,0.11894055514138323,0.5015927101920599,1,1
D123,O008,1,1200,0.25,217,0.11836586776404656,0.010264004522404446,0.43857764367626295,0.018412668361408348,3.575437414313759,1,2
D123,O054,1,1200,0.25,70,0.4839396769446982,0.22536965317316154,0.03930216819422613,0.15840050766206762,1.0282529368841058,1,1
D123,O024,1,1200,0.25,109,0.10754307926740679,0.37018563204761357,0.33107988983875875,0.015416181466785838,6.304497557330792,1,2
D123,O096,1,1200,0.25,91,0.16170145035385156,0.2643539191149355,0.06955567449111148,0.22233066342288632,0.7713641646886089,1,1
D123,O011,1,1200,0.25,163,0.25776627650906286,0.2303694517776211,0.06737682806363049,0.14710779675896993,91.70680464514531,1,50
D123,O007,1,1200,0.25,20,0.14113037245484783,0.13876459429554666,0.1666223660040416,0.10804294323375169,48.415238066551936,1,2
D123,O005,1,1200,0.25,472,0.4589275080729363,0.08115278028022999,0.01805553152120237,0.016407342151695845,5.656278920047442,1,5
D123,O051,1,1200,0.25,264,0.41545850105358517,0.16117913503688408,0.31172678881737154,0.04432963616759917,29.375100601310205,1,20
D123,O035,1,1200,0.25,173,0.04115959515567879,0.2568973510762646,0.341435098368886,0.12832396264407875,33.55867734781047,1,10
D123,O061,1,1200,0.25,27,0.3818054373139011,0.016164820124611564,0.49161369207236744,0.15170831162875867,2.704226534184525,1,1
D123,O041,1,1200,0.25,49,0.29773529796391324,0.2682058880863957,0.21258059195189896,0.13536346098324145,6.422809519648459,1,1
D123,O063,1,1200,0.25,159,0.16777747895905004,0.06995771215016022,0.1303723567023025,0.23670560860575965,35.98655231023139,1,10
D123,O019,1,1200,0.25,24,0.43162963836847273,0.2540667171143032,0.25374033794612383,0.035040597237275414,32.89046352986745,1,2
D123,O012,1,1200,0.25,121,0.018977159008053714,0.04210847176585192,0.10616643187530726,0.054886753813351695,1.8282853898334144,1,1
D123,O043,1,1200,0.25,936,0.15426768642279118,0.33291989469689626,0.3891618356934266,0.22532924015852426,3.26544153713843,1,5
D123,O020,1,1200,0.25,113,0.34826997592038184,0.09528586345019373,0.4094664889372201,0.24640169843124984,56.59198119339328,1,10
D123,O038,1,1200,0.25,765,0.13732854699013036,0.15389066235695392,0.3957456035362972,0.09581902124053866,11.34675406331586,1,20
D123,O010,1,1200,0.25,78,0.42428609036547965,0.04657399042364526,0.4729163397200382,0.0751091814821646,20.648364158380655,1,5
D123,O053,1,1200,0.25,251,0.008437374343120882,0.21970454406000367,0.07760861372476294,0.043406152521391926,15.704072062843153,1,10
D123,O032,1,1200,0.25,449,0.47407037046920236,0.2939643960095397,0.3338689716235752,0.19214128568359498,0.6467632780905109,1,1
D123,O083,1,1200,0.25,89,0.0026292440689011016,0.11891721005650385,0.01234014792986679,0.1423155000056148,8.932954010356676,1,2
D123,O050,1,1200,0.25,322,0.20605210901232662,0.1235097854541975,0.23025885735500393,0.24203168280895757,3.7974936169643003,1,2
D123,O084,1,1200,0.25,797,0.3729926769965046,0.00038649133259261126,0.0015211296530381324,0.21211963380230117,57.968250320486554,1,100
D123,O027,1,1200,0.25,120,0.17379211770070632,0.27539058086552737,0.1159901845036011,0.0031260536499028886,1.2414059949857388,1,1
D123,O023,1,1200,0.25,410,0.21445143650369905,0.1278983599397813,0.09400253805958962,0.08365268726290574,18.724748063248505,1,20
D123,O047,1,1200,0.25,32,0.45759305330669026,0.35742600924919476,0.3652359087633477,0.12397431353742944,4.578704726331181,1,1
D123,O067,1,1200,0.25,60,0.35992868878826584,0.02076874017167992,0.17423242461745192,0.0965105355241593,2.1003211333451848,1,1
D123,O074,1,1200,0.25,36,0.04256894354729143,0.004280635208135988,0.08729344080162678,0.07148454213260426,17.202121910274414,1,1
D123,O092,1,1200,0.25,303,0.4427063112729767,0.17226722665159136,0.4364919026956049,0.17566795406842103,23.101547487550636,1,20
D123,O045,1,1200,0.25,692,0.33110476806173594,0.08646504541541372,0.22004213527881566,0.08596571587890212,2.810064906380055,1,5
D123,O093,1,1200,0.25,25,0.27627503482623056,0.07815342445263838,0.29138458201830647,0.04123940092547084,41.46024928161635,1,2
D123,O055,1,1200,0.25,143,0.09821221972656778,0.1636668169410805,0.28503377285937526,0.11581965182801995,1.3300221265710437,1,1
D096,O006,5,87,1.6429877909031336,26,0.46643889626056984,0.1999019902784377,0.36047690978299723,0.19632186896831513,0.7164933989680144,1,1
D096,O071,5,87,1.6429877909031336,830,0.02577223787060603,0.059916075683899506,0.006124036584080637,0.001567019036236368,15.173323377461541,1,2
D096,O014,5,87,1.6429877909031336,505,0.055050563519665925,0.385744929065962,0.3235732737788464,0.24919199267349826,40.509619850150905,1,5
D096,O017,5,87,1.6429877909031336,47,0.23594790081754102,0.20555857271914696,0.45042194931634016,0.031413736601039494,53.72409801145742,1,1
D096,O086,5,87,1.6429877909031336,135,0.46988821914906914,0.05636599657473364,0.04382145887034975,0.20420128774402999,39.12492865085397,1,1
D096,O068,5,87,1.6429877909031336,871,0.14852577867663705,0.23899060027800526,0.4312666597088087,0.024847913302553898,0.9200696163057719,1,1
D096,O088,5,87,1.6429877909031336,74,0.028069089455227885,0.0540852458243732,0.20267396198384915,0.18713991585106382,1.5827391896984995,1,1
D096,O004,5,87,1.6429877909031336,544,0.015441285299266139,0.39993712983284035,0.04776710118920632,0.021638755647051863,1.6116316353856468,1,1
D096,O044,5,87,1.6429877909031336,721,0.4323761389499774,0.3249254075658305,0.14400789358316032,0.2057651422999217,5.188637143423622,1,1
D096,O039,5,87,1.6429877909031336,48,0.23271826163391704,0.17994216982882252,0.033136716412387766,0.009267722660894678,7.735302700968688,1,1
D096,O002,5,87,1.6429877909031336,71,0.3869572888593429,0.3359060402524592,0.4237565470025848,0.2289968100269869,83.12511836496435,1,1
D096,O040,5,87,1.6429877909031336,585,0.39295945909914204,0.39457393035340843,0.49881523135642764,0.05135952265618624,14.252098768706817,1,1
D096,O094,5,87,1.6429877909031336,888,0.3020897605205713,0.09146905532601642,0.35894591710200935,0.2171888653996259,27.41085260307382,1,5
D096,O081,5,87,1.6429877909031336,229,0.311863322482168,0.04075722691061323,0.19095392421992533,0.02739734620632218,0.6097018515377178,1,1
D096,O049,5,87,1.6429877909031336,33,0.06812771834318439,0.32719790546899485,0.35145855206621296,0.16958665122464434,1.8896835200947433,1,1
D096,O052,5,87,1.6429877909031336,249,0.2931097132079093,0.3814959415656873,0.2938470301831344,0.11894055514138323,0.5015927101920599,1,1
D096,O008,5,87,1.6429877909031336,217,0.11836586776404656,0.010264004522404446,0.43857764367626295,0.018412668361408348,3.575437414313759,1,1
D096,O054,5,87,1.6429877909031336,70,0.4839396769446982,0.22536965317316154,0.03930216819422613,0.15840050766206762,1.0282529368841058,1,1
D096,O024,5,87,1.6429877909031336,109,0.10754307926740679,0.37018563204761357,0.33107988983875875,0.015416181466785838,6.304497557330792,1,1
D096,O096,5,87,1.6429877909031336,91,0.16170145035385156,0.2643539191149355,0.06955567449111148,0.22233066342288632,0.7713641646886089,1,1
D096,O011,5,87,1.6429877909031336,163,0.25776627650906286,0.2303694517776211,0.06737682806363049,0.14710779675896993,91.70680464514531,1,2
D096,O007,5,87,1.6429877909031336,20,0.14113037245484783,0.13876459429554666,0.1666223660040416,0.10804294323375169,48.415238066551936,1,1
D096,O005,5,87,1.6429877909031336,472,0.4589275080729363,0.08115278028022999,0.01805553152120237,0.016407342151695845,5.656278920047442,1,1
D096,O051,5,87,1.6429877909031336,264,0.41545850105358517,0.16117913503688408,0.31172678881737154,0.04432963616759917,29.375100601310205,1,1
D096,O035,5,87,1.6429877909031336,173,0.04115959515567879,0.2568973510762646,0.341435098368886,0.12832396264407875,33.55867734781047,1,1
D096,O061,5,87,1.6429877909031336,27,0.3818054373139011,0.016164820124611564,0.49161369207236744,0.15170831162875867,2.704226534184525,1,1
D096,O041,5,87,1.6429877909031336,49,0.29773529796391324,0.2682058880863957,0.21258059195189896,0.13536346098324145,6.422809519648459,1,1
D096,O063,5,87,1.6429877909031336,159,0.16777747895905004,0.06995771215016022,0.1303723567023025,0.23670560860575965,35.98655231023139,1,1
D096,O019,5,87,1.6429877909031336,24,0.43162963836847273,0.2540667171143032,0.25374033794612383,0.035040597237275414,32.89046352986745,1,1
D096,O012,5,87,1.6429877909031336,121,0.018977159008053714,0.04210847176585192,0.10616643187530726,0.054886753813351695,1.8282853898334144,1,1
D096,O043,5,87,1.6429877909031336,936,0.15426768642279118,0.33291989469689626,0.3891618356934266,0.22532924015852426,3.26544153713843,1,1
D096,O020,5,87,1.6429877909031336,113,0.34826997592038184,0.09528586345019373,0.4094664889372201,0.24640169843124984,56.59198119339328,1,1
D096,O038,5,87,1.6429877909031336,765,0.13732854699013036,0.15389066235695392,0.3957456035362972,0.09581902124053866,11.34675406331586,1,1
D096,O010,5,87,1.6429877909031336,78,0.42428609036547965,0.04657399042364526,0.4729163397200382,0.0751091814821646,20.648364158380655,1,1
D096,O053,5,87,1.6429877909031336,251,0.008437374343120882,0.21970454406000367,0.07760861372476294,0.043406152521391926,15.704072062843153,1,1
D096,O032,5,87,1.6429877909031336,449,0.47407037046920236,0.2939643960095397,0.3338689716235752,0.19214128568359498,0.6467632780905109,1,1
D096,O083,5,87,1.6429877909031336,89,0.0026292440689011016,0.11891721005650385,0.01234014792986679,0.1423155000056148,8.932954010356676,1,1
D096,O050,5,87,1.6429877909031336,322,0.20605210901232662,0.1235097854541975,0.23025885735500393,0.24203168280895757,3.7974936169643003,1,1
D096,O084,5,87,1.6429877909031336,797,0.3729926769965046,0.00038649133259261126,0.0015211296530381324,0.21211963380230117,57.968250320486554,1,10
D096,O027,5,87,1.6429877909031336,120,0.17379211770070632,0.27539058086552737,0.1159901845036011,0.0031260536499028886,1.2414059949857388,1,1
D096,O023,5,87,1.6429877909031336,410,0.21445143650369905,0.1278983599397813,0.09400253805958962,0.08365268726290574,18.724748063248505,1,1
D096,O047,5,87,1.6429877909031336,32,0.45759305330669026,0.35742600924919476,0.3652359087633477,0.12397431353742944,4.578704726331181,1,1
D096,O067,5,87,1.6429877909031336,60,0.35992868878826584,0.02076874017167992,0.17423242461745192,0.0965105355241593,2.1003211333451848,1,1
D096,O074,5,87,1.6429877909031336,36,0.04256894354729143,0.004280635208135988,0.08729344080162678,0.07148454213260426,17.202121910274414,1,1
D096,O092,5,87,1.6429877909031336,303,0.4427063112729767,0.17226722665159136,0.4364919026956049,0.17566795406842103,23.101547487550636,1,1
D096,O045,5,87,1.6429877909031336,692,0.33110476806173594,0.08646504541541372,0.22004213527881566,0.08596571587890212,2.810064906380055,1,1
D096,O093,5,87,1.6429877909031336,25,0.27627503482623056,0.07815342445263838,0.29138458201830647,0.04123940092547084,41.46024928161635,1,1
D096,O055,5,87,1.6429877909031336,143,0.09821221972656778,0.1636668169410805,0.28503377285937526,0.11581965182801995,1.3300221265710437,1,1
D084,O006,5,417,1.0706649253187348,26,0.46643889626056984,0.1999019902784377,0.36047690978299723,0.19632186896831513,0.7164933989680144,1,1
D084,O071,5,417,1.0706649253187348,830,0.02577223787060603,0.059916075683899506,0.006124036584080637,0.001567019036236368,15.173323377461541,1,10
D084,O014,5,417,1.0706649253187348,505,0.055050563519665925,0.385744929065962,0.3235732737788464,0.24919199267349826,40.509619850150905,1,20
D084,O017,5,417,1.0706649253187348,47,0.23594790081754102,0.20555857271914696,0.45042194931634016,0.031413736601039494,53.72409801145742,1,2
D084,O086,5,417,1.0706649253187348,135,0.46988821914906914,0.05636599657473364,0.04382145887034975,0.20420128774402999,39.12492865085397,1,5
D084,O068,5,417,1.0706649253187348,871,0.14852577867663705,0.23899060027800526,0.4312666597088087,0.024847913302553898,0.9200696163057719,1,1
D084,O088,5,417,1.0706649253187348,74,0.028069089455227885,0.0540852458243732,0.20267396198384915,0.18713991585106382,1.5827391896984995,1,1
D084,O004,5,417,1.0706649253187348,544,0.015441285299266139,0.39993712983284035,0.04776710118920632,0.021638755647051863,1.6116316353856468,1,1
D084,O044,5,417,1.0706649253187348,721,0.4323761389499774,0.3249254075658305,0.14400789358316032,0.2057651422999217,5.188637143423622,1,5
D084,O039,5,417,1.0706649253187348,48,0.23271826163391704,0.17994216982882252,0.033136716412387766,0.009267722660894678,7.735302700968688,1,1
D084,O002,5,417,1.0706649253187348,71,0.3869572888593429,0.3359060402524592,0.4237565470025848,0.2289968100269869,83.12511836496435,1,5
D084,O040,5,417,1.0706649253187348,585,0.39295945909914204,0.39457393035340843,0.49881523135642764,0.05135952265618624,14.252098768706817,1,5
D084,O094,5,417,1.0706649253187348,888,0.3020897605205713,0.09146905532601642,0.35894591710200935,0.2171888653996259,27.41085260307382,1,20
D084,O081,5,417,1.0706649253187348,229,0.311863322482168,0.04075722691061323,0.19095392421992533,0.02739734620632218,0.6097018515377178,1,1
D084,O049,5,417,1.0706649253187348,33,0.06812771834318439,0.32719790546899485,0.35145855206621296,0.16958665122464434,1.8896835200947433,1,1
D084,O052,5,417,1.0706649253187348,249,0.2931097132079093,0.3814959415656873,0.2938470301831344,0.11894055514138323,0.5015927101920599,1,1
D084,O008,5,417,1.0706649253187348,217,0.11836586776404656,0.010264004522404446,0.43857764367626295,0.018412668361408348,3.575437414313759,1,1
D084,O054,5,417,1.0706649253187348,70,0.4839396769446982,0.22536965317316154,0.03930216819422613,0.15840050766206762,1.0282529368841058,1,1
D084,O024,5,417,1.0706649253187348,109,0.10754307926740679,0.37018563204761357,0.33107988983875875,0.015416181466785838,6.304497557330792,1,1
D084,O096,5,417,1.0706649253187348,91,0.16170145035385156,0.2643539191149355,0.06955567449111148,0.22233066342288632,0.7713641646886089,1,1
D084,O011,5,417,1.0706649253187348,163,0.25776627650906286,0.2303694517776211,0.06737682806363049,0.14710779675896993,91.70680464514531,1,10
D084,O007,5,417,1.0706649253187348,20,0.14113037245484783,0.13876459429554666,0.1666223660040416,0.10804294323375169,48.415238066551936,1,1
D084,O005,5,417,1.0706649253187348,472,0.4589275080729363,0.08115278028022999,0.01805553152120237,0.016407342151695845,5.656278920047442,1,2
D084,O051,5,417,1.0706649253187348,264,0.41545850105358517,0.16117913503688408,0.31172678881737154,0.04432963616759917,29.375100601310205,1,5
D084,O035,5,417,1.0706649253187348,173,0.04115959515567879,0.2568973510762646,0.341435098368886,0.12832396264407875,33.55867734781047,1,5
D084,O061,5,417,1.0706649253187348,27,0.3818054373139011,0.016164820124611564,0.49161369207236744,0.15170831162875867,2.704226534184525,1,1
D084,O041,5,417,1.0706649253187348,49,0.29773529796391324,0.2682058880863957,0.21258059195189896,0.13536346098324145,6.422809519648459,1,1
D084,O063,5,417,1.0706649253187348,159,0.16777747895905004,0.06995771215016022,0.1303723567023025,0.23670560860575965,35.98655231023139,1,5
D084,O019,5,417,1.0706649253187348,24,0.43162963836847273,0.2540667171143032,0.25374033794612383,0.035040597237275414,32.89046352986745,1,1
D084,O012,5,417,1.0706649253187348,121,0.018977159008053714,0.04210847176585192,0.10616643187530726,0.054886753813351695,1.8282853898334144,1,1
D084,O043,5,417,1.0706649253187348,936,0.15426768642279118,0.33291989469689626,0.3891618356934266,0.22532924015852426,3.26544153713843,1,2
D084,O020,5,417,1.0706649253187348,113,0.34826997592038184,0.09528586345019373,0.4094664889372201,0.24640169843124984,56.59198119339328,1,5
D084,O038,5,417,1.0706649253187348,765,0.13732854699013036,0.15389066235695392,0.3957456035362972,0.09581902124053866,11.34675406331586,1,5
D084,O010,5,417,1.0706649253187348,78,0.42428609036547965,0.04657399042364526,0.4729163397200382,0.0751091814821646,20.648364158380655,1,1
D084,O053,5,417,1.0706649253187348,251,0.008437374343120882,0.21970454406000367,0.07760861372476294,0.043406152521391926,15.704072062843153,1,5
D084,O032,5,417,1.0706649253187348,449,0.47407037046920236,0.2939643960095397,0.3338689716235752,0.19214128568359498,0.6467632780905109,1,1
D084,O083,5,417,1.0706649253187348,89,0.0026292440689011016,0.11891721005650385,0.01234014792986679,0.1423155000056148,8.932954010356676,1,1
D084,O050,5,417,1.0706649253187348,322,0.20605210901232662,0.1235097854541975,0.23025885735500393,0.24203168280895757,3.7974936169643003,1,1
D084,O084,5,417,1.0706649253187348,797,0.3729926769965046,0.00038649133259261126,0.0015211296530381324,0.21211963380230117,57.968250320486554,1,50
D084,O027,5,417,1.0706649253187348,120,0.17379211770070632,0.27539058086552737,0.1159901845036011,0.0031260536499028886,1.2414059949857388,1,1
D084,O023,5,417,1.0706649253187348,410,0.21445143650369905,0.1278983599397813,0.09400253805958962,0.08365268726290574,18.724748063248505,1,5
D084,O047,5,417,1.0706649253187348,32,0.45759305330669026,0.35742600924919476,0.3652359087633477,0.12397431353742944,4.578704726331181,1,1
D084,O067,5,417,1.0706649253187348,60,0.35992868878826584,0.02076874017167992,0.17423242461745192,0.0965105355241593,2.1003211333451848,1,1
D084,O074,5,417,1.0706649253187348,36,0.04256894354729143,0.004280635208135988,0.08729344080162678,0.07148454213260426,17.202121910274414,1,1
D084,O092,5,417,1.0706649253187348,303,0.4427063112729767,0.17226722665159136,0.4364919026956049,0.17566795406842103,23.101547487550636,1,5
D084,O045,5,417,1.0706649253187348,692,0.33110476806173594,0.08646504541541372,0.22004213527881566,0.08596571587890212,2.810064906380055,1,2
D084,O093,5,417,1.0706649253187348,25,0.27627503482623056,0.07815342445263838,0.29138458201830647,0.04123940092547084,41.46024928161635,1,1
D084,O055,5,417,1.0706649253187348,143,0.09821221972656778,0.1636668169410805,0.28503377285937526,0.11581965182801995,1.3300221265710437,1,1
D125,O006,8,60,0.25,26,0.46643889626056984,0.1999019902784377,0.36047690978299723,0.19632186896831513,0.7164933989680144,1,1
D125,O071,8,60,0.25,830,0.02577223787060603,0.059916075683899506,0.006124036584080637,0.001567019036236368,15.173323377461541,1,1
D125,O014,8,60,0.25,505,0.055050563519665925,0.385744929065962,0.3235732737788464,0.24919199267349826,40.509619850150905,1,2
D125,O017,8,60,0.25,47,0.23594790081754102,0.20555857271914696,0.45042194931634016,0.031413736601039494,53.72409801145742,1,1
D125,O086,8,60,0.25,135,0.46988821914906914,0.05636599657473364,0.04382145887034975,0.20420128774402999,39.12492865085397,1,1
D125,O068,8,60,0.25,871,0.14852577867663705,0.23899060027800526,0.4312666597088087,0.024847913302553898,0.9200696163057719,1,1
D125,O088,8,60,0.25,74,0.028069089455227885,0.0540852458243732,0.20267396198384915,0.18713991585106382,1.5827391896984995,1,1
D125,O004,8,60,0.25,544,0.015441285299266139,0.39993712983284035,0.04776710118920632,0.021638755647051863,1.6116316353856468,1,1
D125,O044,8,60,0.25,721,0.4323761389499774,0.3249254075658305,0.14400789358316032,0.2057651422999217,5.188637143423622,1,1
D125,O039,8,60,0.25,48,0.23271826163391704,0.17994216982882252,0.033136716412387766,0.009267722660894678,7.735302700968688,1,1
D125,O002,8,60,0.25,71,0.3869572888593429,0.3359060402524592,0.4237565470025848,0.2289968100269869,83.12511836496435,1,1
D125,O040,8,60,0.25,585,0.39295945909914204,0.39457393035340843,0.49881523135642764,0.05135952265618624,14.252098768706817,1,1
D125,O094,8,60,0.25,888,0.3020897605205713,0.09146905532601642,0.35894591710200935,0.2171888653996259,27.41085260307382,1,2
D125,O081,8,60,0.25,229,0.311863322482168,0.04075722691061323,0.19095392421992533,0.02739734620632218,0.6097018515377178,1,1
D125,O049,8,60,0.25,33,0.06812771834318439,0.32719790546899485,0.35145855206621296,0.16958665122464434,1.8896835200947433,1,1
D125,O052,8,60,0.25,249,0.2931097132079093,0.3814959415656873,0.2938470301831344,0.11894055514138323,0.5015927101920599,1,1
D125,O008,8,60,0.25,217,0.11836586776404656,0.010264004522404446,0.43857764367626295,0.018412668361408348,3.575437414313759,1,1
D125,O054,8,60,0.25,70,0.4839396769446982,0.22536965317316154,0.03930216819422613,0.15840050766206762,1.0282529368841058,1,1
D125,O024,8,60,0.25,109,0.10754307926740679,0.37018563204761357,0.33107988983875875,0.015416181466785838,6.304497557330792,1,1
D125,O096,8,60,0.25,91,0.16170145035385156,0.2643539191149355,0.06955567449111148,0.22233066342288632,0.7713641646886089,1,1
D125,O011,8,60,0.25,163,0.25776627650906286,0.2303694517776211,0.06737682806363049,0.14710779675896993,91.70680464514531,1,2
D125,O007,8,60,0.25,20,0.14113037245484783,0.13876459429554666,0.1666223660040416,0.10804294323375169,48.415238066551936,1,1
D125,O005,8,60,0.25,472,0.4589275080729363,0.08115278028022999,0.01805553152120237,0.016407342151695845,5.656278920047442,1,1
D125,O051,8,60,0.25,264,0.41545850105358517,0.16117913503688408,0.31172678881737154,0.04432963616759917,29.375100601310205,1,1
D125,O035,8,60,0.25,173,0.04115959515567879,0.2568973510762646,0.341435098368886,0.12832396264407875,33.55867734781047,1,1
D125,O061,8,60,0.25,27,0.3818054373139011,0.016164820124611564,0.49161369207236744,0.15170831162875867,2.704226534184525,1,1
D125,O041,8,60,0.25,49,0.29773529796391324,0.2682058880863957,0.21258059195189896,0.13536346098324145,6.422809519648459,1,1
D125,O063,8,60,0.25,159,0.16777747895905004,0.06995771215016022,0.1303723567023025,0.23670560860575965,35.98655231023139,1,1
D125,O019,8,60,0.25,24,0.43162963836847273,0.2540667171143032,0.25374033794612383,0.035040597237275414,32.89046352986745,1,1
D125,O012,8,60,0.25,121,0.018977159008053714,0.04210847176585192,0.10616643187530726,0.054886753813351695,1.8282853898334144,1,1
D125,O043,8,60,0.25,936,0.15426768642279118,0.33291989469689626,0.3891618356934266,0.22532924015852426,3.26544153713843,1,1
D125,O020,8,60,0.25,113,0.34826997592038184,0.09528586345019373,0.4094664889372201,0.24640169843124984,56.59198119339328,1,1
D125,O038,8,60,0.25,765,0.13732854699013036,0.15389066235695392,0.3957456035362972,0.09581902124053866,11.34675406331586,1,1
D125,O010,8,60,0.25,78,0.42428609036547965,0.04657399042364526,0.4729163397200382,0.0751091814821646,20.648364158380655,1,1
D125,O053,8,60,0.25,251,0.008437374343120882,0.21970454406000367,0.07760861372476294,0.043406152521391926,15.704072062843153,1,1
D125,O032,8,60,0.25,449,0.47407037046920236,0.2939643960095397,0.3338689716235752,0.19214128568359498,0.6467632780905109,1,1
D125,O083,8,60,0.25,89,0.0026292440689011016,0.11891721005650385,0.01234014792986679,0.1423155000056148,8.932954010356676,1,1
D125,O050,8,60,0.25,322,0.20605210901232662,0.1235097854541975,0.23025885735500393,0.24203168280895757,3.7974936169643003,1,1
D125,O084,8,60,0.25,797,0.3729926769965046,0.00038649133259261126,0.0015211296530381324,0.21211963380230117,57.968250320486554,1,5
D125,O027,8,60,0.25,120,0.17379211770070632,0.27539058086552737,0.1159901845036011,0.0031260536499028886,1.2414059949857388,1,1
D125,O023,8,60,0.25,410,0.21445143650369905,0.1278983599397813,0.09400253805958962,0.08365268726290574,18.724748063248505,1,1
D125,O047,8,60,0.25,32,0.45759305330669026,0.35742600924919476,0.3652359087633477,0.12397431353742944,4.578704726331181,1,1
D125,O067,8,60,0.25,60,0.35992868878826584,0.02076874017167992,0.17423242461745192,0.0965105355241593,2.1003211333451848,1,1
D125,O074,8,60,0.25,36,0.04256894354729143,0.004280635208135988,0.08729344080162678,0.07148454213260426,17.202121910274414,1,1
D125,O092,8,60,0.25,303,0.4427063112729767,0.17226722665159136,0.4364919026956049,0.17566795406842103,23.101547487550636,1,1
D125,O045,8,60,0.25,692,0.33110476806173594,0.08646504541541372,0.22004213527881566,0.08596571587890212,2.810064906380055,1,1
D125,O093,8,60,0.25,25,0.27627503482623056,0.07815342445263838,0.29138458201830647,0.04123940092547084,41.46024928161635,1,1
D125,O055,8,60,0.25,143,0.09821221972656778,0.1636668169410805,0.28503377285937526,0.11581965182801995,1.3300221265710437,1,1
D043,O006,7,1175,2.004291590748733,26,0.46643889626056984,0.1999019902784377,0.36047690978299723,0.19632186896831513,0.7164933989680144,1,1
D043,O071,7,1175,2.004291590748733,830,0.02577223787060603,0.059916075683899506,0.006124036584080637,0.001567019036236368,15.173323377461541,1,20
D043,O014,7,1175,2.004291590748733,505,0.055050563519665925,0.385744929065962,0.3235732737788464,0.24919199267349826,40.509619850150905,1,50
D043,O017,7,1175,2.004291590748733,47,0.23594790081754102,0.20555857271914696,0.45042194931634016,0.031413736601039494,53.72409801145742,1,5
D043,O086,7,1175,2.004291590748733,135,0.46988821914906914,0.05636599657473364,0.04382145887034975,0.20420128774402999,39.12492865085397,1,10
D043,O068,7,1175,2.004291590748733,871,0.14852577867663705,0.23899060027800526,0.4312666597088087,0.024847913302553898,0.9200696163057719,1,2
D043,O088,7,1175,2.004291590748733,74,0.028069089455227885,0.0540852458243732,0.20267396198384915,0.18713991585106382,1.5827391896984995,1,1
D043,O004,7,1175,2.004291590748733,544,0.015441285299266139,0.39993712983284035,0.04776710118920632,0.021638755647051863,1.6116316353856468,1,2
D043,O044,7,1175,2.004291590748733,721,0.4323761389499774,0.3249254075658305,0.14400789358316032,0.2057651422999217,5.188637143423622,1,10
D043,O039,7,1175,2.004291590748733,48,0.23271826163391704,0.17994216982882252,0.033136716412387766,0.009267722660894678,7.735302700968688,1,1
D043,O002,7,1175,2.004291590748733,71,0.3869572888593429,0.3359060402524592,0.4237565470025848,0.2289968100269869,83.12511836496435,1,10
D043,O040,7,1175,2.004291590748733,585,0.39295945909914204,0.39457393035340843,0.49881523135642764,0.05135952265618624,14.252098768706817,1,20
D043,O094,7,1175,2.004291590748733,888,0.3020897605205713,0.09146905532601642,0.35894591710200935,0.2171888653996259,27.41085260307382,1,50
D043,O081,7,1175,2.004291590748733,229,0.311863322482168,0.04075722691061323,0.19095392421992533,0.02739734620632218,0.6097018515377178,1,1
D043,O049,7,1175,2.004291590748733,33,0.06812771834318439,0.32719790546899485,0.35145855206621296,0.16958665122464434,1.8896835200947433,1,1
D043,O052,7,1175,2.004291590748733,249,0.2931097132079093,0.3814959415656873,0.2938470301831344,0.11894055514138323,0.5015927101920599,1,1
D043,O008,7,1175,2.004291590748733,217,0.11836586776404656,0.010264004522404446,0.43857764367626295,0.018412668361408348,3.575437414313759,1,2
D043,O054,7,1175,2.004291590748733,70,0.4839396769446982,0.22536965317316154,0.03930216819422613,0.15840050766206762,1.0282529368841058,1,1
D043,O024,7,1175,2.004291590748733,109,0.10754307926740679,0.37018563204761357,0.33107988983875875,0.015416181466785838,6.304497557330792,1,2
D043,O096,7,1175,2.004291590748733,91,0.16170145035385156,0.2643539191149355,0.06955567449111148,0.22233066342288632,0.7713641646886089,1,1
D043,O011,7,1175,2.004291590748733,163,0.25776627650906286,0.2303694517776211,0.06737682806363049,0.14710779675896993,91.70680464514531,1,50
D043,O007,7,1175,2.004291590748733,20,0.14113037245484783,0.13876459429554666,0.1666223660040416,0.10804294323375169,48.415238066551936,1,2
D043,O005,7,1175,2.004291590748733,472,0.4589275080729363,0.08115278028022999,0.01805553152120237,0.016407342151695845,5.656278920047442,1,5
D043,O051,7,1175,2.004291590748733,264,0.41545850105358517,0.16117913503688408,0.31172678881737154,0.04432963616759917,29.375100601310205,1,20
D043,O035,7,1175,2.004291590748733,173,0.04115959515567879,0.2568973510762646,0.341435098368886,0.12832396264407875,33.55867734781047,1,10
D043,O061,7,1175,2.004291590748733,27,0.3818054373139011,0.016164820124611564,0.49161369207236744,0.15170831162875867,2.704226534184525,1,1
D043,O041,7,1175,2.004291590748733,49,0.29773529796391324,0.2682058880863957,0.21258059195189896,0.13536346098324145,6.422809519648459,1,1
D043,O063,7,1175,2.004291590748733,159,0.16777747895905004,0.06995771215016022,0.1303723567023025,0.23670560860575965,35.98655231023139,1,10
D043,O019,7,1175,2.004291590748733,24,0.43162963836847273,0.2540667171143032,0.25374033794612383,0.035040597237275414,32.89046352986745,1,2
D043,O012,7,1175,2.004291590748733,121,0.018977159008053714,0.04210847176585192,0.10616643187530726,0.054886753813351695,1.8282853898334144,1,1
D043,O043,7,1175,2.004291590748733,936,0.15426768642279118,0.33291989469689626,0.3891618356934266,0.22532924015852426,3.26544153713843,1,5
D043,O020,7,1175,2.004291590748733,113,0.34826997592038184,0.09528586345019373,0.4094664889372201,0.24640169843124984,56.59198119339328,1,10
D043,O038,7,1175,2.004291590748733,765,0.13732854699013036,0.15389066235695392,0.3957456035362972,0.09581902124053866,11.34675406331586,1,20
D043,O010,7,1175,2.004291590748733,78,0.42428609036547965,0.04657399042364526,0.4729163397200382,0.0751091814821646,20.648364158380655,1,5
D043,O053,7,1175,2.004291590748733,251,0.008437374343120882,0.21970454406000367,0.07760861372476294,0.043406152521391926,15.704072062843153,1,10
D043,O032,7,1175,2.004291590748733,449,0.47407037046920236,0.2939643960095397,0.3338689716235752,0.19214128568359498,0.6467632780905109,1,1
D043,O083,7,1175,2.004291590748733,89,0.0026292440689011016,0.11891721005650385,0.01234014792986679,0.1423155000056148,8.932954010356676,1,2
D043,O050,7,1175,2.004291590748733,322,0.20605210901232662,0.1235097854541975,0.23025885735500393,0.24203168280895757,3.7974936169643003,1,2
D043,O084,7,1175,2.004291590748733,797,0.3729926769965046,0.00038649133259261126,0.0015211296530381324,0.21211963380230117,57.968250320486554,1,100
D043,O027,7,1175,2.004291590748733,120,0.17379211770070632,0.27539058086552737,0.1159901845036011,0.0031260536499028886,1.2414059949857388,1,1
D043,O023,7,1175,2.004291590748733,410,0.21445143650369905,0.1278983599397813,0.09400253805958962,0.08365268726290574,18.724748063248505,1,20
D043,O047,7,1175,2.004291590748733,32,0.45759305330669026,0.35742600924919476,0.3652359087633477,0.12397431353742944,4.578704726331181,1,1
D043,O067,7,1175,2.004291590748733,60,0.35992868878826584,0.02076874017167992,0.17423242461745192,0.0965105355241593,2.1003211333451848,1,1
D043,O074,7,1175,2.004291590748733,36,0.04256894354729143,0.004280635208135988,0.08729344080162678,0.07148454213260426,17.202121910274414,1,1
D043,O092,7,1175,2.004291590748733,303,0.4427063112729767,0.17226722665159136,0.4364919026956049,0.17566795406842103,23.101547487550636,1,20
D043,O045,7,1175,2.004291590748733,692,0.33110476806173594,0.08646504541541372,0.22004213527881566,0.08596571587890212,2.810064906380055,1,5
D043,O093,7,1175,2.004291590748733,25,0.27627503482623056,0.07815342445263838,0.29138458201830647,0.04123940092547084,41.46024928161635,1,2
D043,O055,7,1175,2.004291590748733,143,0.09821221972656778,0.1636668169410805,0.28503377285937526,0.11581965182801995,1.3300221265710437,1,1
D021,O006,3,997,1.2490893714236586,26,0.46643889626056984,0.1999019902784377,0.36047690978299723,0.19632186896831513,0.7164933989680144,1,1
D021,O071,3,997,1.2490893714236586,830,0.02577223787060603,0.059916075683899506,0.006124036584080637,0.001567019036236368,15.173323377461541,1,20
D021,O014,3,997,1.2490893714236586,505,0.055050563519665925,0.385744929065962,0.3235732737788464,0.24919199267349826,40.509619850150905,1,50
D021,O017,3,997,1.2490893714236586,47,0.23594790081754102,0.20555857271914696,0.45042194931634016,0.031413736601039494,53.72409801145742,1,5
D021,O086,3,997,1.2490893714236586,135,0.46988821914906914,0.05636599657473364,0.04382145887034975,0.20420128774402999,39.12492865085397,1,10
D021,O068,3,997,1.2490893714236586,871,0.14852577867663705,0.23899060027800526,0.4312666597088087,0.024847913302553898,0.9200696163057719,1,2
D021,O088,3,997,1.2490893714236586,74,0.028069089455227885,0.0540852458243732,0.20267396198384915,0.18713991585106382,1.5827391896984995,1,1
D021,O004,3,997,1.2490893714236586,544,0.015441285299266139,0.39993712983284035,0.04776710118920632,0.021638755647051863,1.6116316353856468,1,2
D021,O044,3,997,1.2490893714236586,721,0.4323761389499774,0.3249254075658305,0.14400789358316032,0.2057651422999217,5.188637143423622,1,5
D021,O039,3,997,1.2490893714236586,48,0.23271826163391704,0.17994216982882252,0.033136716412387766,0.009267722660894678,7.735302700968688,1,1
D021,O002,3,997,1.2490893714236586,71,0.3869572888593429,0.3359060402524592,0.4237565470025848,0.2289968100269869,83.12511836496435,1,10
D021,O040,3,997,1.2490893714236586,585,0.39295945909914204,0.39457393035340843,0.49881523135642764,0.05135952265618624,14.252098768706817,1,20
D021,O094,3,997,1.2490893714236586,888,0.3020897605205713,0.09146905532601642,0.35894591710200935,0.2171888653996259,27.41085260307382,1,50
D021,O081,3,997,1.2490893714236586,229,0.311863322482168,0.04075722691061323,0.19095392421992533,0.02739734620632218,0.6097018515377178,1,1
D021,O049,3,997,1.2490893714236586,33,0.06812771834318439,0.32719790546899485,0.35145855206621296,0.16958665122464434,1.8896835200947433,1,1
D021,O052,3,997,1.2490893714236586,249,0.2931097132079093,0.3814959415656873,0.2938470301831344,0.11894055514138323,0.5015927101920599,1,1
D021,O008,3,997,1.2490893714236586,217,0.11836586776404656,0.010264004522404446,0.43857764367626295,0.018412668361408348,3.575437414313759,1,2
D021,O054,3,997,1.2490893714236586,70,0.4839396769446982,0.22536965317316154,0.03930216819422613,0.15840050766206762,1.0282529368841058,1,1
D021,O024,3,997,1.2490893714236586,109,0.10754307926740679,0.37018563204761357,0.33107988983875875,0.015416181466785838,6.304497557330792,1,1
D021,O096,3,997,1.2490893714236586,91,0.16170145035385156,0.2643539191149355,0.06955567449111148,0.22233066342288632,0.7713641646886089,1,1
D021,O011,3,997,1.2490893714236586,163,0.25776627650906286,0.2303694517776211,0.06737682806363049,0.14710779675896993,91.70680464514531,1,20
D021,O007,3,997,1.2490893714236586,20,0.14113037245484783,0.13876459429554666,0.1666223660040416,0.10804294323375169,48.415238066551936,1,2
D021,O005,3,997,1.2490893714236586,472,0.4589275080729363,0.08115278028022999,0.01805553152120237,0.016407342151695845,5.656278920047442,1,5
D021,O051,3,997,1.2490893714236586,264,0.41545850105358517,0.16117913503688408,0.31172678881737154,0.04432963616759917,29.375100601310205,1,20
D021,O035,3,997,1.2490893714236586,173,0.04115959515567879,0.2568973510762646,0.341435098368886,0.12832396264407875,33.55867734781047,1,10
D021,O061,3,997,1.2490893714236586,27,0.3818054373139011,0.016164820124611564,0.49161369207236744,0.15170831162875867,2.704226534184525,1,1
D021,O041,3,997,1.2490893714236586,49,0.29773529796391324,0.2682058880863957,0.21258059195189896,0.13536346098324145,6.422809519648459,1,1
D021,O063,3,997,1.2490893714236586,159,0.16777747895905004,0.06995771215016022,0.1303723567023025,0.23670560860575965,35.98655231023139,1,10
D021,O019,3,997,1.2490893714236586,24,0.43162963836847273,0.2540667171143032,0.25374033794612383,0.035040597237275414,32.89046352986745,1,1
D021,O012,3,997,1.2490893714236586,121,0.018977159008053714,0.04210847176585192,0.10616643187530726,0.054886753813351695,1.8282853898334144,1,1
D021,O043,3,997,1.2490893714236586,936,0.15426768642279118,0.33291989469689626,0.3891618356934266,0.22532924015852426,3.26544153713843,1,5
D021,O020,3,997,1.2490893714236586,113,0.34826997592038184,0.09528586345019373,0.4094664889372201,0.24640169843124984,56.59198119339328,1,10
D021,O038,3,997,1.2490893714236586,765,0.13732854699013036,0.15389066235695392,0.3957456035362972,0.09581902124053866,11.34675406331586,1,20
D021,O010,3,997,1.2490893714236586,78,0.42428609036547965,0.04657399042364526,0.4729163397200382,0.0751091814821646,20.648364158380655,1,5
D021,O053,3,997,1.2490893714236586,251,0.008437374343120882,0.21970454406000367,0.07760861372476294,0.043406152521391926,15.704072062843153,1,10
D021,O032,3,997,1.2490893714236586,449,0.47407037046920236,0.2939643960095397,0.3338689716235752,0.19214128568359498,0.6467632780905109,1,1
D021,O083,3,997,1.2490893714236586,89,0.0026292440689011016,0.11891721005650385,0.01234014792986679,0.1423155000056148,8.932954010356676,1,2
D021,O050,3,997,1.2490893714236586,322,0.20605210901232662,0.1235097854541975,0.23025885735500393,0.24203168280895757,3.7974936169643003,1,2
D021,O084,3,997,1.2490893714236586,797,0.3729926769965046,0.00038649133259261126,0.0015211296530381324,0.21211963380230117,57.968250320486554,1,100
D021,O027,3,997,1.2490893714236586,120,0.17379211770070632,0.27539058086552737,0.1159901845036011,0.0031260536499028886,1.2414059949857388,1,1
D021,O023,3,997,1.2490893714236586,410,0.21445143650369905,0.1278983599397813,0.09400253805958962,0.08365268726290574,18.724748063248505,1,10
D021,O047,3,997,1.2490893714236586,32,0.45759305330669026,0.35742600924919476,0.3652359087633477,0.12397431353742944,4.578704726331181,1,1
D021,O067,3,997,1.2490893714236586,60,0.35992868878826584,0.02076874017167992,0.17423242461745192,0.0965105355241593,2.1003211333451848,1,1
D021,O074,3,997,1.2490893714236586,36,0.04256894354729143,0.004280635208135988,0.08729344080162678,0.07148454213260426,17.202121910274414,1,1
D021,O092,3,997,1.2490893714236586,303,0.4427063112729767,0.17226722665159136,0.4364919026956049,0.17566795406842103,23.101547487550636,1,10
D021,O045,3,997,1.2490893714236586,692,0.33110476806173594,0.08646504541541372,0.22004213527881566,0.08596571587890212,2.810064906380055,1,5
D021,O093,3,997,1.2490893714236586,25,0.27627503482623056,0.07815342445263838,0.29138458201830647,0.04123940092547084,41.46024928161635,1,2
D021,O055,3,997,1.2490893714236586,143,0.09821221972656778,0.1636668169410805,0.28503377285937526,0.11581965182801995,1.3300221265710437,1,1
D077,O006,2,230,2.8451078037231015,26,0.46643889626056984,0.1999019902784377,0.36047690978299723,0.19632186896831513,0.7164933989680144,1,1
D077,O071,2,230,2.8451078037231015,830,0.02577223787060603,0.059916075683899506,0.006124036584080637,0.001567019036236368,15.173323377461541,1,5
D077,O014,2,230,2.8451078037231015,505,0.055050563519665925,0.385744929065962,0.3235732737788464,0.24919199267349826,40.509619850150905,1,10
D077,O017,2,230,2.8451078037231015,47,0.23594790081754102,0.20555857271914696,0.45042194931634016,0.031413736601039494,53.72409801145742,1,1
D077,O086,2,230,2.8451078037231015,135,0.46988821914906914,0.05636599657473364,0.04382145887034975,0.20420128774402999,39.12492865085397,1,2
D077,O068,2,230,2.8451078037231015,871,0.14852577867663705,0.23899060027800526,0.4312666597088087,0.024847913302553898,0.9200696163057719,1,1
D077,O088,2,230,2.8451078037231015,74,0.028069089455227885,0.0540852458243732,0.20267396198384915,0.18713991585106382,1.5827391896984995,1,1
D077,O004,2,230,2.8451078037231015,544,0.015441285299266139,0.39993712983284035,0.04776710118920632,0.021638755647051863,1.6116316353856468,1,1
D077,O044,2,230,2.8451078037231015,721,0.4323761389499774,0.3249254075658305,0.14400789358316032,0.2057651422999217,5.188637143423622,1,2
D077,O039,2,230,2.8451078037231015,48,0.23271826163391704,0.17994216982882252,0.033136716412387766,0.009267722660894678,7.735302700968688,1,1
D077,O002,2,230,2.8451078037231015,71,0.3869572888593429,0.3359060402524592,0.4237565470025848,0.2289968100269869,83.12511836496435,1,2
D077,O040,2,230,2.8451078037231015,585,0.39295945909914204,0.39457393035340843,0.49881523135642764,0.05135952265618624,14.252098768706817,1,5
D077,O094,2,230,2.8451078037231015,888,0.3020897605205713,0.09146905532601642,0.35894591710200935,0.2171888653996259,27.41085260307382,1,10
D077,O081,2,230,2.8451078037231015,229,0.311863322482168,0.04075722691061323,0.19095392421992533,0.02739734620632218,0.6097018515377178,1,1
D077,O049,2,230,2.8451078037231015,33,0.06812771834318439,0.32719790546899485,0.35145855206621296,0.16958665122464434,1.8896835200947433,1,1
D077,O052,2,230,2.8451078037231015,249,0.2931097132079093,0.3814959415656873,0.2938470301831344,0.11894055514138323,0.5015927101920599,1,1
D077,O008,2,230,2.8451078037231015,217,0.11836586776404656,0.010264004522404446,0.43857764367626295,0.018412668361408348,3.575437414313759,1,1
D077,O054,2,230,2.8451078037231015,70,0.4839396769446982,0.22536965317316154,0.03930216819422613,0.15840050766206762,1.0282529368841058,1,1
D077,O024,2,230,2.8451078037231015,109,0.10754307926740679,0.37018563204761357,0.33107988983875875,0.015416181466785838,6.304497557330792,1,1
D077,O096,2,230,2.8451078037231015,91,0.16170145035385156,0.2643539191149355,0.06955567449111148,0.22233066342288632,0.7713641646886089,1,1
D077,O011,2,230,2.8451078037231015,163,0.25776627650906286,0.2303694517776211,0.06737682806363049,0.14710779675896993,91.70680464514531,1,5
D077,O007,2,230,2.8451078037231015,20,0.14113037245484783,0.13876459429554666,0.1666223660040416,0.10804294323375169,48.415238066551936,1,1
D077,O005,2,230,2.8451078037231015,472,0.4589275080729363,0.08115278028022999,0.01805553152120237,0.016407342151695845,5.656278920047442,1,1
D077,O051,2,230,2.8451078037231015,264,0.41545850105358517,0.16117913503688408,0.31172678881737154,0.04432963616759917,29.375100601310205,1,5
D077,O035,2,230,2.8451078037231015,173,0.04115959515567879,0.2568973510762646,0.341435098368886,0.12832396264407875,33.55867734781047,1,2
D077,O061,2,230,2.8451078037231015,27,0.3818054373139011,0.016164820124611564,0.49161369207236744,0.15170831162875867,2.704226534184525,1,1
D077,O041,2,230,2.8451078037231015,49,0.29773529796391324,0.2682058880863957,0.21258059195189896,0.13536346098324145,6.422809519648459,1,1
D077,O063,2,230,2.8451078037231015,159,0.16777747895905004,0.06995771215016022,0.1303723567023025,0.23670560860575965,35.98655231023139,1,2
D077,O019,2,230,2.8451078037231015,24,0.43162963836847273,0.2540667171143032,0.25374033794612383,0.035040597237275414,32.89046352986745,1,1
D077,O012,2,230,2.8451078037231015,121,0.018977159008053714,0.04210847176585192,0.10616643187530726,0.054886753813351695,1.8282853898334144,1,1
D077,O043,2,230,2.8451078037231015,936,0.15426768642279118,0.33291989469689626,0.3891618356934266,0.22532924015852426,3.26544153713843,1,1
D077,O020,2,230,2.8451078037231015,113,0.34826997592038184,0.09528586345019373,0.4094664889372201,0.24640169843124984,56.59198119339328,1,2
D077,O038,2,230,2.8451078037231015,765,0.13732854699013036,0.15389066235695392,0.3957456035362972,0.09581902124053866,11.34675406331586,1,5
D077,O010,2,230,2.8451078037231015,78,0.42428609036547965,0.04657399042364526,0.4729163397200382,0.0751091814821646,20.648364158380655,1,1
D077,O053,2,230,2.8451078037231015,251,0.008437374343120882,0.21970454406000367,0.07760861372476294,0.043406152521391926,15.704072062843153,1,2
D077,O032,2,230,2.8451078037231015,449,0.47407037046920236,0.2939643960095397,0.3338689716235752,0.19214128568359498,0.6467632780905109,1,1
D077,O083,2,230,2.8451078037231015,89,0.0026292440689011016,0.11891721005650385,0.01234014792986679,0.1423155000056148,8.932954010356676,1,1
D077,O050,2,230,2.8451078037231015,322,0.20605210901232662,0.1235097854541975,0.23025885735500393,0.24203168280895757,3.7974936169643003,1,1
D077,O084,2,230,2.8451078037231015,797,0.3729926769965046,0.00038649133259261126,0.0015211296530381324,0.21211963380230117,57.968250320486554,1,20
D077,O027,2,230,2.8451078037231015,120,0.17379211770070632,0.27539058086552737,0.1159901845036011,0.0031260536499028886,1.2414059949857388,1,1
D077,O023,2,230,2.8451078037231015,410,0.21445143650369905,0.1278983599397813,0.09400253805958962,0.08365268726290574,18.724748063248505,1,5
D077,O047,2,230,2.8451078037231015,32,0.45759305330669026,0.35742600924919476,0.3652359087633477,0.12397431353742944,4.578704726331181,1,1
D077,O067,2,230,2.8451078037231015,60,0.35992868878826584,0.02076874017167992,0.17423242461745192,0.0965105355241593,2.1003211333451848,1,1
D077,O074,2,230,2.8451078037231015,36,0.04256894354729143,0.004280635208135988,0.08729344080162678,0.07148454213260426,17.202121910274414,1,1
D077,O092,2,230,2.8451078037231015,303,0.4427063112729767,0.17226722665159136,0.4364919026956049,0.17566795406842103,23.101547487550636,1,5
D077,O045,2,230,2.8451078037231015,692,0.33110476806173594,0.08646504541541372,0.22004213527881566,0.08596571587890212,2.810064906380055,1,1
D077,O093,2,230,2.8451078037231015,25,0.27627503482623056,0.07815342445263838,0.29138458201830647,0.04123940092547084,41.46024928161635,1,1
D077,O055,2,230,2.8451078037231015,143,0.09821221972656778,0.1636668169410805,0.28503377285937526,0.11581965182801995,1.3300221265710437,1,1
D065,O006,3,404,0.48211127661723246,26,0.46643889626056984,0.1999019902784377,0.36047690978299723,0.19632186896831513,0.7164933989680144,1,1
D065,O071,3,404,0.48211127661723246,830,0.02577223787060603,0.059916075683899506,0.006124036584080637,0.001567019036236368,15.173323377461541,1,10
D065,O014,3,404,0.48211127661723246,505,0.055050563519665925,0.385744929065962,0.3235732737788464,0.24919199267349826,40.509619850150905,1,20
D065,O017,3,404,0.48211127661723246,47,0.23594790081754102,0.20555857271914696,0.45042194931634016,0.031413736601039494,53.72409801145742,1,2
D065,O086,3,404,0.48211127661723246,135,0.46988821914906914,0.05636599657473364,0.04382145887034975,0.20420128774402999,39.12492865085397,1,5
D065,O068,3,404,0.48211127661723246,871,0.14852577867663705,0.23899060027800526,0.4312666597088087,0.024847913302553898,0.9200696163057719,1,1
D065,O088,3,404,0.48211127661723246,74,0.028069089455227885,0.0540852458243732,0.20267396198384915,0.18713991585106382,1.5827391896984995,1,1
D065,O004,3,404,0.48211127661723246,544,0.015441285299266139,0.39993712983284035,0.04776710118920632,0.021638755647051863,1.6116316353856468,1,1
D065,O044,3,404,0.48211127661723246,721,0.4323761389499774,0.3249254075658305,0.14400789358316032,0.2057651422999217,5.188637143423622,1,2
D065,O039,3,404,0.48211127661723246,48,0.23271826163391704,0.17994216982882252,0.033136716412387766,0.009267722660894678,7.735302700968688,1,1
D065,O002,3,404,0.48211127661723246,71,0.3869572888593429,0.3359060402524592,0.4237565470025848,0.2289968100269869,83.12511836496435,1,5
D065,O040,3,404,0.48211127661723246,585,0.39295945909914204,0.39457393035340843,0.49881523135642764,0.05135952265618624,14.252098768706817,1,5
D065,O094,3,404,0.48211127661723246,888,0.3020897605205713,0.09146905532601642,0.35894591710200935,0.2171888653996259,27.41085260307382,1,20
D065,O081,3,404,0.48211127661723246,229,0.311863322482168,0.04075722691061323,0.19095392421992533,0.02739734620632218,0.6097018515377178,1,1
D065,O049,3,404,0.48211127661723246,33,0.06812771834318439,0.32719790546899485,0.35145855206621296,0.16958665122464434,1.8896835200947433,1,1
D065,O052,3,404,0.48211127661723246,249,0.2931097132079093,0.3814959415656873,0.2938470301831344,0.11894055514138323,0.5015927101920599,1,1
D065,O008,3,404,0.48211127661723246,217,0.11836586776404656,0.010264004522404446,0.43857764367626295,0.018412668361408348,3.575437414313759,1,1
D065,O054,3,404,0.48211127661723246,70,0.4839396769446982,0.22536965317316154,0.03930216819422613,0.15840050766206762,1.0282529368841058,1,1
D065,O024,3,404,0.48211127661723246,109,0.10754307926740679,0.37018563204761357,0.33107988983875875,0.015416181466785838,6.304497557330792,1,1
D065,O096,3,404,0.48211127661723246,91,0.16170145035385156,0.2643539191149355,0.06955567449111148,0.22233066342288632,0.7713641646886089,1,1
D065,O011,3,404,0.48211127661723246,163,0.25776627650906286,0.2303694517776211,0.06737682806363049,0.14710779675896993,91.70680464514531,1,10
D065,O007,3,404,0.48211127661723246,20,0.14113037245484783,0.13876459429554666,0.1666223660040416,0.10804294323375169,48.415238066551936,1,1
D065,O005,3,404,0.48211127661723246,472,0.4589275080729363,0.08115278028022999,0.01805553152120237,0.016407342151695845,5.656278920047442,1,2
D065,O051,3,404,0.48211127661723246,264,0.41545850105358517,0.16117913503688408,0.31172678881737154,0.04432963616759917,29.375100601310205,1,5
D065,O035,3,404,0.48211127661723246,173,0.04115959515567879,0.2568973510762646,0.341435098368886,0.12832396264407875,33.55867734781047,1,5
D065,O061,3,404,0.48211127661723246,27,0.3818054373139011,0.016164820124611564,0.49161369207236744,0.15170831162875867,2.704226534184525,1,1
D065,O041,3,404,0.48211127661723246,49,0.29773529796391324,0.2682058880863957,0.21258059195189896,0.13536346098324145,6.422809519648459,1,1
D065,O063,3,404,0.48211127661723246,159,0.16777747895905004,0.06995771215016022,0.1303723567023025,0.23670560860575965,35.98655231023139,1,5
D065,O019,3,404,0.48211127661723246,24,0.43162963836847273,0.2540667171143032,0.25374033794612383,0.035040597237275414,32.89046352986745,1,1
D065,O012,3,404,0.48211127661723246,121,0.018977159008053714,0.04210847176585192,0.10616643187530726,0.054886753813351695,1.8282853898334144,1,1
D065,O043,3,404,0.48211127661723246,936,0.15426768642279118,0.33291989469689626,0.3891618356934266,0.22532924015852426,3.26544153713843,1,2
D065,O020,3,404,0.48211127661723246,113,0.34826997592038184,0.09528586345019373,0.4094664889372201,0.24640169843124984,56.59198119339328,1,5
D065,O038,3,404,0.48211127661723246,765,0.13732854699013036,0.15389066235695392,0.3957456035362972,0.09581902124053866,11.34675406331586,1,5
D065,O010,3,404,0.48211127661723246,78,0.42428609036547965,0.04657399042364526,0.4729163397200382,0.0751091814821646,20.648364158380655,1,1
D065,O053,3,404,0.48211127661723246,251,0.008437374343120882,0.21970454406000367,0.07760861372476294,0.043406152521391926,15.704072062843153,1,5
D065,O032,3,404,0.48211127661723246,449,0.47407037046920236,0.2939643960095397,0.3338689716235752,0.19214128568359498,0.6467632780905109,1,1
D065,O083,3,404,0.48211127661723246,89,0.0026292440689011016,0.11891721005650385,0.01234014792986679,0.1423155000056148,8.932954010356676,1,1
D065,O050,3,404,0.48211127661723246,322,0.20605210901232662,0.1235097854541975,0.23025885735500393,0.24203168280895757,3.7974936169643003,1,1
D065,O084,3,404,0.48211127661723246,797,0.3729926769965046,0.00038649133259261126,0.0015211296530381324,0.21211963380230117,57.968250320486554,1,50
D065,O027,3,404,0.48211127661723246,120,0.17379211770070632,0.27539058086552737,0.1159901845036011,0.0031260536499028886,1.2414059949857388,1,1
D065,O023,3,404,0.48211127661723246,410,0.21445143650369905,0.1278983599397813,0.09400253805958962,0.08365268726290574,18.724748063248505,1,5
D065,O047,3,404,0.48211127661723246,32,0.45759305330669026,0.35742600924919476,0.3652359087633477,0.12397431353742944,4.578704726331181,1,1
D065,O067,3,404,0.48211127661723246,60,0.35992868878826584,0.02076874017167992,0.17423242461745192,0.0965105355241593,2.1003211333451848,1,1
D065,O074,3,404,0.48211127661723246,36,0.04256894354729143,0.004280635208135988,0.08729344080162678,0.07148454213260426,17.202121910274414,1,1
D065,O092,3,404,0.48211127661723246,303,0.4427063112729767,0.17226722665159136,0.4364919026956049,0.17566795406842103,23.101547487550636,1,5
D065,O045,3,404,0.48211127661723246,692,0.33110476806173594,0.08646504541541372,0.22004213527881566,0.08596571587890212,2.810064906380055,1,2
D065,O093,3,404,0.48211127661723246,25,0.27627503482623056,0.07815342445263838,0.29138458201830647,0.04123940092547084,41.46024928161635,1,1
D065,O055,3,404,0.48211127661723246,143,0.09821221972656778,0.1636668169410805,0.28503377285937526,0.11581965182801995,1.3300221265710437,1,1
D053,O006,3,97,4.671557450160866,26,0.46643889626056984,0.1999019902784377,0.36047690978299723,0.19632186896831513,0.7164933989680144,1,1
D053,O071,3,97,4.671557450160866,830,0.02577223787060603,0.059916075683899506,0.006124036584080637,0.001567019036236368,15.173323377461541,1,2
D053,O014,3,97,4.671557450160866,505,0.055050563519665925,0.385744929065962,0.3235732737788464,0.24919199267349826,40.509619850150905,1,5
D053,O017,3,97,4.671557450160866,47,0.23594790081754102,0.20555857271914696,0.45042194931634016,0.031413736601039494,53.72409801145742,1,1
D053,O086,3,97,4.671557450160866,135,0.46988821914906914,0.05636599657473364,0.04382145887034975,0.20420128774402999,39.12492865085397,1,1
D053,O068,3,97,4.671557450160866,871,0.14852577867663705,0.23899060027800526,0.4312666597088087,0.024847913302553898,0.9200696163057719,1,1
D053,O088,3,97,4.671557450160866,74,0.028069089455227885,0.0540852458243732,0.20267396198384915,0.18713991585106382,1.5827391896984995,1,1
D053,O004,3,97,4.671557450160866,544,0.015441285299266139,0.39993712983284035,0.04776710118920632,0.021638755647051863,1.6116316353856468,1,1
D053,O044,3,97,4.671557450160866,721,0.4323761389499774,0.3249254075658305,0.14400789358316032,0.2057651422999217,5.188637143423622,1,1
D053,O039,3,97,4.671557450160866,48,0.23271826163391704,0.17994216982882252,0.033136716412387766,0.009267722660894678,7.735302700968688,1,1
D053,O002,3,97,4.671557450160866,71,0.3869572888593429,0.3359060402524592,0.4237565470025848,0.2289968100269869,83.12511836496435,1,1
D053,O040,3,97,4.671557450160866,585,0.39295945909914204,0.39457393035340843,0.49881523135642764,0.05135952265618624,14.252098768706817,1,2
D053,O094,3,97,4.671557450160866,888,0.3020897605205713,0.09146905532601642,0.35894591710200935,0.2171888653996259,27.41085260307382,1,5
D053,O081,3,97,4.671557450160866,229,0.311863322482168,0.04075722691061323,0.19095392421992533,0.02739734620632218,0.6097018515377178,1,1
D053,O049,3,97,4.671557450160866,33,0.06812771834318439,0.32719790546899485,0.35145855206621296,0.16958665122464434,1.8896835200947433,1,1
D053,O052,3,97,4.671557450160866,249,0.2931097132079093,0.3814959415656873,0.2938470301831344,0.11894055514138323,0.5015927101920599,1,1
D053,O008,3,97,4.671557450160866,217,0.11836586776404656,0.010264004522404446,0.43857764367626295,0.018412668361408348,3.575437414313759,1,1
D053,O054,3,97,4.671557450160866,70,0.4839396769446982,0.22536965317316154,0.03930216819422613,0.15840050766206762,1.0282529368841058,1,1
D053,O024,3,97,4.671557450160866,109,0.10754307926740679,0.37018563204761357,0.33107988983875875,0.015416181466785838,6.304497557330792,1,1
D053,O096,3,97,4.671557450160866,91,0.16170145035385156,0.2643539191149355,0.06955567449111148,0.22233066342288632,0.7713641646886089,1,1
D053,O011,3,97,4.671557450160866,163,0.25776627650906286,0.2303694517776211,0.06737682806363049,0.14710779675896993,91.70680464514531,1,2
D053,O007,3,97,4.671557450160866,20,0.14113037245484783,0.13876459429554666,0.1666223660040416,0.10804294323375169,48.415238066551936,1,1
D053,O005,3,97,4.671557450160866,472,0.4589275080729363,0.08115278028022999,0.01805553152120237,0.016407342151695845,5.656278920047442,1,1
D053,O051,3,97,4.671557450160866,264,0.41545850105358517,0.16117913503688408,0.31172678881737154,0.04432963616759917,29.375100601310205,1,1
D053,O035,3,97,4.671557450160866,173,0.04115959515567879,0.2568973510762646,0.341435098368886,0.12832396264407875,33.55867734781047,1,1
D053,O061,3,97,4.671557450160866,27,0.3818054373139011,0.016164820124611564,0.49161369207236744,0.15170831162875867,2.704226534184525,1,1
D053,O041,3,97,4.671557450160866,49,0.29773529796391324,0.2682058880863957,0.21258059195189896,0.13536346098324145,6.422809519648459,1,1
D053,O063,3,97,4.671557450160866,159,0.16777747895905004,0.06995771215016022,0.1303723567023025,0.23670560860575965,35.98655231023139,1,1
D053,O019,3,97,4.671557450160866,24,0.43162963836847273,0.2540667171143032,0.25374033794612383,0.035040597237275414,32.89046352986745,1,1
D053,O012,3,97,4.671557450160866,121,0.018977159008053714,0.04210847176585192,0.10616643187530726,0.054886753813351695,1.8282853898334144,1,1
D053,O043,3,97,4.671557450160866,936,0.15426768642279118,0.33291989469689626,0.3891618356934266,0.22532924015852426,3.26544153713843,1,1
D053,O020,3,97,4.671557450160866,113,0.34826997592038184,0.09528586345019373,0.4094664889372201,0.24640169843124984,56.59198119339328,1,1
D053,O038,3,97,4.671557450160866,765,0.13732854699013036,0.15389066235695392,0.3957456035362972,0.09581902124053866,11.34675406331586,1,2
D053,O010,3,97,4.671557450160866,78,0.42428609036547965,0.04657399042364526,0.4729163397200382,0.0751091814821646,20.648364158380655,1,1
D053,O053,3,97,4.671557450160866,251,0.008437374343120882,0.21970454406000367,0.07760861372476294,0.043406152521391926,15.704072062843153,1,1
D053,O032,3,97,4.671557450160866,449,0.47407037046920236,0.2939643960095397,0.3338689716235752,0.19214128568359498,0.6467632780905109,1,1
D053,O083,3,97,4.671557450160866,89,0.0026292440689011016,0.11891721005650385,0.01234014792986679,0.1423155000056148,8.932954010356676,1,1
D053,O050,3,97,4.671557450160866,322,0.20605210901232662,0.1235097854541975,0.23025885735500393,0.24203168280895757,3.7974936169643003,1,1
D053,O084,3,97,4.671557450160866,797,0.3729926769965046,0.00038649133259261126,0.0015211296530381324,0.21211963380230117,57.968250320486554,1,10
D053,O027,3,97,4.671557450160866,120,0.17379211770070632,0.27539058086552737,0.1159901845036011,0.0031260536499028886,1.2414059949857388,1,1
D053,O023,3,97,4.671557450160866,410,0.21445143650369905,0.1278983599397813,0.09400253805958962,0.08365268726290574,18.724748063248505,1,1
D053,O047,3,97,4.671557450160866,32,0.45759305330669026,0.35742600924919476,0.3652359087633477,0.12397431353742944,4.578704726331181,1,1
D053,O067,3,97,4.671557450160866,60,0.35992868878826584,0.02076874017167992,0.17423242461745192,0.0965105355241593,2.1003211333451848,1,1
D053,O074,3,97,4.671557450160866,36,0.04256894354729143,0.004280635208135988,0.08729344080162678,0.07148454213260426,17.202121910274414,1,1
D053,O092,3,97,4.671557450160866,303,0.4427063112729767,0.17226722665159136,0.4364919026956049,0.17566795406842103,23.101547487550636,1,1
D053,O045,3,97,4.671557450160866,692,0.33110476806173594,0.08646504541541372,0.22004213527881566,0.08596571587890212,2.810064906380055,1,1
D053,O093,3,97,4.671557450160866,25,0.27627503482623056,0.07815342445263838,0.29138458201830647,0.04123940092547084,41.46024928161635,1,1
D053,O055,3,97,4.671557450160866,143,0.09821221972656778,0.1636668169410805,0.28503377285937526,0.11581965182801995,1.3300221265710437,1,1
D083,O006,1,318,0.28328275804182296,26,0.46643889626056984,0.1999019902784377,0.36047690978299723,0.19632186896831513,0.7164933989680144,1,1
D083,O071,1,318,0.28328275804182296,830,0.02577223787060603,0.059916075683899506,0.006124036584080637,0.001567019036236368,15.173323377461541,1,10
D083,O014,1,318,0.28328275804182296,505,0.055050563519665925,0.385744929065962,0.3235732737788464,0.24919199267349826,40.509619850150905,1,10
D083,O017,1,318,0.28328275804182296,47,0.23594790081754102,0.20555857271914696,0.45042194931634016,0.031413736601039494,53.72409801145742,1,2
D083,O086,1,318,0.28328275804182296,135,0.46988821914906914,0.05636599657473364,0.04382145887034975,0.20420128774402999,39.12492865085397,1,5
D083,O068,1,318,0.28328275804182296,871,0.14852577867663705,0.23899060027800526,0.4312666597088087,0.024847913302553898,0.9200696163057719,1,1
D083,O088,1,318,0.28328275804182296,74,0.028069089455227885,0.0540852458243732,0.20267396198384915,0.18713991585106382,1.5827391896984995,1,1
D083,O004,1,318,0.28328275804182296,544,0.015441285299266139,0.39993712983284035,0.04776710118920632,0.021638755647051863,1.6116316353856468,1,1
D083,O044,1,318,0.28328275804182296,721,0.4323761389499774,0.3249254075658305,0.14400789358316032,0.2057651422999217,5.188637143423622,1,2
D083,O039,1,318,0.28328275804182296,48,0.23271826163391704,0.17994216982882252,0.033136716412387766,0.009267722660894678,7.735302700968688,1,1
D083,O002,1,318,0.28328275804182296,71,0.3869572888593429,0.3359060402524592,0.4237565470025848,0.2289968100269869,83.12511836496435,1,5
D083,O040,1,318,0.28328275804182296,585,0.39295945909914204,0.39457393035340843,0.49881523135642764,0.05135952265618624,14.252098768706817,1,5
D083,O094,1,318,0.28328275804182296,888,0.3020897605205713,0.09146905532601642,0.35894591710200935,0.2171888653996259,27.41085260307382,1,20
D083,O081,1,318,0.28328275804182296,229,0.311863322482168,0.04075722691061323,0.19095392421992533,0.02739734620632218,0.6097018515377178,1,1
D083,O049,1,318,0.28328275804182296,33,0.06812771834318439,0.32719790546899485,0.35145855206621296,0.16958665122464434,1.8896835200947433,1,1
D083,O052,1,318,0.28328275804182296,249,0.2931097132079093,0.3814959415656873,0.2938470301831344,0.11894055514138323,0.5015927101920599,1,1
D083,O008,1,318,0.28328275804182296,217,0.11836586776404656,0.010264004522404446,0.43857764367626295,0.018412668361408348,3.575437414313759,1,1
D083,O054,1,318,0.28328275804182296,70,0.4839396769446982,0.22536965317316154,0.03930216819422613,0.15840050766206762,1.0282529368841058,1,1
D083,O024,1,318,0.28328275804182296,109,0.10754307926740679,0.37018563204761357,0.33107988983875875,0.015416181466785838,6.304497557330792,1,1
D083,O096,1,318,0.28328275804182296,91,0.16170145035385156,0.2643539191149355,0.06955567449111148,0.22233066342288632,0.7713641646886089,1,1
D083,O011,1,318,0.28328275804182296,163,0.25776627650906286,0.2303694517776211,0.06737682806363049,0.14710779675896993,91.70680464514531,1,10
D083,O007,1,318,0.28328275804182296,20,0.14113037245484783,0.13876459429554666,0.1666223660040416,0.10804294323375169,48.415238066551936,1,1
D083,O005,1,318,0.28328275804182296,472,0.4589275080729363,0.08115278028022999,0.01805553152120237,0.016407342151695845,5.656278920047442,1,2
D083,O051,1,318,0.28328275804182296,264,0.41545850105358517,0.16117913503688408,0.31172678881737154,0.04432963616759917,29.375100601310205,1,5
D083,O035,1,318,0.28328275804182296,173,0.04115959515567879,0.2568973510762646,0.341435098368886,0.12832396264407875,33.55867734781047,1,5
D083,O061,1,318,0.28328275804182296,27,0.3818054373139011,0.016164820124611564,0.49161369207236744,0.15170831162875867,2.704226534184525,1,1
D083,O041,1,318,0.28328275804182296,49,0.29773529796391324,0.2682058880863957,0.21258059195189896,0.13536346098324145,6.422809519648459,1,1
D083,O063,1,318,0.28328275804182296,159,0.16777747895905004,0.06995771215016022,0.1303723567023025,0.23670560860575965,35.98655231023139,1,5
D083,O019,1,318,0.28328275804182296,24,0.43162963836847273,0.2540667171143032,0.25374033794612383,0.035040597237275414,32.89046352986745,1,1
D083,O012,1,318,0.28328275804182296,121,0.018977159008053714,0.04210847176585192,0.10616643187530726,0.054886753813351695,1.8282853898334144,1,1
D083,O043,1,318,0.28328275804182296,936,0.15426768642279118,0.33291989469689626,0.3891618356934266,0.22532924015852426,3.26544153713843,1,2
D083,O020,1,318,0.28328275804182296,113,0.34826997592038184,0.09528586345019373,0.4094664889372201,0.24640169843124984,56.59198119339328,1,5
D083,O038,1,318,0.28328275804182296,765,0.13732854699013036,0.15389066235695392,0.3957456035362972,0.09581902124053866,11.34675406331586,1,5
D083,O010,1,318,0.28328275804182296,78,0.42428609036547965,0.04657399042364526,0.4729163397200382,0.0751091814821646,20.648364158380655,1,1
D083,O053,1,318,0.28328275804182296,251,0.008437374343120882,0.21970454406000367,0.07760861372476294,0.043406152521391926,15.704072062843153,1,2
D083,O032,1,318,0.28328275804182296,449,0.47407037046920236,0.2939643960095397,0.3338689716235752,0.19214128568359498,0.6467632780905109,1,1
D083,O083,1,318,0.28328275804182296,89,0.0026292440689011016,0.11891721005650385,0.01234014792986679,0.1423155000056148,8.932954010356676,1,1
D083,O050,1,318,0.28328275804182296,322,0.20605210901232662,0.1235097854541975,0.23025885735500393,0.24203168280895757,3.7974936169643003,1,1
D083,O084,1,318,0.28328275804182296,797,0.3729926769965046,0.00038649133259261126,0.0015211296530381324,0.21211963380230117,57.968250320486554,1,20
D083,O027,1,318,0.28328275804182296,120,0.17379211770070632,0.27539058086552737,0.1159901845036011,0.0031260536499028886,1.2414059949857388,1,1
D083,O023,1,318,0.28328275804182296,410,0.21445143650369905,0.1278983599397813,0.09400253805958962,0.08365268726290574,18.724748063248505,1,5
D083,O047,1,318,0.28328275804182296,32,0.45759305330669026,0.35742600924919476,0.3652359087633477,0.12397431353742944,4.578704726331181,1,1
D083,O067,1,318,0.28328275804182296,60,0.35992868878826584,0.02076874017167992,0.17423242461745192,0.0965105355241593,2.1003211333451848,1,1
D083,O074,1,318,0.28328275804182296,36,0.04256894354729143,0.004280635208135988,0.08729344080162678,0.07148454213260426,17.202121910274414,1,1
D083,O092,1,318,0.28328275804182296,303,0.4427063112729767,0.17226722665159136,0.4364919026956049,0.17566795406842103,23.101547487550636,1,5
D083,O045,1,318,0.28328275804182296,692,0.33110476806173594,0.08646504541541372,0.22004213527881566,0.08596571587890212,2.810064906380055,1,1
D083,O093,1,318,0.28328275804182296,25,0.27627503482623056,0.07815342445263838,0.29138458201830647,0.04123940092547084,41.46024928161635,1,1
D083,O055,1,318,0.28328275804182296,143,0.09821221972656778,0.1636668169410805,0.28503377285937526,0.11581965182801995,1.3300221265710437,1,1
D026,O006,7,296,0.3467384613282838,26,0.46643889626056984,0.1999019902784377,0.36047690978299723,0.19632186896831513,0.7164933989680144,1,1
D026,O071,7,296,0.3467384613282838,830,0.02577223787060603,0.059916075683899506,0.006124036584080637,0.001567019036236368,15.173323377461541,1,5
D026,O014,7,296,0.3467384613282838,505,0.055050563519665925,0.385744929065962,0.3235732737788464,0.24919199267349826,40.509619850150905,1,10
D026,O017,7,296,0.3467384613282838,47,0.23594790081754102,0.20555857271914696,0.45042194931634016,0.031413736601039494,53.72409801145742,1,1
D026,O086,7,296,0.3467384613282838,135,0.46988821914906914,0.05636599657473364,0.04382145887034975,0.20420128774402999,39.12492865085397,1,5
D026,O068,7,296,0.3467384613282838,871,0.14852577867663705,0.23899060027800526,0.4312666597088087,0.024847913302553898,0.9200696163057719,1,1
D026,O088,7,296,0.3467384613282838,74,0.028069089455227885,0.0540852458243732,0.20267396198384915,0.18713991585106382,1.5827391896984995,1,1
D026,O004,7,296,0.3467384613282838,544,0.015441285299266139,0.39993712983284035,0.04776710118920632,0.021638755647051863,1.6116316353856468,1,1
D026,O044,7,296,0.3467384613282838,721,0.4323761389499774,0.3249254075658305,0.14400789358316032,0.2057651422999217,5.188637143423622,1,2
D026,O039,7,296,0.3467384613282838,48,0.23271826163391704,0.17994216982882252,0.033136716412387766,0.009267722660894678,7.735302700968688,1,1
D026,O002,7,296,0.3467384613282838,71,0.3869572888593429,0.3359060402524592,0.4237565470025848,0.2289968100269869,83.12511836496435,1,5
D026,O040,7,296,0.3467384613282838,585,0.39295945909914204,0.39457393035340843,0.49881523135642764,0.05135952265618624,14.252098768706817,1,5
D026,O094,7,296,0.3467384613282838,888,0.3020897605205713,0.09146905532601642,0.35894591710200935,0.2171888653996259,27.41085260307382,1,10
D026,O081,7,296,0.3467384613282838,229,0.311863322482168,0.04075722691061323,0.19095392421992533,0.02739734620632218,0.6097018515377178,1,1
D026,O049,7,296,0.3467384613282838,33,0.06812771834318439,0.32719790546899485,0.35145855206621296,0.16958665122464434,1.8896835200947433,1,1
D026,O052,7,296,0.3467384613282838,249,0.2931097132079093,0.3814959415656873,0.2938470301831344,0.11894055514138323,0.5015927101920599,1,1
D026,O008,7,296,0.3467384613282838,217,0.11836586776404656,0.010264004522404446,0.43857764367626295,0.018412668361408348,3.575437414313759,1,1
D026,O054,7,296,0.3467384613282838,70,0.4839396769446982,0.22536965317316154,0.03930216819422613,0.15840050766206762,1.0282529368841058,1,1
D026,O024,7,296,0.3467384613282838,109,0.10754307926740679,0.37018563204761357,0.33107988983875875,0.015416181466785838,6.304497557330792,1,1
D026,O096,7,296,0.3467384613282838,91,0.16170145035385156,0.2643539191149355,0.06955567449111148,0.22233066342288632,0.7713641646886089,1,1
D026,O011,7,296,0.3467384613282838,163,0.25776627650906286,0.2303694517776211,0.06737682806363049,0.14710779675896993,91.70680464514531,1,10
D026,O007,7,296,0.3467384613282838,20,0.14113037245484783,0.13876459429554666,0.1666223660040416,0.10804294323375169,48.415238066551936,1,1
D026,O005,7,296,0.3467384613282838,472,0.4589275080729363,0.08115278028022999,0.01805553152120237,0.016407342151695845,5.656278920047442,1,2
D026,O051,7,296,0.3467384613282838,264,0.41545850105358517,0.16117913503688408,0.31172678881737154,0.04432963616759917,29.375100601310205,1,5
D026,O035,7,296,0.3467384613282838,173,0.04115959515567879,0.2568973510762646,0.341435098368886,0.12832396264407875,33.55867734781047,1,5
D026,O061,7,296,0.3467384613282838,27,0.3818054373139011,0.016164820124611564,0.49161369207236744,0.15170831162875867,2.704226534184525,1,1
D026,O041,7,296,0.3467384613282838,49,0.29773529796391324,0.2682058880863957,0.21258059195189896,0.13536346098324145,6.422809519648459,1,1
D026,O063,7,296,0.3467384613282838,159,0.16777747895905004,0.06995771215016022,0.1303723567023025,0.23670560860575965,35.98655231023139,1,5
D026,O019,7,296,0.3467384613282838,24,0.43162963836847273,0.2540667171143032,0.25374033794612383,0.035040597237275414,32.89046352986745,1,1
D026,O012,7,296,0.3467384613282838,121,0.018977159008053714,0.04210847176585192,0.10616643187530726,0.054886753813351695,1.8282853898334144,1,1
D026,O043,7,296,0.3467384613282838,936,0.15426768642279118,0.33291989469689626,0.3891618356934266,0.22532924015852426,3.26544153713843,1,2
D026,O020,7,296,0.3467384613282838,113,0.34826997592038184,0.09528586345019373,0.4094664889372201,0.24640169843124984,56.59198119339328,1,5
D026,O038,7,296,0.3467384613282838,765,0.13732854699013036,0.15389066235695392,0.3957456035362972,0.09581902124053866,11.34675406331586,1,5
D026,O010,7,296,0.3467384613282838,78,0.42428609036547965,0.04657399042364526,0.4729163397200382,0.0751091814821646,20.648364158380655,1,1
D026,O053,7,296,0.3467384613282838,251,0.008437374343120882,0.21970454406000367,0.07760861372476294,0.043406152521391926,15.704072062843153,1,2
D026,O032,7,296,0.3467384613282838,449,0.47407037046920236,0.2939643960095397,0.3338689716235752,0.19214128568359498,0.6467632780905109,1,1
D026,O083,7,296,0.3467384613282838,89,0.0026292440689011016,0.11891721005650385,0.01234014792986679,0.1423155000056148,8.932954010356676,1,1
D026,O050,7,296,0.3467384613282838,322,0.20605210901232662,0.1235097854541975,0.23025885735500393,0.24203168280895757,3.7974936169643003,1,1
D026,O084,7,296,0.3467384613282838,797,0.3729926769965046,0.00038649133259261126,0.0015211296530381324,0.21211963380230117,57.968250320486554,1,20
D026,O027,7,296,0.3467384613282838,120,0.17379211770070632,0.27539058086552737,0.1159901845036011,0.0031260536499028886,1.2414059949857388,1,1
D026,O023,7,296,0.3467384613282838,410,0.21445143650369905,0.1278983599397813,0.09400253805958962,0.08365268726290574,18.724748063248505,1,5
D026,O047,7,296,0.3467384613282838,32,0.45759305330669026,0.35742600924919476,0.3652359087633477,0.12397431353742944,4.578704726331181,1,1
D026,O067,7,296,0.3467384613282838,60,0.35992868878826584,0.02076874017167992,0.17423242461745192,0.0965105355241593,2.1003211333451848,1,1
D026,O074,7,296,0.3467384613282838,36,0.04256894354729143,0.004280635208135988,0.08729344080162678,0.07148454213260426,17.202121910274414,1,1
D026,O092,7,296,0.3467384613282838,303,0.4427063112729767,0.17226722665159136,0.4364919026956049,0.17566795406842103,23.101547487550636,1,5
D026,O045,7,296,0.3467384613282838,692,0.33110476806173594,0.08646504541541372,0.22004213527881566,0.08596571587890212,2.810064906380055,1,1
D026,O093,7,296,0.3467384613282838,25,0.27627503482623056,0.07815342445263838,0.29138458201830647,0.04123940092547084,41.46024928161635,1,1
D026,O055,7,296,0.3467384613282838,143,0.09821221972656778,0.1636668169410805,0.28503377285937526,0.11581965182801995,1.3300221265710437,1,1
D081,O006,6,342,3.18630173305898,26,0.46643889626056984,0.1999019902784377,0.36047690978299723,0.19632186896831513,0.7164933989680144,1,1
D081,O071,6,342,3.18630173305898,830,0.02577223787060603,0.059916075683899506,0.006124036584080637,0.001567019036236368,15.173323377461541,1,10
D081,O014,6,342,3.18630173305898,505,0.055050563519665925,0.385744929065962,0.3235732737788464,0.24919199267349826,40.509619850150905,1,10
D081,O017,6,342,3.18630173305898,47,0.23594790081754102,0.20555857271914696,0.45042194931634016,0.031413736601039494,53.72409801145742,1,2
D081,O086,6,342,3.18630173305898,135,0.46988821914906914,0.05636599657473364,0.04382145887034975,0.20420128774402999,39.12492865085397,1,5
D081,O068,6,342,3.18630173305898,871,0.14852577867663705,0.23899060027800526,0.4312666597088087,0.024847913302553898,0.9200696163057719,1,1
D081,O088,6,342,3.18630173305898,74,0.028069089455227885,0.0540852458243732,0.20267396198384915,0.18713991585106382,1.5827391896984995,1,1
D081,O004,6,342,3.18630173305898,544,0.015441285299266139,0.39993712983284035,0.04776710118920632,0.021638755647051863,1.6116316353856468,1,1
D081,O044,6,342,3.18630173305898,721,0.4323761389499774,0.3249254075658305,0.14400789358316032,0.2057651422999217,5.188637143423622,1,2
D081,O039,6,342,3.18630173305898,48,0.23271826163391704,0.17994216982882252,0.033136716412387766,0.009267722660894678,7.735302700968688,1,1
D081,O002,6,342,3.18630173305898,71,0.3869572888593429,0.3359060402524592,0.4237565470025848,0.2289968100269869,83.12511836496435,1,5
D081,O040,6,342,3.18630173305898,585,0.39295945909914204,0.39457393035340843,0.49881523135642764,0.05135952265618624,14.252098768706817,1,5
D081,O094,6,342,3.18630173305898,888,0.3020897605205713,0.09146905532601642,0.35894591710200935,0.2171888653996259,27.41085260307382,1,20
D081,O081,6,342,3.18630173305898,229,0.311863322482168,0.04075722691061323,0.19095392421992533,0.02739734620632218,0.6097018515377178,1,1
D081,O049,6,342,3.18630173305898,33,0.06812771834318439,0.32719790546899485,0.35145855206621296,0.16958665122464434,1.8896835200947433,1,1
D081,O052,6,342,3.18630173305898,249,0.2931097132079093,0.3814959415656873,0.2938470301831344,0.11894055514138323,0.5015927101920599,1,1
D081,O008,6,342,3.18630173305898,217,0.11836586776404656,0.010264004522404446,0.43857764367626295,0.018412668361408348,3.575437414313759,1,1
D081,O054,6,342,3.18630173305898,70,0.4839396769446982,0.22536965317316154,0.03930216819422613,0.15840050766206762,1.0282529368841058,1,1
D081,O024,6,342,3.18630173305898,109,0.10754307926740679,0.37018563204761357,0.33107988983875875,0.015416181466785838,6.304497557330792,1,1
D081,O096,6,342,3.18630173305898,91,0.16170145035385156,0.2643539191149355,0.06955567449111148,0.22233066342288632,0.7713641646886089,1,1
D081,O011,6,342,3.18630173305898,163,0.25776627650906286,0.2303694517776211,0.06737682806363049,0.14710779675896993,91.70680464514531,1,10
D081,O007,6,342,3.18630173305898,20,0.14113037245484783,0.13876459429554666,0.1666223660040416,0.10804294323375169,48.415238066551936,1,1
D081,O005,6,342,3.18630173305898,472,0.4589275080729363,0.08115278028022999,0.01805553152120237,0.016407342151695845,5.656278920047442,1,2
D081,O051,6,342,3.18630173305898,264,0.41545850105358517,0.16117913503688408,0.31172678881737154,0.04432963616759917,29.375100601310205,1,5
D081,O035,6,342,3.18630173305898,173,0.04115959515567879,0.2568973510762646,0.341435098368886,0.12832396264407875,33.55867734781047,1,5
D081,O061,6,342,3.18630173305898,27,0.3818054373139011,0.016164820124611564,0.49161369207236744,0.15170831162875867,2.704226534184525,1,1
D081,O041,6,342,3.18630173305898,49,0.29773529796391324,0.2682058880863957,0.21258059195189896,0.13536346098324145,6.422809519648459,1,1
D081,O063,6,342,3.18630173305898,159,0.16777747895905004,0.06995771215016022,0.1303723567023025,0.23670560860575965,35.98655231023139,1,5
D081,O019,6,342,3.18630173305898,24,0.43162963836847273,0.2540667171143032,0.25374033794612383,0.035040597237275414,32.89046352986745,1,1
D081,O012,6,342,3.18630173305898,121,0.018977159008053714,0.04210847176585192,0.10616643187530726,0.054886753813351695,1.8282853898334144,1,1
D081,O043,6,342,3.18630173305898,936,0.15426768642279118,0.33291989469689626,0.3891618356934266,0.22532924015852426,3.26544153713843,1,2
D081,O020,6,342,3.18630173305898,113,0.34826997592038184,0.09528586345019373,0.4094664889372201,0.24640169843124984,56.59198119339328,1,5
D081,O038,6,342,3.18630173305898,765,0.13732854699013036,0.15389066235695392,0.3957456035362972,0.09581902124053866,11.34675406331586,1,5
D081,O010,6,342,3.18630173305898,78,0.42428609036547965,0.04657399042364526,0.4729163397200382,0.0751091814821646,20.648364158380655,1,1
D081,O053,6,342,3.18630173305898,251,0.008437374343120882,0.21970454406000367,0.07760861372476294,0.043406152521391926,15.704072062843153,1,2
D081,O032,6,342,3.18630173305898,449,0.47407037046920236,0.2939643960095397,0.3338689716235752,0.19214128568359498,0.6467632780905109,1,1
D081,O083,6,342,3.18630173305898,89,0.0026292440689011016,0.11891721005650385,0.01234014792986679,0.1423155000056148,8.932954010356676,1,1
D081,O050,6,342,3.18630173305898,322,0.20605210901232662,0.1235097854541975,0.23025885735500393,0.24203168280895757,3.7974936169643003,1,1
D081,O084,6,342,3.18630173305898,797,0.3729926769965046,0.00038649133259261126,0.0015211296530381324,0.21211963380230117,57.968250320486554,1,50
D081,O027,6,342,3.18630173305898,120,0.17379211770070632,0.27539058086552737,0.1159901845036011,0.0031260536499028886,1.2414059949857388,1,1
D081,O023,6,342,3.18630173305898,410,0.21445143650369905,0.1278983599397813,0.09400253805958962,0.08365268726290574,18.724748063248505,1,5
D081,O047,6,342,3.18630173305898,32,0.45759305330669026,0.35742600924919476,0.3652359087633477,0.12397431353742944,4.578704726331181,1,1
D081,O067,6,342,3.18630173305898,60,0.35992868878826584,0.02076874017167992,0.17423242461745192,0.0965105355241593,2.1003211333451848,1,1
D081,O074,6,342,3.18630173305898,36,0.04256894354729143,0.004280635208135988,0.08729344080162678,0.07148454213260426,17.202121910274414,1,1
D081,O092,6,342,3.18630173305898,303,0.4427063112729767,0.17226722665159136,0.4364919026956049,0.17566795406842103,23.101547487550636,1,5
D081,O045,6,342,3.18630173305898,692,0.33110476806173594,0.08646504541541372,0.22004213527881566,0.08596571587890212,2.810064906380055,1,1
D081,O093,6,342,3.18630173305898,25,0.27627503482623056,0.07815342445263838,0.29138458201830647,0.04123940092547084,41.46024928161635,1,1
D081,O055,6,342,3.18630173305898,143,0.09821221972656778,0.1636668169410805,0.28503377285937526,0.11581965182801995,1.3300221265710437,1,1
D100,O006,3,113,0.6115123267861162,26,0.46643889626056984,0.1999019902784377,0.36047690978299723,0.19632186896831513,0.7164933989680144,1,1
D100,O071,3,113,0.6115123267861162,830,0.02577223787060603,0.059916075683899506,0.006124036584080637,0.001567019036236368,15.173323377461541,1,2
D100,O014,3,113,0.6115123267861162,505,0.055050563519665925,0.385744929065962,0.3235732737788464,0.24919199267349826,40.509619850150905,1,5
D100,O017,3,113,0.6115123267861162,47,0.23594790081754102,0.20555857271914696,0.45042194931634016,0.031413736601039494,53.72409801145742,1,1
D100,O086,3,113,0.6115123267861162,135,0.46988821914906914,0.05636599657473364,0.04382145887034975,0.20420128774402999,39.12492865085397,1,1
D100,O068,3,113,0.6115123267861162,871,0.14852577867663705,0.23899060027800526,0.4312666597088087,0.024847913302553898,0.9200696163057719,1,1
D100,O088,3,113,0.6115123267861162,74,0.028069089455227885,0.0540852458243732,0.20267396198384915,0.18713991585106382,1.5827391896984995,1,1
D100,O004,3,113,0.6115123267861162,544,0.015441285299266139,0.39993712983284035,0.04776710118920632,0.021638755647051863,1.6116316353856468,1,1
D100,O044,3,113,0.6115123267861162,721,0.4323761389499774,0.3249254075658305,0.14400789358316032,0.2057651422999217,5.188637143423622,1,1
D100,O039,3,113,0.6115123267861162,48,0.23271826163391704,0.17994216982882252,0.033136716412387766,0.009267722660894678,7.735302700968688,1,1
D100,O002,3,113,0.6115123267861162,71,0.3869572888593429,0.3359060402524592,0.4237565470025848,0.2289968100269869,83.12511836496435,1,1
D100,O040,3,113,0.6115123267861162,585,0.39295945909914204,0.39457393035340843,0.49881523135642764,0.05135952265618624,14.252098768706817,1,2
D100,O094,3,113,0.6115123267861162,888,0.3020897605205713,0.09146905532601642,0.35894591710200935,0.2171888653996259,27.41085260307382,1,5
D100,O081,3,113,0.6115123267861162,229,0.311863322482168,0.04075722691061323,0.19095392421992533,0.02739734620632218,0.6097018515377178,1,1
D100,O049,3,113,0.6115123267861162,33,0.06812771834318439,0.32719790546899485,0.35145855206621296,0.16958665122464434,1.8896835200947433,1,1
D100,O052,3,113,0.6115123267861162,249,0.2931097132079093,0.3814959415656873,0.2938470301831344,0.11894055514138323,0.5015927101920599,1,1
D100,O008,3,113,0.6115123267861162,217,0.11836586776404656,0.010264004522404446,0.43857764367626295,0.018412668361408348,3.575437414313759,1,1
D100,O054,3,113,0.6115123267861162,70,0.4839396769446982,0.22536965317316154,0.03930216819422613,0.15840050766206762,1.0282529368841058,1,1
D100,O024,3,113,0.6115123267861162,109,0.10754307926740679,0.37018563204761357,0.33107988983875875,0.015416181466785838,6.304497557330792,1,1
D100,O096,3,113,0.6115123267861162,91,0.16170145035385156,0.2643539191149355,0.06955567449111148,0.22233066342288632,0.7713641646886089,1,1
D100,O011,3,113,0.6115123267861162,163,0.25776627650906286,0.2303694517776211,0.06737682806363049,0.14710779675896993,91.70680464514531,1,5
D100,O007,3,113,0.6115123267861162,20,0.14113037245484783,0.13876459429554666,0.1666223660040416,0.10804294323375169,48.415238066551936,1,1
D100,O005,3,113,0.6115123267861162,472,0.4589275080729363,0.08115278028022999,0.01805553152120237,0.016407342151695845,5.656278920047442,1,1
D100,O051,3,113,0.6115123267861162,264,0.41545850105358517,0.16117913503688408,0.31172678881737154,0.04432963616759917,29.375100601310205,1,2
D100,O035,3,113,0.6115123267861162,173,0.04115959515567879,0.2568973510762646,0.341435098368886,0.12832396264407875,33.55867734781047,1,1
D100,O061,3,113,0.6115123267861162,27,0.3818054373139011,0.016164820124611564,0.49161369207236744,0.15170831162875867,2.704226534184525,1,1
D100,O041,3,113,0.6115123267861162,49,0.29773529796391324,0.2682058880863957,0.21258059195189896,0.13536346098324145,6.422809519648459,1,1
D100,O063,3,113,0.6115123267861162,159,0.16777747895905004,0.06995771215016022,0.1303723567023025,0.23670560860575965,35.98655231023139,1,1
D100,O019,3,113,0.6115123267861162,24,0.43162963836847273,0.2540667171143032,0.25374033794612383,0.035040597237275414,32.89046352986745,1,1
D100,O012,3,113,0.6115123267861162,121,0.018977159008053714,0.04210847176585192,0.10616643187530726,0.054886753813351695,1.8282853898334144,1,1
D100,O043,3,113,0.6115123267861162,936,0.15426768642279118,0.33291989469689626,0.3891618356934266,0.22532924015852426,3.26544153713843,1,1
D100,O020,3,113,0.6115123267861162,113,0.34826997592038184,0.09528586345019373,0.4094664889372201,0.24640169843124984,56.59198119339328,1,1
D100,O038,3,113,0.6115123267861162,765,0.13732854699013036,0.15389066235695392,0.3957456035362972,0.09581902124053866,11.34675406331586,1,2
D100,O010,3,113,0.6115123267861162,78,0.42428609036547965,0.04657399042364526,0.4729163397200382,0.0751091814821646,20.648364158380655,1,1
D100,O053,3,113,0.6115123267861162,251,0.008437374343120882,0.21970454406000367,0.07760861372476294,0.043406152521391926,15.704072062843153,1,1
D100,O032,3,113,0.6115123267861162,449,0.47407037046920236,0.2939643960095397,0.3338689716235752,0.19214128568359498,0.6467632780905109,1,1
D100,O083,3,113,0.6115123267861162,89,0.0026292440689011016,0.11891721005650385,0.01234014792986679,0.1423155000056148,8.932954010356676,1,1
D100,O050,3,113,0.6115123267861162,322,0.20605210901232662,0.1235097854541975,0.23025885735500393,0.24203168280895757,3.7974936169643003,1,1
D100,O084,3,113,0.6115123267861162,797,0.3729926769965046,0.00038649133259261126,0.0015211296530381324,0.21211963380230117,57.968250320486554,1,10
D100,O027,3,113,0.6115123267861162,120,0.17379211770070632,0.27539058086552737,0.1159901845036011,0.0031260536499028886,1.2414059949857388,1,1
D100,O023,3,113,0.6115123267861162,410,0.21445143650369905,0.1278983599397813,0.09400253805958962,0.08365268726290574,18.724748063248505,1,2
D100,O047,3,113,0.6115123267861162,32,0.45759305330669026,0.35742600924919476,0.3652359087633477,0.12397431353742944,4.578704726331181,1,1
D100,O067,3,113,0.6115123267861162,60,0.35992868878826584,0.02076874017167992,0.17423242461745192,0.0965105355241593,2.1003211333451848,1,1
D100,O074,3,113,0.6115123267861162,36,0.04256894354729143,0.004280635208135988,0.08729344080162678,0.07148454213260426,17.202121910274414,1,1
D100,O092,3,113,0.6115123267861162,303,0.4427063112729767,0.17226722665159136,0.4364919026956049,0.17566795406842103,23.101547487550636,1,2
D100,O045,3,113,0.6115123267861162,692,0.33110476806173594,0.08646504541541372,0.22004213527881566,0.08596571587890212,2.810064906380055,1,1
D100,O093,3,113,0.6115123267861162,25,0.27627503482623056,0.07815342445263838,0.29138458201830647,0.04123940092547084,41.46024928161635,1,1
D100,O055,3,113,0.6115123267861162,143,0.09821221972656778,0.1636668169410805,0.28503377285937526,0.11581965182801995,1.3300221265710437,1,1
D114,O006,6,941,5.2696396789088755,26,0.46643889626056984,0.1999019902784377,0.36047690978299723,0.19632186896831513,0.7164933989680144,1,1
D114,O071,6,941,5.2696396789088755,830,0.02577223787060603,0.059916075683899506,0.006124036584080637,0.001567019036236368,15.173323377461541,1,20
D114,O014,6,941,5.2696396789088755,505,0.055050563519665925,0.385744929065962,0.3235732737788464,0.24919199267349826,40.509619850150905,1,50
D114,O017,6,941,5.2696396789088755,47,0.23594790081754102,0.20555857271914696,0.45042194931634016,0.031413736601039494,53.72409801145742,1,5
D114,O086,6,941,5.2696396789088755,135,0.46988821914906914,0.05636599657473364,0.04382145887034975,0.20420128774402999,39.12492865085397,1,10
D114,O068,6,941,5.2696396789088755,871,0.14852577867663705,0.23899060027800526,0.4312666597088087,0.024847913302553898,0.9200696163057719,1,1
D114,O088,6,941,5.2696396789088755,74,0.028069089455227885,0.0540852458243732,0.20267396198384915,0.18713991585106382,1.5827391896984995,1,1
D114,O004,6,941,5.2696396789088755,544,0.015441285299266139,0.39993712983284035,0.04776710118920632,0.021638755647051863,1.6116316353856468,1,2
D114,O044,6,941,5.2696396789088755,721,0.4323761389499774,0.3249254075658305,0.14400789358316032,0.2057651422999217,5.188637143423622,1,5
D114,O039,6,941,5.2696396789088755,48,0.23271826163391704,0.17994216982882252,0.033136716412387766,0.009267722660894678,7.735302700968688,1,1
D114,O002,6,941,5.2696396789088755,71,0.3869572888593429,0.3359060402524592,0.4237565470025848,0.2289968100269869,83.12511836496435,1,10
D114,O040,6,941,5.2696396789088755,585,0.39295945909914204,0.39457393035340843,0.49881523135642764,0.05135952265618624,14.252098768706817,1,20
D114,O094,6,941,5.2696396789088755,888,0.3020897605205713,0.09146905532601642,0.35894591710200935,0.2171888653996259,27.41085260307382,1,50
D114,O081,6,941,5.2696396789088755,229,0.311863322482168,0.04075722691061323,0.19095392421992533,0.02739734620632218,0.6097018515377178,1,1
D114,O049,6,941,5.2696396789088755,33,0.06812771834318439,0.32719790546899485,0.35145855206621296,0.16958665122464434,1.8896835200947433,1,1
D114,O052,6,941,5.2696396789088755,249,0.2931097132079093,0.3814959415656873,0.2938470301831344,0.11894055514138323,0.5015927101920599,1,1
D114,O008,6,941,5.2696396789088755,217,0.11836586776404656,0.010264004522404446,0.43857764367626295,0.018412668361408348,3.575437414313759,1,1
D114,O054,6,941,5.2696396789088755,70,0.4839396769446982,0.22536965317316154,0.03930216819422613,0.15840050766206762,1.0282529368841058,1,1
D114,O024,6,941,5.2696396789088755,109,0.10754307926740679,0.37018563204761357,0.33107988983875875,0.015416181466785838,6.304497557330792,1,1
D114,O096,6,941,5.2696396789088755,91,0.16170145035385156,0.2643539191149355,0.06955567449111148,0.22233066342288632,0.7713641646886089,1,1
D114,O011,6,941,5.2696396789088755,163,0.25776627650906286,0.2303694517776211,0.06737682806363049,0.14710779675896993,91.70680464514531,1,20
D114,O007,6,941,5.2696396789088755,20,0.14113037245484783,0.13876459429554666,0.1666223660040416,0.10804294323375169,48.415238066551936,1,2
D114,O005,6,941,5.2696396789088755,472,0.4589275080729363,0.08115278028022999,0.01805553152120237,0.016407342151695845,5.656278920047442,1,5
D114,O051,6,941,5.2696396789088755,264,0.41545850105358517,0.16117913503688408,0.31172678881737154,0.04432963616759917,29.375100601310205,1,10
D114,O035,6,941,5.2696396789088755,173,0.04115959515567879,0.2568973510762646,0.341435098368886,0.12832396264407875,33.55867734781047,1,10
D114,O061,6,941,5.2696396789088755,27,0.3818054373139011,0.016164820124611564,0.49161369207236744,0.15170831162875867,2.704226534184525,1,1
D114,O041,6,941,5.2696396789088755,49,0.29773529796391324,0.2682058880863957,0.21258059195189896,0.13536346098324145,6.422809519648459,1,1
D114,O063,6,941,5.2696396789088755,159,0.16777747895905004,0.06995771215016022,0.1303723567023025,0.23670560860575965,35.98655231023139,1,10
D114,O019,6,941,5.2696396789088755,24,0.43162963836847273,0.2540667171143032,0.25374033794612383,0.035040597237275414,32.89046352986745,1,1
D114,O012,6,941,5.2696396789088755,121,0.018977159008053714,0.04210847176585192,0.10616643187530726,0.054886753813351695,1.8282853898334144,1,1
D114,O043,6,941,5.2696396789088755,936,0.15426768642279118,0.33291989469689626,0.3891618356934266,0.22532924015852426,3.26544153713843,1,5
D114,O020,6,941,5.2696396789088755,113,0.34826997592038184,0.09528586345019373,0.4094664889372201,0.24640169843124984,56.59198119339328,1,10
D114,O038,6,941,5.2696396789088755,765,0.13732854699013036,0.15389066235695392,0.3957456035362972,0.09581902124053866,11.34675406331586,1,20
D114,O010,6,941,5.2696396789088755,78,0.42428609036547965,0.04657399042364526,0.4729163397200382,0.0751091814821646,20.648364158380655,1,2
D114,O053,6,941,5.2696396789088755,251,0.008437374343120882,0.21970454406000367,0.07760861372476294,0.043406152521391926,15.704072062843153,1,5
D114,O032,6,941,5.2696396789088755,449,0.47407037046920236,0.2939643960095397,0.3338689716235752,0.19214128568359498,0.6467632780905109,1,1
D114,O083,6,941,5.2696396789088755,89,0.0026292440689011016,0.11891721005650385,0.01234014792986679,0.1423155000056148,8.932954010356676,1,1
D114,O050,6,941,5.2696396789088755,322,0.20605210901232662,0.1235097854541975,0.23025885735500393,0.24203168280895757,3.7974936169643003,1,2
D114,O084,6,941,5.2696396789088755,797,0.3729926769965046,0.00038649133259261126,0.0015211296530381324,0.21211963380230117,57.968250320486554,1,100
D114,O027,6,941,5.2696396789088755,120,0.17379211770070632,0.27539058086552737,0.1159901845036011,0.0031260536499028886,1.2414059949857388,1,1
D114,O023,6,941,5.2696396789088755,410,0.21445143650369905,0.1278983599397813,0.09400253805958962,0.08365268726290574,18.724748063248505,1,10
D114,O047,6,941,5.2696396789088755,32,0.45759305330669026,0.35742600924919476,0.3652359087633477,0.12397431353742944,4.578704726331181,1,1
D114,O067,6,941,5.2696396789088755,60,0.35992868878826584,0.02076874017167992,0.17423242461745192,0.0965105355241593,2.1003211333451848,1,1
D114,O074,6,941,5.2696396789088755,36,0.04256894354729143,0.004280635208135988,0.08729344080162678,0.07148454213260426,17.202121910274414,1,1
D114,O092,6,941,5.2696396789088755,303,0.4427063112729767,0.17226722665159136,0.4364919026956049,0.17566795406842103,23.101547487550636,1,10
D114,O045,6,941,5.2696396789088755,692,0.33110476806173594,0.08646504541541372,0.22004213527881566,0.08596571587890212,2.810064906380055,1,5
D114,O093,6,941,5.2696396789088755,25,0.27627503482623056,0.07815342445263838,0.29138458201830647,0.04123940092547084,41.46024928161635,1,2
D114,O055,6,941,5.2696396789088755,143,0.09821221972656778,0.1636668169410805,0.28503377285937526,0.11581965182801995,1.3300221265710437,1,1
D001,O006,8,474,7.23012406874454,26,0.46643889626056984,0.1999019902784377,0.36047690978299723,0.19632186896831513,0.7164933989680144,1,1
D001,O071,8,474,7.23012406874454,830,0.02577223787060603,0.059916075683899506,0.006124036584080637,0.001567019036236368,15.173323377461541,1,10
D001,O014,8,474,7.23012406874454,505,0.055050563519665925,0.385744929065962,0.3235732737788464,0.24919199267349826,40.509619850150905,1,20
D001,O017,8,474,7.23012406874454,47,0.23594790081754102,0.20555857271914696,0.45042194931634016,0.031413736601039494,53.72409801145742,1,2
D001,O086,8,474,7.23012406874454,135,0.46988821914906914,0.05636599657473364,0.04382145887034975,0.20420128774402999,39.12492865085397,1,5
D001,O068,8,474,7.23012406874454,871,0.14852577867663705,0.23899060027800526,0.4312666597088087,0.024847913302553898,0.9200696163057719,1,1
D001,O088,8,474,7.23012406874454,74,0.028069089455227885,0.0540852458243732,0.20267396198384915,0.18713991585106382,1.5827391896984995,1,1
D001,O004,8,474,7.23012406874454,544,0.015441285299266139,0.39993712983284035,0.04776710118920632,0.021638755647051863,1.6116316353856468,1,1
D001,O044,8,474,7.23012406874454,721,0.4323761389499774,0.3249254075658305,0.14400789358316032,0.2057651422999217,5.188637143423622,1,5
D001,O039,8,474,7.23012406874454,48,0.23271826163391704,0.17994216982882252,0.033136716412387766,0.009267722660894678,7.735302700968688,1,1
D001,O002,8,474,7.23012406874454,71,0.3869572888593429,0.3359060402524592,0.4237565470025848,0.2289968100269869,83.12511836496435,1,5
D001,O040,8,474,7.23012406874454,585,0.39295945909914204,0.39457393035340843,0.49881523135642764,0.05135952265618624,14.252098768706817,1,10
D001,O094,8,474,7.23012406874454,888,0.3020897605205713,0.09146905532601642,0.35894591710200935,0.2171888653996259,27.41085260307382,1,20
D001,O081,8,474,7.23012406874454,229,0.311863322482168,0.04075722691061323,0.19095392421992533,0.02739734620632218,0.6097018515377178,1,1
D001,O049,8,474,7.23012406874454,33,0.06812771834318439,0.32719790546899485,0.35145855206621296,0.16958665122464434,1.8896835200947433,1,1
D001,O052,8,474,7.23012406874454,249,0.2931097132079093,0.3814959415656873,0.2938470301831344,0.11894055514138323,0.5015927101920599,1,1
D001,O008,8,474,7.23012406874454,217,0.11836586776404656,0.010264004522404446,0.43857764367626295,0.018412668361408348,3.575437414313759,1,1
D001,O054,8,474,7.23012406874454,70,0.4839396769446982,0.22536965317316154,0.03930216819422613,0.15840050766206762,1.0282529368841058,1,1
D001,O024,8,474,7.23012406874454,109,0.10754307926740679,0.37018563204761357,0.33107988983875875,0.015416181466785838,6.304497557330792,1,1
D001,O096,8,474,7.23012406874454,91,0.16170145035385156,0.2643539191149355,0.06955567449111148,0.22233066342288632,0.7713641646886089,1,1
D001,O011,8,474,7.23012406874454,163,0.25776627650906286,0.2303694517776211,0.06737682806363049,0.14710779675896993,91.70680464514531,1,10
D001,O007,8,474,7.23012406874454,20,0.14113037245484783,0.13876459429554666,0.1666223660040416,0.10804294323375169,48.415238066551936,1,1
D001,O005,8,474,7.23012406874454,472,0.4589275080729363,0.08115278028022999,0.01805553152120237,0.016407342151695845,5.656278920047442,1,2
D001,O051,8,474,7.23012406874454,264,0.41545850105358517,0.16117913503688408,0.31172678881737154,0.04432963616759917,29.375100601310205,1,5
D001,O035,8,474,7.23012406874454,173,0.04115959515567879,0.2568973510762646,0.341435098368886,0.12832396264407875,33.55867734781047,1,5
D001,O061,8,474,7.23012406874454,27,0.3818054373139011,0.016164820124611564,0.49161369207236744,0.15170831162875867,2.704226534184525,1,1
D001,O041,8,474,7.23012406874454,49,0.29773529796391324,0.2682058880863957,0.21258059195189896,0.13536346098324145,6.422809519648459,1,1
D001,O063,8,474,7.23012406874454,159,0.16777747895905004,0.06995771215016022,0.1303723567023025,0.23670560860575965,35.98655231023139,1,5
D001,O019,8,474,7.23012406874454,24,0.43162963836847273,0.2540667171143032,0.25374033794612383,0.035040597237275414,32.89046352986745,1,1
D001,O012,8,474,7.23012406874454,121,0.018977159008053714,0.04210847176585192,0.10616643187530726,0.054886753813351695,1.8282853898334144,1,1
D001,O043,8,474,7.23012406874454,936,0.15426768642279118,0.33291989469689626,0.3891618356934266,0.22532924015852426,3.26544153713843,1,2
D001,O020,8,474,7.23012406874454,113,0.34826997592038184,0.09528586345019373,0.4094664889372201,0.24640169843124984,56.59198119339328,1,5
D001,O038,8,474,7.23012406874454,765,0.13732854699013036,0.15389066235695392,0.3957456035362972,0.09581902124053866,11.34675406331586,1,10
D001,O010,8,474,7.23012406874454,78,0.42428609036547965,0.04657399042364526,0.4729163397200382,0.0751091814821646,20.648364158380655,1,1
D001,O053,8,474,7.23012406874454,251,0.008437374343120882,0.21970454406000367,0.07760861372476294,0.043406152521391926,15.704072062843153,1,5
D001,O032,8,474,7.23012406874454,449,0.47407037046920236,0.2939643960095397,0.3338689716235752,0.19214128568359498,0.6467632780905109,1,1
D001,O083,8,474,7.23012406874454,89,0.0026292440689011016,0.11891721005650385,0.01234014792986679,0.1423155000056148,8.932954010356676,1,1
D001,O050,8,474,7.23012406874454,322,0.20605210901232662,0.1235097854541975,0.23025885735500393,0.24203168280895757,3.7974936169643003,1,1
D001,O084,8,474,7.23012406874454,797,0.3729926769965046,0.00038649133259261126,0.0015211296530381324,0.21211963380230117,57.968250320486554,1,50
D001,O027,8,474,7.23012406874454,120,0.17379211770070632,0.27539058086552737,0.1159901845036011,0.0031260536499028886,1.2414059949857388,1,1
D001,O023,8,474,7.23012406874454,410,0.21445143650369905,0.1278983599397813,0.09400253805958962,0.08365268726290574,18.724748063248505,1,5
D001,O047,8,474,7.23012406874454,32,0.45759305330669026,0.35742600924919476,0.3652359087633477,0.12397431353742944,4.578704726331181,1,1
D001,O067,8,474,7.23012406874454,60,0.35992868878826584,0.02076874017167992,0.17423242461745192,0.0965105355241593,2.1003211333451848,1,1
D001,O074,8,474,7.23012406874454,36,0.04256894354729143,0.004280635208135988,0.08729344080162678,0.07148454213260426,17.202121910274414,1,1
D001,O092,8,474,7.23012406874454,303,0.4427063112729767,0.17226722665159136,0.4364919026956049,0.17566795406842103,23.101547487550636,1,5
D001,O045,8,474,7.23012406874454,692,0.33110476806173594,0.08646504541541372,0.22004213527881566,0.08596571587890212,2.810064906380055,1,2
D001,O093,8,474,7.23012406874454,25,0.27627503482623056,0.07815342445263838,0.29138458201830647,0.04123940092547084,41.46024928161635,1,1
D001,O055,8,474,7.23012406874454,143,0.09821221972656778,0.1636668169410805,0.28503377285937526,0.11581965182801995,1.3300221265710437,1,1
D020,O006,6,186,1.1191703727404534,26,0.46643889626056984,0.1999019902784377,0.36047690978299723,0.19632186896831513,0.7164933989680144,1,1
D020,O071,6,186,1.1191703727404534,830,0.02577223787060603,0.059916075683899506,0.006124036584080637,0.001567019036236368,15.173323377461541,1,5
D020,O014,6,186,1.1191703727404534,505,0.055050563519665925,0.385744929065962,0.3235732737788464,0.24919199267349826,40.509619850150905,1,5
D020,O017,6,186,1.1191703727404534,47,0.23594790081754102,0.20555857271914696,0.45042194931634016,0.031413736601039494,53.72409801145742,1,1
D020,O086,6,186,1.1191703727404534,135,0.46988821914906914,0.05636599657473364,0.04382145887034975,0.20420128774402999,39.12492865085397,1,2
D020,O068,6,186,1.1191703727404534,871,0.14852577867663705,0.23899060027800526,0.4312666597088087,0.024847913302553898,0.9200696163057719,1,1
D020,O088,6,186,1.1191703727404534,74,0.028069089455227885,0.0540852458243732,0.20267396198384915,0.18713991585106382,1.5827391896984995,1,1
D020,O004,6,186,1.1191703727404534,544,0.015441285299266139,0.39993712983284035,0.04776710118920632,0.021638755647051863,1.6116316353856468,1,1
D020,O044,6,186,1.1191703727404534,721,0.4323761389499774,0.3249254075658305,0.14400789358316032,0.2057651422999217,5.188637143423622,1,1
D020,O039,6,186,1.1191703727404534,48,0.23271826163391704,0.17994216982882252,0.033136716412387766,0.009267722660894678,7.735302700968688,1,1
D020,O002,6,186,1.1191703727404534,71,0.3869572888593429,0.3359060402524592,0.4237565470025848,0.2289968100269869,83.12511836496435,1,2
D020,O040,6,186,1.1191703727404534,585,0.39295945909914204,0.39457393035340843,0.49881523135642764,0.05135952265618624,14.252098768706817,1,5
D020,O094,6,186,1.1191703727404534,888,0.3020897605205713,0.09146905532601642,0.35894591710200935,0.2171888653996259,27.41085260307382,1,10
D020,O081,6,186,1.1191703727404534,229,0.311863322482168,0.04075722691061323,0.19095392421992533,0.02739734620632218,0.6097018515377178,1,1
D020,O049,6,186,1.1191703727404534,33,0.06812771834318439,0.32719790546899485,0.35145855206621296,0.16958665122464434,1.8896835200947433,1,1
D020,O052,6,186,1.1191703727404534,249,0.2931097132079093,0.3814959415656873,0.2938470301831344,0.11894055514138323,0.5015927101920599,1,1
D020,O008,6,186,1.1191703727404534,217,0.11836586776404656,0.010264004522404446,0.43857764367626295,0.018412668361408348,3.575437414313759,1,1
D020,O054,6,186,1.1191703727404534,70,0.4839396769446982,0.22536965317316154,0.03930216819422613,0.15840050766206762,1.0282529368841058,1,1
D020,O024,6,186,1.1191703727404534,109,0.10754307926740679,0.37018563204761357,0.33107988983875875,0.015416181466785838,6.304497557330792,1,1
D020,O096,6,186,1.1191703727404534,91,0.16170145035385156,0.2643539191149355,0.06955567449111148,0.22233066342288632,0.7713641646886089,1,1
D020,O011,6,186,1.1191703727404534,163,0.25776627650906286,0.2303694517776211,0.06737682806363049,0.14710779675896993,91.70680464514531,1,5
D020,O007,6,186,1.1191703727404534,20,0.14113037245484783,0.13876459429554666,0.1666223660040416,0.10804294323375169,48.415238066551936,1,1
D020,O005,6,186,1.1191703727404534,472,0.4589275080729363,0.08115278028022999,0.01805553152120237,0.016407342151695845,5.656278920047442,1,1
D020,O051,6,186,1.1191703727404534,264,0.41545850105358517,0.16117913503688408,0.31172678881737154,0.04432963616759917,29.375100601310205,1,2
D020,O035,6,186,1.1191703727404534,173,0.04115959515567879,0.2568973510762646,0.341435098368886,0.12832396264407875,33.55867734781047,1,2
D020,O061,6,186,1.1191703727404534,27,0.3818054373139011,0.016164820124611564,0.49161369207236744,0.15170831162875867,2.704226534184525,1,1
D020,O041,6,186,1.1191703727404534,49,0.29773529796391324,0.2682058880863957,0.21258059195189896,0.13536346098324145,6.422809519648459,1,1
D020,O063,6,186,1.1191703727404534,159,0.16777747895905004,0.06995771215016022,0.1303723567023025,0.23670560860575965,35.98655231023139,1,2
D020,O019,6,186,1.1191703727404534,24,0.43162963836847273,0.2540667171143032,0.25374033794612383,0.035040597237275414,32.89046352986745,1,1
D020,O012,6,186,1.1191703727404534,121,0.018977159008053714,0.04210847176585192,0.10616643187530726,0.054886753813351695,1.8282853898334144,1,1
D020,O043,6,186,1.1191703727404534,936,0.15426768642279118,0.33291989469689626,0.3891618356934266,0.22532924015852426,3.26544153713843,1,1
D020,O020,6,186,1.1191703727404534,113,0.34826997592038184,0.09528586345019373,0.4094664889372201,0.24640169843124984,56.59198119339328,1,2
D020,O038,6,186,1.1191703727404534,765,0.13732854699013036,0.15389066235695392,0.3957456035362972,0.09581902124053866,11.34675406331586,1,5
D020,O010,6,186,1.1191703727404534,78,0.42428609036547965,0.04657399042364526,0.4729163397200382,0.0751091814821646,20.648364158380655,1,1
D020,O053,6,186,1.1191703727404534,251,0.008437374343120882,0.21970454406000367,0.07760861372476294,0.043406152521391926,15.704072062843153,1,1
D020,O032,6,186,1.1191703727404534,449,0.47407037046920236,0.2939643960095397,0.3338689716235752,0.19214128568359498,0.6467632780905109,1,1
D020,O083,6,186,1.1191703727404534,89,0.0026292440689011016,0.11891721005650385,0.01234014792986679,0.1423155000056148,8.932954010356676,1,1
D020,O050,6,186,1.1191703727404534,322,0.20605210901232662,0.1235097854541975,0.23025885735500393,0.24203168280895757,3.7974936169643003,1,1
D020,O084,6,186,1.1191703727404534,797,0.3729926769965046,0.00038649133259261126,0.0015211296530381324,0.21211963380230117,57.968250320486554,1,20
D020,O027,6,186,1.1191703727404534,120,0.17379211770070632,0.27539058086552737,0.1159901845036011,0.0031260536499028886,1.2414059949857388,1,1
D020,O023,6,186,1.1191703727404534,410,0.21445143650369905,0.1278983599397813,0.09400253805958962,0.08365268726290574,18.724748063248505,1,2
D020,O047,6,186,1.1191703727404534,32,0.45759305330669026,0.35742600924919476,0.3652359087633477,0.12397431353742944,4.578704726331181,1,1
D020,O067,6,186,1.1191703727404534,60,0.35992868878826584,0.02076874017167992,0.17423242461745192,0.0965105355241593,2.1003211333451848,1,1
D020,O074,6,186,1.1191703727404534,36,0.04256894354729143,0.004280635208135988,0.08729344080162678,0.07148454213260426,17.202121910274414,1,1
D020,O092,6,186,1.1191703727404534,303,0.4427063112729767,0.17226722665159136,0.4364919026956049,0.17566795406842103,23.101547487550636,1,2
D020,O045,6,186,1.1191703727404534,692,0.33110476806173594,0.08646504541541372,0.22004213527881566,0.08596571587890212,2.810064906380055,1,1
D020,O093,6,186,1.1191703727404534,25,0.27627503482623056,0.07815342445263838,0.29138458201830647,0.04123940092547084,41.46024928161635,1,1
D020,O055,6,186,1.1191703727404534,143,0.09821221972656778,0.1636668169410805,0.28503377285937526,0.11581965182801995,1.3300221265710437,1,1
D004,O006,1,144,6.9120524081527215,26,0.46643889626056984,0.1999019902784377,0.36047690978299723,0.19632186896831513,0.7164933989680144,1,1
D004,O071,1,144,6.9120524081527215,830,0.02577223787060603,0.059916075683899506,0.006124036584080637,0.001567019036236368,15.173323377461541,1,5
D004,O014,1,144,6.9120524081527215,505,0.055050563519665925,0.385744929065962,0.3235732737788464,0.24919199267349826,40.509619850150905,1,5
D004,O017,1,144,6.9120524081527215,47,0.23594790081754102,0.20555857271914696,0.45042194931634016,0.031413736601039494,53.72409801145742,1,1
D004,O086,1,144,6.9120524081527215,135,0.46988821914906914,0.05636599657473364,0.04382145887034975,0.20420128774402999,39.12492865085397,1,1
D004,O068,1,144,6.9120524081527215,871,0.14852577867663705,0.23899060027800526,0.4312666597088087,0.024847913302553898,0.9200696163057719,1,1
D004,O088,1,144,6.9120524081527215,74,0.028069089455227885,0.0540852458243732,0.20267396198384915,0.18713991585106382,1.5827391896984995,1,1
D004,O004,1,144,6.9120524081527215,544,0.015441285299266139,0.39993712983284035,0.04776710118920632,0.021638755647051863,1.6116316353856468,1,1
D004,O044,1,144,6.9120524081527215,721,0.4323761389499774,0.3249254075658305,0.14400789358316032,0.2057651422999217,5.188637143423622,1,1
D004,O039,1,144,6.9120524081527215,48,0.23271826163391704,0.17994216982882252,0.033136716412387766,0.009267722660894678,7.735302700968688,1,1
D004,O002,1,144,6.9120524081527215,71,0.3869572888593429,0.3359060402524592,0.4237565470025848,0.2289968100269869,83.12511836496435,1,2
D004,O040,1,144,6.9120524081527215,585,0.39295945909914204,0.39457393035340843,0.49881523135642764,0.05135952265618624,14.252098768706817,1,2
D004,O094,1,144,6.9120524081527215,888,0.3020897605205713,0.09146905532601642,0.35894591710200935,0.2171888653996259,27.41085260307382,1,5
D004,O081,1,144,6.9120524081527215,229,0.311863322482168,0.04075722691061323,0.19095392421992533,0.02739734620632218,0.6097018515377178,1,1
D004,O049,1,144,6.9120524081527215,33,0.06812771834318439,0.32719790546899485,0.35145855206621296,0.16958665122464434,1.8896835200947433,1,1
D004,O052,1,144,6.9120524081527215,249,0.2931097132079093,0.3814959415656873,0.2938470301831344,0.11894055514138323,0.5015927101920599,1,1
D004,O008,1,144,6.9120524081527215,217,0.11836586776404656,0.010264004522404446,0.43857764367626295,0.018412668361408348,3.575437414313759,1,1
D004,O054,1,144,6.9120524081527215,70,0.4839396769446982,0.22536965317316154,0.03930216819422613,0.15840050766206762,1.0282529368841058,1,1
D004,O024,1,144,6.9120524081527215,109,0.10754307926740679,0.37018563204761357,0.33107988983875875,0.015416181466785838,6.304497557330792,1,1
D004,O096,1,144,6.9120524081527215,91,0.16170145035385156,0.2643539191149355,0.06955567449111148,0.22233066342288632,0.7713641646886089,1,1
D004,O011,1,144,6.9120524081527215,163,0.25776627650906286,0.2303694517776211,0.06737682806363049,0.14710779675896993,91.70680464514531,1,5
D004,O007,1,144,6.9120524081527215,20,0.14113037245484783,0.13876459429554666,0.1666223660040416,0.10804294323375169,48.415238066551936,1,1
D004,O005,1,144,6.9120524081527215,472,0.4589275080729363,0.08115278028022999,0.01805553152120237,0.016407342151695845,5.656278920047442,1,1
D004,O051,1,144,6.9120524081527215,264,0.41545850105358517,0.16117913503688408,0.31172678881737154,0.04432963616759917,29.375100601310205,1,2
D004,O035,1,144,6.9120524081527215,173,0.04115959515567879,0.2568973510762646,0.341435098368886,0.12832396264407875,33.55867734781047,1,2
D004,O061,1,144,6.9120524081527215,27,0.3818054373139011,0.016164820124611564,0.49161369207236744,0.15170831162875867,2.704226534184525,1,1
D004,O041,1,144,6.9120524081527215,49,0.29773529796391324,0.2682058880863957,0.21258059195189896,0.13536346098324145,6.422809519648459,1,1
D004,O063,1,144,6.9120524081527215,159,0.16777747895905004,0.06995771215016022,0.1303723567023025,0.23670560860575965,35.98655231023139,1,2
D004,O019,1,144,6.9120524081527215,24,0.43162963836847273,0.2540667171143032,0.25374033794612383,0.035040597237275414,32.89046352986745,1,1
D004,O012,1,144,6.9120524081527215,121,0.018977159008053714,0.04210847176585192,0.10616643187530726,0.054886753813351695,1.8282853898334144,1,1
D004,O043,1,144,6.9120524081527215,936,0.15426768642279118,0.33291989469689626,0.3891618356934266,0.22532924015852426,3.26544153713843,1,1
D004,O020,1,144,6.9120524081527215,113,0.34826997592038184,0.09528586345019373,0.4094664889372201,0.24640169843124984,56.59198119339328,1,2
D004,O038,1,144,6.9120524081527215,765,0.13732854699013036,0.15389066235695392,0.3957456035362972,0.09581902124053866,11.34675406331586,1,2
D004,O010,1,144,6.9120524081527215,78,0.42428609036547965,0.04657399042364526,0.4729163397200382,0.0751091814821646,20.648364158380655,1,1
D004,O053,1,144,6.9120524081527215,251,0.008437374343120882,0.21970454406000367,0.07760861372476294,0.043406152521391926,15.704072062843153,1,1
D004,O032,1,144,6.9120524081527215,449,0.47407037046920236,0.2939643960095397,0.3338689716235752,0.19214128568359498,0.6467632780905109,1,1
D004,O083,1,144,6.9120524081527215,89,0.0026292440689011016,0.11891721005650385,0.01234014792986679,0.1423155000056148,8.932954010356676,1,1
D004,O050,1,144,6.9120524081527215,322,0.20605210901232662,0.1235097854541975,0.23025885735500393,0.24203168280895757,3.7974936169643003,1,1
D004,O084,1,144,6.9120524081527215,797,0.3729926769965046,0.00038649133259261126,0.0015211296530381324,0.21211963380230117,57.968250320486554,1,10
D004,O027,1,144,6.9120524081527215,120,0.17379211770070632,0.27539058086552737,0.1159901845036011,0.0031260536499028886,1.2414059949857388,1,1
D004,O023,1,144,6.9120524081527215,410,0.21445143650369905,0.1278983599397813,0.09400253805958962,0.08365268726290574,18.724748063248505,1,2
D004,O047,1,144,6.9120524081527215,32,0.45759305330669026,0.35742600924919476,0.3652359087633477,0.12397431353742944,4.578704726331181,1,1
D004,O067,1,144,6.9120524081527215,60,0.35992868878826584,0.02076874017167992,0.17423242461745192,0.0965105355241593,2.1003211333451848,1,1
D004,O074,1,144,6.9120524081527215,36,0.04256894354729143,0.004280635208135988,0.08729344080162678,0.07148454213260426,17.202121910274414,1,1
D004,O092,1,144,6.9120524081527215,303,0.4427063112729767,0.17226722665159136,0.4364919026956049,0.17566795406842103,23.101547487550636,1,2
D004,O045,1,144,6.9120524081527215,692,0.33110476806173594,0.08646504541541372,0.22004213527881566,0.08596571587890212,2.810064906380055,1,1
D004,O093,1,144,6.9120524081527215,25,0.27627503482623056,0.07815342445263838,0.29138458201830647,0.04123940092547084,41.46024928161635,1,1
D004,O055,1,144,6.9120524081527215,143,0.09821221972656778,0.1636668169410805,0.28503377285937526,0.11581965182801995,1.3300221265710437,1,1
D033,O006,7,91,2.17495650838662,26,0.46643889626056984,0.1999019902784377,0.36047690978299723,0.19632186896831513,0.7164933989680144,1,1
D033,O071,7,91,2.17495650838662,830,0.02577223787060603,0.059916075683899506,0.006124036584080637,0.001567019036236368,15.173323377461541,1,2
D033,O014,7,91,2.17495650838662,505,0.055050563519665925,0.385744929065962,0.3235732737788464,0.24919199267349826,40.509619850150905,1,5
D033,O017,7,91,2.17495650838662,47,0.23594790081754102,0.20555857271914696,0.45042194931634016,0.031413736601039494,53.72409801145742,1,1
D033,O086,7,91,2.17495650838662,135,0.46988821914906914,0.05636599657473364,0.04382145887034975,0.20420128774402999,39.12492865085397,1,1
D033,O068,7,91,2.17495650838662,871,0.14852577867663705,0.23899060027800526,0.4312666597088087,0.024847913302553898,0.9200696163057719,1,1
D033,O088,7,91,2.17495650838662,74,0.028069089455227885,0.0540852458243732,0.20267396198384915,0.18713991585106382,1.5827391896984995,1,1
D033,O004,7,91,2.17495650838662,544,0.015441285299266139,0.39993712983284035,0.04776710118920632,0.021638755647051863,1.6116316353856468,1,1
D033,O044,7,91,2.17495650838662,721,0.4323761389499774,0.3249254075658305,0.14400789358316032,0.2057651422999217,5.188637143423622,1,1
D033,O039,7,91,2.17495650838662,48,0.23271826163391704,0.17994216982882252,0.033136716412387766,0.009267722660894678,7.735302700968688,1,1
D033,O002,7,91,2.17495650838662,71,0.3869572888593429,0.3359060402524592,0.4237565470025848,0.2289968100269869,83.12511836496435,1,1
D033,O040,7,91,2.17495650838662,585,0.39295945909914204,0.39457393035340843,0.49881523135642764,0.05135952265618624,14.252098768706817,1,1
D033,O094,7,91,2.17495650838662,888,0.3020897605205713,0.09146905532601642,0.35894591710200935,0.2171888653996259,27.41085260307382,1,5
D033,O081,7,91,2.17495650838662,229,0.311863322482168,0.04075722691061323,0.19095392421992533,0.02739734620632218,0.6097018515377178,1,1
D033,O049,7,91,2.17495650838662,33,0.06812771834318439,0.32719790546899485,0.35145855206621296,0.16958665122464434,1.8896835200947433,1,1
D033,O052,7,91,2.17495650838662,249,0.2931097132079093,0.3814959415656873,0.2938470301831344,0.11894055514138323,0.5015927101920599,1,1
D033,O008,7,91,2.17495650838662,217,0.11836586776404656,0.010264004522404446,0.43857764367626295,0.018412668361408348,3.575437414313759,1,1
D033,O054,7,91,2.17495650838662,70,0.4839396769446982,0.22536965317316154,0.03930216819422613,0.15840050766206762,1.0282529368841058,1,1
D033,O024,7,91,2.17495650838662,109,0.10754307926740679,0.37018563204761357,0.33107988983875875,0.015416181466785838,6.304497557330792,1,1
D033,O096,7,91,2.17495650838662,91,0.16170145035385156,0.2643539191149355,0.06955567449111148,0.22233066342288632,0.7713641646886089,1,1
D033,O011,7,91,2.17495650838662,163,0.25776627650906286,0.2303694517776211,0.06737682806363049,0.14710779675896993,91.70680464514531,1,2
D033,O007,7,91,2.17495650838662,20,0.14113037245484783,0.13876459429554666,0.1666223660040416,0.10804294323375169,48.415238066551936,1,1
D033,O005,7,91,2.17495650838662,472,0.4589275080729363,0.08115278028022999,0.01805553152120237,0.016407342151695845,5.656278920047442,1,1
D033,O051,7,91,2.17495650838662,264,0.41545850105358517,0.16117913503688408,0.31172678881737154,0.04432963616759917,29.375100601310205,1,1
D033,O035,7,91,2.17495650838662,173,0.04115959515567879,0.2568973510762646,0.341435098368886,0.12832396264407875,33.55867734781047,1,1
D033,O061,7,91,2.17495650838662,27,0.3818054373139011,0.016164820124611564,0.49161369207236744,0.15170831162875867,2.704226534184525,1,1
D033,O041,7,91,2.17495650838662,49,0.29773529796391324,0.2682058880863957,0.21258059195189896,0.13536346098324145,6.422809519648459,1,1
D033,O063,7,91,2.17495650838662,159,0.16777747895905004,0.06995771215016022,0.1303723567023025,0.23670560860575965,35.98655231023139,1,1
D033,O019,7,91,2.17495650838662,24,0.43162963836847273,0.2540667171143032,0.25374033794612383,0.035040597237275414,32.89046352986745,1,1
D033,O012,7,91,2.17495650838662,121,0.018977159008053714,0.04210847176585192,0.10616643187530726,0.054886753813351695,1.8282853898334144,1,1
D033,O043,7,91,2.17495650838662,936,0.15426768642279118,0.33291989469689626,0.3891618356934266,0.22532924015852426,3.26544153713843,1,1
D033,O020,7,91,2.17495650838662,113,0.34826997592038184,0.09528586345019373,0.4094664889372201,0.24640169843124984,56.59198119339328,1,1
D033,O038,7,91,2.17495650838662,765,0.13732854699013036,0.15389066235695392,0.3957456035362972,0.09581902124053866,11.34675406331586,1,2
D033,O010,7,91,2.17495650838662,78,0.42428609036547965,0.04657399042364526,0.4729163397200382,0.0751091814821646,20.648364158380655,1,1
D033,O053,7,91,2.17495650838662,251,0.008437374343120882,0.21970454406000367,0.07760861372476294,0.043406152521391926,15.704072062843153,1,1
D033,O032,7,91,2.17495650838662,449,0.47407037046920236,0.2939643960095397,0.3338689716235752,0.19214128568359498,0.6467632780905109,1,1
D033,O083,7,91,2.17495650838662,89,0.0026292440689011016,0.11891721005650385,0.01234014792986679,0.1423155000056148,8.932954010356676,1,1
D033,O050,7,91,2.17495650838662,322,0.20605210901232662,0.1235097854541975,0.23025885735500393,0.24203168280895757,3.7974936169643003,1,1
D033,O084,7,91,2.17495650838662,797,0.3729926769965046,0.00038649133259261126,0.0015211296530381324,0.21211963380230117,57.968250320486554,1,10
D033,O027,7,91,2.17495650838662,120,0.17379211770070632,0.27539058086552737,0.1159901845036011,0.0031260536499028886,1.2414059949857388,1,1
D033,O023,7,91,2.17495650838662,410,0.21445143650369905,0.1278983599397813,0.09400253805958962,0.08365268726290574,18.724748063248505,1,1
D033,O047,7,91,2.17495650838662,32,0.45759305330669026,0.35742600924919476,0.3652359087633477,0.12397431353742944,4.578704726331181,1,1
D033,O067,7,91,2.17495650838662,60,0.35992868878826584,0.02076874017167992,0.17423242461745192,0.0965105355241593,2.1003211333451848,1,1
D033,O074,7,91,2.17495650838662,36,0.04256894354729143,0.004280635208135988,0.08729344080162678,0.07148454213260426,17.202121910274414,1,1
D033,O092,7,91,2.17495650838662,303,0.4427063112729767,0.17226722665159136,0.4364919026956049,0.17566795406842103,23.101547487550636,1,1
D033,O045,7,91,2.17495650838662,692,0.33110476806173594,0.08646504541541372,0.22004213527881566,0.08596571587890212,2.810064906380055,1,1
D033,O093,7,91,2.17495650838662,25,0.27627503482623056,0.07815342445263838,0.29138458201830647,0.04123940092547084,41.46024928161635,1,1
D033,O055,7,91,2.17495650838662,143,0.09821221972656778,0.1636668169410805,0.28503377285937526,0.11581965182801995,1.3300221265710437,1,1
D076,O006,6,605,0.42776165609717176,26,0.46643889626056984,0.1999019902784377,0.36047690978299723,0.19632186896831513,0.7164933989680144,1,1
D076,O071,6,605,0.42776165609717176,830,0.02577223787060603,0.059916075683899506,0.006124036584080637,0.001567019036236368,15.173323377461541,1,10
D076,O014,6,605,0.42776165609717176,505,0.055050563519665925,0.385744929065962,0.3235732737788464,0.24919199267349826,40.509619850150905,1,20
D076,O017,6,605,0.42776165609717176,47,0.23594790081754102,0.20555857271914696,0.45042194931634016,0.031413736601039494,53.72409801145742,1,2
D076,O086,6,605,0.42776165609717176,135,0.46988821914906914,0.05636599657473364,0.04382145887034975,0.20420128774402999,39.12492865085397,1,5
D076,O068,6,605,0.42776165609717176,871,0.14852577867663705,0.23899060027800526,0.4312666597088087,0.024847913302553898,0.9200696163057719,1,1
D076,O088,6,605,0.42776165609717176,74,0.028069089455227885,0.0540852458243732,0.20267396198384915,0.18713991585106382,1.5827391896984995,1,1
D076,O004,6,605,0.42776165609717176,544,0.015441285299266139,0.39993712983284035,0.04776710118920632,0.021638755647051863,1.6116316353856468,1,1
D076,O044,6,605,0.42776165609717176,721,0.4323761389499774,0.3249254075658305,0.14400789358316032,0.2057651422999217,5.188637143423622,1,5
D076,O039,6,605,0.42776165609717176,48,0.23271826163391704,0.17994216982882252,0.033136716412387766,0.009267722660894678,7.735302700968688,1,1
D076,O002,6,605,0.42776165609717176,71,0.3869572888593429,0.3359060402524592,0.4237565470025848,0.2289968100269869,83.12511836496435,1,5
D076,O040,6,605,0.42776165609717176,585,0.39295945909914204,0.39457393035340843,0.49881523135642764,0.05135952265618624,14.252098768706817,1,10
D076,O094,6,605,0.42776165609717176,888,0.3020897605205713,0.09146905532601642,0.35894591710200935,0.2171888653996259,27.41085260307382,1,20
D076,O081,6,605,0.42776165609717176,229,0.311863322482168,0.04075722691061323,0.19095392421992533,0.02739734620632218,0.6097018515377178,1,1
D076,O049,6,605,0.42776165609717176,33,0.06812771834318439,0.32719790546899485,0.35145855206621296,0.16958665122464434,1.8896835200947433,1,1
D076,O052,6,605,0.42776165609717176,249,0.2931097132079093,0.3814959415656873,0.2938470301831344,0.11894055514138323,0.5015927101920599,1,1
D076,O008,6,605,0.42776165609717176,217,0.11836586776404656,0.010264004522404446,0.43857764367626295,0.018412668361408348,3.575437414313759,1,1
D076,O054,6,605,0.42776165609717176,70,0.4839396769446982,0.22536965317316154,0.03930216819422613,0.15840050766206762,1.0282529368841058,1,1
D076,O024,6,605,0.42776165609717176,109,0.10754307926740679,0.37018563204761357,0.33107988983875875,0.015416181466785838,6.304497557330792,1,1
D076,O096,6,605,0.42776165609717176,91,0.16170145035385156,0.2643539191149355,0.06955567449111148,0.22233066342288632,0.7713641646886089,1,1
D076,O011,6,605,0.42776165609717176,163,0.25776627650906286,0.2303694517776211,0.06737682806363049,0.14710779675896993,91.70680464514531,1,20
D076,O007,6,605,0.42776165609717176,20,0.14113037245484783,0.13876459429554666,0.1666223660040416,0.10804294323375169,48.415238066551936,1,1
D076,O005,6,605,0.42776165609717176,472,0.4589275080729363,0.08115278028022999,0.01805553152120237,0.016407342151695845,5.656278920047442,1,5
D076,O051,6,605,0.42776165609717176,264,0.41545850105358517,0.16117913503688408,0.31172678881737154,0.04432963616759917,29.375100601310205,1,10
D076,O035,6,605,0.42776165609717176,173,0.04115959515567879,0.2568973510762646,0.341435098368886,0.12832396264407875,33.55867734781047,1,5
D076,O061,6,605,0.42776165609717176,27,0.3818054373139011,0.016164820124611564,0.49161369207236744,0.15170831162875867,2.704226534184525,1,1
D076,O041,6,605,0.42776165609717176,49,0.29773529796391324,0.2682058880863957,0.21258059195189896,0.13536346098324145,6.422809519648459,1,1
D076,O063,6,605,0.42776165609717176,159,0.16777747895905004,0.06995771215016022,0.1303723567023025,0.23670560860575965,35.98655231023139,1,5
D076,O019,6,605,0.42776165609717176,24,0.43162963836847273,0.2540667171143032,0.25374033794612383,0.035040597237275414,32.89046352986745,1,1
D076,O012,6,605,0.42776165609717176,121,0.018977159008053714,0.04210847176585192,0.10616643187530726,0.054886753813351695,1.8282853898334144,1,1
D076,O043,6,605,0.42776165609717176,936,0.15426768642279118,0.33291989469689626,0.3891618356934266,0.22532924015852426,3.26544153713843,1,5
D076,O020,6,605,0.42776165609717176,113,0.34826997592038184,0.09528586345019373,0.4094664889372201,0.24640169843124984,56.59198119339328,1,10
D076,O038,6,605,0.42776165609717176,765,0.13732854699013036,0.15389066235695392,0.3957456035362972,0.09581902124053866,11.34675406331586,1,10
D076,O010,6,605,0.42776165609717176,78,0.42428609036547965,0.04657399042364526,0.4729163397200382,0.0751091814821646,20.648364158380655,1,2
D076,O053,6,605,0.42776165609717176,251,0.008437374343120882,0.21970454406000367,0.07760861372476294,0.043406152521391926,15.704072062843153,1,5
D076,O032,6,605,0.42776165609717176,449,0.47407037046920236,0.2939643960095397,0.3338689716235752,0.19214128568359498,0.6467632780905109,1,1
D076,O083,6,605,0.42776165609717176,89,0.0026292440689011016,0.11891721005650385,0.01234014792986679,0.1423155000056148,8.932954010356676,1,1
D076,O050,6,605,0.42776165609717176,322,0.20605210901232662,0.1235097854541975,0.23025885735500393,0.24203168280895757,3.7974936169643003,1,1
D076,O084,6,605,0.42776165609717176,797,0.3729926769965046,0.00038649133259261126,0.0015211296530381324,0.21211963380230117,57.968250320486554,1,50
D076,O027,6,605,0.42776165609717176,120,0.17379211770070632,0.27539058086552737,0.1159901845036011,0.0031260536499028886,1.2414059949857388,1,1
D076,O023,6,605,0.42776165609717176,410,0.21445143650369905,0.1278983599397813,0.09400253805958962,0.08365268726290574,18.724748063248505,1,10
D076,O047,6,605,0.42776165609717176,32,0.45759305330669026,0.35742600924919476,0.3652359087633477,0.12397431353742944,4.578704726331181,1,1
D076,O067,6,605,0.42776165609717176,60,0.35992868878826584,0.02076874017167992,0.17423242461745192,0.0965105355241593,2.1003211333451848,1,1
D076,O074,6,605,0.42776165609717176,36,0.04256894354729143,0.004280635208135988,0.08729344080162678,0.07148454213260426,17.202121910274414,1,1
D076,O092,6,605,0.42776165609717176,303,0.4427063112729767,0.17226722665159136,0.4364919026956049,0.17566795406842103,23.101547487550636,1,10
D076,O045,6,605,0.42776165609717176,692,0.33110476806173594,0.08646504541541372,0.22004213527881566,0.08596571587890212,2.810064906380055,1,2
D076,O093,6,605,0.42776165609717176,25,0.27627503482623056,0.07815342445263838,0.29138458201830647,0.04123940092547084,41.46024928161635,1,1
D076,O055,6,605,0.42776165609717176,143,0.09821221972656778,0.1636668169410805,0.28503377285937526,0.11581965182801995,1.3300221265710437,1,1
D061,O006,6,82,5.483340062287127,26,0.46643889626056984,0.1999019902784377,0.36047690978299723,0.19632186896831513,0.7164933989680144,1,1
D061,O071,6,82,5.483340062287127,830,0.02577223787060603,0.059916075683899506,0.006124036584080637,0.001567019036236368,15.173323377461541,1,2
D061,O014,6,82,5.483340062287127,505,0.055050563519665925,0.385744929065962,0.3235732737788464,0.24919199267349826,40.509619850150905,1,5
D061,O017,6,82,5.483340062287127,47,0.23594790081754102,0.20555857271914696,0.45042194931634016,0.031413736601039494,53.72409801145742,1,1
D061,O086,6,82,5.483340062287127,135,0.46988821914906914,0.05636599657473364,0.04382145887034975,0.20420128774402999,39.12492865085397,1,1
D061,O068,6,82,5.483340062287127,871,0.14852577867663705,0.23899060027800526,0.4312666597088087,0.024847913302553898,0.9200696163057719,1,1
D061,O088,6,82,5.483340062287127,74,0.028069089455227885,0.0540852458243732,0.20267396198384915,0.18713991585106382,1.5827391896984995,1,1
D061,O004,6,82,5.483340062287127,544,0.015441285299266139,0.39993712983284035,0.04776710118920632,0.021638755647051863,1.6116316353856468,1,1
D061,O044,6,82,5.483340062287127,721,0.4323761389499774,0.3249254075658305,0.14400789358316032,0.2057651422999217,5.188637143423622,1,1
D061,O039,6,82,5.483340062287127,48,0.23271826163391704,0.17994216982882252,0.033136716412387766,0.009267722660894678,7.735302700968688,1,1
D061,O002,6,82,5.483340062287127,71,0.3869572888593429,0.3359060402524592,0.4237565470025848,0.2289968100269869,83.12511836496435,1,1
D061,O040,6,82,5.483340062287127,585,0.39295945909914204,0.39457393035340843,0.49881523135642764,0.05135952265618624,14.252098768706817,1,1
D061,O094,6,82,5.483340062287127,888,0.3020897605205713,0.09146905532601642,0.35894591710200935,0.2171888653996259,27.41085260307382,1,5
D061,O081,6,82,5.483340062287127,229,0.311863322482168,0.04075722691061323,0.19095392421992533,0.02739734620632218,0.6097018515377178,1,1
D061,O049,6,82,5.483340062287127,33,0.06812771834318439,0.32719790546899485,0.35145855206621296,0.16958665122464434,1.8896835200947433,1,1
D061,O052,6,82,5.483340062287127,249,0.2931097132079093,0.3814959415656873,0.2938470301831344,0.11894055514138323,0.5015927101920599,1,1
D061,O008,6,82,5.483340062287127,217,0.11836586776404656,0.010264004522404446,0.43857764367626295,0.018412668361408348,3.575437414313759,1,1
D061,O054,6,82,5.483340062287127,70,0.4839396769446982,0.22536965317316154,0.03930216819422613,0.15840050766206762,1.0282529368841058,1,1
D061,O024,6,82,5.483340062287127,109,0.10754307926740679,0.37018563204761357,0.33107988983875875,0.015416181466785838,6.304497557330792,1,1
D061,O096,6,82,5.483340062287127,91,0.16170145035385156,0.2643539191149355,0.06955567449111148,0.22233066342288632,0.7713641646886089,1,1
D061,O011,6,82,5.483340062287127,163,0.25776627650906286,0.2303694517776211,0.06737682806363049,0.14710779675896993,91.70680464514531,1,2
D061,O007,6,82,5.483340062287127,20,0.14113037245484783,0.13876459429554666,0.1666223660040416,0.10804294323375169,48.415238066551936,1,1
D061,O005,6,82,5.483340062287127,472,0.4589275080729363,0.08115278028022999,0.01805553152120237,0.016407342151695845,5.656278920047442,1,1
D061,O051,6,82,5.483340062287127,264,0.41545850105358517,0.16117913503688408,0.31172678881737154,0.04432963616759917,29.375100601310205,1,1
D061,O035,6,82,5.483340062287127,173,0.04115959515567879,0.2568973510762646,0.341435098368886,0.12832396264407875,33.55867734781047,1,1
D061,O061,6,82,5.483340062287127,27,0.3818054373139011,0.016164820124611564,0.49161369207236744,0.15170831162875867,2.704226534184525,1,1
D061,O041,6,82,5.483340062287127,49,0.29773529796391324,0.2682058880863957,0.21258059195189896,0.13536346098324145,6.422809519648459,1,1
D061,O063,6,82,5.483340062287127,159,0.16777747895905004,0.06995771215016022,0.1303723567023025,0.23670560860575965,35.98655231023139,1,1
D061,O019,6,82,5.483340062287127,24,0.43162963836847273,0.2540667171143032,0.25374033794612383,0.035040597237275414,32.89046352986745,1,1
D061,O012,6,82,5.483340062287127,121,0.018977159008053714,0.04210847176585192,0.10616643187530726,0.054886753813351695,1.8282853898334144,1,1
D061,O043,6,82,5.483340062287127,936,0.15426768642279118,0.33291989469689626,0.3891618356934266,0.22532924015852426,3.26544153713843,1,1
D061,O020,6,82,5.483340062287127,113,0.34826997592038184,0.09528586345019373,0.4094664889372201,0.24640169843124984,56.59198119339328,1,1
D061,O038,6,82,5.483340062287127,765,0.13732854699013036,0.15389066235695392,0.3957456035362972,0.09581902124053866,11.34675406331586,1,1
D061,O010,6,82,5.483340062287127,78,0.42428609036547965,0.04657399042364526,0.4729163397200382,0.0751091814821646,20.648364158380655,1,1
D061,O053,6,82,5.483340062287127,251,0.008437374343120882,0.21970454406000367,0.07760861372476294,0.043406152521391926,15.704072062843153,1,1
D061,O032,6,82,5.483340062287127,449,0.47407037046920236,0.2939643960095397,0.3338689716235752,0.19214128568359498,0.6467632780905109,1,1
D061,O083,6,82,5.483340062287127,89,0.0026292440689011016,0.11891721005650385,0.01234014792986679,0.1423155000056148,8.932954010356676,1,1
D061,O050,6,82,5.483340062287127,322,0.20605210901232662,0.1235097854541975,0.23025885735500393,0.24203168280895757,3.7974936169643003,1,1
D061,O084,6,82,5.483340062287127,797,0.3729926769965046,0.00038649133259261126,0.0015211296530381324,0.21211963380230117,57.968250320486554,1,5
D061,O027,6,82,5.483340062287127,120,0.17379211770070632,0.27539058086552737,0.1159901845036011,0.0031260536499028886,1.2414059949857388,1,1
D061,O023,6,82,5.483340062287127,410,0.21445143650369905,0.1278983599397813,0.09400253805958962,0.08365268726290574,18.724748063248505,1,1
D061,O047,6,82,5.483340062287127,32,0.45759305330669026,0.35742600924919476,0.3652359087633477,0.12397431353742944,4.578704726331181,1,1
D061,O067,6,82,5.483340062287127,60,0.35992868878826584,0.02076874017167992,0.17423242461745192,0.0965105355241593,2.1003211333451848,1,1
D061,O074,6,82,5.483340062287127,36,0.04256894354729143,0.004280635208135988,0.08729344080162678,0.07148454213260426,17.202121910274414,1,1
D061,O092,6,82,5.483340062287127,303,0.4427063112729767,0.17226722665159136,0.4364919026956049,0.17566795406842103,23.101547487550636,1,1
D061,O045,6,82,5.483340062287127,692,0.33110476806173594,0.08646504541541372,0.22004213527881566,0.08596571587890212,2.810064906380055,1,1
D061,O093,6,82,5.483340062287127,25,0.27627503482623056,0.07815342445263838,0.29138458201830647,0.04123940092547084,41.46024928161635,1,1
D061,O055,6,82,5.483340062287127,143,0.09821221972656778,0.1636668169410805,0.28503377285937526,0.11581965182801995,1.3300221265710437,1,1
D116,O006,4,1043,7.9360945366047995,26,0.46643889626056984,0.1999019902784377,0.36047690978299723,0.19632186896831513,0.7164933989680144,1,1
D116,O071,4,1043,7.9360945366047995,830,0.02577223787060603,0.059916075683899506,0.006124036584080637,0.001567019036236368,15.173323377461541,1,20
D116,O014,4,1043,7.9360945366047995,505,0.055050563519665925,0.385744929065962,0.3235732737788464,0.24919199267349826,40.509619850150905,1,50
D116,O017,4,1043,7.9360945366047995,47,0.23594790081754102,0.20555857271914696,0.45042194931634016,0.031413736601039494,53.72409801145742,1,5
D116,O086,4,1043,7.9360945366047995,135,0.46988821914906914,0.05636599657473364,0.04382145887034975,0.20420128774402999,39.12492865085397,1,10
D116,O068,4,1043,7.9360945366047995,871,0.14852577867663705,0.23899060027800526,0.4312666597088087,0.024847913302553898,0.9200696163057719,1,2
D116,O088,4,1043,7.9360945366047995,74,0.028069089455227885,0.0540852458243732,0.20267396198384915,0.18713991585106382,1.5827391896984995,1,1
D116,O004,4,1043,7.9360945366047995,544,0.015441285299266139,0.39993712983284035,0.04776710118920632,0.021638755647051863,1.6116316353856468,1,2
D116,O044,4,1043,7.9360945366047995,721,0.4323761389499774,0.3249254075658305,0.14400789358316032,0.2057651422999217,5.188637143423622,1,10
D116,O039,4,1043,7.9360945366047995,48,0.23271826163391704,0.17994216982882252,0.033136716412387766,0.009267722660894678,7.735302700968688,1,1
D116,O002,4,1043,7.9360945366047995,71,0.3869572888593429,0.3359060402524592,0.4237565470025848,0.2289968100269869,83.12511836496435,1,10
D116,O040,4,1043,7.9360945366047995,585,0.39295945909914204,0.39457393035340843,0.49881523135642764,0.05135952265618624,14.252098768706817,1,20
D116,O094,4,1043,7.9360945366047995,888,0.3020897605205713,0.09146905532601642,0.35894591710200935,0.2171888653996259,27.41085260307382,1,50
D116,O081,4,1043,7.9360945366047995,229,0.311863322482168,0.04075722691061323,0.19095392421992533,0.02739734620632218,0.6097018515377178,1,1
D116,O049,4,1043,7.9360945366047995,33,0.06812771834318439,0.32719790546899485,0.35145855206621296,0.16958665122464434,1.8896835200947433,1,1
D116,O052,4,1043,7.9360945366047995,249,0.2931097132079093,0.3814959415656873,0.2938470301831344,0.11894055514138323,0.5015927101920599,1,1
D116,O008,4,1043,7.9360945366047995,217,0.11836586776404656,0.010264004522404446,0.43857764367626295,0.018412668361408348,3.575437414313759,1,2
D116,O054,4,1043,7.9360945366047995,70,0.4839396769446982,0.22536965317316154,0.03930216819422613,0.15840050766206762,1.0282529368841058,1,1
D116,O024,4,1043,7.9360945366047995,109,0.10754307926740679,0.37018563204761357,0.33107988983875875,0.015416181466785838,6.304497557330792,1,1
D116,O096,4,1043,7.9360945366047995,91,0.16170145035385156,0.2643539191149355,0.06955567449111148,0.22233066342288632,0.7713641646886089,1,1
D116,O011,4,1043,7.9360945366047995,163,0.25776627650906286,0.2303694517776211,0.06737682806363049,0.14710779675896993,91.70680464514531,1,50
D116,O007,4,1043,7.9360945366047995,20,0.14113037245484783,0.13876459429554666,0.1666223660040416,0.10804294323375169,48.415238066551936,1,2
D116,O005,4,1043,7.9360945366047995,472,0.4589275080729363,0.08115278028022999,0.01805553152120237,0.016407342151695845,5.656278920047442,1,5
D116,O051,4,1043,7.9360945366047995,264,0.41545850105358517,0.16117913503688408,0.31172678881737154,0.04432963616759917,29.375100601310205,1,20
D116,O035,4,1043,7.9360945366047995,173,0.04115959515567879,0.2568973510762646,0.341435098368886,0.12832396264407875,33.55867734781047,1,10
D116,O061,4,1043,7.9360945366047995,27,0.3818054373139011,0.016164820124611564,0.49161369207236744,0.15170831162875867,2.704226534184525,1,1
D116,O041,4,1043,7.9360945366047995,49,0.29773529796391324,0.2682058880863957,0.21258059195189896,0.13536346098324145,6.422809519648459,1,1
D116,O063,4,1043,7.9360945366047995,159,0.16777747895905004,0.06995771215016022,0.1303723567023025,0.23670560860575965,35.98655231023139,1,10
D116,O019,4,1043,7.9360945366047995,24,0.43162963836847273,0.2540667171143032,0.25374033794612383,0.035040597237275414,32.89046352986745,1,2
D116,O012,4,1043,7.9360945366047995,121,0.018977159008053714,0.04210847176585192,0.10616643187530726,0.054886753813351695,1.8282853898334144,1,1
D116,O043,4,1043,7.9360945366047995,936,0.15426768642279118,0.33291989469689626,0.3891618356934266,0.22532924015852426,3.26544153713843,1,5
D116,O020,4,1043,7.9360945366047995,113,0.34826997592038184,0.09528586345019373,0.4094664889372201,0.24640169843124984,56.59198119339328,1,10
D116,O038,4,1043,7.9360945366047995,765,0.13732854699013036,0.15389066235695392,0.3957456035362972,0.09581902124053866,11.34675406331586,1,20
D116,O010,4,1043,7.9360945366047995,78,0.42428609036547965,0.04657399042364526,0.4729163397200382,0.0751091814821646,20.648364158380655,1,5
D116,O053,4,1043,7.9360945366047995,251,0.008437374343120882,0.21970454406000367,0.07760861372476294,0.043406152521391926,15.704072062843153,1,10
D116,O032,4,1043,7.9360945366047995,449,0.47407037046920236,0.2939643960095397,0.3338689716235752,0.19214128568359498,0.6467632780905109,1,1
D116,O083,4,1043,7.9360945366047995,89,0.0026292440689011016,0.11891721005650385,0.01234014792986679,0.1423155000056148,8.932954010356676,1,2
D116,O050,4,1043,7.9360945366047995,322,0.20605210901232662,0.1235097854541975,0.23025885735500393,0.24203168280895757,3.7974936169643003,1,2
D116,O084,4,1043,7.9360945366047995,797,0.3729926769965046,0.00038649133259261126,0.0015211296530381324,0.21211963380230117,57.968250320486554,1,100
D116,O027,4,1043,7.9360945366047995,120,0.17379211770070632,0.27539058086552737,0.1159901845036011,0.0031260536499028886,1.2414059949857388,1,1
D116,O023,4,1043,7.9360945366047995,410,0.21445143650369905,0.1278983599397813,0.09400253805958962,0.08365268726290574,18.724748063248505,1,20
D116,O047,4,1043,7.9360945366047995,32,0.45759305330669026,0.35742600924919476,0.3652359087633477,0.12397431353742944,4.578704726331181,1,1
D116,O067,4,1043,7.9360945366047995,60,0.35992868878826584,0.02076874017167992,0.17423242461745192,0.0965105355241593,2.1003211333451848,1,1
D116,O074,4,1043,7.9360945366047995,36,0.04256894354729143,0.004280635208135988,0.08729344080162678,0.07148454213260426,17.202121910274414,1,1
D116,O092,4,1043,7.9360945366047995,303,0.4427063112729767,0.17226722665159136,0.4364919026956049,0.17566795406842103,23.101547487550636,1,10
D116,O045,4,1043,7.9360945366047995,692,0.33110476806173594,0.08646504541541372,0.22004213527881566,0.08596571587890212,2.810064906380055,1,5
D116,O093,4,1043,7.9360945366047995,25,0.27627503482623056,0.07815342445263838,0.29138458201830647,0.04123940092547084,41.46024928161635,1,2
D116,O055,4,1043,7.9360945366047995,143,0.09821221972656778,0.1636668169410805,0.28503377285937526,0.11581965182801995,1.3300221265710437,1,1
D095,O006,3,144,1.503793521562487,26,0.46643889626056984,0.1999019902784377,0.36047690978299723,0.19632186896831513,0.7164933989680144,1,1
D095,O071,3,144,1.503793521562487,830,0.02577223787060603,0.059916075683899506,0.006124036584080637,0.001567019036236368,15.173323377461541,1,5
D095,O014,3,144,1.503793521562487,505,0.055050563519665925,0.385744929065962,0.3235732737788464,0.24919199267349826,40.509619850150905,1,5
D095,O017,3,144,1.503793521562487,47,0.23594790081754102,0.20555857271914696,0.45042194931634016,0.031413736601039494,53.72409801145742,1,1
D095,O086,3,144,1.503793521562487,135,0.46988821914906914,0.05636599657473364,0.04382145887034975,0.20420128774402999,39.12492865085397,1,1
D095,O068,3,144,1.503793521562487,871,0.14852577867663705,0.23899060027800526,0.4312666597088087,0.024847913302553898,0.9200696163057719,1,1
D095,O088,3,144,1.503793521562487,74,0.028069089455227885,0.0540852458243732,0.20267396198384915,0.18713991585106382,1.5827391896984995,1,1
D095,O004,3,144,1.503793521562487,544,0.015441285299266139,0.39993712983284035,0.04776710118920632,0.021638755647051863,1.6116316353856468,1,1
D095,O044,3,144,1.503793521562487,721,0.4323761389499774,0.3249254075658305,0.14400789358316032,0.2057651422999217,5.188637143423622,1,1
D095,O039,3,144,1.503793521562487,48,0.23271826163391704,0.17994216982882252,0.033136716412387766,0.009267722660894678,7.735302700968688,1,1
D095,O002,3,144,1.503793521562487,71,0.3869572888593429,0.3359060402524592,0.4237565470025848,0.2289968100269869,83.12511836496435,1,2
D095,O040,3,144,1.503793521562487,585,0.39295945909914204,0.39457393035340843,0.49881523135642764,0.05135952265618624,14.252098768706817,1,2
D095,O094,3,144,1.503793521562487,888,0.3020897605205713,0.09146905532601642,0.35894591710200935,0.2171888653996259,27.41085260307382,1,5
D095,O081,3,144,1.503793521562487,229,0.311863322482168,0.04075722691061323,0.19095392421992533,0.02739734620632218,0.6097018515377178,1,1
D095,O049,3,144,1.503793521562487,33,0.06812771834318439,0.32719790546899485,0.35145855206621296,0.16958665122464434,1.8896835200947433,1,1
D095,O052,3,144,1.503793521562487,249,0.2931097132079093,0.3814959415656873,0.2938470301831344,0.11894055514138323,0.5015927101920599,1,1
D095,O008,3,144,1.503793521562487,217,0.11836586776404656,0.010264004522404446,0.43857764367626295,0.018412668361408348,3.575437414313759,1,1
D095,O054,3,144,1.503793521562487,70,0.4839396769446982,0.22536965317316154,0.03930216819422613,0.15840050766206762,1.0282529368841058,1,1
D095,O024,3,144,1.503793521562487,109,0.10754307926740679,0.37018563204761357,0.33107988983875875,0.015416181466785838,6.304497557330792,1,1
D095,O096,3,144,1.503793521562487,91,0.16170145035385156,0.2643539191149355,0.06955567449111148,0.22233066342288632,0.7713641646886089,1,1
D095,O011,3,144,1.503793521562487,163,0.25776627650906286,0.2303694517776211,0.06737682806363049,0.14710779675896993,91.70680464514531,1,5
D095,O007,3,144,1.503793521562487,20,0.14113037245484783,0.13876459429554666,0.1666223660040416,0.10804294323375169,48.415238066551936,1,1
D095,O005,3,144,1.503793521562487,472,0.4589275080729363,0.08115278028022999,0.01805553152120237,0.016407342151695845,5.656278920047442,1,1
D095,O051,3,144,1.503793521562487,264,0.41545850105358517,0.16117913503688408,0.31172678881737154,0.04432963616759917,29.375100601310205,1,2
D095,O035,3,144,1.503793521562487,173,0.04115959515567879,0.2568973510762646,0.341435098368886,0.12832396264407875,33.55867734781047,1,2
D095,O061,3,144,1.503793521562487,27,0.3818054373139011,0.016164820124611564,0.49161369207236744,0.15170831162875867,2.704226534184525,1,1
D095,O041,3,144,1.503793521562487,49,0.29773529796391324,0.2682058880863957,0.21258059195189896,0.13536346098324145,6.422809519648459,1,1
D095,O063,3,144,1.503793521562487,159,0.16777747895905004,0.06995771215016022,0.1303723567023025,0.23670560860575965,35.98655231023139,1,2
D095,O019,3,144,1.503793521562487,24,0.43162963836847273,0.2540667171143032,0.25374033794612383,0.035040597237275414,32.89046352986745,1,1
D095,O012,3,144,1.503793521562487,121,0.018977159008053714,0.04210847176585192,0.10616643187530726,0.054886753813351695,1.8282853898334144,1,1
D095,O043,3,144,1.503793521562487,936,0.15426768642279118,0.33291989469689626,0.3891618356934266,0.22532924015852426,3.26544153713843,1,1
D095,O020,3,144,1.503793521562487,113,0.34826997592038184,0.09528586345019373,0.4094664889372201,0.24640169843124984,56.59198119339328,1,2
D095,O038,3,144,1.503793521562487,765,0.13732854699013036,0.15389066235695392,0.3957456035362972,0.09581902124053866,11.34675406331586,1,2
D095,O010,3,144,1.503793521562487,78,0.42428609036547965,0.04657399042364526,0.4729163397200382,0.0751091814821646,20.648364158380655,1,1
D095,O053,3,144,1.503793521562487,251,0.008437374343120882,0.21970454406000367,0.07760861372476294,0.043406152521391926,15.704072062843153,1,1
D095,O032,3,144,1.503793521562487,449,0.47407037046920236,0.2939643960095397,0.3338689716235752,0.19214128568359498,0.6467632780905109,1,1
D095,O083,3,144,1.503793521562487,89,0.0026292440689011016,0.11891721005650385,0.01234014792986679,0.1423155000056148,8.932954010356676,1,1
D095,O050,3,144,1.503793521562487,322,0.20605210901232662,0.1235097854541975,0.23025885735500393,0.24203168280895757,3.7974936169643003,1,1
D095,O084,3,144,1.503793521562487,797,0.3729926769965046,0.00038649133259261126,0.0015211296530381324,0.21211963380230117,57.968250320486554,1,10
D095,O027,3,144,1.503793521562487,120,0.17379211770070632,0.27539058086552737,0.1159901845036011,0.0031260536499028886,1.2414059949857388,1,1
D095,O023,3,144,1.503793521562487,410,0.21445143650369905,0.1278983599397813,0.09400253805958962,0.08365268726290574,18.724748063248505,1,2
D095,O047,3,144,1.503793521562487,32,0.45759305330669026,0.35742600924919476,0.3652359087633477,0.12397431353742944,4.578704726331181,1,1
D095,O067,3,144,1.503793521562487,60,0.35992868878826584,0.02076874017167992,0.17423242461745192,0.0965105355241593,2.1003211333451848,1,1
D095,O074,3,144,1.503793521562487,36,0.04256894354729143,0.004280635208135988,0.08729344080162678,0.07148454213260426,17.202121910274414,1,1
D095,O092,3,144,1.503793521562487,303,0.4427063112729767,0.17226722665159136,0.4364919026956049,0.17566795406842103,23.101547487550636,1,2
D095,O045,3,144,1.503793521562487,692,0.33110476806173594,0.08646504541541372,0.22004213527881566,0.08596571587890212,2.810064906380055,1,1
D095,O093,3,144,1.503793521562487,25,0.27627503482623056,0.07815342445263838,0.29138458201830647,0.04123940092547084,41.46024928161635,1,1
D095,O055,3,144,1.503793521562487,143,0.09821221972656778,0.1636668169410805,0.28503377285937526,0.11581965182801995,1.3300221265710437,1,1
D013,O006,3,199,0.3065356861925919,26,0.46643889626056984,0.1999019902784377,0.36047690978299723,0.19632186896831513,0.7164933989680144,1,1
D013,O071,3,199,0.3065356861925919,830,0.02577223787060603,0.059916075683899506,0.006124036584080637,0.001567019036236368,15.173323377461541,1,5
D013,O014,3,199,0.3065356861925919,505,0.055050563519665925,0.385744929065962,0.3235732737788464,0.24919199267349826,40.509619850150905,1,10
D013,O017,3,199,0.3065356861925919,47,0.23594790081754102,0.20555857271914696,0.45042194931634016,0.031413736601039494,53.72409801145742,1,1
D013,O086,3,199,0.3065356861925919,135,0.46988821914906914,0.05636599657473364,0.04382145887034975,0.20420128774402999,39.12492865085397,1,2
D013,O068,3,199,0.3065356861925919,871,0.14852577867663705,0.23899060027800526,0.4312666597088087,0.024847913302553898,0.9200696163057719,1,1
D013,O088,3,199,0.3065356861925919,74,0.028069089455227885,0.0540852458243732,0.20267396198384915,0.18713991585106382,1.5827391896984995,1,1
D013,O004,3,199,0.3065356861925919,544,0.015441285299266139,0.39993712983284035,0.04776710118920632,0.021638755647051863,1.6116316353856468,1,1
D013,O044,3,199,0.3065356861925919,721,0.4323761389499774,0.3249254075658305,0.14400789358316032,0.2057651422999217,5.188637143423622,1,1
D013,O039,3,199,0.3065356861925919,48,0.23271826163391704,0.17994216982882252,0.033136716412387766,0.009267722660894678,7.735302700968688,1,1
D013,O002,3,199,0.3065356861925919,71,0.3869572888593429,0.3359060402524592,0.4237565470025848,0.2289968100269869,83.12511836496435,1,2
D013,O040,3,199,0.3065356861925919,585,0.39295945909914204,0.39457393035340843,0.49881523135642764,0.05135952265618624,14.252098768706817,1,5
D013,O094,3,199,0.3065356861925919,888,0.3020897605205713,0.09146905532601642,0.35894591710200935,0.2171888653996259,27.41085260307382,1,10
D013,O081,3,199,0.3065356861925919,229,0.311863322482168,0.04075722691061323,0.19095392421992533,0.02739734620632218,0.6097018515377178,1,1
D013,O049,3,199,0.3065356861925919,33,0.06812771834318439,0.32719790546899485,0.35145855206621296,0.16958665122464434,1.8896835200947433,1,1
D013,O052,3,199,0.3065356861925919,249,0.2931097132079093,0.3814959415656873,0.2938470301831344,0.11894055514138323,0.5015927101920599,1,1
D013,O008,3,199,0.3065356861925919,217,0.11836586776404656,0.010264004522404446,0.43857764367626295,0.018412668361408348,3.575437414313759,1,1
D013,O054,3,199,0.3065356861925919,70,0.4839396769446982,0.22536965317316154,0.03930216819422613,0.15840050766206762,1.0282529368841058,1,1
D013,O024,3,199,0.3065356861925919,109,0.10754307926740679,0.37018563204761357,0.33107988983875875,0.015416181466785838,6.304497557330792,1,1
D013,O096,3,199,0.3065356861925919,91,0.16170145035385156,0.2643539191149355,0.06955567449111148,0.22233066342288632,0.7713641646886089,1,1
D013,O011,3,199,0.3065356861925919,163,0.25776627650906286,0.2303694517776211,0.06737682806363049,0.14710779675896993,91.70680464514531,1,5
D013,O007,3,199,0.3065356861925919,20,0.14113037245484783,0.13876459429554666,0.1666223660040416,0.10804294323375169,48.415238066551936,1,1
D013,O005,3,199,0.3065356861925919,472,0.4589275080729363,0.08115278028022999,0.01805553152120237,0.016407342151695845,5.656278920047442,1,1
D013,O051,3,199,0.3065356861925919,264,0.41545850105358517,0.16117913503688408,0.31172678881737154,0.04432963616759917,29.375100601310205,1,5
D013,O035,3,199,0.3065356861925919,173,0.04115959515567879,0.2568973510762646,0.341435098368886,0.12832396264407875,33.55867734781047,1,2
D013,O061,3,199,0.3065356861925919,27,0.3818054373139011,0.016164820124611564,0.49161369207236744,0.15170831162875867,2.704226534184525,1,1
D013,O041,3,199,0.3065356861925919,49,0.29773529796391324,0.2682058880863957,0.21258059195189896,0.13536346098324145,6.422809519648459,1,1
D013,O063,3,199,0.3065356861925919,159,0.16777747895905004,0.06995771215016022,0.1303723567023025,0.23670560860575965,35.98655231023139,1,2
D013,O019,3,199,0.3065356861925919,24,0.43162963836847273,0.2540667171143032,0.25374033794612383,0.035040597237275414,32.89046352986745,1,1
D013,O012,3,199,0.3065356861925919,121,0.018977159008053714,0.04210847176585192,0.10616643187530726,0.054886753813351695,1.8282853898334144,1,1
D013,O043,3,199,0.3065356861925919,936,0.15426768642279118,0.33291989469689626,0.3891618356934266,0.22532924015852426,3.26544153713843,1,1
D013,O020,3,199,0.3065356861925919,113,0.34826997592038184,0.09528586345019373,0.4094664889372201,0.24640169843124984,56.59198119339328,1,2
D013,O038,3,199,0.3065356861925919,765,0.13732854699013036,0.15389066235695392,0.3957456035362972,0.09581902124053866,11.34675406331586,1,5
D013,O010,3,199,0.3065356861925919,78,0.42428609036547965,0.04657399042364526,0.4729163397200382,0.0751091814821646,20.648364158380655,1,1
D013,O053,3,199,0.3065356861925919,251,0.008437374343120882,0.21970454406000367,0.07760861372476294,0.043406152521391926,15.704072062843153,1,2
D013,O032,3,199,0.3065356861925919,449,0.47407037046920236,0.2939643960095397,0.3338689716235752,0.19214128568359498,0.6467632780905109,1,1
D013,O083,3,199,0.3065356861925919,89,0.0026292440689011016,0.11891721005650385,0.01234014792986679,0.1423155000056148,8.932954010356676,1,1
D013,O050,3,199,0.3065356861925919,322,0.20605210901232662,0.1235097854541975,0.23025885735500393,0.24203168280895757,3.7974936169643003,1,1
D013,O084,3,199,0.3065356861925919,797,0.3729926769965046,0.00038649133259261126,0.0015211296530381324,0.21211963380230117,57.968250320486554,1,20
D013,O027,3,199,0.3065356861925919,120,0.17379211770070632,0.27539058086552737,0.1159901845036011,0.0031260536499028886,1.2414059949857388,1,1
D013,O023,3,199,0.3065356861925919,410,0.21445143650369905,0.1278983599397813,0.09400253805958962,0.08365268726290574,18.724748063248505,1,2
D013,O047,3,199,0.3065356861925919,32,0.45759305330669026,0.35742600924919476,0.3652359087633477,0.12397431353742944,4.578704726331181,1,1
D013,O067,3,199,0.3065356861925919,60,0.35992868878826584,0.02076874017167992,0.17423242461745192,0.0965105355241593,2.1003211333451848,1,1
D013,O074,3,199,0.3065356861925919,36,0.04256894354729143,0.004280635208135988,0.08729344080162678,0.07148454213260426,17.202121910274414,1,1
D013,O092,3,199,0.3065356861925919,303,0.4427063112729767,0.17226722665159136,0.4364919026956049,0.17566795406842103,23.101547487550636,1,2
D013,O045,3,199,0.3065356861925919,692,0.33110476806173594,0.08646504541541372,0.22004213527881566,0.08596571587890212,2.810064906380055,1,1
D013,O093,3,199,0.3065356861925919,25,0.27627503482623056,0.07815342445263838,0.29138458201830647,0.04123940092547084,41.46024928161635,1,1
D013,O055,3,199,0.3065356861925919,143,0.09821221972656778,0.1636668169410805,0.28503377285937526,0.11581965182801995,1.3300221265710437,1,1
D041,O006,8,148,0.636765119814583,26,0.46643889626056984,0.1999019902784377,0.36047690978299723,0.19632186896831513,0.7164933989680144,1,1
D041,O071,8,148,0.636765119814583,830,0.02577223787060603,0.059916075683899506,0.006124036584080637,0.001567019036236368,15.173323377461541,1,5
D041,O014,8,148,0.636765119814583,505,0.055050563519665925,0.385744929065962,0.3235732737788464,0.24919199267349826,40.509619850150905,1,5
D041,O017,8,148,0.636765119814583,47,0.23594790081754102,0.20555857271914696,0.45042194931634016,0.031413736601039494,53.72409801145742,1,1
D041,O086,8,148,0.636765119814583,135,0.46988821914906914,0.05636599657473364,0.04382145887034975,0.20420128774402999,39.12492865085397,1,2
D041,O068,8,148,0.636765119814583,871,0.14852577867663705,0.23899060027800526,0.4312666597088087,0.024847913302553898,0.9200696163057719,1,1
D041,O088,8,148,0.636765119814583,74,0.028069089455227885,0.0540852458243732,0.20267396198384915,0.18713991585106382,1.5827391896984995,1,1
D041,O004,8,148,0.636765119814583,544,0.015441285299266139,0.39993712983284035,0.04776710118920632,0.021638755647051863,1.6116316353856468,1,1
D041,O044,8,148,0.636765119814583,721,0.4323761389499774,0.3249254075658305,0.14400789358316032,0.2057651422999217,5.188637143423622,1,1
D041,O039,8,148,0.636765119814583,48,0.23271826163391704,0.17994216982882252,0.033136716412387766,0.009267722660894678,7.735302700968688,1,1
D041,O002,8,148,0.636765119814583,71,0.3869572888593429,0.3359060402524592,0.4237565470025848,0.2289968100269869,83.12511836496435,1,2
D041,O040,8,148,0.636765119814583,585,0.39295945909914204,0.39457393035340843,0.49881523135642764,0.05135952265618624,14.252098768706817,1,2
D041,O094,8,148,0.636765119814583,888,0.3020897605205713,0.09146905532601642,0.35894591710200935,0.2171888653996259,27.41085260307382,1,5
D041,O081,8,148,0.636765119814583,229,0.311863322482168,0.04075722691061323,0.19095392421992533,0.02739734620632218,0.6097018515377178,1,1
D041,O049,8,148,0.636765119814583,33,0.06812771834318439,0.32719790546899485,0.35145855206621296,0.16958665122464434,1.8896835200947433,1,1
D041,O052,8,148,0.636765119814583,249,0.2931097132079093,0.3814959415656873,0.2938470301831344,0.11894055514138323,0.5015927101920599,1,1
D041,O008,8,148,0.636765119814583,217,0.11836586776404656,0.010264004522404446,0.43857764367626295,0.018412668361408348,3.575437414313759,1,1
D041,O054,8,148,0.636765119814583,70,0.4839396769446982,0.22536965317316154,0.03930216819422613,0.15840050766206762,1.0282529368841058,1,1
D041,O024,8,148,0.636765119814583,109,0.10754307926740679,0.37018563204761357,0.33107988983875875,0.015416181466785838,6.304497557330792,1,1
D041,O096,8,148,0.636765119814583,91,0.16170145035385156,0.2643539191149355,0.06955567449111148,0.22233066342288632,0.7713641646886089,1,1
D041,O011,8,148,0.636765119814583,163,0.25776627650906286,0.2303694517776211,0.06737682806363049,0.14710779675896993,91.70680464514531,1,5
D041,O007,8,148,0.636765119814583,20,0.14113037245484783,0.13876459429554666,0.1666223660040416,0.10804294323375169,48.415238066551936,1,1
D041,O005,8,148,0.636765119814583,472,0.4589275080729363,0.08115278028022999,0.01805553152120237,0.016407342151695845,5.656278920047442,1,1
D041,O051,8,148,0.636765119814583,264,0.41545850105358517,0.16117913503688408,0.31172678881737154,0.04432963616759917,29.375100601310205,1,2
D041,O035,8,148,0.636765119814583,173,0.04115959515567879,0.2568973510762646,0.341435098368886,0.12832396264407875,33.55867734781047,1,2
D041,O061,8,148,0.636765119814583,27,0.3818054373139011,0.016164820124611564,0.49161369207236744,0.15170831162875867,2.704226534184525,1,1
D041,O041,8,148,0.636765119814583,49,0.29773529796391324,0.2682058880863957,0.21258059195189896,0.13536346098324145,6.422809519648459,1,1
D041,O063,8,148,0.636765119814583,159,0.16777747895905004,0.06995771215016022,0.1303723567023025,0.23670560860575965,35.98655231023139,1,2
D041,O019,8,148,0.636765119814583,24,0.43162963836847273,0.2540667171143032,0.25374033794612383,0.035040597237275414,32.89046352986745,1,1
D041,O012,8,148,0.636765119814583,121,0.018977159008053714,0.04210847176585192,0.10616643187530726,0.054886753813351695,1.8282853898334144,1,1
D041,O043,8,148,0.636765119814583,936,0.15426768642279118,0.33291989469689626,0.3891618356934266,0.22532924015852426,3.26544153713843,1,1
D041,O020,8,148,0.636765119814583,113,0.34826997592038184,0.09528586345019373,0.4094664889372201,0.24640169843124984,56.59198119339328,1,2
D041,O038,8,148,0.636765119814583,765,0.13732854699013036,0.15389066235695392,0.3957456035362972,0.09581902124053866,11.34675406331586,1,2
D041,O010,8,148,0.636765119814583,78,0.42428609036547965,0.04657399042364526,0.4729163397200382,0.0751091814821646,20.648364158380655,1,1
D041,O053,8,148,0.636765119814583,251,0.008437374343120882,0.21970454406000367,0.07760861372476294,0.043406152521391926,15.704072062843153,1,1
D041,O032,8,148,0.636765119814583,449,0.47407037046920236,0.2939643960095397,0.3338689716235752,0.19214128568359498,0.6467632780905109,1,1
D041,O083,8,148,0.636765119814583,89,0.0026292440689011016,0.11891721005650385,0.01234014792986679,0.1423155000056148,8.932954010356676,1,1
D041,O050,8,148,0.636765119814583,322,0.20605210901232662,0.1235097854541975,0.23025885735500393,0.24203168280895757,3.7974936169643003,1,1
D041,O084,8,148,0.636765119814583,797,0.3729926769965046,0.00038649133259261126,0.0015211296530381324,0.21211963380230117,57.968250320486554,1,10
D041,O027,8,148,0.636765119814583,120,0.17379211770070632,0.27539058086552737,0.1159901845036011,0.0031260536499028886,1.2414059949857388,1,1
D041,O023,8,148,0.636765119814583,410,0.21445143650369905,0.1278983599397813,0.09400253805958962,0.08365268726290574,18.724748063248505,1,2
D041,O047,8,148,0.636765119814583,32,0.45759305330669026,0.35742600924919476,0.3652359087633477,0.12397431353742944,4.578704726331181,1,1
D041,O067,8,148,0.636765119814583,60,0.35992868878826584,0.02076874017167992,0.17423242461745192,0.0965105355241593,2.1003211333451848,1,1
D041,O074,8,148,0.636765119814583,36,0.04256894354729143,0.004280635208135988,0.08729344080162678,0.07148454213260426,17.202121910274414,1,1
D041,O092,8,148,0.636765119814583,303,0.4427063112729767,0.17226722665159136,0.4364919026956049,0.17566795406842103,23.101547487550636,1,2
D041,O045,8,148,0.636765119814583,692,0.33110476806173594,0.08646504541541372,0.22004213527881566,0.08596571587890212,2.810064906380055,1,1
D041,O093,8,148,0.636765119814583,25,0.27627503482623056,0.07815342445263838,0.29138458201830647,0.04123940092547084,41.46024928161635,1,1
D041,O055,8,148,0.636765119814583,143,0.09821221972656778,0.1636668169410805,0.28503377285937526,0.11581965182801995,1.3300221265710437,1,1
D045,O006,2,646,3.630358006813908,26,0.46643889626056984,0.1999019902784377,0.36047690978299723,0.19632186896831513,0.7164933989680144,1,1
D045,O071,2,646,3.630358006813908,830,0.02577223787060603,0.059916075683899506,0.006124036584080637,0.001567019036236368,15.173323377461541,1,20
D045,O014,2,646,3.630358006813908,505,0.055050563519665925,0.385744929065962,0.3235732737788464,0.24919199267349826,40.509619850150905,1,20
D045,O017,2,646,3.630358006813908,47,0.23594790081754102,0.20555857271914696,0.45042194931634016,0.031413736601039494,53.72409801145742,1,5
D045,O086,2,646,3.630358006813908,135,0.46988821914906914,0.05636599657473364,0.04382145887034975,0.20420128774402999,39.12492865085397,1,5
D045,O068,2,646,3.630358006813908,871,0.14852577867663705,0.23899060027800526,0.4312666597088087,0.024847913302553898,0.9200696163057719,1,1
D045,O088,2,646,3.630358006813908,74,0.028069089455227885,0.0540852458243732,0.20267396198384915,0.18713991585106382,1.5827391896984995,1,1
D045,O004,2,646,3.630358006813908,544,0.015441285299266139,0.39993712983284035,0.04776710118920632,0.021638755647051863,1.6116316353856468,1,1
D045,O044,2,646,3.630358006813908,721,0.4323761389499774,0.3249254075658305,0.14400789358316032,0.2057651422999217,5.188637143423622,1,5
D045,O039,2,646,3.630358006813908,48,0.23271826163391704,0.17994216982882252,0.033136716412387766,0.009267722660894678,7.735302700968688,1,1
D045,O002,2,646,3.630358006813908,71,0.3869572888593429,0.3359060402524592,0.4237565470025848,0.2289968100269869,83.12511836496435,1,5
D045,O040,2,646,3.630358006813908,585,0.39295945909914204,0.39457393035340843,0.49881523135642764,0.05135952265618624,14.252098768706817,1,10
D045,O094,2,646,3.630358006813908,888,0.3020897605205713,0.09146905532601642,0.35894591710200935,0.2171888653996259,27.41085260307382,1,50
D045,O081,2,646,3.630358006813908,229,0.311863322482168,0.04075722691061323,0.19095392421992533,0.02739734620632218,0.6097018515377178,1,1
D045,O049,2,646,3.630358006813908,33,0.06812771834318439,0.32719790546899485,0.35145855206621296,0.16958665122464434,1.8896835200947433,1,1
D045,O052,2,646,3.630358006813908,249,0.2931097132079093,0.3814959415656873,0.2938470301831344,0.11894055514138323,0.5015927101920599,1,1
D045,O008,2,646,3.630358006813908,217,0.11836586776404656,0.010264004522404446,0.43857764367626295,0.018412668361408348,3.575437414313759,1,1
D045,O054,2,646,3.630358006813908,70,0.4839396769446982,0.22536965317316154,0.03930216819422613,0.15840050766206762,1.0282529368841058,1,1
D045,O024,2,646,3.630358006813908,109,0.10754307926740679,0.37018563204761357,0.33107988983875875,0.015416181466785838,6.304497557330792,1,1
D045,O096,2,646,3.630358006813908,91,0.16170145035385156,0.2643539191149355,0.06955567449111148,0.22233066342288632,0.7713641646886089,1,1
D045,O011,2,646,3.630358006813908,163,0.25776627650906286,0.2303694517776211,0.06737682806363049,0.14710779675896993,91.70680464514531,1,20
D045,O007,2,646,3.630358006813908,20,0.14113037245484783,0.13876459429554666,0.1666223660040416,0.10804294323375169,48.415238066551936,1,1
D045,O005,2,646,3.630358006813908,472,0.4589275080729363,0.08115278028022999,0.01805553152120237,0.016407342151695845,5.656278920047442,1,5
D045,O051,2,646,3.630358006813908,264,0.41545850105358517,0.16117913503688408,0.31172678881737154,0.04432963616759917,29.375100601310205,1,10
D045,O035,2,646,3.630358006813908,173,0.04115959515567879,0.2568973510762646,0.341435098368886,0.12832396264407875,33.55867734781047,1,5
D045,O061,2,646,3.630358006813908,27,0.3818054373139011,0.016164820124611564,0.49161369207236744,0.15170831162875867,2.704226534184525,1,1
D045,O041,2,646,3.630358006813908,49,0.29773529796391324,0.2682058880863957,0.21258059195189896,0.13536346098324145,6.422809519648459,1,1
D045,O063,2,646,3.630358006813908,159,0.16777747895905004,0.06995771215016022,0.1303723567023025,0.23670560860575965,35.98655231023139,1,5
D045,O019,2,646,3.630358006813908,24,0.43162963836847273,0.2540667171143032,0.25374033794612383,0.035040597237275414,32.89046352986745,1,1
D045,O012,2,646,3.630358006813908,121,0.018977159008053714,0.04210847176585192,0.10616643187530726,0.054886753813351695,1.8282853898334144,1,1
D045,O043,2,646,3.630358006813908,936,0.15426768642279118,0.33291989469689626,0.3891618356934266,0.22532924015852426,3.26544153713843,1,5
D045,O020,2,646,3.630358006813908,113,0.34826997592038184,0.09528586345019373,0.4094664889372201,0.24640169843124984,56.59198119339328,1,10
D045,O038,2,646,3.630358006813908,765,0.13732854699013036,0.15389066235695392,0.3957456035362972,0.09581902124053866,11.34675406331586,1,10
D045,O010,2,646,3.630358006813908,78,0.42428609036547965,0.04657399042364526,0.4729163397200382,0.0751091814821646,20.648364158380655,1,2
D045,O053,2,646,3.630358006813908,251,0.008437374343120882,0.21970454406000367,0.07760861372476294,0.043406152521391926,15.704072062843153,1,5
D045,O032,2,646,3.630358006813908,449,0.47407037046920236,0.2939643960095397,0.3338689716235752,0.19214128568359498,0.6467632780905109,1,1
D045,O083,2,646,3.630358006813908,89,0.0026292440689011016,0.11891721005650385,0.01234014792986679,0.1423155000056148,8.932954010356676,1,1
D045,O050,2,646,3.630358006813908,322,0.20605210901232662,0.1235097854541975,0.23025885735500393,0.24203168280895757,3.7974936169643003,1,2
D045,O084,2,646,3.630358006813908,797,0.3729926769965046,0.00038649133259261126,0.0015211296530381324,0.21211963380230117,57.968250320486554,1,50
D045,O027,2,646,3.630358006813908,120,0.17379211770070632,0.27539058086552737,0.1159901845036011,0.0031260536499028886,1.2414059949857388,1,1
D045,O023,2,646,3.630358006813908,410,0.21445143650369905,0.1278983599397813,0.09400253805958962,0.08365268726290574,18.724748063248505,1,10
D045,O047,2,646,3.630358006813908,32,0.45759305330669026,0.35742600924919476,0.3652359087633477,0.12397431353742944,4.578704726331181,1,1
D045,O067,2,646,3.630358006813908,60,0.35992868878826584,0.02076874017167992,0.17423242461745192,0.0965105355241593,2.1003211333451848,1,1
D045,O074,2,646,3.630358006813908,36,0.04256894354729143,0.004280635208135988,0.08729344080162678,0.07148454213260426,17.202121910274414,1,1
D045,O092,2,646,3.630358006813908,303,0.4427063112729767,0.17226722665159136,0.4364919026956049,0.17566795406842103,23.101547487550636,1,10
D045,O045,2,646,3.630358006813908,692,0.33110476806173594,0.08646504541541372,0.22004213527881566,0.08596571587890212,2.810064906380055,1,2
D045,O093,2,646,3.630358006813908,25,0.27627503482623056,0.07815342445263838,0.29138458201830647,0.04123940092547084,41.46024928161635,1,1
D045,O055,2,646,3.630358006813908,143,0.09821221972656778,0.1636668169410805,0.28503377285937526,0.11581965182801995,1.3300221265710437,1,1
D111,O006,4,556,0.2715420558586505,26,0.46643889626056984,0.1999019902784377,0.36047690978299723,0.19632186896831513,0.7164933989680144,1,1
D111,O071,4,556,0.2715420558586505,830,0.02577223787060603,0.059916075683899506,0.006124036584080637,0.001567019036236368,15.173323377461541,1,10
D111,O014,4,556,0.2715420558586505,505,0.055050563519665925,0.385744929065962,0.3235732737788464,0.24919199267349826,40.509619850150905,1,20
D111,O017,4,556,0.2715420558586505,47,0.23594790081754102,0.20555857271914696,0.45042194931634016,0.031413736601039494,53.72409801145742,1,2
D111,O086,4,556,0.2715420558586505,135,0.46988821914906914,0.05636599657473364,0.04382145887034975,0.20420128774402999,39.12492865085397,1,5
D111,O068,4,556,0.2715420558586505,871,0.14852577867663705,0.23899060027800526,0.4312666597088087,0.024847913302553898,0.9200696163057719,1,1
D111,O088,4,556,0.2715420558586505,74,0.028069089455227885,0.0540852458243732,0.20267396198384915,0.18713991585106382,1.5827391896984995,1,1
D111,O004,4,556,0.2715420558586505,544,0.015441285299266139,0.39993712983284035,0.04776710118920632,0.021638755647051863,1.6116316353856468,1,1
D111,O044,4,556,0.2715420558586505,721,0.4323761389499774,0.3249254075658305,0.14400789358316032,0.2057651422999217,5.188637143423622,1,5
D111,O039,4,556,0.2715420558586505,48,0.23271826163391704,0.17994216982882252,0.033136716412387766,0.009267722660894678,7.735302700968688,1,1
D111,O002,4,556,0.2715420558586505,71,0.3869572888593429,0.3359060402524592,0.4237565470025848,0.2289968100269869,83.12511836496435,1,5
D111,O040,4,556,0.2715420558586505,585,0.39295945909914204,0.39457393035340843,0.49881523135642764,0.05135952265618624,14.252098768706817,1,10
D111,O094,4,556,0.2715420558586505,888,0.3020897605205713,0.09146905532601642,0.35894591710200935,0.2171888653996259,27.41085260307382,1,20
D111,O081,4,556,0.2715420558586505,229,0.311863322482168,0.04075722691061323,0.19095392421992533,0.02739734620632218,0.6097018515377178,1,1
D111,O049,4,556,0.2715420558586505,33,0.06812771834318439,0.32719790546899485,0.35145855206621296,0.16958665122464434,1.8896835200947433,1,1
D111,O052,4,556,0.2715420558586505,249,0.2931097132079093,0.3814959415656873,0.2938470301831344,0.11894055514138323,0.5015927101920599,1,1
D111,O008,4,556,0.2715420558586505,217,0.11836586776404656,0.010264004522404446,0.43857764367626295,0.018412668361408348,3.575437414313759,1,1
D111,O054,4,556,0.2715420558586505,70,0.4839396769446982,0.22536965317316154,0.03930216819422613,0.15840050766206762,1.0282529368841058,1,1
D111,O024,4,556,0.2715420558586505,109,0.10754307926740679,0.37018563204761357,0.33107988983875875,0.015416181466785838,6.304497557330792,1,1
D111,O096,4,556,0.2715420558586505,91,0.16170145035385156,0.2643539191149355,0.06955567449111148,0.22233066342288632,0.7713641646886089,1,1
D111,O011,4,556,0.2715420558586505,163,0.25776627650906286,0.2303694517776211,0.06737682806363049,0.14710779675896993,91.70680464514531,1,20
D111,O007,4,556,0.2715420558586505,20,0.14113037245484783,0.13876459429554666,0.1666223660040416,0.10804294323375169,48.415238066551936,1,1
D111,O005,4,556,0.2715420558586505,472,0.4589275080729363,0.08115278028022999,0.01805553152120237,0.016407342151695845,5.656278920047442,1,2
D111,O051,4,556,0.2715420558586505,264,0.41545850105358517,0.16117913503688408,0.31172678881737154,0.04432963616759917,29.375100601310205,1,10
D111,O035,4,556,0.2715420558586505,173,0.04115959515567879,0.2568973510762646,0.341435098368886,0.12832396264407875,33.55867734781047,1,5
D111,O061,4,556,0.2715420558586505,27,0.3818054373139011,0.016164820124611564,0.49161369207236744,0.15170831162875867,2.704226534184525,1,1
D111,O041,4,556,0.2715420558586505,49,0.29773529796391324,0.2682058880863957,0.21258059195189896,0.13536346098324145,6.422809519648459,1,1
D111,O063,4,556,0.2715420558586505,159,0.16777747895905004,0.06995771215016022,0.1303723567023025,0.23670560860575965,35.98655231023139,1,5
D111,O019,4,556,0.2715420558586505,24,0.43162963836847273,0.2540667171143032,0.25374033794612383,0.035040597237275414,32.89046352986745,1,1
D111,O012,4,556,0.2715420558586505,121,0.018977159008053714,0.04210847176585192,0.10616643187530726,0.054886753813351695,1.8282853898334144,1,1
D111,O043,4,556,0.2715420558586505,936,0.15426768642279118,0.33291989469689626,0.3891618356934266,0.22532924015852426,3.26544153713843,1,5
D111,O020,4,556,0.2715420558586505,113,0.34826997592038184,0.09528586345019373,0.4094664889372201,0.24640169843124984,56.59198119339328,1,5
D111,O038,4,556,0.2715420558586505,765,0.13732854699013036,0.15389066235695392,0.3957456035362972,0.09581902124053866,11.34675406331586,1,10
D111,O010,4,556,0.2715420558586505,78,0.42428609036547965,0.04657399042364526,0.4729163397200382,0.0751091814821646,20.648364158380655,1,2
D111,O053,4,556,0.2715420558586505,251,0.008437374343120882,0.21970454406000367,0.07760861372476294,0.043406152521391926,15.704072062843153,1,5
D111,O032,4,556,0.2715420558586505,449,0.47407037046920236,0.2939643960095397,0.3338689716235752,0.19214128568359498,0.6467632780905109,1,1
D111,O083,4,556,0.2715420558586505,89,0.0026292440689011016,0.11891721005650385,0.01234014792986679,0.1423155000056148,8.932954010356676,1,1
D111,O050,4,556,0.2715420558586505,322,0.20605210901232662,0.1235097854541975,0.23025885735500393,0.24203168280895757,3.7974936169643003,1,1
D111,O084,4,556,0.2715420558586505,797,0.3729926769965046,0.00038649133259261126,0.0015211296530381324,0.21211963380230117,57.968250320486554,1,50
D111,O027,4,556,0.2715420558586505,120,0.17379211770070632,0.27539058086552737,0.1159901845036011,0.0031260536499028886,1.2414059949857388,1,1
D111,O023,4,556,0.2715420558586505,410,0.21445143650369905,0.1278983599397813,0.09400253805958962,0.08365268726290574,18.724748063248505,1,10
D111,O047,4,556,0.2715420558586505,32,0.45759305330669026,0.35742600924919476,0.3652359087633477,0.12397431353742944,4.578704726331181,1,1
D111,O067,4,556,0.2715420558586505,60,0.35992868878826584,0.02076874017167992,0.17423242461745192,0.0965105355241593,2.1003211333451848,1,1
D111,O074,4,556,0.2715420558586505,36,0.04256894354729143,0.004280635208135988,0.08729344080162678,0.07148454213260426,17.202121910274414,1,1
D111,O092,4,556,0.2715420558586505,303,0.4427063112729767,0.17226722665159136,0.4364919026956049,0.17566795406842103,23.101547487550636,1,10
D111,O045,4,556,0.2715420558586505,692,0.33110476806173594,0.08646504541541372,0.22004213527881566,0.08596571587890212,2.810064906380055,1,2
D111,O093,4,556,0.2715420558586505,25,0.27627503482623056,0.07815342445263838,0.29138458201830647,0.04123940092547084,41.46024928161635,1,1
D111,O055,4,556,0.2715420558586505,143,0.09821221972656778,0.1636668169410805,0.28503377285937526,0.11581965182801995,1.3300221265710437,1,1
D025,O006,6,105,0.35387549213976915,26,0.46643889626056984,0.1999019902784377,0.36047690978299723,0.19632186896831513,0.7164933989680144,1,1
D025,O071,6,105,0.35387549213976915,830,0.02577223787060603,0.059916075683899506,0.006124036584080637,0.001567019036236368,15.173323377461541,1,2
D025,O014,6,105,0.35387549213976915,505,0.055050563519665925,0.385744929065962,0.3235732737788464,0.24919199267349826,40.509619850150905,1,5
D025,O017,6,105,0.35387549213976915,47,0.23594790081754102,0.20555857271914696,0.45042194931634016,0.031413736601039494,53.72409801145742,1,1
D025,O086,6,105,0.35387549213976915,135,0.46988821914906914,0.05636599657473364,0.04382145887034975,0.20420128774402999,39.12492865085397,1,1
D025,O068,6,105,0.35387549213976915,871,0.14852577867663705,0.23899060027800526,0.4312666597088087,0.024847913302553898,0.9200696163057719,1,1
D025,O088,6,105,0.35387549213976915,74,0.028069089455227885,0.0540852458243732,0.20267396198384915,0.18713991585106382,1.5827391896984995,1,1
D025,O004,6,105,0.35387549213976915,544,0.015441285299266139,0.39993712983284035,0.04776710118920632,0.021638755647051863,1.6116316353856468,1,1
D025,O044,6,105,0.35387549213976915,721,0.4323761389499774,0.3249254075658305,0.14400789358316032,0.2057651422999217,5.188637143423622,1,1
D025,O039,6,105,0.35387549213976915,48,0.23271826163391704,0.17994216982882252,0.033136716412387766,0.009267722660894678,7.735302700968688,1,1
D025,O002,6,105,0.35387549213976915,71,0.3869572888593429,0.3359060402524592,0.4237565470025848,0.2289968100269869,83.12511836496435,1,1
D025,O040,6,105,0.35387549213976915,585,0.39295945909914204,0.39457393035340843,0.49881523135642764,0.05135952265618624,14.252098768706817,1,2
D025,O094,6,105,0.35387549213976915,888,0.3020897605205713,0.09146905532601642,0.35894591710200935,0.2171888653996259,27.41085260307382,1,5
D025,O081,6,105,0.35387549213976915,229,0.311863322482168,0.04075722691061323,0.19095392421992533,0.02739734620632218,0.6097018515377178,1,1
D025,O049,6,105,0.35387549213976915,33,0.06812771834318439,0.32719790546899485,0.35145855206621296,0.16958665122464434,1.8896835200947433,1,1
D025,O052,6,105,0.35387549213976915,249,0.2931097132079093,0.3814959415656873,0.2938470301831344,0.11894055514138323,0.5015927101920599,1,1
D025,O008,6,105,0.35387549213976915,217,0.11836586776404656,0.010264004522404446,0.43857764367626295,0.018412668361408348,3.575437414313759,1,1
D025,O054,6,105,0.35387549213976915,70,0.4839396769446982,0.22536965317316154,0.03930216819422613,0.15840050766206762,1.0282529368841058,1,1
D025,O024,6,105,0.35387549213976915,109,0.10754307926740679,0.37018563204761357,0.33107988983875875,0.015416181466785838,6.304497557330792,1,1
D025,O096,6,105,0.35387549213976915,91,0.16170145035385156,0.2643539191149355,0.06955567449111148,0.22233066342288632,0.7713641646886089,1,1
D025,O011,6,105,0.35387549213976915,163,0.25776627650906286,0.2303694517776211,0.06737682806363049,0.14710779675896993,91.70680464514531,1,5
D025,O007,6,105,0.35387549213976915,20,0.14113037245484783,0.13876459429554666,0.1666223660040416,0.10804294323375169,48.415238066551936,1,1
D025,O005,6,105,0.35387549213976915,472,0.4589275080729363,0.08115278028022999,0.01805553152120237,0.016407342151695845,5.656278920047442,1,1
D025,O051,6,105,0.35387549213976915,264,0.41545850105358517,0.16117913503688408,0.31172678881737154,0.04432963616759917,29.375100601310205,1,2
D025,O035,6,105,0.35387549213976915,173,0.04115959515567879,0.2568973510762646,0.341435098368886,0.12832396264407875,33.55867734781047,1,1
D025,O061,6,105,0.35387549213976915,27,0.3818054373139011,0.016164820124611564,0.49161369207236744,0.15170831162875867,2.704226534184525,1,1
D025,O041,6,105,0.35387549213976915,49,0.29773529796391324,0.2682058880863957,0.21258059195189896,0.13536346098324145,6.422809519648459,1,1
D025,O063,6,105,0.35387549213976915,159,0.16777747895905004,0.06995771215016022,0.1303723567023025,0.23670560860575965,35.98655231023139,1,1
D025,O019,6,105,0.35387549213976915,24,0.43162963836847273,0.2540667171143032,0.25374033794612383,0.035040597237275414,32.89046352986745,1,1
D025,O012,6,105,0.35387549213976915,121,0.018977159008053714,0.04210847176585192,0.10616643187530726,0.054886753813351695,1.8282853898334144,1,1
D025,O043,6,105,0.35387549213976915,936,0.15426768642279118,0.33291989469689626,0.3891618356934266,0.22532924015852426,3.26544153713843,1,1
D025,O020,6,105,0.35387549213976915,113,0.34826997592038184,0.09528586345019373,0.4094664889372201,0.24640169843124984,56.59198119339328,1,1
D025,O038,6,105,0.35387549213976915,765,0.13732854699013036,0.15389066235695392,0.3957456035362972,0.09581902124053866,11.34675406331586,1,2
D025,O010,6,105,0.35387549213976915,78,0.42428609036547965,0.04657399042364526,0.4729163397200382,0.0751091814821646,20.648364158380655,1,1
D025,O053,6,105,0.35387549213976915,251,0.008437374343120882,0.21970454406000367,0.07760861372476294,0.043406152521391926,15.704072062843153,1,1
D025,O032,6,105,0.35387549213976915,449,0.47407037046920236,0.2939643960095397,0.3338689716235752,0.19214128568359498,0.6467632780905109,1,1
D025,O083,6,105,0.35387549213976915,89,0.0026292440689011016,0.11891721005650385,0.01234014792986679,0.1423155000056148,8.932954010356676,1,1
D025,O050,6,105,0.35387549213976915,322,0.20605210901232662,0.1235097854541975,0.23025885735500393,0.24203168280895757,3.7974936169643003,1,1
D025,O084,6,105,0.35387549213976915,797,0.3729926769965046,0.00038649133259261126,0.0015211296530381324,0.21211963380230117,57.968250320486554,1,10
D025,O027,6,105,0.35387549213976915,120,0.17379211770070632,0.27539058086552737,0.1159901845036011,0.0031260536499028886,1.2414059949857388,1,1
D025,O023,6,105,0.35387549213976915,410,0.21445143650369905,0.1278983599397813,0.09400253805958962,0.08365268726290574,18.724748063248505,1,2
D025,O047,6,105,0.35387549213976915,32,0.45759305330669026,0.35742600924919476,0.3652359087633477,0.12397431353742944,4.578704726331181,1,1
D025,O067,6,105,0.35387549213976915,60,0.35992868878826584,0.02076874017167992,0.17423242461745192,0.0965105355241593,2.1003211333451848,1,1
D025,O074,6,105,0.35387549213976915,36,0.04256894354729143,0.004280635208135988,0.08729344080162678,0.07148454213260426,17.202121910274414,1,1
D025,O092,6,105,0.35387549213976915,303,0.4427063112729767,0.17226722665159136,0.4364919026956049,0.17566795406842103,23.101547487550636,1,1
D025,O045,6,105,0.35387549213976915,692,0.33110476806173594,0.08646504541541372,0.22004213527881566,0.08596571587890212,2.810064906380055,1,1
D025,O093,6,105,0.35387549213976915,25,0.27627503482623056,0.07815342445263838,0.29138458201830647,0.04123940092547084,41.46024928161635,1,1
D025,O055,6,105,0.35387549213976915,143,0.09821221972656778,0.1636668169410805,0.28503377285937526,0.11581965182801995,1.3300221265710437,1,1
D078,O006,8,257,1.0207543651144704,26,0.46643889626056984,0.1999019902784377,0.36047690978299723,0.19632186896831513,0.7164933989680144,1,1
D078,O071,8,257,1.0207543651144704,830,0.02577223787060603,0.059916075683899506,0.006124036584080637,0.001567019036236368,15.173323377461541,1,5
D078,O014,8,257,1.0207543651144704,505,0.055050563519665925,0.385744929065962,0.3235732737788464,0.24919199267349826,40.509619850150905,1,10
D078,O017,8,257,1.0207543651144704,47,0.23594790081754102,0.20555857271914696,0.45042194931634016,0.031413736601039494,53.72409801145742,1,1
D078,O086,8,257,1.0207543651144704,135,0.46988821914906914,0.05636599657473364,0.04382145887034975,0.20420128774402999,39.12492865085397,1,2
D078,O068,8,257,1.0207543651144704,871,0.14852577867663705,0.23899060027800526,0.4312666597088087,0.024847913302553898,0.9200696163057719,1,1
D078,O088,8,257,1.0207543651144704,74,0.028069089455227885,0.0540852458243732,0.20267396198384915,0.18713991585106382,1.5827391896984995,1,1
D078,O004,8,257,1.0207543651144704,544,0.015441285299266139,0.39993712983284035,0.04776710118920632,0.021638755647051863,1.6116316353856468,1,1
D078,O044,8,257,1.0207543651144704,721,0.4323761389499774,0.3249254075658305,0.14400789358316032,0.2057651422999217,5.188637143423622,1,2
D078,O039,8,257,1.0207543651144704,48,0.23271826163391704,0.17994216982882252,0.033136716412387766,0.009267722660894678,7.735302700968688,1,1
D078,O002,8,257,1.0207543651144704,71,0.3869572888593429,0.3359060402524592,0.4237565470025848,0.2289968100269869,83.12511836496435,1,2
D078,O040,8,257,1.0207543651144704,585,0.39295945909914204,0.39457393035340843,0.49881523135642764,0.05135952265618624,14.252098768706817,1,5
D078,O094,8,257,1.0207543651144704,888,0.3020897605205713,0.09146905532601642,0.35894591710200935,0.2171888653996259,27.41085260307382,1,10
D078,O081,8,257,1.0207543651144704,229,0.311863322482168,0.04075722691061323,0.19095392421992533,0.02739734620632218,0.6097018515377178,1,1
D078,O049,8,257,1.0207543651144704,33,0.06812771834318439,0.32719790546899485,0.35145855206621296,0.16958665122464434,1.8896835200947433,1,1
D078,O052,8,257,1.0207543651144704,249,0.2931097132079093,0.3814959415656873,0.2938470301831344,0.11894055514138323,0.5015927101920599,1,1
D078,O008,8,257,1.0207543651144704,217,0.11836586776404656,0.010264004522404446,0.43857764367626295,0.018412668361408348,3.575437414313759,1,1
D078,O054,8,257,1.0207543651144704,70,0.4839396769446982,0.22536965317316154,0.03930216819422613,0.15840050766206762,1.0282529368841058,1,1
D078,O024,8,257,1.0207543651144704,109,0.10754307926740679,0.37018563204761357,0.33107988983875875,0.015416181466785838,6.304497557330792,1,1
D078,O096,8,257,1.0207543651144704,91,0.16170145035385156,0.2643539191149355,0.06955567449111148,0.22233066342288632,0.7713641646886089,1,1
D078,O011,8,257,1.0207543651144704,163,0.25776627650906286,0.2303694517776211,0.06737682806363049,0.14710779675896993,91.70680464514531,1,5
D078,O007,8,257,1.0207543651144704,20,0.14113037245484783,0.13876459429554666,0.1666223660040416,0.10804294323375169,48.415238066551936,1,1
D078,O005,8,257,1.0207543651144704,472,0.4589275080729363,0.08115278028022999,0.01805553152120237,0.016407342151695845,5.656278920047442,1,1
D078,O051,8,257,1.0207543651144704,264,0.41545850105358517,0.16117913503688408,0.31172678881737154,0.04432963616759917,29.375100601310205,1,5
D078,O035,8,257,1.0207543651144704,173,0.04115959515567879,0.2568973510762646,0.341435098368886,0.12832396264407875,33.55867734781047,1,2
D078,O061,8,257,1.0207543651144704,27,0.3818054373139011,0.016164820124611564,0.49161369207236744,0.15170831162875867,2.704226534184525,1,1
D078,O041,8,257,1.0207543651144704,49,0.29773529796391324,0.2682058880863957,0.21258059195189896,0.13536346098324145,6.422809519648459,1,1
D078,O063,8,257,1.0207543651144704,159,0.16777747895905004,0.06995771215016022,0.1303723567023025,0.23670560860575965,35.98655231023139,1,2
D078,O019,8,257,1.0207543651144704,24,0.43162963836847273,0.2540667171143032,0.25374033794612383,0.035040597237275414,32.89046352986745,1,1
D078,O012,8,257,1.0207543651144704,121,0.018977159008053714,0.04210847176585192,0.10616643187530726,0.054886753813351695,1.8282853898334144,1,1
D078,O043,8,257,1.0207543651144704,936,0.15426768642279118,0.33291989469689626,0.3891618356934266,0.22532924015852426,3.26544153713843,1,2
D078,O020,8,257,1.0207543651144704,113,0.34826997592038184,0.09528586345019373,0.4094664889372201,0.24640169843124984,56.59198119339328,1,5
D078,O038,8,257,1.0207543651144704,765,0.13732854699013036,0.15389066235695392,0.3957456035362972,0.09581902124053866,11.34675406331586,1,5
D078,O010,8,257,1.0207543651144704,78,0.42428609036547965,0.04657399042364526,0.4729163397200382,0.0751091814821646,20.648364158380655,1,1
D078,O053,8,257,1.0207543651144704,251,0.008437374343120882,0.21970454406000367,0.07760861372476294,0.043406152521391926,15.704072062843153,1,2
D078,O032,8,257,1.0207543651144704,449,0.47407037046920236,0.2939643960095397,0.3338689716235752,0.19214128568359498,0.6467632780905109,1,1
D078,O083,8,257,1.0207543651144704,89,0.0026292440689011016,0.11891721005650385,0.01234014792986679,0.1423155000056148,8.932954010356676,1,1
D078,O050,8,257,1.0207543651144704,322,0.20605210901232662,0.1235097854541975,0.23025885735500393,0.24203168280895757,3.7974936169643003,1,1
D078,O084,8,257,1.0207543651144704,797,0.3729926769965046,0.00038649133259261126,0.0015211296530381324,0.21211963380230117,57.968250320486554,1,20
D078,O027,8,257,1.0207543651144704,120,0.17379211770070632,0.27539058086552737,0.1159901845036011,0.0031260536499028886,1.2414059949857388,1,1
D078,O023,8,257,1.0207543651144704,410,0.21445143650369905,0.1278983599397813,0.09400253805958962,0.08365268726290574,18.724748063248505,1,5
D078,O047,8,257,1.0207543651144704,32,0.45759305330669026,0.35742600924919476,0.3652359087633477,0.12397431353742944,4.578704726331181,1,1
D078,O067,8,257,1.0207543651144704,60,0.35992868878826584,0.02076874017167992,0.17423242461745192,0.0965105355241593,2.1003211333451848,1,1
D078,O074,8,257,1.0207543651144704,36,0.04256894354729143,0.004280635208135988,0.08729344080162678,0.07148454213260426,17.202121910274414,1,1
D078,O092,8,257,1.0207543651144704,303,0.4427063112729767,0.17226722665159136,0.4364919026956049,0.17566795406842103,23.101547487550636,1,5
D078,O045,8,257,1.0207543651144704,692,0.33110476806173594,0.08646504541541372,0.22004213527881566,0.08596571587890212,2.810064906380055,1,1
D078,O093,8,257,1.0207543651144704,25,0.27627503482623056,0.07815342445263838,0.29138458201830647,0.04123940092547084,41.46024928161635,1,1
D078,O055,8,257,1.0207543651144704,143,0.09821221972656778,0.1636668169410805,0.28503377285937526,0.11581965182801995,1.3300221265710437,1,1
D031,O006,2,330,5.500368215908644,26,0.46643889626056984,0.1999019902784377,0.36047690978299723,0.19632186896831513,0.7164933989680144,1,1
D031,O071,2,330,5.500368215908644,830,0.02577223787060603,0.059916075683899506,0.006124036584080637,0.001567019036236368,15.173323377461541,1,10
D031,O014,2,330,5.500368215908644,505,0.055050563519665925,0.385744929065962,0.3235732737788464,0.24919199267349826,40.509619850150905,1,10
D031,O017,2,330,5.500368215908644,47,0.23594790081754102,0.20555857271914696,0.45042194931634016,0.031413736601039494,53.72409801145742,1,2
D031,O086,2,330,5.500368215908644,135,0.46988821914906914,0.05636599657473364,0.04382145887034975,0.20420128774402999,39.12492865085397,1,5
D031,O068,2,330,5.500368215908644,871,0.14852577867663705,0.23899060027800526,0.4312666597088087,0.024847913302553898,0.9200696163057719,1,1
D031,O088,2,330,5.500368215908644,74,0.028069089455227885,0.0540852458243732,0.20267396198384915,0.18713991585106382,1.5827391896984995,1,1
D031,O004,2,330,5.500368215908644,544,0.015441285299266139,0.39993712983284035,0.04776710118920632,0.021638755647051863,1.6116316353856468,1,1
D031,O044,2,330,5.500368215908644,721,0.4323761389499774,0.3249254075658305,0.14400789358316032,0.2057651422999217,5.188637143423622,1,2
D031,O039,2,330,5.500368215908644,48,0.23271826163391704,0.17994216982882252,0.033136716412387766,0.009267722660894678,7.735302700968688,1,1
D031,O002,2,330,5.500368215908644,71,0.3869572888593429,0.3359060402524592,0.4237565470025848,0.2289968100269869,83.12511836496435,1,5
D031,O040,2,330,5.500368215908644,585,0.39295945909914204,0.39457393035340843,0.49881523135642764,0.05135952265618624,14.252098768706817,1,5
D031,O094,2,330,5.500368215908644,888,0.3020897605205713,0.09146905532601642,0.35894591710200935,0.2171888653996259,27.41085260307382,1,20
D031,O081,2,330,5.500368215908644,229,0.311863322482168,0.04075722691061323,0.19095392421992533,0.02739734620632218,0.6097018515377178,1,1
D031,O049,2,330,5.500368215908644,33,0.06812771834318439,0.32719790546899485,0.35145855206621296,0.16958665122464434,1.8896835200947433,1,1
D031,O052,2,330,5.500368215908644,249,0.2931097132079093,0.3814959415656873,0.2938470301831344,0.11894055514138323,0.5015927101920599,1,1
D031,O008,2,330,5.500368215908644,217,0.11836586776404656,0.010264004522404446,0.43857764367626295,0.018412668361408348,3.575437414313759,1,1
D031,O054,2,330,5.500368215908644,70,0.4839396769446982,0.22536965317316154,0.03930216819422613,0.15840050766206762,1.0282529368841058,1,1
D031,O024,2,330,5.500368215908644,109,0.10754307926740679,0.37018563204761357,0.33107988983875875,0.015416181466785838,6.304497557330792,1,1
D031,O096,2,330,5.500368215908644,91,0.16170145035385156,0.2643539191149355,0.06955567449111148,0.22233066342288632,0.7713641646886089,1,1
D031,O011,2,330,5.500368215908644,163,0.25776627650906286,0.2303694517776211,0.06737682806363049,0.14710779675896993,91.70680464514531,1,10
D031,O007,2,330,5.500368215908644,20,0.14113037245484783,0.13876459429554666,0.1666223660040416,0.10804294323375169,48.415238066551936,1,1
D031,O005,2,330,5.500368215908644,472,0.4589275080729363,0.08115278028022999,0.01805553152120237,0.016407342151695845,5.656278920047442,1,2
D031,O051,2,330,5.500368215908644,264,0.41545850105358517,0.16117913503688408,0.31172678881737154,0.04432963616759917,29.375100601310205,1,5
D031,O035,2,330,5.500368215908644,173,0.04115959515567879,0.2568973510762646,0.341435098368886,0.12832396264407875,33.55867734781047,1,5
D031,O061,2,330,5.500368215908644,27,0.3818054373139011,0.016164820124611564,0.49161369207236744,0.15170831162875867,2.704226534184525,1,1
D031,O041,2,330,5.500368215908644,49,0.29773529796391324,0.2682058880863957,0.21258059195189896,0.13536346098324145,6.422809519648459,1,1
D031,O063,2,330,5.500368215908644,159,0.16777747895905004,0.06995771215016022,0.1303723567023025,0.23670560860575965,35.98655231023139,1,5
D031,O019,2,330,5.500368215908644,24,0.43162963836847273,0.2540667171143032,0.25374033794612383,0.035040597237275414,32.89046352986745,1,1
D031,O012,2,330,5.500368215908644,121,0.018977159008053714,0.04210847176585192,0.10616643187530726,0.054886753813351695,1.8282853898334144,1,1
D031,O043,2,330,5.500368215908644,936,0.15426768642279118,0.33291989469689626,0.3891618356934266,0.22532924015852426,3.26544153713843,1,2
D031,O020,2,330,5.500368215908644,113,0.34826997592038184,0.09528586345019373,0.4094664889372201,0.24640169843124984,56.59198119339328,1,5
D031,O038,2,330,5.500368215908644,765,0.13732854699013036,0.15389066235695392,0.3957456035362972,0.09581902124053866,11.34675406331586,1,5
D031,O010,2,330,5.500368215908644,78,0.42428609036547965,0.04657399042364526,0.4729163397200382,0.0751091814821646,20.648364158380655,1,1
D031,O053,2,330,5.500368215908644,251,0.008437374343120882,0.21970454406000367,0.07760861372476294,0.043406152521391926,15.704072062843153,1,2
D031,O032,2,330,5.500368215908644,449,0.47407037046920236,0.2939643960095397,0.3338689716235752,0.19214128568359498,0.6467632780905109,1,1
D031,O083,2,330,5.500368215908644,89,0.0026292440689011016,0.11891721005650385,0.01234014792986679,0.1423155000056148,8.932954010356676,1,1
D031,O050,2,330,5.500368215908644,322,0.20605210901232662,0.1235097854541975,0.23025885735500393,0.24203168280895757,3.7974936169643003,1,1
D031,O084,2,330,5.500368215908644,797,0.3729926769965046,0.00038649133259261126,0.0015211296530381324,0.21211963380230117,57.968250320486554,1,20
D031,O027,2,330,5.500368215908644,120,0.17379211770070632,0.27539058086552737,0.1159901845036011,0.0031260536499028886,1.2414059949857388,1,1
D031,O023,2,330,5.500368215908644,410,0.21445143650369905,0.1278983599397813,0.09400253805958962,0.08365268726290574,18.724748063248505,1,5
D031,O047,2,330,5.500368215908644,32,0.45759305330669026,0.35742600924919476,0.3652359087633477,0.12397431353742944,4.578704726331181,1,1
D031,O067,2,330,5.500368215908644,60,0.35992868878826584,0.02076874017167992,0.17423242461745192,0.0965105355241593,2.1003211333451848,1,1
D031,O074,2,330,5.500368215908644,36,0.04256894354729143,0.004280635208135988,0.08729344080162678,0.07148454213260426,17.202121910274414,1,1
D031,O092,2,330,5.500368215908644,303,0.4427063112729767,0.17226722665159136,0.4364919026956049,0.17566795406842103,23.101547487550636,1,5
D031,O045,2,330,5.500368215908644,692,0.33110476806173594,0.08646504541541372,0.22004213527881566,0.08596571587890212,2.810064906380055,1,1
D031,O093,2,330,5.500368215908644,25,0.27627503482623056,0.07815342445263838,0.29138458201830647,0.04123940092547084,41.46024928161635,1,1
D031,O055,2,330,5.500368215908644,143,0.09821221972656778,0.1636668169410805,0.28503377285937526,0.11581965182801995,1.3300221265710437,1,1
D071,O006,1,110,1.8854087930050731,26,0.46643889626056984,0.1999019902784377,0.36047690978299723,0.19632186896831513,0.7164933989680144,1,1
D071,O071,1,110,1.8854087930050731,830,0.02577223787060603,0.059916075683899506,0.006124036584080637,0.001567019036236368,15.173323377461541,1,2
D071,O014,1,110,1.8854087930050731,505,0.055050563519665925,0.385744929065962,0.3235732737788464,0.24919199267349826,40.509619850150905,1,5
D071,O017,1,110,1.8854087930050731,47,0.23594790081754102,0.20555857271914696,0.45042194931634016,0.031413736601039494,53.72409801145742,1,1
D071,O086,1,110,1.8854087930050731,135,0.46988821914906914,0.05636599657473364,0.04382145887034975,0.20420128774402999,39.12492865085397,1,1
D071,O068,1,110,1.8854087930050731,871,0.14852577867663705,0.23899060027800526,0.4312666597088087,0.024847913302553898,0.9200696163057719,1,1
D071,O088,1,110,1.8854087930050731,74,0.028069089455227885,0.0540852458243732,0.20267396198384915,0.18713991585106382,1.5827391896984995,1,1
D071,O004,1,110,1.8854087930050731,544,0.015441285299266139,0.39993712983284035,0.04776710118920632,0.021638755647051863,1.6116316353856468,1,1
D071,O044,1,110,1.8854087930050731,721,0.4323761389499774,0.3249254075658305,0.14400789358316032,0.2057651422999217,5.188637143423622,1,1
D071,O039,1,110,1.8854087930050731,48,0.23271826163391704,0.17994216982882252,0.033136716412387766,0.009267722660894678,7.735302700968688,1,1
D071,O002,1,110,1.8854087930050731,71,0.3869572888593429,0.3359060402524592,0.4237565470025848,0.2289968100269869,83.12511836496435,1,1
D071,O040,1,110,1.8854087930050731,585,0.39295945909914204,0.39457393035340843,0.49881523135642764,0.05135952265618624,14.252098768706817,1,2
D071,O094,1,110,1.8854087930050731,888,0.3020897605205713,0.09146905532601642,0.35894591710200935,0.2171888653996259,27.41085260307382,1,5
D071,O081,1,110,1.8854087930050731,229,0.311863322482168,0.04075722691061323,0.19095392421992533,0.02739734620632218,0.6097018515377178,1,1
D071,O049,1,110,1.8854087930050731,33,0.06812771834318439,0.32719790546899485,0.35145855206621296,0.16958665122464434,1.8896835200947433,1,1
D071,O052,1,110,1.8854087930050731,249,0.2931097132079093,0.3814959415656873,0.2938470301831344,0.11894055514138323,0.5015927101920599,1,1
D071,O008,1,110,1.8854087930050731,217,0.11836586776404656,0.010264004522404446,0.43857764367626295,0.018412668361408348,3.575437414313759,1,1
D071,O054,1,110,1.8854087930050731,70,0.4839396769446982,0.22536965317316154,0.03930216819422613,0.15840050766206762,1.0282529368841058,1,1
D071,O024,1,110,1.8854087930050731,109,0.10754307926740679,0.37018563204761357,0.33107988983875875,0.015416181466785838,6.304497557330792,1,1
D071,O096,1,110,1.8854087930050731,91,0.16170145035385156,0.2643539191149355,0.06955567449111148,0.22233066342288632,0.7713641646886089,1,1
D071,O011,1,110,1.8854087930050731,163,0.25776627650906286,0.2303694517776211,0.06737682806363049,0.14710779675896993,91.70680464514531,1,5
D071,O007,1,110,1.8854087930050731,20,0.14113037245484783,0.13876459429554666,0.1666223660040416,0.10804294323375169,48.415238066551936,1,1
D071,O005,1,110,1.8854087930050731,472,0.4589275080729363,0.08115278028022999,0.01805553152120237,0.016407342151695845,5.656278920047442,1,1
D071,O051,1,110,1.8854087930050731,264,0.41545850105358517,0.16117913503688408,0.31172678881737154,0.04432963616759917,29.375100601310205,1,2
D071,O035,1,110,1.8854087930050731,173,0.04115959515567879,0.2568973510762646,0.341435098368886,0.12832396264407875,33.55867734781047,1,1
D071,O061,1,110,1.8854087930050731,27,0.3818054373139011,0.016164820124611564,0.49161369207236744,0.15170831162875867,2.704226534184525,1,1
D071,O041,1,110,1.8854087930050731,49,0.29773529796391324,0.2682058880863957,0.21258059195189896,0.13536346098324145,6.422809519648459,1,1
D071,O063,1,110,1.8854087930050731,159,0.16777747895905004,0.06995771215016022,0.1303723567023025,0.23670560860575965,35.98655231023139,1,1
D071,O019,1,110,1.8854087930050731,24,0.43162963836847273,0.2540667171143032,0.25374033794612383,0.035040597237275414,32.89046352986745,1,1
D071,O012,1,110,1.8854087930050731,121,0.018977159008053714,0.04210847176585192,0.10616643187530726,0.054886753813351695,1.8282853898334144,1,1
D071,O043,1,110,1.8854087930050731,936,0.15426768642279118,0.33291989469689626,0.3891618356934266,0.22532924015852426,3.26544153713843,1,1
D071,O020,1,110,1.8854087930050731,113,0.34826997592038184,0.09528586345019373,0.4094664889372201,0.24640169843124984,56.59198119339328,1,1
D071,O038,1,110,1.8854087930050731,765,0.13732854699013036,0.15389066235695392,0.3957456035362972,0.09581902124053866,11.34675406331586,1,2
D071,O010,1,110,1.8854087930050731,78,0.42428609036547965,0.04657399042364526,0.4729163397200382,0.0751091814821646,20.648364158380655,1,1
D071,O053,1,110,1.8854087930050731,251,0.008437374343120882,0.21970454406000367,0.07760861372476294,0.043406152521391926,15.704072062843153,1,1
D071,O032,1,110,1.8854087930050731,449,0.47407037046920236,0.2939643960095397,0.3338689716235752,0.19214128568359498,0.6467632780905109,1,1
D071,O083,1,110,1.8854087930050731,89,0.0026292440689011016,0.11891721005650385,0.01234014792986679,0.1423155000056148,8.932954010356676,1,1
D071,O050,1,110,1.8854087930050731,322,0.20605210901232662,0.1235097854541975,0.23025885735500393,0.24203168280895757,3.7974936169643003,1,1
D071,O084,1,110,1.8854087930050731,797,0.3729926769965046,0.00038649133259261126,0.0015211296530381324,0.21211963380230117,57.968250320486554,1,10
D071,O027,1,110,1.8854087930050731,120,0.17379211770070632,0.27539058086552737,0.1159901845036011,0.0031260536499028886,1.2414059949857388,1,1
D071,O023,1,110,1.8854087930050731,410,0.21445143650369905,0.1278983599397813,0.09400253805958962,0.08365268726290574,18.724748063248505,1,2
D071,O047,1,110,1.8854087930050731,32,0.45759305330669026,0.35742600924919476,0.3652359087633477,0.12397431353742944,4.578704726331181,1,1
D071,O067,1,110,1.8854087930050731,60,0.35992868878826584,0.02076874017167992,0.17423242461745192,0.0965105355241593,2.1003211333451848,1,1
D071,O074,1,110,1.8854087930050731,36,0.04256894354729143,0.004280635208135988,0.08729344080162678,0.07148454213260426,17.202121910274414,1,1
D071,O092,1,110,1.8854087930050731,303,0.4427063112729767,0.17226722665159136,0.4364919026956049,0.17566795406842103,23.101547487550636,1,2
D071,O045,1,110,1.8854087930050731,692,0.33110476806173594,0.08646504541541372,0.22004213527881566,0.08596571587890212,2.810064906380055,1,1
D071,O093,1,110,1.8854087930050731,25,0.27627503482623056,0.07815342445263838,0.29138458201830647,0.04123940092547084,41.46024928161635,1,1
D071,O055,1,110,1.8854087930050731,143,0.09821221972656778,0.1636668169410805,0.28503377285937526,0.11581965182801995,1.3300221265710437,1,1
D099,O006,4,393,1.9219459944070036,26,0.46643889626056984,0.1999019902784377,0.36047690978299723,0.19632186896831513,0.7164933989680144,1,1
D099,O071,4,393,1.9219459944070036,830,0.02577223787060603,0.059916075683899506,0.006124036584080637,0.001567019036236368,15.173323377461541,1,10
D099,O014,4,393,1.9219459944070036,505,0.055050563519665925,0.385744929065962,0.3235732737788464,0.24919199267349826,40.509619850150905,1,20
D099,O017,4,393,1.9219459944070036,47,0.23594790081754102,0.20555857271914696,0.45042194931634016,0.031413736601039494,53.72409801145742,1,2
D099,O086,4,393,1.9219459944070036,135,0.46988821914906914,0.05636599657473364,0.04382145887034975,0.20420128774402999,39.12492865085397,1,5
D099,O068,4,393,1.9219459944070036,871,0.14852577867663705,0.23899060027800526,0.4312666597088087,0.024847913302553898,0.9200696163057719,1,1
D099,O088,4,393,1.9219459944070036,74,0.028069089455227885,0.0540852458243732,0.20267396198384915,0.18713991585106382,1.5827391896984995,1,1
D099,O004,4,393,1.9219459944070036,544,0.015441285299266139,0.39993712983284035,0.04776710118920632,0.021638755647051863,1.6116316353856468,1,1
D099,O044,4,393,1.9219459944070036,721,0.4323761389499774,0.3249254075658305,0.14400789358316032,0.2057651422999217,5.188637143423622,1,2
D099,O039,4,393,1.9219459944070036,48,0.23271826163391704,0.17994216982882252,0.033136716412387766,0.009267722660894678,7.735302700968688,1,1
D099,O002,4,393,1.9219459944070036,71,0.3869572888593429,0.3359060402524592,0.4237565470025848,0.2289968100269869,83.12511836496435,1,5
D099,O040,4,393,1.9219459944070036,585,0.39295945909914204,0.39457393035340843,0.49881523135642764,0.05135952265618624,14.252098768706817,1,5
D099,O094,4,393,1.9219459944070036,888,0.3020897605205713,0.09146905532601642,0.35894591710200935,0.2171888653996259,27.41085260307382,1,20
D099,O081,4,393,1.9219459944070036,229,0.311863322482168,0.04075722691061323,0.19095392421992533,0.02739734620632218,0.6097018515377178,1,1
D099,O049,4,393,1.9219459944070036,33,0.06812771834318439,0.32719790546899485,0.35145855206621296,0.16958665122464434,1.8896835200947433,1,1
D099,O052,4,393,1.9219459944070036,249,0.2931097132079093,0.3814959415656873,0.2938470301831344,0.11894055514138323,0.5015927101920599,1,1
D099,O008,4,393,1.9219459944070036,217,0.11836586776404656,0.010264004522404446,0.43857764367626295,0.018412668361408348,3.575437414313759,1,1
D099,O054,4,393,1.9219459944070036,70,0.4839396769446982,0.22536965317316154,0.03930216819422613,0.15840050766206762,1.0282529368841058,1,1
D099,O024,4,393,1.9219459944070036,109,0.10754307926740679,0.37018563204761357,0.33107988983875875,0.015416181466785838,6.304497557330792,1,1
D099,O096,4,393,1.9219459944070036,91,0.16170145035385156,0.2643539191149355,0.06955567449111148,0.22233066342288632,0.7713641646886089,1,1
D099,O011,4,393,1.9219459944070036,163,0.25776627650906286,0.2303694517776211,0.06737682806363049,0.14710779675896993,91.70680464514531,1,10
D099,O007,4,393,1.9219459944070036,20,0.14113037245484783,0.13876459429554666,0.1666223660040416,0.10804294323375169,48.415238066551936,1,1
D099,O005,4,393,1.9219459944070036,472,0.4589275080729363,0.08115278028022999,0.01805553152120237,0.016407342151695845,5.656278920047442,1,2
D099,O051,4,393,1.9219459944070036,264,0.41545850105358517,0.16117913503688408,0.31172678881737154,0.04432963616759917,29.375100601310205,1,5
D099,O035,4,393,1.9219459944070036,173,0.04115959515567879,0.2568973510762646,0.341435098368886,0.12832396264407875,33.55867734781047,1,5
D099,O061,4,393,1.9219459944070036,27,0.3818054373139011,0.016164820124611564,0.49161369207236744,0.15170831162875867,2.704226534184525,1,1
D099,O041,4,393,1.9219459944070036,49,0.29773529796391324,0.2682058880863957,0.21258059195189896,0.13536346098324145,6.422809519648459,1,1
D099,O063,4,393,1.9219459944070036,159,0.16777747895905004,0.06995771215016022,0.1303723567023025,0.23670560860575965,35.98655231023139,1,5
D099,O019,4,393,1.9219459944070036,24,0.43162963836847273,0.2540667171143032,0.25374033794612383,0.035040597237275414,32.89046352986745,1,1
D099,O012,4,393,1.9219459944070036,121,0.018977159008053714,0.04210847176585192,0.10616643187530726,0.054886753813351695,1.8282853898334144,1,1
D099,O043,4,393,1.9219459944070036,936,0.15426768642279118,0.33291989469689626,0.3891618356934266,0.22532924015852426,3.26544153713843,1,2
D099,O020,4,393,1.9219459944070036,113,0.34826997592038184,0.09528586345019373,0.4094664889372201,0.24640169843124984,56.59198119339328,1,5
D099,O038,4,393,1.9219459944070036,765,0.13732854699013036,0.15389066235695392,0.3957456035362972,0.09581902124053866,11.34675406331586,1,5
D099,O010,4,393,1.9219459944070036,78,0.42428609036547965,0.04657399042364526,0.4729163397200382,0.0751091814821646,20.648364158380655,1,1
D099,O053,4,393,1.9219459944070036,251,0.008437374343120882,0.21970454406000367,0.07760861372476294,0.043406152521391926,15.704072062843153,1,5
D099,O032,4,393,1.9219459944070036,449,0.47407037046920236,0.2939643960095397,0.3338689716235752,0.19214128568359498,0.6467632780905109,1,1
D099,O083,4,393,1.9219459944070036,89,0.0026292440689011016,0.11891721005650385,0.01234014792986679,0.1423155000056148,8.932954010356676,1,1
D099,O050,4,393,1.9219459944070036,322,0.20605210901232662,0.1235097854541975,0.23025885735500393,0.24203168280895757,3.7974936169643003,1,1
D099,O084,4,393,1.9219459944070036,797,0.3729926769965046,0.00038649133259261126,0.0015211296530381324,0.21211963380230117,57.968250320486554,1,50
D099,O027,4,393,1.9219459944070036,120,0.17379211770070632,0.27539058086552737,0.1159901845036011,0.0031260536499028886,1.2414059949857388,1,1
D099,O023,4,393,1.9219459944070036,410,0.21445143650369905,0.1278983599397813,0.09400253805958962,0.08365268726290574,18.724748063248505,1,5
D099,O047,4,393,1.9219459944070036,32,0.45759305330669026,0.35742600924919476,0.3652359087633477,0.12397431353742944,4.578704726331181,1,1
D099,O067,4,393,1.9219459944070036,60,0.35992868878826584,0.02076874017167992,0.17423242461745192,0.0965105355241593,2.1003211333451848,1,1
D099,O074,4,393,1.9219459944070036,36,0.04256894354729143,0.004280635208135988,0.08729344080162678,0.07148454213260426,17.202121910274414,1,1
D099,O092,4,393,1.9219459944070036,303,0.4427063112729767,0.17226722665159136,0.4364919026956049,0.17566795406842103,23.101547487550636,1,5
D099,O045,4,393,1.9219459944070036,692,0.33110476806173594,0.08646504541541372,0.22004213527881566,0.08596571587890212,2.810064906380055,1,1
D099,O093,4,393,1.9219459944070036,25,0.27627503482623056,0.07815342445263838,0.29138458201830647,0.04123940092547084,41.46024928161635,1,1
D099,O055,4,393,1.9219459944070036,143,0.09821221972656778,0.1636668169410805,0.28503377285937526,0.11581965182801995,1.3300221265710437,1,1
D073,O006,5,251,0.6573044905229243,26,0.46643889626056984,0.1999019902784377,0.36047690978299723,0.19632186896831513,0.7164933989680144,1,1
D073,O071,5,251,0.6573044905229243,830,0.02577223787060603,0.059916075683899506,0.006124036584080637,0.001567019036236368,15.173323377461541,1,5
D073,O014,5,251,0.6573044905229243,505,0.055050563519665925,0.385744929065962,0.3235732737788464,0.24919199267349826,40.509619850150905,1,10
D073,O017,5,251,0.6573044905229243,47,0.23594790081754102,0.20555857271914696,0.45042194931634016,0.031413736601039494,53.72409801145742,1,1
D073,O086,5,251,0.6573044905229243,135,0.46988821914906914,0.05636599657473364,0.04382145887034975,0.20420128774402999,39.12492865085397,1,2
D073,O068,5,251,0.6573044905229243,871,0.14852577867663705,0.23899060027800526,0.4312666597088087,0.024847913302553898,0.9200696163057719,1,1
D073,O088,5,251,0.6573044905229243,74,0.028069089455227885,0.0540852458243732,0.20267396198384915,0.18713991585106382,1.5827391896984995,1,1
D073,O004,5,251,0.6573044905229243,544,0.015441285299266139,0.39993712983284035,0.04776710118920632,0.021638755647051863,1.6116316353856468,1,1
D073,O044,5,251,0.6573044905229243,721,0.4323761389499774,0.3249254075658305,0.14400789358316032,0.2057651422999217,5.188637143423622,1,2
D073,O039,5,251,0.6573044905229243,48,0.23271826163391704,0.17994216982882252,0.033136716412387766,0.009267722660894678,7.735302700968688,1,1
D073,O002,5,251,0.6573044905229243,71,0.3869572888593429,0.3359060402524592,0.4237565470025848,0.2289968100269869,83.12511836496435,1,2
D073,O040,5,251,0.6573044905229243,585,0.39295945909914204,0.39457393035340843,0.49881523135642764,0.05135952265618624,14.252098768706817,1,5
D073,O094,5,251,0.6573044905229243,888,0.3020897605205713,0.09146905532601642,0.35894591710200935,0.2171888653996259,27.41085260307382,1,10
D073,O081,5,251,0.6573044905229243,229,0.311863322482168,0.04075722691061323,0.19095392421992533,0.02739734620632218,0.6097018515377178,1,1
D073,O049,5,251,0.6573044905229243,33,0.06812771834318439,0.32719790546899485,0.35145855206621296,0.16958665122464434,1.8896835200947433,1,1
D073,O052,5,251,0.6573044905229243,249,0.2931097132079093,0.3814959415656873,0.2938470301831344,0.11894055514138323,0.5015927101920599,1,1
D073,O008,5,251,0.6573044905229243,217,0.11836586776404656,0.010264004522404446,0.43857764367626295,0.018412668361408348,3.575437414313759,1,1
D073,O054,5,251,0.6573044905229243,70,0.4839396769446982,0.22536965317316154,0.03930216819422613,0.15840050766206762,1.0282529368841058,1,1
D073,O024,5,251,0.6573044905229243,109,0.10754307926740679,0.37018563204761357,0.33107988983875875,0.015416181466785838,6.304497557330792,1,1
D073,O096,5,251,0.6573044905229243,91,0.16170145035385156,0.2643539191149355,0.06955567449111148,0.22233066342288632,0.7713641646886089,1,1
D073,O011,5,251,0.6573044905229243,163,0.25776627650906286,0.2303694517776211,0.06737682806363049,0.14710779675896993,91.70680464514531,1,5
D073,O007,5,251,0.6573044905229243,20,0.14113037245484783,0.13876459429554666,0.1666223660040416,0.10804294323375169,48.415238066551936,1,1
D073,O005,5,251,0.6573044905229243,472,0.4589275080729363,0.08115278028022999,0.01805553152120237,0.016407342151695845,5.656278920047442,1,1
D073,O051,5,251,0.6573044905229243,264,0.41545850105358517,0.16117913503688408,0.31172678881737154,0.04432963616759917,29.375100601310205,1,5
D073,O035,5,251,0.6573044905229243,173,0.04115959515567879,0.2568973510762646,0.341435098368886,0.12832396264407875,33.55867734781047,1,2
D073,O061,5,251,0.6573044905229243,27,0.3818054373139011,0.016164820124611564,0.49161369207236744,0.15170831162875867,2.704226534184525,1,1
D073,O041,5,251,0.6573044905229243,49,0.29773529796391324,0.2682058880863957,0.21258059195189896,0.13536346098324145,6.422809519648459,1,1
D073,O063,5,251,0.6573044905229243,159,0.16777747895905004,0.06995771215016022,0.1303723567023025,0.23670560860575965,35.98655231023139,1,2
D073,O019,5,251,0.6573044905229243,24,0.43162963836847273,0.2540667171143032,0.25374033794612383,0.035040597237275414,32.89046352986745,1,1
D073,O012,5,251,0.6573044905229243,121,0.018977159008053714,0.04210847176585192,0.10616643187530726,0.054886753813351695,1.8282853898334144,1,1
D073,O043,5,251,0.6573044905229243,936,0.15426768642279118,0.33291989469689626,0.3891618356934266,0.22532924015852426,3.26544153713843,1,1
D073,O020,5,251,0.6573044905229243,113,0.34826997592038184,0.09528586345019373,0.4094664889372201,0.24640169843124984,56.59198119339328,1,5
D073,O038,5,251,0.6573044905229243,765,0.13732854699013036,0.15389066235695392,0.3957456035362972,0.09581902124053866,11.34675406331586,1,5
D073,O010,5,251,0.6573044905229243,78,0.42428609036547965,0.04657399042364526,0.4729163397200382,0.0751091814821646,20.648364158380655,1,1
D073,O053,5,251,0.6573044905229243,251,0.008437374343120882,0.21970454406000367,0.07760861372476294,0.043406152521391926,15.704072062843153,1,2
D073,O032,5,251,0.6573044905229243,449,0.47407037046920236,0.2939643960095397,0.3338689716235752,0.19214128568359498,0.6467632780905109,1,1
D073,O083,5,251,0.6573044905229243,89,0.0026292440689011016,0.11891721005650385,0.01234014792986679,0.1423155000056148,8.932954010356676,1,1
D073,O050,5,251,0.6573044905229243,322,0.20605210901232662,0.1235097854541975,0.23025885735500393,0.24203168280895757,3.7974936169643003,1,1
D073,O084,5,251,0.6573044905229243,797,0.3729926769965046,0.00038649133259261126,0.0015211296530381324,0.21211963380230117,57.968250320486554,1,20
D073,O027,5,251,0.6573044905229243,120,0.17379211770070632,0.27539058086552737,0.1159901845036011,0.0031260536499028886,1.2414059949857388,1,1
D073,O023,5,251,0.6573044905229243,410,0.21445143650369905,0.1278983599397813,0.09400253805958962,0.08365268726290574,18.724748063248505,1,5
D073,O047,5,251,0.6573044905229243,32,0.45759305330669026,0.35742600924919476,0.3652359087633477,0.12397431353742944,4.578704726331181,1,1
D073,O067,5,251,0.6573044905229243,60,0.35992868878826584,0.02076874017167992,0.17423242461745192,0.0965105355241593,2.1003211333451848,1,1
D073,O074,5,251,0.6573044905229243,36,0.04256894354729143,0.004280635208135988,0.08729344080162678,0.07148454213260426,17.202121910274414,1,1
D073,O092,5,251,0.6573044905229243,303,0.4427063112729767,0.17226722665159136,0.4364919026956049,0.17566795406842103,23.101547487550636,1,5
D073,O045,5,251,0.6573044905229243,692,0.33110476806173594,0.08646504541541372,0.22004213527881566,0.08596571587890212,2.810064906380055,1,1
D073,O093,5,251,0.6573044905229243,25,0.27627503482623056,0.07815342445263838,0.29138458201830647,0.04123940092547084,41.46024928161635,1,1
D073,O055,5,251,0.6573044905229243,143,0.09821221972656778,0.1636668169410805,0.28503377285937526,0.11581965182801995,1.3300221265710437,1,1
D003,O006,1,385,1.7543861026163439,26,0.46643889626056984,0.1999019902784377,0.36047690978299723,0.19632186896831513,0.7164933989680144,1,1
D003,O071,1,385,1.7543861026163439,830,0.02577223787060603,0.059916075683899506,0.006124036584080637,0.001567019036236368,15.173323377461541,1,10
D003,O014,1,385,1.7543861026163439,505,0.055050563519665925,0.385744929065962,0.3235732737788464,0.24919199267349826,40.509619850150905,1,20
D003,O017,1,385,1.7543861026163439,47,0.23594790081754102,0.20555857271914696,0.45042194931634016,0.031413736601039494,53.72409801145742,1,2
D003,O086,1,385,1.7543861026163439,135,0.46988821914906914,0.05636599657473364,0.04382145887034975,0.20420128774402999,39.12492865085397,1,5
D003,O068,1,385,1.7543861026163439,871,0.14852577867663705,0.23899060027800526,0.4312666597088087,0.024847913302553898,0.9200696163057719,1,1
D003,O088,1,385,1.7543861026163439,74,0.028069089455227885,0.0540852458243732,0.20267396198384915,0.18713991585106382,1.5827391896984995,1,1
D003,O004,1,385,1.7543861026163439,544,0.015441285299266139,0.39993712983284035,0.04776710118920632,0.021638755647051863,1.6116316353856468,1,1
D003,O044,1,385,1.7543861026163439,721,0.4323761389499774,0.3249254075658305,0.14400789358316032,0.2057651422999217,5.188637143423622,1,2
D003,O039,1,385,1.7543861026163439,48,0.23271826163391704,0.17994216982882252,0.033136716412387766,0.009267722660894678,7.735302700968688,1,1
D003,O002,1,385,1.7543861026163439,71,0.3869572888593429,0.3359060402524592,0.4237565470025848,0.2289968100269869,83.12511836496435,1,5
D003,O040,1,385,1.7543861026163439,585,0.39295945909914204,0.39457393035340843,0.49881523135642764,0.05135952265618624,14.252098768706817,1,5
D003,O094,1,385,1.7543861026163439,888,0.3020897605205713,0.09146905532601642,0.35894591710200935,0.2171888653996259,27.41085260307382,1,20
D003,O081,1,385,1.7543861026163439,229,0.311863322482168,0.04075722691061323,0.19095392421992533,0.02739734620632218,0.6097018515377178,1,1
D003,O049,1,385,1.7543861026163439,33,0.06812771834318439,0.32719790546899485,0.35145855206621296,0.16958665122464434,1.8896835200947433,1,1
D003,O052,1,385,1.7543861026163439,249,0.2931097132079093,0.3814959415656873,0.2938470301831344,0.11894055514138323,0.5015927101920599,1,1
D003,O008,1,385,1.7543861026163439,217,0.11836586776404656,0.010264004522404446,0.43857764367626295,0.018412668361408348,3.575437414313759,1,1
D003,O054,1,385,1.7543861026163439,70,0.4839396769446982,0.22536965317316154,0.03930216819422613,0.15840050766206762,1.0282529368841058,1,1
D003,O024,1,385,1.7543861026163439,109,0.10754307926740679,0.37018563204761357,0.33107988983875875,0.015416181466785838,6.304497557330792,1,1
D003,O096,1,385,1.7543861026163439,91,0.16170145035385156,0.2643539191149355,0.06955567449111148,0.22233066342288632,0.7713641646886089,1,1
D003,O011,1,385,1.7543861026163439,163,0.25776627650906286,0.2303694517776211,0.06737682806363049,0.14710779675896993,91.70680464514531,1,10
D003,O007,1,385,1.7543861026163439,20,0.14113037245484783,0.13876459429554666,0.1666223660040416,0.10804294323375169,48.415238066551936,1,1
D003,O005,1,385,1.7543861026163439,472,0.4589275080729363,0.08115278028022999,0.01805553152120237,0.016407342151695845,5.656278920047442,1,2
D003,O051,1,385,1.7543861026163439,264,0.41545850105358517,0.16117913503688408,0.31172678881737154,0.04432963616759917,29.375100601310205,1,5
D003,O035,1,385,1.7543861026163439,173,0.04115959515567879,0.2568973510762646,0.341435098368886,0.12832396264407875,33.55867734781047,1,5
D003,O061,1,385,1.7543861026163439,27,0.3818054373139011,0.016164820124611564,0.49161369207236744,0.15170831162875867,2.704226534184525,1,1
D003,O041,1,385,1.7543861026163439,49,0.29773529796391324,0.2682058880863957,0.21258059195189896,0.13536346098324145,6.422809519648459,1,1
D003,O063,1,385,1.7543861026163439,159,0.16777747895905004,0.06995771215016022,0.1303723567023025,0.23670560860575965,35.98655231023139,1,5
D003,O019,1,385,1.7543861026163439,24,0.43162963836847273,0.2540667171143032,0.25374033794612383,0.035040597237275414,32.89046352986745,1,1
D003,O012,1,385,1.7543861026163439,121,0.018977159008053714,0.04210847176585192,0.10616643187530726,0.054886753813351695,1.8282853898334144,1,1
D003,O043,1,385,1.7543861026163439,936,0.15426768642279118,0.33291989469689626,0.3891618356934266,0.22532924015852426,3.26544153713843,1,2
D003,O020,1,385,1.7543861026163439,113,0.34826997592038184,0.09528586345019373,0.4094664889372201,0.24640169843124984,56.59198119339328,1,5
D003,O038,1,385,1.7543861026163439,765,0.13732854699013036,0.15389066235695392,0.3957456035362972,0.09581902124053866,11.34675406331586,1,5
D003,O010,1,385,1.7543861026163439,78,0.42428609036547965,0.04657399042364526,0.4729163397200382,0.0751091814821646,20.648364158380655,1,1
D003,O053,1,385,1.7543861026163439,251,0.008437374343120882,0.21970454406000367,0.07760861372476294,0.043406152521391926,15.704072062843153,1,2
D003,O032,1,385,1.7543861026163439,449,0.47407037046920236,0.2939643960095397,0.3338689716235752,0.19214128568359498,0.6467632780905109,1,1
D003,O083,1,385,1.7543861026163439,89,0.0026292440689011016,0.11891721005650385,0.01234014792986679,0.1423155000056148,8.932954010356676,1,1
D003,O050,1,385,1.7543861026163439,322,0.20605210901232662,0.1235097854541975,0.23025885735500393,0.24203168280895757,3.7974936169643003,1,1
D003,O084,1,385,1.7543861026163439,797,0.3729926769965046,0.00038649133259261126,0.0015211296530381324,0.21211963380230117,57.968250320486554,1,50
D003,O027,1,385,1.7543861026163439,120,0.17379211770070632,0.27539058086552737,0.1159901845036011,0.0031260536499028886,1.2414059949857388,1,1
D003,O023,1,385,1.7543861026163439,410,0.21445143650369905,0.1278983599397813,0.09400253805958962,0.08365268726290574,18.724748063248505,1,5
D003,O047,1,385,1.7543861026163439,32,0.45759305330669026,0.35742600924919476,0.3652359087633477,0.12397431353742944,4.578704726331181,1,1
D003,O067,1,385,1.7543861026163439,60,0.35992868878826584,0.02076874017167992,0.17423242461745192,0.0965105355241593,2.1003211333451848,1,1
D003,O074,1,385,1.7543861026163439,36,0.04256894354729143,0.004280635208135988,0.08729344080162678,0.07148454213260426,17.202121910274414,1,1
D003,O092,1,385,1.7543861026163439,303,0.4427063112729767,0.17226722665159136,0.4364919026956049,0.17566795406842103,23.101547487550636,1,5
D003,O045,1,385,1.7543861026163439,692,0.33110476806173594,0.08646504541541372,0.22004213527881566,0.08596571587890212,2.810064906380055,1,1
D003,O093,1,385,1.7543861026163439,25,0.27627503482623056,0.07815342445263838,0.29138458201830647,0.04123940092547084,41.46024928161635,1,1
D003,O055,1,385,1.7543861026163439,143,0.09821221972656778,0.1636668169410805,0.28503377285937526,0.11581965182801995,1.3300221265710437,1,1
D056,O006,8,119,4.760316179618261,26,0.46643889626056984,0.1999019902784377,0.36047690978299723,0.19632186896831513,0.7164933989680144,1,1
D056,O071,8,119,4.760316179618261,830,0.02577223787060603,0.059916075683899506,0.006124036584080637,0.001567019036236368,15.173323377461541,1,2
D056,O014,8,119,4.760316179618261,505,0.055050563519665925,0.385744929065962,0.3235732737788464,0.24919199267349826,40.509619850150905,1,5
D056,O017,8,119,4.760316179618261,47,0.23594790081754102,0.20555857271914696,0.45042194931634016,0.031413736601039494,53.72409801145742,1,1
D056,O086,8,119,4.760316179618261,135,0.46988821914906914,0.05636599657473364,0.04382145887034975,0.20420128774402999,39.12492865085397,1,1
D056,O068,8,119,4.760316179618261,871,0.14852577867663705,0.23899060027800526,0.4312666597088087,0.024847913302553898,0.9200696163057719,1,1
D056,O088,8,119,4.760316179618261,74,0.028069089455227885,0.0540852458243732,0.20267396198384915,0.18713991585106382,1.5827391896984995,1,1
D056,O004,8,119,4.760316179618261,544,0.015441285299266139,0.39993712983284035,0.04776710118920632,0.021638755647051863,1.6116316353856468,1,1
D056,O044,8,119,4.760316179618261,721,0.4323761389499774,0.3249254075658305,0.14400789358316032,0.2057651422999217,5.188637143423622,1,1
D056,O039,8,119,4.760316179618261,48,0.23271826163391704,0.17994216982882252,0.033136716412387766,0.009267722660894678,7.735302700968688,1,1
D056,O002,8,119,4.760316179618261,71,0.3869572888593429,0.3359060402524592,0.4237565470025848,0.2289968100269869,83.12511836496435,1,1
D056,O040,8,119,4.760316179618261,585,0.39295945909914204,0.39457393035340843,0.49881523135642764,0.05135952265618624,14.252098768706817,1,2
D056,O094,8,119,4.760316179618261,888,0.3020897605205713,0.09146905532601642,0.35894591710200935,0.2171888653996259,27.41085260307382,1,5
D056,O081,8,119,4.760316179618261,229,0.311863322482168,0.04075722691061323,0.19095392421992533,0.02739734620632218,0.6097018515377178,1,1
D056,O049,8,119,4.760316179618261,33,0.06812771834318439,0.32719790546899485,0.35145855206621296,0.16958665122464434,1.8896835200947433,1,1
D056,O052,8,119,4.760316179618261,249,0.2931097132079093,0.3814959415656873,0.2938470301831344,0.11894055514138323,0.5015927101920599,1,1
D056,O008,8,119,4.760316179618261,217,0.11836586776404656,0.010264004522404446,0.43857764367626295,0.018412668361408348,3.575437414313759,1,1
D056,O054,8,119,4.760316179618261,70,0.4839396769446982,0.22536965317316154,0.03930216819422613,0.15840050766206762,1.0282529368841058,1,1
D056,O024,8,119,4.760316179618261,109,0.10754307926740679,0.37018563204761357,0.33107988983875875,0.015416181466785838,6.304497557330792,1,1
D056,O096,8,119,4.760316179618261,91,0.16170145035385156,0.2643539191149355,0.06955567449111148,0.22233066342288632,0.7713641646886089,1,1
D056,O011,8,119,4.760316179618261,163,0.25776627650906286,0.2303694517776211,0.06737682806363049,0.14710779675896993,91.70680464514531,1,5
D056,O007,8,119,4.760316179618261,20,0.14113037245484783,0.13876459429554666,0.1666223660040416,0.10804294323375169,48.415238066551936,1,1
D056,O005,8,119,4.760316179618261,472,0.4589275080729363,0.08115278028022999,0.01805553152120237,0.016407342151695845,5.656278920047442,1,1
D056,O051,8,119,4.760316179618261,264,0.41545850105358517,0.16117913503688408,0.31172678881737154,0.04432963616759917,29.375100601310205,1,2
D056,O035,8,119,4.760316179618261,173,0.04115959515567879,0.2568973510762646,0.341435098368886,0.12832396264407875,33.55867734781047,1,1
D056,O061,8,119,4.760316179618261,27,0.3818054373139011,0.016164820124611564,0.49161369207236744,0.15170831162875867,2.704226534184525,1,1
D056,O041,8,119,4.760316179618261,49,0.29773529796391324,0.2682058880863957,0.21258059195189896,0.13536346098324145,6.422809519648459,1,1
D056,O063,8,119,4.760316179618261,159,0.16777747895905004,0.06995771215016022,0.1303723567023025,0.23670560860575965,35.98655231023139,1,1
D056,O019,8,119,4.760316179618261,24,0.43162963836847273,0.2540667171143032,0.25374033794612383,0.035040597237275414,32.89046352986745,1,1
D056,O012,8,119,4.760316179618261,121,0.018977159008053714,0.04210847176585192,0.10616643187530726,0.054886753813351695,1.8282853898334144,1,1
D056,O043,8,119,4.760316179618261,936,0.15426768642279118,0.33291989469689626,0.3891618356934266,0.22532924015852426,3.26544153713843,1,1
D056,O020,8,119,4.760316179618261,113,0.34826997592038184,0.09528586345019373,0.4094664889372201,0.24640169843124984,56.59198119339328,1,1
D056,O038,8,119,4.760316179618261,765,0.13732854699013036,0.15389066235695392,0.3957456035362972,0.09581902124053866,11.34675406331586,1,2
D056,O010,8,119,4.760316179618261,78,0.42428609036547965,0.04657399042364526,0.4729163397200382,0.0751091814821646,20.648364158380655,1,1
D056,O053,8,119,4.760316179618261,251,0.008437374343120882,0.21970454406000367,0.07760861372476294,0.043406152521391926,15.704072062843153,1,1
D056,O032,8,119,4.760316179618261,449,0.47407037046920236,0.2939643960095397,0.3338689716235752,0.19214128568359498,0.6467632780905109,1,1
D056,O083,8,119,4.760316179618261,89,0.0026292440689011016,0.11891721005650385,0.01234014792986679,0.1423155000056148,8.932954010356676,1,1
D056,O050,8,119,4.760316179618261,322,0.20605210901232662,0.1235097854541975,0.23025885735500393,0.24203168280895757,3.7974936169643003,1,1
D056,O084,8,119,4.760316179618261,797,0.3729926769965046,0.00038649133259261126,0.0015211296530381324,0.21211963380230117,57.968250320486554,1,10
D056,O027,8,119,4.760316179618261,120,0.17379211770070632,0.27539058086552737,0.1159901845036011,0.0031260536499028886,1.2414059949857388,1,1
D056,O023,8,119,4.760316179618261,410,0.21445143650369905,0.1278983599397813,0.09400253805958962,0.08365268726290574,18.724748063248505,1,2
D056,O047,8,119,4.760316179618261,32,0.45759305330669026,0.35742600924919476,0.3652359087633477,0.12397431353742944,4.578704726331181,1,1
D056,O067,8,119,4.760316179618261,60,0.35992868878826584,0.02076874017167992,0.17423242461745192,0.0965105355241593,2.1003211333451848,1,1
D056,O074,8,119,4.760316179618261,36,0.04256894354729143,0.004280635208135988,0.08729344080162678,0.07148454213260426,17.202121910274414,1,1
D056,O092,8,119,4.760316179618261,303,0.4427063112729767,0.17226722665159136,0.4364919026956049,0.17566795406842103,23.101547487550636,1,2
D056,O045,8,119,4.760316179618261,692,0.33110476806173594,0.08646504541541372,0.22004213527881566,0.08596571587890212,2.810064906380055,1,1
D056,O093,8,119,4.760316179618261,25,0.27627503482623056,0.07815342445263838,0.29138458201830647,0.04123940092547084,41.46024928161635,1,1
D056,O055,8,119,4.760316179618261,143,0.09821221972656778,0.1636668169410805,0.28503377285937526,0.11581965182801995,1.3300221265710437,1,1
D110,O006,5,133,0.7329154276272907,26,0.46643889626056984,0.1999019902784377,0.36047690978299723,0.19632186896831513,0.7164933989680144,1,1
D110,O071,5,133,0.7329154276272907,830,0.02577223787060603,0.059916075683899506,0.006124036584080637,0.001567019036236368,15.173323377461541,1,5
D110,O014,5,133,0.7329154276272907,505,0.055050563519665925,0.385744929065962,0.3235732737788464,0.24919199267349826,40.509619850150905,1,5
D110,O017,5,133,0.7329154276272907,47,0.23594790081754102,0.20555857271914696,0.45042194931634016,0.031413736601039494,53.72409801145742,1,1
D110,O086,5,133,0.7329154276272907,135,0.46988821914906914,0.05636599657473364,0.04382145887034975,0.20420128774402999,39.12492865085397,1,1
D110,O068,5,133,0.7329154276272907,871,0.14852577867663705,0.23899060027800526,0.4312666597088087,0.024847913302553898,0.9200696163057719,1,1
D110,O088,5,133,0.7329154276272907,74,0.028069089455227885,0.0540852458243732,0.20267396198384915,0.18713991585106382,1.5827391896984995,1,1
D110,O004,5,133,0.7329154276272907,544,0.015441285299266139,0.39993712983284035,0.04776710118920632,0.021638755647051863,1.6116316353856468,1,1
D110,O044,5,133,0.7329154276272907,721,0.4323761389499774,0.3249254075658305,0.14400789358316032,0.2057651422999217,5.188637143423622,1,1
D110,O039,5,133,0.7329154276272907,48,0.23271826163391704,0.17994216982882252,0.033136716412387766,0.009267722660894678,7.735302700968688,1,1
D110,O002,5,133,0.7329154276272907,71,0.3869572888593429,0.3359060402524592,0.4237565470025848,0.2289968100269869,83.12511836496435,1,2
D110,O040,5,133,0.7329154276272907,585,0.39295945909914204,0.39457393035340843,0.49881523135642764,0.05135952265618624,14.252098768706817,1,2
D110,O094,5,133,0.7329154276272907,888,0.3020897605205713,0.09146905532601642,0.35894591710200935,0.2171888653996259,27.41085260307382,1,5
D110,O081,5,133,0.7329154276272907,229,0.311863322482168,0.04075722691061323,0.19095392421992533,0.02739734620632218,0.6097018515377178,1,1
D110,O049,5,133,0.7329154276272907,33,0.06812771834318439,0.32719790546899485,0.35145855206621296,0.16958665122464434,1.8896835200947433,1,1
D110,O052,5,133,0.7329154276272907,249,0.2931097132079093,0.3814959415656873,0.2938470301831344,0.11894055514138323,0.5015927101920599,1,1
D110,O008,5,133,0.7329154276272907,217,0.11836586776404656,0.010264004522404446,0.43857764367626295,0.018412668361408348,3.575437414313759,1,1
D110,O054,5,133,0.7329154276272907,70,0.4839396769446982,0.22536965317316154,0.03930216819422613,0.15840050766206762,1.0282529368841058,1,1
D110,O024,5,133,0.7329154276272907,109,0.10754307926740679,0.37018563204761357,0.33107988983875875,0.015416181466785838,6.304497557330792,1,1
D110,O096,5,133,0.7329154276272907,91,0.16170145035385156,0.2643539191149355,0.06955567449111148,0.22233066342288632,0.7713641646886089,1,1
D110,O011,5,133,0.7329154276272907,163,0.25776627650906286,0.2303694517776211,0.06737682806363049,0.14710779675896993,91.70680464514531,1,5
D110,O007,5,133,0.7329154276272907,20,0.14113037245484783,0.13876459429554666,0.1666223660040416,0.10804294323375169,48.415238066551936,1,1
D110,O005,5,133,0.7329154276272907,472,0.4589275080729363,0.08115278028022999,0.01805553152120237,0.016407342151695845,5.656278920047442,1,1
D110,O051,5,133,0.7329154276272907,264,0.41545850105358517,0.16117913503688408,0.31172678881737154,0.04432963616759917,29.375100601310205,1,2
D110,O035,5,133,0.7329154276272907,173,0.04115959515567879,0.2568973510762646,0.341435098368886,0.12832396264407875,33.55867734781047,1,2
D110,O061,5,133,0.7329154276272907,27,0.3818054373139011,0.016164820124611564,0.49161369207236744,0.15170831162875867,2.704226534184525,1,1
D110,O041,5,133,0.7329154276272907,49,0.29773529796391324,0.2682058880863957,0.21258059195189896,0.13536346098324145,6.422809519648459,1,1
D110,O063,5,133,0.7329154276272907,159,0.16777747895905004,0.06995771215016022,0.1303723567023025,0.23670560860575965,35.98655231023139,1,1
D110,O019,5,133,0.7329154276272907,24,0.43162963836847273,0.2540667171143032,0.25374033794612383,0.035040597237275414,32.89046352986745,1,1
D110,O012,5,133,0.7329154276272907,121,0.018977159008053714,0.04210847176585192,0.10616643187530726,0.054886753813351695,1.8282853898334144,1,1
D110,O043,5,133,0.7329154276272907,936,0.15426768642279118,0.33291989469689626,0.3891618356934266,0.22532924015852426,3.26544153713843,1,1
D110,O020,5,133,0.7329154276272907,113,0.34826997592038184,0.09528586345019373,0.4094664889372201,0.24640169843124984,56.59198119339328,1,2
D110,O038,5,133,0.7329154276272907,765,0.13732854699013036,0.15389066235695392,0.3957456035362972,0.09581902124053866,11.34675406331586,1,2
D110,O010,5,133,0.7329154276272907,78,0.42428609036547965,0.04657399042364526,0.4729163397200382,0.0751091814821646,20.648364158380655,1,1
D110,O053,5,133,0.7329154276272907,251,0.008437374343120882,0.21970454406000367,0.07760861372476294,0.043406152521391926,15.704072062843153,1,1
D110,O032,5,133,0.7329154276272907,449,0.47407037046920236,0.2939643960095397,0.3338689716235752,0.19214128568359498,0.6467632780905109,1,1
D110,O083,5,133,0.7329154276272907,89,0.0026292440689011016,0.11891721005650385,0.01234014792986679,0.1423155000056148,8.932954010356676,1,1
D110,O050,5,133,0.7329154276272907,322,0.20605210901232662,0.1235097854541975,0.23025885735500393,0.24203168280895757,3.7974936169643003,1,1
D110,O084,5,133,0.7329154276272907,797,0.3729926769965046,0.00038649133259261126,0.0015211296530381324,0.21211963380230117,57.968250320486554,1,10
D110,O027,5,133,0.7329154276272907,120,0.17379211770070632,0.27539058086552737,0.1159901845036011,0.0031260536499028886,1.2414059949857388,1,1
D110,O023,5,133,0.7329154276272907,410,0.21445143650369905,0.1278983599397813,0.09400253805958962,0.08365268726290574,18.724748063248505,1,2
D110,O047,5,133,0.7329154276272907,32,0.45759305330669026,0.35742600924919476,0.3652359087633477,0.12397431353742944,4.578704726331181,1,1
D110,O067,5,133,0.7329154276272907,60,0.35992868878826584,0.02076874017167992,0.17423242461745192,0.0965105355241593,2.1003211333451848,1,1
D110,O074,5,133,0.7329154276272907,36,0.04256894354729143,0.004280635208135988,0.08729344080162678,0.07148454213260426,17.202121910274414,1,1
D110,O092,5,133,0.7329154276272907,303,0.4427063112729767,0.17226722665159136,0.4364919026956049,0.17566795406842103,23.101547487550636,1,2
D110,O045,5,133,0.7329154276272907,692,0.33110476806173594,0.08646504541541372,0.22004213527881566,0.08596571587890212,2.810064906380055,1,1
D110,O093,5,133,0.7329154276272907,25,0.27627503482623056,0.07815342445263838,0.29138458201830647,0.04123940092547084,41.46024928161635,1,1
D110,O055,5,133,0.7329154276272907,143,0.09821221972656778,0.1636668169410805,0.28503377285937526,0.11581965182801995,1.3300221265710437,1,1
D103,O006,2,622,0.5873833635172555,26,0.46643889626056984,0.1999019902784377,0.36047690978299723,0.19632186896831513,0.7164933989680144,1,1
D103,O071,2,622,0.5873833635172555,830,0.02577223787060603,0.059916075683899506,0.006124036584080637,0.001567019036236368,15.173323377461541,1,20
D103,O014,2,622,0.5873833635172555,505,0.055050563519665925,0.385744929065962,0.3235732737788464,0.24919199267349826,40.509619850150905,1,20
D103,O017,2,622,0.5873833635172555,47,0.23594790081754102,0.20555857271914696,0.45042194931634016,0.031413736601039494,53.72409801145742,1,5
D103,O086,2,622,0.5873833635172555,135,0.46988821914906914,0.05636599657473364,0.04382145887034975,0.20420128774402999,39.12492865085397,1,5
D103,O068,2,622,0.5873833635172555,871,0.14852577867663705,0.23899060027800526,0.4312666597088087,0.024847913302553898,0.9200696163057719,1,1
D103,O088,2,622,0.5873833635172555,74,0.028069089455227885,0.0540852458243732,0.20267396198384915,0.18713991585106382,1.5827391896984995,1,1
D103,O004,2,622,0.5873833635172555,544,0.015441285299266139,0.39993712983284035,0.04776710118920632,0.021638755647051863,1.6116316353856468,1,1
D103,O044,2,622,0.5873833635172555,721,0.4323761389499774,0.3249254075658305,0.14400789358316032,0.2057651422999217,5.188637143423622,1,5
D103,O039,2,622,0.5873833635172555,48,0.23271826163391704,0.17994216982882252,0.033136716412387766,0.009267722660894678,7.735302700968688,1,1
D103,O002,2,622,0.5873833635172555,71,0.3869572888593429,0.3359060402524592,0.4237565470025848,0.2289968100269869,83.12511836496435,1,5
D103,O040,2,622,0.5873833635172555,585,0.39295945909914204,0.39457393035340843,0.49881523135642764,0.05135952265618624,14.252098768706817,1,10
D103,O094,2,622,0.5873833635172555,888,0.3020897605205713,0.09146905532601642,0.35894591710200935,0.2171888653996259,27.41085260307382,1,20
D103,O081,2,622,0.5873833635172555,229,0.311863322482168,0.04075722691061323,0.19095392421992533,0.02739734620632218,0.6097018515377178,1,1
D103,O049,2,622,0.5873833635172555,33,0.06812771834318439,0.32719790546899485,0.35145855206621296,0.16958665122464434,1.8896835200947433,1,1
D103,O052,2,622,0.5873833635172555,249,0.2931097132079093,0.3814959415656873,0.2938470301831344,0.11894055514138323,0.5015927101920599,1,1
D103,O008,2,622,0.5873833635172555,217,0.11836586776404656,0.010264004522404446,0.43857764367626295,0.018412668361408348,3.575437414313759,1,1
D103,O054,2,622,0.5873833635172555,70,0.4839396769446982,0.22536965317316154,0.03930216819422613,0.15840050766206762,1.0282529368841058,1,1
D103,O024,2,622,0.5873833635172555,109,0.10754307926740679,0.37018563204761357,0.33107988983875875,0.015416181466785838,6.304497557330792,1,1
D103,O096,2,622,0.5873833635172555,91,0.16170145035385156,0.2643539191149355,0.06955567449111148,0.22233066342288632,0.7713641646886089,1,1
D103,O011,2,622,0.5873833635172555,163,0.25776627650906286,0.2303694517776211,0.06737682806363049,0.14710779675896993,91.70680464514531,1,20
D103,O007,2,622,0.5873833635172555,20,0.14113037245484783,0.13876459429554666,0.1666223660040416,0.10804294323375169,48.415238066551936,1,1
D103,O005,2,622,0.5873833635172555,472,0.4589275080729363,0.08115278028022999,0.01805553152120237,0.016407342151695845,5.656278920047442,1,5
D103,O051,2,622,0.5873833635172555,264,0.41545850105358517,0.16117913503688408,0.31172678881737154,0.04432963616759917,29.375100601310205,1,10
D103,O035,2,622,0.5873833635172555,173,0.04115959515567879,0.2568973510762646,0.341435098368886,0.12832396264407875,33.55867734781047,1,5
D103,O061,2,622,0.5873833635172555,27,0.3818054373139011,0.016164820124611564,0.49161369207236744,0.15170831162875867,2.704226534184525,1,1
D103,O041,2,622,0.5873833635172555,49,0.29773529796391324,0.2682058880863957,0.21258059195189896,0.13536346098324145,6.422809519648459,1,1
D103,O063,2,622,0.5873833635172555,159,0.16777747895905004,0.06995771215016022,0.1303723567023025,0.23670560860575965,35.98655231023139,1,5
D103,O019,2,622,0.5873833635172555,24,0.43162963836847273,0.2540667171143032,0.25374033794612383,0.035040597237275414,32.89046352986745,1,1
D103,O012,2,622,0.5873833635172555,121,0.018977159008053714,0.04210847176585192,0.10616643187530726,0.054886753813351695,1.8282853898334144,1,1
D103,O043,2,622,0.5873833635172555,936,0.15426768642279118,0.33291989469689626,0.3891618356934266,0.22532924015852426,3.26544153713843,1,5
D103,O020,2,622,0.5873833635172555,113,0.34826997592038184,0.09528586345019373,0.4094664889372201,0.24640169843124984,56.59198119339328,1,10
D103,O038,2,622,0.5873833635172555,765,0.13732854699013036,0.15389066235695392,0.3957456035362972,0.09581902124053866,11.34675406331586,1,10
D103,O010,2,622,0.5873833635172555,78,0.42428609036547965,0.04657399042364526,0.4729163397200382,0.0751091814821646,20.648364158380655,1,2
D103,O053,2,622,0.5873833635172555,251,0.008437374343120882,0.21970454406000367,0.07760861372476294,0.043406152521391926,15.704072062843153,1,5
D103,O032,2,622,0.5873833635172555,449,0.47407037046920236,0.2939643960095397,0.3338689716235752,0.19214128568359498,0.6467632780905109,1,1
D103,O083,2,622,0.5873833635172555,89,0.0026292440689011016,0.11891721005650385,0.01234014792986679,0.1423155000056148,8.932954010356676,1,1
D103,O050,2,622,0.5873833635172555,322,0.20605210901232662,0.1235097854541975,0.23025885735500393,0.24203168280895757,3.7974936169643003,1,1
D103,O084,2,622,0.5873833635172555,797,0.3729926769965046,0.00038649133259261126,0.0015211296530381324,0.21211963380230117,57.968250320486554,1,50
D103,O027,2,622,0.5873833635172555,120,0.17379211770070632,0.27539058086552737,0.1159901845036011,0.0031260536499028886,1.2414059949857388,1,1
D103,O023,2,622,0.5873833635172555,410,0.21445143650369905,0.1278983599397813,0.09400253805958962,0.08365268726290574,18.724748063248505,1,10
D103,O047,2,622,0.5873833635172555,32,0.45759305330669026,0.35742600924919476,0.3652359087633477,0.12397431353742944,4.578704726331181,1,1
D103,O067,2,622,0.5873833635172555,60,0.35992868878826584,0.02076874017167992,0.17423242461745192,0.0965105355241593,2.1003211333451848,1,1
D103,O074,2,622,0.5873833635172555,36,0.04256894354729143,0.004280635208135988,0.08729344080162678,0.07148454213260426,17.202121910274414,1,1
D103,O092,2,622,0.5873833635172555,303,0.4427063112729767,0.17226722665159136,0.4364919026956049,0.17566795406842103,23.101547487550636,1,10
D103,O045,2,622,0.5873833635172555,692,0.33110476806173594,0.08646504541541372,0.22004213527881566,0.08596571587890212,2.810064906380055,1,2
D103,O093,2,622,0.5873833635172555,25,0.27627503482623056,0.07815342445263838,0.29138458201830647,0.04123940092547084,41.46024928161635,1,1
D103,O055,2,622,0.5873833635172555,143,0.09821221972656778,0.1636668169410805,0.28503377285937526,0.11581965182801995,1.3300221265710437,1,1
D046,O006,2,64,0.689220512318399,26,0.46643889626056984,0.1999019902784377,0.36047690978299723,0.19632186896831513,0.7164933989680144,1,1
D046,O071,2,64,0.689220512318399,830,0.02577223787060603,0.059916075683899506,0.006124036584080637,0.001567019036236368,15.173323377461541,1,2
D046,O014,2,64,0.689220512318399,505,0.055050563519665925,0.385744929065962,0.3235732737788464,0.24919199267349826,40.509619850150905,1,2
D046,O017,2,64,0.689220512318399,47,0.23594790081754102,0.20555857271914696,0.45042194931634016,0.031413736601039494,53.72409801145742,1,1
D046,O086,2,64,0.689220512318399,135,0.46988821914906914,0.05636599657473364,0.04382145887034975,0.20420128774402999,39.12492865085397,1,1
D046,O068,2,64,0.689220512318399,871,0.14852577867663705,0.23899060027800526,0.4312666597088087,0.024847913302553898,0.9200696163057719,1,1
D046,O088,2,64,0.689220512318399,74,0.028069089455227885,0.0540852458243732,0.20267396198384915,0.18713991585106382,1.5827391896984995,1,1
D046,O004,2,64,0.689220512318399,544,0.015441285299266139,0.39993712983284035,0.04776710118920632,0.021638755647051863,1.6116316353856468,1,1
D046,O044,2,64,0.689220512318399,721,0.4323761389499774,0.3249254075658305,0.14400789358316032,0.2057651422999217,5.188637143423622,1,1
D046,O039,2,64,0.689220512318399,48,0.23271826163391704,0.17994216982882252,0.033136716412387766,0.009267722660894678,7.735302700968688,1,1
D046,O002,2,64,0.689220512318399,71,0.3869572888593429,0.3359060402524592,0.4237565470025848,0.2289968100269869,83.12511836496435,1,1
D046,O040,2,64,0.689220512318399,585,0.39295945909914204,0.39457393035340843,0.49881523135642764,0.05135952265618624,14.252098768706817,1,1
D046,O094,2,64,0.689220512318399,888,0.3020897605205713,0.09146905532601642,0.35894591710200935,0.2171888653996259,27.41085260307382,1,5
D046,O081,2,64,0.689220512318399,229,0.311863322482168,0.04075722691061323,0.19095392421992533,0.02739734620632218,0.6097018515377178,1,1
D046,O049,2,64,0.689220512318399,33,0.06812771834318439,0.32719790546899485,0.35145855206621296,0.16958665122464434,1.8896835200947433,1,1
D046,O052,2,64,0.689220512318399,249,0.2931097132079093,0.3814959415656873,0.2938470301831344,0.11894055514138323,0.5015927101920599,1,1
D046,O008,2,64,0.689220512318399,217,0.11836586776404656,0.010264004522404446,0.43857764367626295,0.018412668361408348,3.575437414313759,1,1
D046,O054,2,64,0.689220512318399,70,0.4839396769446982,0.22536965317316154,0.03930216819422613,0.15840050766206762,1.0282529368841058,1,1
D046,O024,2,64,0.689220512318399,109,0.10754307926740679,0.37018563204761357,0.33107988983875875,0.015416181466785838,6.304497557330792,1,1
D046,O096,2,64,0.689220512318399,91,0.16170145035385156,0.2643539191149355,0.06955567449111148,0.22233066342288632,0.7713641646886089,1,1
D046,O011,2,64,0.689220512318399,163,0.25776627650906286,0.2303694517776211,0.06737682806363049,0.14710779675896993,91.70680464514531,1,2
D046,O007,2,64,0.689220512318399,20,0.14113037245484783,0.13876459429554666,0.1666223660040416,0.10804294323375169,48.415238066551936,1,1
D046,O005,2,64,0.689220512318399,472,0.4589275080729363,0.08115278028022999,0.01805553152120237,0.016407342151695845,5.656278920047442,1,1
D046,O051,2,64,0.689220512318399,264,0.41545850105358517,0.16117913503688408,0.31172678881737154,0.04432963616759917,29.375100601310205,1,1
D046,O035,2,64,0.689220512318399,173,0.04115959515567879,0.2568973510762646,0.341435098368886,0.12832396264407875,33.55867734781047,1,1
D046,O061,2,64,0.689220512318399,27,0.3818054373139011,0.016164820124611564,0.49161369207236744,0.15170831162875867,2.704226534184525,1,1
D046,O041,2,64,0.689220512318399,49,0.29773529796391324,0.2682058880863957,0.21258059195189896,0.13536346098324145,6.422809519648459,1,1
D046,O063,2,64,0.689220512318399,159,0.16777747895905004,0.06995771215016022,0.1303723567023025,0.23670560860575965,35.98655231023139,1,1
D046,O019,2,64,0.689220512318399,24,0.43162963836847273,0.2540667171143032,0.25374033794612383,0.035040597237275414,32.89046352986745,1,1
D046,O012,2,64,0.689220512318399,121,0.018977159008053714,0.04210847176585192,0.10616643187530726,0.054886753813351695,1.8282853898334144,1,1
D046,O043,2,64,0.689220512318399,936,0.15426768642279118,0.33291989469689626,0.3891618356934266,0.22532924015852426,3.26544153713843,1,1
D046,O020,2,64,0.689220512318399,113,0.34826997592038184,0.09528586345019373,0.4094664889372201,0.24640169843124984,56.59198119339328,1,1
D046,O038,2,64,0.689220512318399,765,0.13732854699013036,0.15389066235695392,0.3957456035362972,0.09581902124053866,11.34675406331586,1,1
D046,O010,2,64,0.689220512318399,78,0.42428609036547965,0.04657399042364526,0.4729163397200382,0.0751091814821646,20.648364158380655,1,1
D046,O053,2,64,0.689220512318399,251,0.008437374343120882,0.21970454406000367,0.07760861372476294,0.043406152521391926,15.704072062843153,1,1
D046,O032,2,64,0.689220512318399,449,0.47407037046920236,0.2939643960095397,0.3338689716235752,0.19214128568359498,0.6467632780905109,1,1
D046,O083,2,64,0.689220512318399,89,0.0026292440689011016,0.11891721005650385,0.01234014792986679,0.1423155000056148,8.932954010356676,1,1
D046,O050,2,64,0.689220512318399,322,0.20605210901232662,0.1235097854541975,0.23025885735500393,0.24203168280895757,3.7974936169643003,1,1
D046,O084,2,64,0.689220512318399,797,0.3729926769965046,0.00038649133259261126,0.0015211296530381324,0.21211963380230117,57.968250320486554,1,5
D046,O027,2,64,0.689220512318399,120,0.17379211770070632,0.27539058086552737,0.1159901845036011,0.0031260536499028886,1.2414059949857388,1,1
D046,O023,2,64,0.689220512318399,410,0.21445143650369905,0.1278983599397813,0.09400253805958962,0.08365268726290574,18.724748063248505,1,1
D046,O047,2,64,0.689220512318399,32,0.45759305330669026,0.35742600924919476,0.3652359087633477,0.12397431353742944,4.578704726331181,1,1
D046,O067,2,64,0.689220512318399,60,0.35992868878826584,0.02076874017167992,0.17423242461745192,0.0965105355241593,2.1003211333451848,1,1
D046,O074,2,64,0.689220512318399,36,0.04256894354729143,0.004280635208135988,0.08729344080162678,0.07148454213260426,17.202121910274414,1,1
D046,O092,2,64,0.689220512318399,303,0.4427063112729767,0.17226722665159136,0.4364919026956049,0.17566795406842103,23.101547487550636,1,1
D046,O045,2,64,0.689220512318399,692,0.33110476806173594,0.08646504541541372,0.22004213527881566,0.08596571587890212,2.810064906380055,1,1
D046,O093,2,64,0.689220512318399,25,0.27627503482623056,0.07815342445263838,0.29138458201830647,0.04123940092547084,41.46024928161635,1,1
D046,O055,2,64,0.689220512318399,143,0.09821221972656778,0.1636668169410805,0.28503377285937526,0.11581965182801995,1.3300221265710437,1,1
D022,O006,7,488,1.5968643039997048,26,0.46643889626056984,0.1999019902784377,0.36047690978299723,0.19632186896831513,0.7164933989680144,1,1
D022,O071,7,488,1.5968643039997048,830,0.02577223787060603,0.059916075683899506,0.006124036584080637,0.001567019036236368,15.173323377461541,1,10
D022,O014,7,488,1.5968643039997048,505,0.055050563519665925,0.385744929065962,0.3235732737788464,0.24919199267349826,40.509619850150905,1,20
D022,O017,7,488,1.5968643039997048,47,0.23594790081754102,0.20555857271914696,0.45042194931634016,0.031413736601039494,53.72409801145742,1,2
D022,O086,7,488,1.5968643039997048,135,0.46988821914906914,0.05636599657473364,0.04382145887034975,0.20420128774402999,39.12492865085397,1,5
D022,O068,7,488,1.5968643039997048,871,0.14852577867663705,0.23899060027800526,0.4312666597088087,0.024847913302553898,0.9200696163057719,1,1
D022,O088,7,488,1.5968643039997048,74,0.028069089455227885,0.0540852458243732,0.20267396198384915,0.18713991585106382,1.5827391896984995,1,1
D022,O004,7,488,1.5968643039997048,544,0.015441285299266139,0.39993712983284035,0.04776710118920632,0.021638755647051863,1.6116316353856468,1,1
D022,O044,7,488,1.5968643039997048,721,0.4323761389499774,0.3249254075658305,0.14400789358316032,0.2057651422999217,5.188637143423622,1,5
D022,O039,7,488,1.5968643039997048,48,0.23271826163391704,0.17994216982882252,0.033136716412387766,0.009267722660894678,7.735302700968688,1,1
D022,O002,7,488,1.5968643039997048,71,0.3869572888593429,0.3359060402524592,0.4237565470025848,0.2289968100269869,83.12511836496435,1,5
D022,O040,7,488,1.5968643039997048,585,0.39295945909914204,0.39457393035340843,0.49881523135642764,0.05135952265618624,14.252098768706817,1,10
D022,O094,7,488,1.5968643039997048,888,0.3020897605205713,0.09146905532601642,0.35894591710200935,0.2171888653996259,27.41085260307382,1,20
D022,O081,7,488,1.5968643039997048,229,0.311863322482168,0.04075722691061323,0.19095392421992533,0.02739734620632218,0.6097018515377178,1,1
D022,O049,7,488,1.5968643039997048,33,0.06812771834318439,0.32719790546899485,0.35145855206621296,0.16958665122464434,1.8896835200947433,1,1
D022,O052,7,488,1.5968643039997048,249,0.2931097132079093,0.3814959415656873,0.2938470301831344,0.11894055514138323,0.5015927101920599,1,1
D022,O008,7,488,1.5968643039997048,217,0.11836586776404656,0.010264004522404446,0.43857764367626295,0.018412668361408348,3.575437414313759,1,1
D022,O054,7,488,1.5968643039997048,70,0.4839396769446982,0.22536965317316154,0.03930216819422613,0.15840050766206762,1.0282529368841058,1,1
D022,O024,7,488,1.5968643039997048,109,0.10754307926740679,0.37018563204761357,0.33107988983875875,0.015416181466785838,6.304497557330792,1,1
D022,O096,7,488,1.5968643039997048,91,0.16170145035385156,0.2643539191149355,0.06955567449111148,0.22233066342288632,0.7713641646886089,1,1
D022,O011,7,488,1.5968643039997048,163,0.25776627650906286,0.2303694517776211,0.06737682806363049,0.14710779675896993,91.70680464514531,1,10
D022,O007,7,488,1.5968643039997048,20,0.14113037245484783,0.13876459429554666,0.1666223660040416,0.10804294323375169,48.415238066551936,1,1
D022,O005,7,488,1.5968643039997048,472,0.4589275080729363,0.08115278028022999,0.01805553152120237,0.016407342151695845,5.656278920047442,1,2
D022,O051,7,488,1.5968643039997048,264,0.41545850105358517,0.16117913503688408,0.31172678881737154,0.04432963616759917,29.375100601310205,1,5
D022,O035,7,488,1.5968643039997048,173,0.04115959515567879,0.2568973510762646,0.341435098368886,0.12832396264407875,33.55867734781047,1,5
D022,O061,7,488,1.5968643039997048,27,0.3818054373139011,0.016164820124611564,0.49161369207236744,0.15170831162875867,2.704226534184525,1,1
D022,O041,7,488,1.5968643039997048,49,0.29773529796391324,0.2682058880863957,0.21258059195189896,0.13536346098324145,6.422809519648459,1,1
D022,O063,7,488,1.5968643039997048,159,0.16777747895905004,0.06995771215016022,0.1303723567023025,0.23670560860575965,35.98655231023139,1,5
D022,O019,7,488,1.5968643039997048,24,0.43162963836847273,0.2540667171143032,0.25374033794612383,0.035040597237275414,32.89046352986745,1,1
D022,O012,7,488,1.5968643039997048,121,0.018977159008053714,0.04210847176585192,0.10616643187530726,0.054886753813351695,1.8282853898334144,1,1
D022,O043,7,488,1.5968643039997048,936,0.15426768642279118,0.33291989469689626,0.3891618356934266,0.22532924015852426,3.26544153713843,1,2
D022,O020,7,488,1.5968643039997048,113,0.34826997592038184,0.09528586345019373,0.4094664889372201,0.24640169843124984,56.59198119339328,1,5
D022,O038,7,488,1.5968643039997048,765,0.13732854699013036,0.15389066235695392,0.3957456035362972,0.09581902124053866,11.34675406331586,1,10
D022,O010,7,488,1.5968643039997048,78,0.42428609036547965,0.04657399042364526,0.4729163397200382,0.0751091814821646,20.648364158380655,1,2
D022,O053,7,488,1.5968643039997048,251,0.008437374343120882,0.21970454406000367,0.07760861372476294,0.043406152521391926,15.704072062843153,1,5
D022,O032,7,488,1.5968643039997048,449,0.47407037046920236,0.2939643960095397,0.3338689716235752,0.19214128568359498,0.6467632780905109,1,1
D022,O083,7,488,1.5968643039997048,89,0.0026292440689011016,0.11891721005650385,0.01234014792986679,0.1423155000056148,8.932954010356676,1,1
D022,O050,7,488,1.5968643039997048,322,0.20605210901232662,0.1235097854541975,0.23025885735500393,0.24203168280895757,3.7974936169643003,1,1
D022,O084,7,488,1.5968643039997048,797,0.3729926769965046,0.00038649133259261126,0.0015211296530381324,0.21211963380230117,57.968250320486554,1,50
D022,O027,7,488,1.5968643039997048,120,0.17379211770070632,0.27539058086552737,0.1159901845036011,0.0031260536499028886,1.2414059949857388,1,1
D022,O023,7,488,1.5968643039997048,410,0.21445143650369905,0.1278983599397813,0.09400253805958962,0.08365268726290574,18.724748063248505,1,5
D022,O047,7,488,1.5968643039997048,32,0.45759305330669026,0.35742600924919476,0.3652359087633477,0.12397431353742944,4.578704726331181,1,1
D022,O067,7,488,1.5968643039997048,60,0.35992868878826584,0.02076874017167992,0.17423242461745192,0.0965105355241593,2.1003211333451848,1,1
D022,O074,7,488,1.5968643039997048,36,0.04256894354729143,0.004280635208135988,0.08729344080162678,0.07148454213260426,17.202121910274414,1,1
D022,O092,7,488,1.5968643039997048,303,0.4427063112729767,0.17226722665159136,0.4364919026956049,0.17566795406842103,23.101547487550636,1,5
D022,O045,7,488,1.5968643039997048,692,0.33110476806173594,0.08646504541541372,0.22004213527881566,0.08596571587890212,2.810064906380055,1,2
D022,O093,7,488,1.5968643039997048,25,0.27627503482623056,0.07815342445263838,0.29138458201830647,0.04123940092547084,41.46024928161635,1,1
D022,O055,7,488,1.5968643039997048,143,0.09821221972656778,0.1636668169410805,0.28503377285937526,0.11581965182801995,1.3300221265710437,1,1
D050,O006,2,156,0.8970348445560526,26,0.46643889626056984,0.1999019902784377,0.36047690978299723,0.19632186896831513,0.7164933989680144,1,1
D050,O071,2,156,0.8970348445560526,830,0.02577223787060603,0.059916075683899506,0.006124036584080637,0.001567019036236368,15.173323377461541,1,5
D050,O014,2,156,0.8970348445560526,505,0.055050563519665925,0.385744929065962,0.3235732737788464,0.24919199267349826,40.509619850150905,1,5
D050,O017,2,156,0.8970348445560526,47,0.23594790081754102,0.20555857271914696,0.45042194931634016,0.031413736601039494,53.72409801145742,1,1
D050,O086,2,156,0.8970348445560526,135,0.46988821914906914,0.05636599657473364,0.04382145887034975,0.20420128774402999,39.12492865085397,1,2
D050,O068,2,156,0.8970348445560526,871,0.14852577867663705,0.23899060027800526,0.4312666597088087,0.024847913302553898,0.9200696163057719,1,1
D050,O088,2,156,0.8970348445560526,74,0.028069089455227885,0.0540852458243732,0.20267396198384915,0.18713991585106382,1.5827391896984995,1,1
D050,O004,2,156,0.8970348445560526,544,0.015441285299266139,0.39993712983284035,0.04776710118920632,0.021638755647051863,1.6116316353856468,1,1
D050,O044,2,156,0.8970348445560526,721,0.4323761389499774,0.3249254075658305,0.14400789358316032,0.2057651422999217,5.188637143423622,1,1
D050,O039,2,156,0.8970348445560526,48,0.23271826163391704,0.17994216982882252,0.033136716412387766,0.009267722660894678,7.735302700968688,1,1
D050,O002,2,156,0.8970348445560526,71,0.3869572888593429,0.3359060402524592,0.4237565470025848,0.2289968100269869,83.12511836496435,1,2
D050,O040,2,156,0.8970348445560526,585,0.39295945909914204,0.39457393035340843,0.49881523135642764,0.05135952265618624,14.252098768706817,1,2
D050,O094,2,156,0.8970348445560526,888,0.3020897605205713,0.09146905532601642,0.35894591710200935,0.2171888653996259,27.41085260307382,1,5
D050,O081,2,156,0.8970348445560526,229,0.311863322482168,0.04075722691061323,0.19095392421992533,0.02739734620632218,0.6097018515377178,1,1
D050,O049,2,156,0.8970348445560526,33,0.06812771834318439,0.32719790546899485,0.35145855206621296,0.16958665122464434,1.8896835200947433,1,1
D050,O052,2,156,0.8970348445560526,249,0.2931097132079093,0.3814959415656873,0.2938470301831344,0.11894055514138323,0.5015927101920599,1,1
D050,O008,2,156,0.8970348445560526,217,0.11836586776404656,0.010264004522404446,0.43857764367626295,0.018412668361408348,3.575437414313759,1,1
D050,O054,2,156,0.8970348445560526,70,0.4839396769446982,0.22536965317316154,0.03930216819422613,0.15840050766206762,1.0282529368841058,1,1
D050,O024,2,156,0.8970348445560526,109,0.10754307926740679,0.37018563204761357,0.33107988983875875,0.015416181466785838,6.304497557330792,1,1
D050,O096,2,156,0.8970348445560526,91,0.16170145035385156,0.2643539191149355,0.06955567449111148,0.22233066342288632,0.7713641646886089,1,1
D050,O011,2,156,0.8970348445560526,163,0.25776627650906286,0.2303694517776211,0.06737682806363049,0.14710779675896993,91.70680464514531,1,5
D050,O007,2,156,0.8970348445560526,20,0.14113037245484783,0.13876459429554666,0.1666223660040416,0.10804294323375169,48.415238066551936,1,1
D050,O005,2,156,0.8970348445560526,472,0.4589275080729363,0.08115278028022999,0.01805553152120237,0.016407342151695845,5.656278920047442,1,1
D050,O051,2,156,0.8970348445560526,264,0.41545850105358517,0.16117913503688408,0.31172678881737154,0.04432963616759917,29.375100601310205,1,2
D050,O035,2,156,0.8970348445560526,173,0.04115959515567879,0.2568973510762646,0.341435098368886,0.12832396264407875,33.55867734781047,1,2
D050,O061,2,156,0.8970348445560526,27,0.3818054373139011,0.016164820124611564,0.49161369207236744,0.15170831162875867,2.704226534184525,1,1
D050,O041,2,156,0.8970348445560526,49,0.29773529796391324,0.2682058880863957,0.21258059195189896,0.13536346098324145,6.422809519648459,1,1
D050,O063,2,156,0.8970348445560526,159,0.16777747895905004,0.06995771215016022,0.1303723567023025,0.23670560860575965,35.98655231023139,1,2
D050,O019,2,156,0.8970348445560526,24,0.43162963836847273,0.2540667171143032,0.25374033794612383,0.035040597237275414,32.89046352986745,1,1
D050,O012,2,156,0.8970348445560526,121,0.018977159008053714,0.04210847176585192,0.10616643187530726,0.054886753813351695,1.8282853898334144,1,1
D050,O043,2,156,0.8970348445560526,936,0.15426768642279118,0.33291989469689626,0.3891618356934266,0.22532924015852426,3.26544153713843,1,1
D050,O020,2,156,0.8970348445560526,113,0.34826997592038184,0.09528586345019373,0.4094664889372201,0.24640169843124984,56.59198119339328,1,2
D050,O038,2,156,0.8970348445560526,765,0.13732854699013036,0.15389066235695392,0.3957456035362972,0.09581902124053866,11.34675406331586,1,2
D050,O010,2,156,0.8970348445560526,78,0.42428609036547965,0.04657399042364526,0.4729163397200382,0.0751091814821646,20.648364158380655,1,1
D050,O053,2,156,0.8970348445560526,251,0.008437374343120882,0.21970454406000367,0.07760861372476294,0.043406152521391926,15.704072062843153,1,1
D050,O032,2,156,0.8970348445560526,449,0.47407037046920236,0.2939643960095397,0.3338689716235752,0.19214128568359498,0.6467632780905109,1,1
D050,O083,2,156,0.8970348445560526,89,0.0026292440689011016,0.11891721005650385,0.01234014792986679,0.1423155000056148,8.932954010356676,1,1
D050,O050,2,156,0.8970348445560526,322,0.20605210901232662,0.1235097854541975,0.23025885735500393,0.24203168280895757,3.7974936169643003,1,1
D050,O084,2,156,0.8970348445560526,797,0.3729926769965046,0.00038649133259261126,0.0015211296530381324,0.21211963380230117,57.968250320486554,1,10
D050,O027,2,156,0.8970348445560526,120,0.17379211770070632,0.27539058086552737,0.1159901845036011,0.0031260536499028886,1.2414059949857388,1,1
D050,O023,2,156,0.8970348445560526,410,0.21445143650369905,0.1278983599397813,0.09400253805958962,0.08365268726290574,18.724748063248505,1,2
D050,O047,2,156,0.8970348445560526,32,0.45759305330669026,0.35742600924919476,0.3652359087633477,0.12397431353742944,4.578704726331181,1,1
D050,O067,2,156,0.8970348445560526,60,0.35992868878826584,0.02076874017167992,0.17423242461745192,0.0965105355241593,2.1003211333451848,1,1
D050,O074,2,156,0.8970348445560526,36,0.04256894354729143,0.004280635208135988,0.08729344080162678,0.07148454213260426,17.202121910274414,1,1
D050,O092,2,156,0.8970348445560526,303,0.4427063112729767,0.17226722665159136,0.4364919026956049,0.17566795406842103,23.101547487550636,1,2
D050,O045,2,156,0.8970348445560526,692,0.33110476806173594,0.08646504541541372,0.22004213527881566,0.08596571587890212,2.810064906380055,1,1
D050,O093,2,156,0.8970348445560526,25,0.27627503482623056,0.07815342445263838,0.29138458201830647,0.04123940092547084,41.46024928161635,1,1
D050,O055,2,156,0.8970348445560526,143,0.09821221972656778,0.1636668169410805,0.28503377285937526,0.11581965182801995,1.3300221265710437,1,1
D014,O006,7,749,0.6757835742476536,26,0.46643889626056984,0.1999019902784377,0.36047690978299723,0.19632186896831513,0.7164933989680144,1,1
D014,O071,7,749,0.6757835742476536,830,0.02577223787060603,0.059916075683899506,0.006124036584080637,0.001567019036236368,15.173323377461541,1,20
D014,O014,7,749,0.6757835742476536,505,0.055050563519665925,0.385744929065962,0.3235732737788464,0.24919199267349826,40.509619850150905,1,20
D014,O017,7,749,0.6757835742476536,47,0.23594790081754102,0.20555857271914696,0.45042194931634016,0.031413736601039494,53.72409801145742,1,5
D014,O086,7,749,0.6757835742476536,135,0.46988821914906914,0.05636599657473364,0.04382145887034975,0.20420128774402999,39.12492865085397,1,10
D014,O068,7,749,0.6757835742476536,871,0.14852577867663705,0.23899060027800526,0.4312666597088087,0.024847913302553898,0.9200696163057719,1,1
D014,O088,7,749,0.6757835742476536,74,0.028069089455227885,0.0540852458243732,0.20267396198384915,0.18713991585106382,1.5827391896984995,1,1
D014,O004,7,749,0.6757835742476536,544,0.015441285299266139,0.39993712983284035,0.04776710118920632,0.021638755647051863,1.6116316353856468,1,1
D014,O044,7,749,0.6757835742476536,721,0.4323761389499774,0.3249254075658305,0.14400789358316032,0.2057651422999217,5.188637143423622,1,5
D014,O039,7,749,0.6757835742476536,48,0.23271826163391704,0.17994216982882252,0.033136716412387766,0.009267722660894678,7.735302700968688,1,1
D014,O002,7,749,0.6757835742476536,71,0.3869572888593429,0.3359060402524592,0.4237565470025848,0.2289968100269869,83.12511836496435,1,10
D014,O040,7,749,0.6757835742476536,585,0.39295945909914204,0.39457393035340843,0.49881523135642764,0.05135952265618624,14.252098768706817,1,10
D014,O094,7,749,0.6757835742476536,888,0.3020897605205713,0.09146905532601642,0.35894591710200935,0.2171888653996259,27.41085260307382,1,50
D014,O081,7,749,0.6757835742476536,229,0.311863322482168,0.04075722691061323,0.19095392421992533,0.02739734620632218,0.6097018515377178,1,1
D014,O049,7,749,0.6757835742476536,33,0.06812771834318439,0.32719790546899485,0.35145855206621296,0.16958665122464434,1.8896835200947433,1,1
D014,O052,7,749,0.6757835742476536,249,0.2931097132079093,0.3814959415656873,0.2938470301831344,0.11894055514138323,0.5015927101920599,1,1
D014,O008,7,749,0.6757835742476536,217,0.11836586776404656,0.010264004522404446,0.43857764367626295,0.018412668361408348,3.575437414313759,1,1
D014,O054,7,749,0.6757835742476536,70,0.4839396769446982,0.22536965317316154,0.03930216819422613,0.15840050766206762,1.0282529368841058,1,1
D014,O024,7,749,0.6757835742476536,109,0.10754307926740679,0.37018563204761357,0.33107988983875875,0.015416181466785838,6.304497557330792,1,1
D014,O096,7,749,0.6757835742476536,91,0.16170145035385156,0.2643539191149355,0.06955567449111148,0.22233066342288632,0.7713641646886089,1,1
D014,O011,7,749,0.6757835742476536,163,0.25776627650906286,0.2303694517776211,0.06737682806363049,0.14710779675896993,91.70680464514531,1,20
D014,O007,7,749,0.6757835742476536,20,0.14113037245484783,0.13876459429554666,0.1666223660040416,0.10804294323375169,48.415238066551936,1,1
D014,O005,7,749,0.6757835742476536,472,0.4589275080729363,0.08115278028022999,0.01805553152120237,0.016407342151695845,5.656278920047442,1,5
D014,O051,7,749,0.6757835742476536,264,0.41545850105358517,0.16117913503688408,0.31172678881737154,0.04432963616759917,29.375100601310205,1,10
D014,O035,7,749,0.6757835742476536,173,0.04115959515567879,0.2568973510762646,0.341435098368886,0.12832396264407875,33.55867734781047,1,10
D014,O061,7,749,0.6757835742476536,27,0.3818054373139011,0.016164820124611564,0.49161369207236744,0.15170831162875867,2.704226534184525,1,1
D014,O041,7,749,0.6757835742476536,49,0.29773529796391324,0.2682058880863957,0.21258059195189896,0.13536346098324145,6.422809519648459,1,1
D014,O063,7,749,0.6757835742476536,159,0.16777747895905004,0.06995771215016022,0.1303723567023025,0.23670560860575965,35.98655231023139,1,10
D014,O019,7,749,0.6757835742476536,24,0.43162963836847273,0.2540667171143032,0.25374033794612383,0.035040597237275414,32.89046352986745,1,1
D014,O012,7,749,0.6757835742476536,121,0.018977159008053714,0.04210847176585192,0.10616643187530726,0.054886753813351695,1.8282853898334144,1,1
D014,O043,7,749,0.6757835742476536,936,0.15426768642279118,0.33291989469689626,0.3891618356934266,0.22532924015852426,3.26544153713843,1,5
D014,O020,7,749,0.6757835742476536,113,0.34826997592038184,0.09528586345019373,0.4094664889372201,0.24640169843124984,56.59198119339328,1,10
D014,O038,7,749,0.6757835742476536,765,0.13732854699013036,0.15389066235695392,0.3957456035362972,0.09581902124053866,11.34675406331586,1,10
D014,O010,7,749,0.6757835742476536,78,0.42428609036547965,0.04657399042364526,0.4729163397200382,0.0751091814821646,20.648364158380655,1,2
D014,O053,7,749,0.6757835742476536,251,0.008437374343120882,0.21970454406000367,0.07760861372476294,0.043406152521391926,15.704072062843153,1,5
D014,O032,7,749,0.6757835742476536,449,0.47407037046920236,0.2939643960095397,0.3338689716235752,0.19214128568359498,0.6467632780905109,1,1
D014,O083,7,749,0.6757835742476536,89,0.0026292440689011016,0.11891721005650385,0.01234014792986679,0.1423155000056148,8.932954010356676,1,1
D014,O050,7,749,0.6757835742476536,322,0.20605210901232662,0.1235097854541975,0.23025885735500393,0.24203168280895757,3.7974936169643003,1,2
D014,O084,7,749,0.6757835742476536,797,0.3729926769965046,0.00038649133259261126,0.0015211296530381324,0.21211963380230117,57.968250320486554,1,50
D014,O027,7,749,0.6757835742476536,120,0.17379211770070632,0.27539058086552737,0.1159901845036011,0.0031260536499028886,1.2414059949857388,1,1
D014,O023,7,749,0.6757835742476536,410,0.21445143650369905,0.1278983599397813,0.09400253805958962,0.08365268726290574,18.724748063248505,1,10
D014,O047,7,749,0.6757835742476536,32,0.45759305330669026,0.35742600924919476,0.3652359087633477,0.12397431353742944,4.578704726331181,1,1
D014,O067,7,749,0.6757835742476536,60,0.35992868878826584,0.02076874017167992,0.17423242461745192,0.0965105355241593,2.1003211333451848,1,1
D014,O074,7,749,0.6757835742476536,36,0.04256894354729143,0.004280635208135988,0.08729344080162678,0.07148454213260426,17.202121910274414,1,1
D014,O092,7,749,0.6757835742476536,303,0.4427063112729767,0.17226722665159136,0.4364919026956049,0.17566795406842103,23.101547487550636,1,10
D014,O045,7,749,0.6757835742476536,692,0.33110476806173594,0.08646504541541372,0.22004213527881566,0.08596571587890212,2.810064906380055,1,2
D014,O093,7,749,0.6757835742476536,25,0.27627503482623056,0.07815342445263838,0.29138458201830647,0.04123940092547084,41.46024928161635,1,2
D014,O055,7,749,0.6757835742476536,143,0.09821221972656778,0.1636668169410805,0.28503377285937526,0.11581965182801995,1.3300221265710437,1,1
D027,O006,3,76,2.340604358827118,26,0.46643889626056984,0.1999019902784377,0.36047690978299723,0.19632186896831513,0.7164933989680144,1,1
D027,O071,3,76,2.340604358827118,830,0.02577223787060603,0.059916075683899506,0.006124036584080637,0.001567019036236368,15.173323377461541,1,2
D027,O014,3,76,2.340604358827118,505,0.055050563519665925,0.385744929065962,0.3235732737788464,0.24919199267349826,40.509619850150905,1,5
D027,O017,3,76,2.340604358827118,47,0.23594790081754102,0.20555857271914696,0.45042194931634016,0.031413736601039494,53.72409801145742,1,1
D027,O086,3,76,2.340604358827118,135,0.46988821914906914,0.05636599657473364,0.04382145887034975,0.20420128774402999,39.12492865085397,1,1
D027,O068,3,76,2.340604358827118,871,0.14852577867663705,0.23899060027800526,0.4312666597088087,0.024847913302553898,0.9200696163057719,1,1
D027,O088,3,76,2.340604358827118,74,0.028069089455227885,0.0540852458243732,0.20267396198384915,0.18713991585106382,1.5827391896984995,1,1
D027,O004,3,76,2.340604358827118,544,0.015441285299266139,0.39993712983284035,0.04776710118920632,0.021638755647051863,1.6116316353856468,1,1
D027,O044,3,76,2.340604358827118,721,0.4323761389499774,0.3249254075658305,0.14400789358316032,0.2057651422999217,5.188637143423622,1,1
D027,O039,3,76,2.340604358827118,48,0.23271826163391704,0.17994216982882252,0.033136716412387766,0.009267722660894678,7.735302700968688,1,1
D027,O002,3,76,2.340604358827118,71,0.3869572888593429,0.3359060402524592,0.4237565470025848,0.2289968100269869,83.12511836496435,1,1
D027,O040,3,76,2.340604358827118,585,0.39295945909914204,0.39457393035340843,0.49881523135642764,0.05135952265618624,14.252098768706817,1,1
D027,O094,3,76,2.340604358827118,888,0.3020897605205713,0.09146905532601642,0.35894591710200935,0.2171888653996259,27.41085260307382,1,5
D027,O081,3,76,2.340604358827118,229,0.311863322482168,0.04075722691061323,0.19095392421992533,0.02739734620632218,0.6097018515377178,1,1
D027,O049,3,76,2.340604358827118,33,0.06812771834318439,0.32719790546899485,0.35145855206621296,0.16958665122464434,1.8896835200947433,1,1
D027,O052,3,76,2.340604358827118,249,0.2931097132079093,0.3814959415656873,0.2938470301831344,0.11894055514138323,0.5015927101920599,1,1
D027,O008,3,76,2.340604358827118,217,0.11836586776404656,0.010264004522404446,0.43857764367626295,0.018412668361408348,3.575437414313759,1,1
D027,O054,3,76,2.340604358827118,70,0.4839396769446982,0.22536965317316154,0.03930216819422613,0.15840050766206762,1.0282529368841058,1,1
D027,O024,3,76,2.340604358827118,109,0.10754307926740679,0.37018563204761357,0.33107988983875875,0.015416181466785838,6.304497557330792,1,1
D027,O096,3,76,2.340604358827118,91,0.16170145035385156,0.2643539191149355,0.06955567449111148,0.22233066342288632,0.7713641646886089,1,1
D027,O011,3,76,2.340604358827118,163,0.25776627650906286,0.2303694517776211,0.06737682806363049,0.14710779675896993,91.70680464514531,1,2
D027,O007,3,76,2.340604358827118,20,0.14113037245484783,0.13876459429554666,0.1666223660040416,0.10804294323375169,48.415238066551936,1,1
D027,O005,3,76,2.340604358827118,472,0.4589275080729363,0.08115278028022999,0.01805553152120237,0.016407342151695845,5.656278920047442,1,1
D027,O051,3,76,2.340604358827118,264,0.41545850105358517,0.16117913503688408,0.31172678881737154,0.04432963616759917,29.375100601310205,1,1
D027,O035,3,76,2.340604358827118,173,0.04115959515567879,0.2568973510762646,0.341435098368886,0.12832396264407875,33.55867734781047,1,1
D027,O061,3,76,2.340604358827118,27,0.3818054373139011,0.016164820124611564,0.49161369207236744,0.15170831162875867,2.704226534184525,1,1
D027,O041,3,76,2.340604358827118,49,0.29773529796391324,0.2682058880863957,0.21258059195189896,0.13536346098324145,6.422809519648459,1,1
D027,O063,3,76,2.340604358827118,159,0.16777747895905004,0.06995771215016022,0.1303723567023025,0.23670560860575965,35.98655231023139,1,1
D027,O019,3,76,2.340604358827118,24,0.43162963836847273,0.2540667171143032,0.25374033794612383,0.035040597237275414,32.89046352986745,1,1
D027,O012,3,76,2.340604358827118,121,0.018977159008053714,0.04210847176585192,0.10616643187530726,0.054886753813351695,1.8282853898334144,1,1
D027,O043,3,76,2.340604358827118,936,0.15426768642279118,0.33291989469689626,0.3891618356934266,0.22532924015852426,3.26544153713843,1,1
D027,O020,3,76,2.340604358827118,113,0.34826997592038184,0.09528586345019373,0.4094664889372201,0.24640169843124984,56.59198119339328,1,1
D027,O038,3,76,2.340604358827118,765,0.13732854699013036,0.15389066235695392,0.3957456035362972,0.09581902124053866,11.34675406331586,1,1
D027,O010,3,76,2.340604358827118,78,0.42428609036547965,0.04657399042364526,0.4729163397200382,0.0751091814821646,20.648364158380655,1,1
D027,O053,3,76,2.340604358827118,251,0.008437374343120882,0.21970454406000367,0.07760861372476294,0.043406152521391926,15.704072062843153,1,1
D027,O032,3,76,2.340604358827118,449,0.47407037046920236,0.2939643960095397,0.3338689716235752,0.19214128568359498,0.6467632780905109,1,1
D027,O083,3,76,2.340604358827118,89,0.0026292440689011016,0.11891721005650385,0.01234014792986679,0.1423155000056148,8.932954010356676,1,1
D027,O050,3,76,2.340604358827118,322,0.20605210901232662,0.1235097854541975,0.23025885735500393,0.24203168280895757,3.7974936169643003,1,1
D027,O084,3,76,2.340604358827118,797,0.3729926769965046,0.00038649133259261126,0.0015211296530381324,0.21211963380230117,57.968250320486554,1,5
D027,O027,3,76,2.340604358827118,120,0.17379211770070632,0.27539058086552737,0.1159901845036011,0.0031260536499028886,1.2414059949857388,1,1
D027,O023,3,76,2.340604358827118,410,0.21445143650369905,0.1278983599397813,0.09400253805958962,0.08365268726290574,18.724748063248505,1,1
D027,O047,3,76,2.340604358827118,32,0.45759305330669026,0.35742600924919476,0.3652359087633477,0.12397431353742944,4.578704726331181,1,1
D027,O067,3,76,2.340604358827118,60,0.35992868878826584,0.02076874017167992,0.17423242461745192,0.0965105355241593,2.1003211333451848,1,1
D027,O074,3,76,2.340604358827118,36,0.04256894354729143,0.004280635208135988,0.08729344080162678,0.07148454213260426,17.202121910274414,1,1
D027,O092,3,76,2.340604358827118,303,0.4427063112729767,0.17226722665159136,0.4364919026956049,0.17566795406842103,23.101547487550636,1,1
D027,O045,3,76,2.340604358827118,692,0.33110476806173594,0.08646504541541372,0.22004213527881566,0.08596571587890212,2.810064906380055,1,1
D027,O093,3,76,2.340604358827118,25,0.27627503482623056,0.07815342445263838,0.29138458201830647,0.04123940092547084,41.46024928161635,1,1
D027,O055,3,76,2.340604358827118,143,0.09821221972656778,0.1636668169410805,0.28503377285937526,0.11581965182801995,1.3300221265710437,1,1
D005,O006,4,153,3.501333011512601,26,0.46643889626056984,0.1999019902784377,0.36047690978299723,0.19632186896831513,0.7164933989680144,1,1
D005,O071,4,153,3.501333011512601,830,0.02577223787060603,0.059916075683899506,0.006124036584080637,0.001567019036236368,15.173323377461541,1,5
D005,O014,4,153,3.501333011512601,505,0.055050563519665925,0.385744929065962,0.3235732737788464,0.24919199267349826,40.509619850150905,1,5
D005,O017,4,153,3.501333011512601,47,0.23594790081754102,0.20555857271914696,0.45042194931634016,0.031413736601039494,53.72409801145742,1,1
D005,O086,4,153,3.501333011512601,135,0.46988821914906914,0.05636599657473364,0.04382145887034975,0.20420128774402999,39.12492865085397,1,2
D005,O068,4,153,3.501333011512601,871,0.14852577867663705,0.23899060027800526,0.4312666597088087,0.024847913302553898,0.9200696163057719,1,1
D005,O088,4,153,3.501333011512601,74,0.028069089455227885,0.0540852458243732,0.20267396198384915,0.18713991585106382,1.5827391896984995,1,1
D005,O004,4,153,3.501333011512601,544,0.015441285299266139,0.39993712983284035,0.04776710118920632,0.021638755647051863,1.6116316353856468,1,1
D005,O044,4,153,3.501333011512601,721,0.4323761389499774,0.3249254075658305,0.14400789358316032,0.2057651422999217,5.188637143423622,1,1
D005,O039,4,153,3.501333011512601,48,0.23271826163391704,0.17994216982882252,0.033136716412387766,0.009267722660894678,7.735302700968688,1,1
D005,O002,4,153,3.501333011512601,71,0.3869572888593429,0.3359060402524592,0.4237565470025848,0.2289968100269869,83.12511836496435,1,2
D005,O040,4,153,3.501333011512601,585,0.39295945909914204,0.39457393035340843,0.49881523135642764,0.05135952265618624,14.252098768706817,1,2
D005,O094,4,153,3.501333011512601,888,0.3020897605205713,0.09146905532601642,0.35894591710200935,0.2171888653996259,27.41085260307382,1,5
D005,O081,4,153,3.501333011512601,229,0.311863322482168,0.04075722691061323,0.19095392421992533,0.02739734620632218,0.6097018515377178,1,1
D005,O049,4,153,3.501333011512601,33,0.06812771834318439,0.32719790546899485,0.35145855206621296,0.16958665122464434,1.8896835200947433,1,1
D005,O052,4,153,3.501333011512601,249,0.2931097132079093,0.3814959415656873,0.2938470301831344,0.11894055514138323,0.5015927101920599,1,1
D005,O008,4,153,3.501333011512601,217,0.11836586776404656,0.010264004522404446,0.43857764367626295,0.018412668361408348,3.575437414313759,1,1
D005,O054,4,153,3.501333011512601,70,0.4839396769446982,0.22536965317316154,0.03930216819422613,0.15840050766206762,1.0282529368841058,1,1
D005,O024,4,153,3.501333011512601,109,0.10754307926740679,0.37018563204761357,0.33107988983875875,0.015416181466785838,6.304497557330792,1,1
D005,O096,4,153,3.501333011512601,91,0.16170145035385156,0.2643539191149355,0.06955567449111148,0.22233066342288632,0.7713641646886089,1,1
D005,O011,4,153,3.501333011512601,163,0.25776627650906286,0.2303694517776211,0.06737682806363049,0.14710779675896993,91.70680464514531,1,5
D005,O007,4,153,3.501333011512601,20,0.14113037245484783,0.13876459429554666,0.1666223660040416,0.10804294323375169,48.415238066551936,1,1
D005,O005,4,153,3.501333011512601,472,0.4589275080729363,0.08115278028022999,0.01805553152120237,0.016407342151695845,5.656278920047442,1,1
D005,O051,4,153,3.501333011512601,264,0.41545850105358517,0.16117913503688408,0.31172678881737154,0.04432963616759917,29.375100601310205,1,2
D005,O035,4,153,3.501333011512601,173,0.04115959515567879,0.2568973510762646,0.341435098368886,0.12832396264407875,33.55867734781047,1,2
D005,O061,4,153,3.501333011512601,27,0.3818054373139011,0.016164820124611564,0.49161369207236744,0.15170831162875867,2.704226534184525,1,1
D005,O041,4,153,3.501333011512601,49,0.29773529796391324,0.2682058880863957,0.21258059195189896,0.13536346098324145,6.422809519648459,1,1
D005,O063,4,153,3.501333011512601,159,0.16777747895905004,0.06995771215016022,0.1303723567023025,0.23670560860575965,35.98655231023139,1,2
D005,O019,4,153,3.501333011512601,24,0.43162963836847273,0.2540667171143032,0.25374033794612383,0.035040597237275414,32.89046352986745,1,1
D005,O012,4,153,3.501333011512601,121,0.018977159008053714,0.04210847176585192,0.10616643187530726,0.054886753813351695,1.8282853898334144,1,1
D005,O043,4,153,3.501333011512601,936,0.15426768642279118,0.33291989469689626,0.3891618356934266,0.22532924015852426,3.26544153713843,1,1
D005,O020,4,153,3.501333011512601,113,0.34826997592038184,0.09528586345019373,0.4094664889372201,0.24640169843124984,56.59198119339328,1,2
D005,O038,4,153,3.501333011512601,765,0.13732854699013036,0.15389066235695392,0.3957456035362972,0.09581902124053866,11.34675406331586,1,2
D005,O010,4,153,3.501333011512601,78,0.42428609036547965,0.04657399042364526,0.4729163397200382,0.0751091814821646,20.648364158380655,1,1
D005,O053,4,153,3.501333011512601,251,0.008437374343120882,0.21970454406000367,0.07760861372476294,0.043406152521391926,15.704072062843153,1,1
D005,O032,4,153,3.501333011512601,449,0.47407037046920236,0.2939643960095397,0.3338689716235752,0.19214128568359498,0.6467632780905109,1,1
D005,O083,4,153,3.501333011512601,89,0.0026292440689011016,0.11891721005650385,0.01234014792986679,0.1423155000056148,8.932954010356676,1,1
D005,O050,4,153,3.501333011512601,322,0.20605210901232662,0.1235097854541975,0.23025885735500393,0.24203168280895757,3.7974936169643003,1,1
D005,O084,4,153,3.501333011512601,797,0.3729926769965046,0.00038649133259261126,0.0015211296530381324,0.21211963380230117,57.968250320486554,1,10
D005,O027,4,153,3.501333011512601,120,0.17379211770070632,0.27539058086552737,0.1159901845036011,0.0031260536499028886,1.2414059949857388,1,1
D005,O023,4,153,3.501333011512601,410,0.21445143650369905,0.1278983599397813,0.09400253805958962,0.08365268726290574,18.724748063248505,1,2
D005,O047,4,153,3.501333011512601,32,0.45759305330669026,0.35742600924919476,0.3652359087633477,0.12397431353742944,4.578704726331181,1,1
D005,O067,4,153,3.501333011512601,60,0.35992868878826584,0.02076874017167992,0.17423242461745192,0.0965105355241593,2.1003211333451848,1,1
D005,O074,4,153,3.501333011512601,36,0.04256894354729143,0.004280635208135988,0.08729344080162678,0.07148454213260426,17.202121910274414,1,1
D005,O092,4,153,3.501333011512601,303,0.4427063112729767,0.17226722665159136,0.4364919026956049,0.17566795406842103,23.101547487550636,1,2
D005,O045,4,153,3.501333011512601,692,0.33110476806173594,0.08646504541541372,0.22004213527881566,0.08596571587890212,2.810064906380055,1,1
D005,O093,4,153,3.501333011512601,25,0.27627503482623056,0.07815342445263838,0.29138458201830647,0.04123940092547084,41.46024928161635,1,1
D005,O055,4,153,3.501333011512601,143,0.09821221972656778,0.1636668169410805,0.28503377285937526,0.11581965182801995,1.3300221265710437,1,1
D029,O006,6,1106,1.2150696843900206,26,0.46643889626056984,0.1999019902784377,0.36047690978299723,0.19632186896831513,0.7164933989680144,1,1
D029,O071,6,1106,1.2150696843900206,830,0.02577223787060603,0.059916075683899506,0.006124036584080637,0.001567019036236368,15.173323377461541,1,20
D029,O014,6,1106,1.2150696843900206,505,0.055050563519665925,0.385744929065962,0.3235732737788464,0.24919199267349826,40.509619850150905,1,50
D029,O017,6,1106,1.2150696843900206,47,0.23594790081754102,0.20555857271914696,0.45042194931634016,0.031413736601039494,53.72409801145742,1,5
D029,O086,6,1106,1.2150696843900206,135,0.46988821914906914,0.05636599657473364,0.04382145887034975,0.20420128774402999,39.12492865085397,1,10
D029,O068,6,1106,1.2150696843900206,871,0.14852577867663705,0.23899060027800526,0.4312666597088087,0.024847913302553898,0.9200696163057719,1,2
D029,O088,6,1106,1.2150696843900206,74,0.028069089455227885,0.0540852458243732,0.20267396198384915,0.18713991585106382,1.5827391896984995,1,1
D029,O004,6,1106,1.2150696843900206,544,0.015441285299266139,0.39993712983284035,0.04776710118920632,0.021638755647051863,1.6116316353856468,1,2
D029,O044,6,1106,1.2150696843900206,721,0.4323761389499774,0.3249254075658305,0.14400789358316032,0.2057651422999217,5.188637143423622,1,10
D029,O039,6,1106,1.2150696843900206,48,0.23271826163391704,0.17994216982882252,0.033136716412387766,0.009267722660894678,7.735302700968688,1,1
D029,O002,6,1106,1.2150696843900206,71,0.3869572888593429,0.3359060402524592,0.4237565470025848,0.2289968100269869,83.12511836496435,1,10
D029,O040,6,1106,1.2150696843900206,585,0.39295945909914204,0.39457393035340843,0.49881523135642764,0.05135952265618624,14.252098768706817,1,20
D029,O094,6,1106,1.2150696843900206,888,0.3020897605205713,0.09146905532601642,0.35894591710200935,0.2171888653996259,27.41085260307382,1,50
D029,O081,6,1106,1.2150696843900206,229,0.311863322482168,0.04075722691061323,0.19095392421992533,0.02739734620632218,0.6097018515377178,1,1
D029,O049,6,1106,1.2150696843900206,33,0.06812771834318439,0.32719790546899485,0.35145855206621296,0.16958665122464434,1.8896835200947433,1,1
D029,O052,6,1106,1.2150696843900206,249,0.2931097132079093,0.3814959415656873,0.2938470301831344,0.11894055514138323,0.5015927101920599,1,1
D029,O008,6,1106,1.2150696843900206,217,0.11836586776404656,0.010264004522404446,0.43857764367626295,0.018412668361408348,3.575437414313759,1,2
D029,O054,6,1106,1.2150696843900206,70,0.4839396769446982,0.22536965317316154,0.03930216819422613,0.15840050766206762,1.0282529368841058,1,1
D029,O024,6,1106,1.2150696843900206,109,0.10754307926740679,0.37018563204761357,0.33107988983875875,0.015416181466785838,6.304497557330792,1,1
D029,O096,6,1106,1.2150696843900206,91,0.16170145035385156,0.2643539191149355,0.06955567449111148,0.22233066342288632,0.7713641646886089,1,1
D029,O011,6,1106,1.2150696843900206,163,0.25776627650906286,0.2303694517776211,0.06737682806363049,0.14710779675896993,91.70680464514531,1,50
D029,O007,6,1106,1.2150696843900206,20,0.14113037245484783,0.13876459429554666,0.1666223660040416,0.10804294323375169,48.415238066551936,1,2
D029,O005,6,1106,1.2150696843900206,472,0.4589275080729363,0.08115278028022999,0.01805553152120237,0.016407342151695845,5.656278920047442,1,5
D029,O051,6,1106,1.2150696843900206,264,0.41545850105358517,0.16117913503688408,0.31172678881737154,0.04432963616759917,29.375100601310205,1,20
D029,O035,6,1106,1.2150696843900206,173,0.04115959515567879,0.2568973510762646,0.341435098368886,0.12832396264407875,33.55867734781047,1,10
D029,O061,6,1106,1.2150696843900206,27,0.3818054373139011,0.016164820124611564,0.49161369207236744,0.15170831162875867,2.704226534184525,1,1
D029,O041,6,1106,1.2150696843900206,49,0.29773529796391324,0.2682058880863957,0.21258059195189896,0.13536346098324145,6.422809519648459,1,1
D029,O063,6,1106,1.2150696843900206,159,0.16777747895905004,0.06995771215016022,0.1303723567023025,0.23670560860575965,35.98655231023139,1,10
D029,O019,6,1106,1.2150696843900206,24,0.43162963836847273,0.2540667171143032,0.25374033794612383,0.035040597237275414,32.89046352986745,1,2
D029,O012,6,1106,1.2150696843900206,121,0.018977159008053714,0.04210847176585192,0.10616643187530726,0.054886753813351695,1.8282853898334144,1,1
D029,O043,6,1106,1.2150696843900206,936,0.15426768642279118,0.33291989469689626,0.3891618356934266,0.22532924015852426,3.26544153713843,1,5
D029,O020,6,1106,1.2150696843900206,113,0.34826997592038184,0.09528586345019373,0.4094664889372201,0.24640169843124984,56.59198119339328,1,10
D029,O038,6,1106,1.2150696843900206,765,0.13732854699013036,0.15389066235695392,0.3957456035362972,0.09581902124053866,11.34675406331586,1,20
D029,O010,6,1106,1.2150696843900206,78,0.42428609036547965,0.04657399042364526,0.4729163397200382,0.0751091814821646,20.648364158380655,1,5
D029,O053,6,1106,1.2150696843900206,251,0.008437374343120882,0.21970454406000367,0.07760861372476294,0.043406152521391926,15.704072062843153,1,10
D029,O032,6,1106,1.2150696843900206,449,0.47407037046920236,0.2939643960095397,0.3338689716235752,0.19214128568359498,0.6467632780905109,1,1
D029,O083,6,1106,1.2150696843900206,89,0.0026292440689011016,0.11891721005650385,0.01234014792986679,0.1423155000056148,8.932954010356676,1,2
D029,O050,6,1106,1.2150696843900206,322,0.20605210901232662,0.1235097854541975,0.23025885735500393,0.24203168280895757,3.7974936169643003,1,2
D029,O084,6,1106,1.2150696843900206,797,0.3729926769965046,0.00038649133259261126,0.0015211296530381324,0.21211963380230117,57.968250320486554,1,100
D029,O027,6,1106,1.2150696843900206,120,0.17379211770070632,0.27539058086552737,0.1159901845036011,0.0031260536499028886,1.2414059949857388,1,1
D029,O023,6,1106,1.2150696843900206,410,0.21445143650369905,0.1278983599397813,0.09400253805958962,0.08365268726290574,18.724748063248505,1,20
D029,O047,6,1106,1.2150696843900206,32,0.45759305330669026,0.35742600924919476,0.3652359087633477,0.12397431353742944,4.578704726331181,1,1
D029,O067,6,1106,1.2150696843900206,60,0.35992868878826584,0.02076874017167992,0.17423242461745192,0.0965105355241593,2.1003211333451848,1,1
D029,O074,6,1106,1.2150696843900206,36,0.04256894354729143,0.004280635208135988,0.08729344080162678,0.07148454213260426,17.202121910274414,1,1
D029,O092,6,1106,1.2150696843900206,303,0.4427063112729767,0.17226722665159136,0.4364919026956049,0.17566795406842103,23.101547487550636,1,20
D029,O045,6,1106,1.2150696843900206,692,0.33110476806173594,0.08646504541541372,0.22004213527881566,0.08596571587890212,2.810064906380055,1,5
D029,O093,6,1106,1.2150696843900206,25,0.27627503482623056,0.07815342445263838,0.29138458201830647,0.04123940092547084,41.46024928161635,1,2
D029,O055,6,1106,1.2150696843900206,143,0.09821221972656778,0.1636668169410805,0.28503377285937526,0.11581965182801995,1.3300221265710437,1,1
D052,O006,2,65,3.950760672517617,26,0.46643889626056984,0.1999019902784377,0.36047690978299723,0.19632186896831513,0.7164933989680144,1,1
D052,O071,2,65,3.950760672517617,830,0.02577223787060603,0.059916075683899506,0.006124036584080637,0.001567019036236368,15.173323377461541,1,2
D052,O014,2,65,3.950760672517617,505,0.055050563519665925,0.385744929065962,0.3235732737788464,0.24919199267349826,40.509619850150905,1,2
D052,O017,2,65,3.950760672517617,47,0.23594790081754102,0.20555857271914696,0.45042194931634016,0.031413736601039494,53.72409801145742,1,1
D052,O086,2,65,3.950760672517617,135,0.46988821914906914,0.05636599657473364,0.04382145887034975,0.20420128774402999,39.12492865085397,1,1
D052,O068,2,65,3.950760672517617,871,0.14852577867663705,0.23899060027800526,0.4312666597088087,0.024847913302553898,0.9200696163057719,1,1
D052,O088,2,65,3.950760672517617,74,0.028069089455227885,0.0540852458243732,0.20267396198384915,0.18713991585106382,1.5827391896984995,1,1
D052,O004,2,65,3.950760672517617,544,0.015441285299266139,0.39993712983284035,0.04776710118920632,0.021638755647051863,1.6116316353856468,1,1
D052,O044,2,65,3.950760672517617,721,0.4323761389499774,0.3249254075658305,0.14400789358316032,0.2057651422999217,5.188637143423622,1,1
D052,O039,2,65,3.950760672517617,48,0.23271826163391704,0.17994216982882252,0.033136716412387766,0.009267722660894678,7.735302700968688,1,1
D052,O002,2,65,3.950760672517617,71,0.3869572888593429,0.3359060402524592,0.4237565470025848,0.2289968100269869,83.12511836496435,1,1
D052,O040,2,65,3.950760672517617,585,0.39295945909914204,0.39457393035340843,0.49881523135642764,0.05135952265618624,14.252098768706817,1,1
D052,O094,2,65,3.950760672517617,888,0.3020897605205713,0.09146905532601642,0.35894591710200935,0.2171888653996259,27.41085260307382,1,5
D052,O081,2,65,3.950760672517617,229,0.311863322482168,0.04075722691061323,0.19095392421992533,0.02739734620632218,0.6097018515377178,1,1
D052,O049,2,65,3.950760672517617,33,0.06812771834318439,0.32719790546899485,0.35145855206621296,0.16958665122464434,1.8896835200947433,1,1
D052,O052,2,65,3.950760672517617,249,0.2931097132079093,0.3814959415656873,0.2938470301831344,0.11894055514138323,0.5015927101920599,1,1
D052,O008,2,65,3.950760672517617,217,0.11836586776404656,0.010264004522404446,0.43857764367626295,0.018412668361408348,3.575437414313759,1,1
D052,O054,2,65,3.950760672517617,70,0.4839396769446982,0.22536965317316154,0.03930216819422613,0.15840050766206762,1.0282529368841058,1,1
D052,O024,2,65,3.950760672517617,109,0.10754307926740679,0.37018563204761357,0.33107988983875875,0.015416181466785838,6.304497557330792,1,1
D052,O096,2,65,3.950760672517617,91,0.16170145035385156,0.2643539191149355,0.06955567449111148,0.22233066342288632,0.7713641646886089,1,1
D052,O011,2,65,3.950760672517617,163,0.25776627650906286,0.2303694517776211,0.06737682806363049,0.14710779675896993,91.70680464514531,1,2
D052,O007,2,65,3.950760672517617,20,0.14113037245484783,0.13876459429554666,0.1666223660040416,0.10804294323375169,48.415238066551936,1,1
D052,O005,2,65,3.950760672517617,472,0.4589275080729363,0.08115278028022999,0.01805553152120237,0.016407342151695845,5.656278920047442,1,1
D052,O051,2,65,3.950760672517617,264,0.41545850105358517,0.16117913503688408,0.31172678881737154,0.04432963616759917,29.375100601310205,1,1
D052,O035,2,65,3.950760672517617,173,0.04115959515567879,0.2568973510762646,0.341435098368886,0.12832396264407875,33.55867734781047,1,1
D052,O061,2,65,3.950760672517617,27,0.3818054373139011,0.016164820124611564,0.49161369207236744,0.15170831162875867,2.704226534184525,1,1
D052,O041,2,65,3.950760672517617,49,0.29773529796391324,0.2682058880863957,0.21258059195189896,0.13536346098324145,6.422809519648459,1,1
D052,O063,2,65,3.950760672517617,159,0.16777747895905004,0.06995771215016022,0.1303723567023025,0.23670560860575965,35.98655231023139,1,1
D052,O019,2,65,3.950760672517617,24,0.43162963836847273,0.2540667171143032,0.25374033794612383,0.035040597237275414,32.89046352986745,1,1
D052,O012,2,65,3.950760672517617,121,0.018977159008053714,0.04210847176585192,0.10616643187530726,0.054886753813351695,1.8282853898334144,1,1
D052,O043,2,65,3.950760672517617,936,0.15426768642279118,0.33291989469689626,0.3891618356934266,0.22532924015852426,3.26544153713843,1,1
D052,O020,2,65,3.950760672517617,113,0.34826997592038184,0.09528586345019373,0.4094664889372201,0.24640169843124984,56.59198119339328,1,1
D052,O038,2,65,3.950760672517617,765,0.13732854699013036,0.15389066235695392,0.3957456035362972,0.09581902124053866,11.34675406331586,1,1
D052,O010,2,65,3.950760672517617,78,0.42428609036547965,0.04657399042364526,0.4729163397200382,0.0751091814821646,20.648364158380655,1,1
D052,O053,2,65,3.950760672517617,251,0.008437374343120882,0.21970454406000367,0.07760861372476294,0.043406152521391926,15.704072062843153,1,1
D052,O032,2,65,3.950760672517617,449,0.47407037046920236,0.2939643960095397,0.3338689716235752,0.19214128568359498,0.6467632780905109,1,1
D052,O083,2,65,3.950760672517617,89,0.0026292440689011016,0.11891721005650385,0.01234014792986679,0.1423155000056148,8.932954010356676,1,1
D052,O050,2,65,3.950760672517617,322,0.20605210901232662,0.1235097854541975,0.23025885735500393,0.24203168280895757,3.7974936169643003,1,1
D052,O084,2,65,3.950760672517617,797,0.3729926769965046,0.00038649133259261126,0.0015211296530381324,0.21211963380230117,57.968250320486554,1,5
D052,O027,2,65,3.950760672517617,120,0.17379211770070632,0.27539058086552737,0.1159901845036011,0.0031260536499028886,1.2414059949857388,1,1
D052,O023,2,65,3.950760672517617,410,0.21445143650369905,0.1278983599397813,0.09400253805958962,0.08365268726290574,18.724748063248505,1,1
D052,O047,2,65,3.950760672517617,32,0.45759305330669026,0.35742600924919476,0.3652359087633477,0.12397431353742944,4.578704726331181,1,1
D052,O067,2,65,3.950760672517617,60,0.35992868878826584,0.02076874017167992,0.17423242461745192,0.0965105355241593,2.1003211333451848,1,1
D052,O074,2,65,3.950760672517617,36,0.04256894354729143,0.004280635208135988,0.08729344080162678,0.07148454213260426,17.202121910274414,1,1
D052,O092,2,65,3.950760672517617,303,0.4427063112729767,0.17226722665159136,0.4364919026956049,0.17566795406842103,23.101547487550636,1,1
D052,O045,2,65,3.950760672517617,692,0.33110476806173594,0.08646504541541372,0.22004213527881566,0.08596571587890212,2.810064906380055,1,1
D052,O093,2,65,3.950760672517617,25,0.27627503482623056,0.07815342445263838,0.29138458201830647,0.04123940092547084,41.46024928161635,1,1
D052,O055,2,65,3.950760672517617,143,0.09821221972656778,0.1636668169410805,0.28503377285937526,0.11581965182801995,1.3300221265710437,1,1
D094,O006,6,238,7.33945288581168,26,0.46643889626056984,0.1999019902784377,0.36047690978299723,0.19632186896831513,0.7164933989680144,1,1
D094,O071,6,238,7.33945288581168,830,0.02577223787060603,0.059916075683899506,0.006124036584080637,0.001567019036236368,15.173323377461541,1,5
D094,O014,6,238,7.33945288581168,505,0.055050563519665925,0.385744929065962,0.3235732737788464,0.24919199267349826,40.509619850150905,1,10
D094,O017,6,238,7.33945288581168,47,0.23594790081754102,0.20555857271914696,0.45042194931634016,0.031413736601039494,53.72409801145742,1,1
D094,O086,6,238,7.33945288581168,135,0.46988821914906914,0.05636599657473364,0.04382145887034975,0.20420128774402999,39.12492865085397,1,2
D094,O068,6,238,7.33945288581168,871,0.14852577867663705,0.23899060027800526,0.4312666597088087,0.024847913302553898,0.9200696163057719,1,1
D094,O088,6,238,7.33945288581168,74,0.028069089455227885,0.0540852458243732,0.20267396198384915,0.18713991585106382,1.5827391896984995,1,1
D094,O004,6,238,7.33945288581168,544,0.015441285299266139,0.39993712983284035,0.04776710118920632,0.021638755647051863,1.6116316353856468,1,1
D094,O044,6,238,7.33945288581168,721,0.4323761389499774,0.3249254075658305,0.14400789358316032,0.2057651422999217,5.188637143423622,1,2
D094,O039,6,238,7.33945288581168,48,0.23271826163391704,0.17994216982882252,0.033136716412387766,0.009267722660894678,7.735302700968688,1,1
D094,O002,6,238,7.33945288581168,71,0.3869572888593429,0.3359060402524592,0.4237565470025848,0.2289968100269869,83.12511836496435,1,2
D094,O040,6,238,7.33945288581168,585,0.39295945909914204,0.39457393035340843,0.49881523135642764,0.05135952265618624,14.252098768706817,1,5
D094,O094,6,238,7.33945288581168,888,0.3020897605205713,0.09146905532601642,0.35894591710200935,0.2171888653996259,27.41085260307382,1,10
D094,O081,6,238,7.33945288581168,229,0.311863322482168,0.04075722691061323,0.19095392421992533,0.02739734620632218,0.6097018515377178,1,1
D094,O049,6,238,7.33945288581168,33,0.06812771834318439,0.32719790546899485,0.35145855206621296,0.16958665122464434,1.8896835200947433,1,1
D094,O052,6,238,7.33945288581168,249,0.2931097132079093,0.3814959415656873,0.2938470301831344,0.11894055514138323,0.5015927101920599,1,1
D094,O008,6,238,7.33945288581168,217,0.11836586776404656,0.010264004522404446,0.43857764367626295,0.018412668361408348,3.575437414313759,1,1
D094,O054,6,238,7.33945288581168,70,0.4839396769446982,0.22536965317316154,0.03930216819422613,0.15840050766206762,1.0282529368841058,1,1
D094,O024,6,238,7.33945288581168,109,0.10754307926740679,0.37018563204761357,0.33107988983875875,0.015416181466785838,6.304497557330792,1,1
D094,O096,6,238,7.33945288581168,91,0.16170145035385156,0.2643539191149355,0.06955567449111148,0.22233066342288632,0.7713641646886089,1,1
D094,O011,6,238,7.33945288581168,163,0.25776627650906286,0.2303694517776211,0.06737682806363049,0.14710779675896993,91.70680464514531,1,5
D094,O007,6,238,7.33945288581168,20,0.14113037245484783,0.13876459429554666,0.1666223660040416,0.10804294323375169,48.415238066551936,1,1
D094,O005,6,238,7.33945288581168,472,0.4589275080729363,0.08115278028022999,0.01805553152120237,0.016407342151695845,5.656278920047442,1,1
D094,O051,6,238,7.33945288581168,264,0.41545850105358517,0.16117913503688408,0.31172678881737154,0.04432963616759917,29.375100601310205,1,5
D094,O035,6,238,7.33945288581168,173,0.04115959515567879,0.2568973510762646,0.341435098368886,0.12832396264407875,33.55867734781047,1,2
D094,O061,6,238,7.33945288581168,27,0.3818054373139011,0.016164820124611564,0.49161369207236744,0.15170831162875867,2.704226534184525,1,1
D094,O041,6,238,7.33945288581168,49,0.29773529796391324,0.2682058880863957,0.21258059195189896,0.13536346098324145,6.422809519648459,1,1
D094,O063,6,238,7.33945288581168,159,0.16777747895905004,0.06995771215016022,0.1303723567023025,0.23670560860575965,35.98655231023139,1,2
D094,O019,6,238,7.33945288581168,24,0.43162963836847273,0.2540667171143032,0.25374033794612383,0.035040597237275414,32.89046352986745,1,1
D094,O012,6,238,7.33945288581168,121,0.018977159008053714,0.04210847176585192,0.10616643187530726,0.054886753813351695,1.8282853898334144,1,1
D094,O043,6,238,7.33945288581168,936,0.15426768642279118,0.33291989469689626,0.3891618356934266,0.22532924015852426,3.26544153713843,1,1
D094,O020,6,238,7.33945288581168,113,0.34826997592038184,0.09528586345019373,0.4094664889372201,0.24640169843124984,56.59198119339328,1,2
D094,O038,6,238,7.33945288581168,765,0.13732854699013036,0.15389066235695392,0.3957456035362972,0.09581902124053866,11.34675406331586,1,5
D094,O010,6,238,7.33945288581168,78,0.42428609036547965,0.04657399042364526,0.4729163397200382,0.0751091814821646,20.648364158380655,1,1
D094,O053,6,238,7.33945288581168,251,0.008437374343120882,0.21970454406000367,0.07760861372476294,0.043406152521391926,15.704072062843153,1,2
D094,O032,6,238,7.33945288581168,449,0.47407037046920236,0.2939643960095397,0.3338689716235752,0.19214128568359498,0.6467632780905109,1,1
D094,O083,6,238,7.33945288581168,89,0.0026292440689011016,0.11891721005650385,0.01234014792986679,0.1423155000056148,8.932954010356676,1,1
D094,O050,6,238,7.33945288581168,322,0.20605210901232662,0.1235097854541975,0.23025885735500393,0.24203168280895757,3.7974936169643003,1,1
D094,O084,6,238,7.33945288581168,797,0.3729926769965046,0.00038649133259261126,0.0015211296530381324,0.21211963380230117,57.968250320486554,1,20
D094,O027,6,238,7.33945288581168,120,0.17379211770070632,0.27539058086552737,0.1159901845036011,0.0031260536499028886,1.2414059949857388,1,1
D094,O023,6,238,7.33945288581168,410,0.21445143650369905,0.1278983599397813,0.09400253805958962,0.08365268726290574,18.724748063248505,1,5
D094,O047,6,238,7.33945288581168,32,0.45759305330669026,0.35742600924919476,0.3652359087633477,0.12397431353742944,4.578704726331181,1,1
D094,O067,6,238,7.33945288581168,60,0.35992868878826584,0.02076874017167992,0.17423242461745192,0.0965105355241593,2.1003211333451848,1,1
D094,O074,6,238,7.33945288581168,36,0.04256894354729143,0.004280635208135988,0.08729344080162678,0.07148454213260426,17.202121910274414,1,1
D094,O092,6,238,7.33945288581168,303,0.4427063112729767,0.17226722665159136,0.4364919026956049,0.17566795406842103,23.101547487550636,1,5
D094,O045,6,238,7.33945288581168,692,0.33110476806173594,0.08646504541541372,0.22004213527881566,0.08596571587890212,2.810064906380055,1,1
D094,O093,6,238,7.33945288581168,25,0.27627503482623056,0.07815342445263838,0.29138458201830647,0.04123940092547084,41.46024928161635,1,1
D094,O055,6,238,7.33945288581168,143,0.09821221972656778,0.1636668169410805,0.28503377285937526,0.11581965182801995,1.3300221265710437,1,1
D047,O006,7,115,7.623590142149397,26,0.46643889626056984,0.1999019902784377,0.36047690978299723,0.19632186896831513,0.7164933989680144,1,1
D047,O071,7,115,7.623590142149397,830,0.02577223787060603,0.059916075683899506,0.006124036584080637,0.001567019036236368,15.173323377461541,1,2
D047,O014,7,115,7.623590142149397,505,0.055050563519665925,0.385744929065962,0.3235732737788464,0.24919199267349826,40.509619850150905,1,5
D047,O017,7,115,7.623590142149397,47,0.23594790081754102,0.20555857271914696,0.45042194931634016,0.031413736601039494,53.72409801145742,1,1
D047,O086,7,115,7.623590142149397,135,0.46988821914906914,0.05636599657473364,0.04382145887034975,0.20420128774402999,39.12492865085397,1,1
D047,O068,7,115,7.623590142149397,871,0.14852577867663705,0.23899060027800526,0.4312666597088087,0.024847913302553898,0.9200696163057719,1,1
D047,O088,7,115,7.623590142149397,74,0.028069089455227885,0.0540852458243732,0.20267396198384915,0.18713991585106382,1.5827391896984995,1,1
D047,O004,7,115,7.623590142149397,544,0.015441285299266139,0.39993712983284035,0.04776710118920632,0.021638755647051863,1.6116316353856468,1,1
D047,O044,7,115,7.623590142149397,721,0.4323761389499774,0.3249254075658305,0.14400789358316032,0.2057651422999217,5.188637143423622,1,1
D047,O039,7,115,7.623590142149397,48,0.23271826163391704,0.17994216982882252,0.033136716412387766,0.009267722660894678,7.735302700968688,1,1
D047,O002,7,115,7.623590142149397,71,0.3869572888593429,0.3359060402524592,0.4237565470025848,0.2289968100269869,83.12511836496435,1,1
D047,O040,7,115,7.623590142149397,585,0.39295945909914204,0.39457393035340843,0.49881523135642764,0.05135952265618624,14.252098768706817,1,2
D047,O094,7,115,7.623590142149397,888,0.3020897605205713,0.09146905532601642,0.35894591710200935,0.2171888653996259,27.41085260307382,1,5
D047,O081,7,115,7.623590142149397,229,0.311863322482168,0.04075722691061323,0.19095392421992533,0.02739734620632218,0.6097018515377178,1,1
D047,O049,7,115,7.623590142149397,33,0.06812771834318439,0.32719790546899485,0.35145855206621296,0.16958665122464434,1.8896835200947433,1,1
D047,O052,7,115,7.623590142149397,249,0.2931097132079093,0.3814959415656873,0.2938470301831344,0.11894055514138323,0.5015927101920599,1,1
D047,O008,7,115,7.623590142149397,217,0.11836586776404656,0.010264004522404446,0.43857764367626295,0.018412668361408348,3.575437414313759,1,1
D047,O054,7,115,7.623590142149397,70,0.4839396769446982,0.22536965317316154,0.03930216819422613,0.15840050766206762,1.0282529368841058,1,1
D047,O024,7,115,7.623590142149397,109,0.10754307926740679,0.37018563204761357,0.33107988983875875,0.015416181466785838,6.304497557330792,1,1
D047,O096,7,115,7.623590142149397,91,0.16170145035385156,0.2643539191149355,0.06955567449111148,0.22233066342288632,0.7713641646886089,1,1
D047,O011,7,115,7.623590142149397,163,0.25776627650906286,0.2303694517776211,0.06737682806363049,0.14710779675896993,91.70680464514531,1,5
D047,O007,7,115,7.623590142149397,20,0.14113037245484783,0.13876459429554666,0.1666223660040416,0.10804294323375169,48.415238066551936,1,1
D047,O005,7,115,7.623590142149397,472,0.4589275080729363,0.08115278028022999,0.01805553152120237,0.016407342151695845,5.656278920047442,1,1
D047,O051,7,115,7.623590142149397,264,0.41545850105358517,0.16117913503688408,0.31172678881737154,0.04432963616759917,29.375100601310205,1,2
D047,O035,7,115,7.623590142149397,173,0.04115959515567879,0.2568973510762646,0.341435098368886,0.12832396264407875,33.55867734781047,1,1
D047,O061,7,115,7.623590142149397,27,0.3818054373139011,0.016164820124611564,0.49161369207236744,0.15170831162875867,2.704226534184525,1,1
D047,O041,7,115,7.623590142149397,49,0.29773529796391324,0.2682058880863957,0.21258059195189896,0.13536346098324145,6.422809519648459,1,1
D047,O063,7,115,7.623590142149397,159,0.16777747895905004,0.06995771215016022,0.1303723567023025,0.23670560860575965,35.98655231023139,1,1
D047,O019,7,115,7.623590142149397,24,0.43162963836847273,0.2540667171143032,0.25374033794612383,0.035040597237275414,32.89046352986745,1,1
D047,O012,7,115,7.623590142149397,121,0.018977159008053714,0.04210847176585192,0.10616643187530726,0.054886753813351695,1.8282853898334144,1,1
D047,O043,7,115,7.623590142149397,936,0.15426768642279118,0.33291989469689626,0.3891618356934266,0.22532924015852426,3.26544153713843,1,1
D047,O020,7,115,7.623590142149397,113,0.34826997592038184,0.09528586345019373,0.4094664889372201,0.24640169843124984,56.59198119339328,1,1
D047,O038,7,115,7.623590142149397,765,0.13732854699013036,0.15389066235695392,0.3957456035362972,0.09581902124053866,11.34675406331586,1,2
D047,O010,7,115,7.623590142149397,78,0.42428609036547965,0.04657399042364526,0.4729163397200382,0.0751091814821646,20.648364158380655,1,1
D047,O053,7,115,7.623590142149397,251,0.008437374343120882,0.21970454406000367,0.07760861372476294,0.043406152521391926,15.704072062843153,1,1
D047,O032,7,115,7.623590142149397,449,0.47407037046920236,0.2939643960095397,0.3338689716235752,0.19214128568359498,0.6467632780905109,1,1
D047,O083,7,115,7.623590142149397,89,0.0026292440689011016,0.11891721005650385,0.01234014792986679,0.1423155000056148,8.932954010356676,1,1
D047,O050,7,115,7.623590142149397,322,0.20605210901232662,0.1235097854541975,0.23025885735500393,0.24203168280895757,3.7974936169643003,1,1
D047,O084,7,115,7.623590142149397,797,0.3729926769965046,0.00038649133259261126,0.0015211296530381324,0.21211963380230117,57.968250320486554,1,10
D047,O027,7,115,7.623590142149397,120,0.17379211770070632,0.27539058086552737,0.1159901845036011,0.0031260536499028886,1.2414059949857388,1,1
D047,O023,7,115,7.623590142149397,410,0.21445143650369905,0.1278983599397813,0.09400253805958962,0.08365268726290574,18.724748063248505,1,2
D047,O047,7,115,7.623590142149397,32,0.45759305330669026,0.35742600924919476,0.3652359087633477,0.12397431353742944,4.578704726331181,1,1
D047,O067,7,115,7.623590142149397,60,0.35992868878826584,0.02076874017167992,0.17423242461745192,0.0965105355241593,2.1003211333451848,1,1
D047,O074,7,115,7.623590142149397,36,0.04256894354729143,0.004280635208135988,0.08729344080162678,0.07148454213260426,17.202121910274414,1,1
D047,O092,7,115,7.623590142149397,303,0.4427063112729767,0.17226722665159136,0.4364919026956049,0.17566795406842103,23.101547487550636,1,2
D047,O045,7,115,7.623590142149397,692,0.33110476806173594,0.08646504541541372,0.22004213527881566,0.08596571587890212,2.810064906380055,1,1
D047,O093,7,115,7.623590142149397,25,0.27627503482623056,0.07815342445263838,0.29138458201830647,0.04123940092547084,41.46024928161635,1,1
D047,O055,7,115,7.623590142149397,143,0.09821221972656778,0.1636668169410805,0.28503377285937526,0.11581965182801995,1.3300221265710437,1,1
D060,O006,4,126,0.27878878416831726,26,0.46643889626056984,0.1999019902784377,0.36047690978299723,0.19632186896831513,0.7164933989680144,1,1
D060,O071,4,126,0.27878878416831726,830,0.02577223787060603,0.059916075683899506,0.006124036584080637,0.001567019036236368,15.173323377461541,1,5
D060,O014,4,126,0.27878878416831726,505,0.055050563519665925,0.385744929065962,0.3235732737788464,0.24919199267349826,40.509619850150905,1,5
D060,O017,4,126,0.27878878416831726,47,0.23594790081754102,0.20555857271914696,0.45042194931634016,0.031413736601039494,53.72409801145742,1,1
D060,O086,4,126,0.27878878416831726,135,0.46988821914906914,0.05636599657473364,0.04382145887034975,0.20420128774402999,39.12492865085397,1,1
D060,O068,4,126,0.27878878416831726,871,0.14852577867663705,0.23899060027800526,0.4312666597088087,0.024847913302553898,0.9200696163057719,1,1
D060,O088,4,126,0.27878878416831726,74,0.028069089455227885,0.0540852458243732,0.20267396198384915,0.18713991585106382,1.5827391896984995,1,1
D060,O004,4,126,0.27878878416831726,544,0.015441285299266139,0.39993712983284035,0.04776710118920632,0.021638755647051863,1.6116316353856468,1,1
D060,O044,4,126,0.27878878416831726,721,0.4323761389499774,0.3249254075658305,0.14400789358316032,0.2057651422999217,5.188637143423622,1,1
D060,O039,4,126,0.27878878416831726,48,0.23271826163391704,0.17994216982882252,0.033136716412387766,0.009267722660894678,7.735302700968688,1,1
D060,O002,4,126,0.27878878416831726,71,0.3869572888593429,0.3359060402524592,0.4237565470025848,0.2289968100269869,83.12511836496435,1,1
D060,O040,4,126,0.27878878416831726,585,0.39295945909914204,0.39457393035340843,0.49881523135642764,0.05135952265618624,14.252098768706817,1,2
D060,O094,4,126,0.27878878416831726,888,0.3020897605205713,0.09146905532601642,0.35894591710200935,0.2171888653996259,27.41085260307382,1,5
D060,O081,4,126,0.27878878416831726,229,0.311863322482168,0.04075722691061323,0.19095392421992533,0.02739734620632218,0.6097018515377178,1,1
D060,O049,4,126,0.27878878416831726,33,0.06812771834318439,0.32719790546899485,0.35145855206621296,0.16958665122464434,1.8896835200947433,1,1
D060,O052,4,126,0.27878878416831726,249,0.2931097132079093,0.3814959415656873,0.2938470301831344,0.11894055514138323,0.5015927101920599,1,1
D060,O008,4,126,0.27878878416831726,217,0.11836586776404656,0.010264004522404446,0.43857764367626295,0.018412668361408348,3.575437414313759,1,1
D060,O054,4,126,0.27878878416831726,70,0.4839396769446982,0.22536965317316154,0.03930216819422613,0.15840050766206762,1.0282529368841058,1,1
D060,O024,4,126,0.27878878416831726,109,0.10754307926740679,0.37018563204761357,0.33107988983875875,0.015416181466785838,6.304497557330792,1,1
D060,O096,4,126,0.27878878416831726,91,0.16170145035385156,0.2643539191149355,0.06955567449111148,0.22233066342288632,0.7713641646886089,1,1
D060,O011,4,126,0.27878878416831726,163,0.25776627650906286,0.2303694517776211,0.06737682806363049,0.14710779675896993,91.70680464514531,1,5
D060,O007,4,126,0.27878878416831726,20,0.14113037245484783,0.13876459429554666,0.1666223660040416,0.10804294323375169,48.415238066551936,1,1
D060,O005,4,126,0.27878878416831726,472,0.4589275080729363,0.08115278028022999,0.01805553152120237,0.016407342151695845,5.656278920047442,1,1
D060,O051,4,126,0.27878878416831726,264,0.41545850105358517,0.16117913503688408,0.31172678881737154,0.04432963616759917,29.375100601310205,1,2
D060,O035,4,126,0.27878878416831726,173,0.04115959515567879,0.2568973510762646,0.341435098368886,0.12832396264407875,33.55867734781047,1,1
D060,O061,4,126,0.27878878416831726,27,0.3818054373139011,0.016164820124611564,0.49161369207236744,0.15170831162875867,2.704226534184525,1,1
D060,O041,4,126,0.27878878416831726,49,0.29773529796391324,0.2682058880863957,0.21258059195189896,0.13536346098324145,6.422809519648459,1,1
D060,O063,4,126,0.27878878416831726,159,0.16777747895905004,0.06995771215016022,0.1303723567023025,0.23670560860575965,35.98655231023139,1,1
D060,O019,4,126,0.27878878416831726,24,0.43162963836847273,0.2540667171143032,0.25374033794612383,0.035040597237275414,32.89046352986745,1,1
D060,O012,4,126,0.27878878416831726,121,0.018977159008053714,0.04210847176585192,0.10616643187530726,0.054886753813351695,1.8282853898334144,1,1
D060,O043,4,126,0.27878878416831726,936,0.15426768642279118,0.33291989469689626,0.3891618356934266,0.22532924015852426,3.26544153713843,1,1
D060,O020,4,126,0.27878878416831726,113,0.34826997592038184,0.09528586345019373,0.4094664889372201,0.24640169843124984,56.59198119339328,1,2
D060,O038,4,126,0.27878878416831726,765,0.13732854699013036,0.15389066235695392,0.3957456035362972,0.09581902124053866,11.34675406331586,1,2
D060,O010,4,126,0.27878878416831726,78,0.42428609036547965,0.04657399042364526,0.4729163397200382,0.0751091814821646,20.648364158380655,1,1
D060,O053,4,126,0.27878878416831726,251,0.008437374343120882,0.21970454406000367,0.07760861372476294,0.043406152521391926,15.704072062843153,1,1
D060,O032,4,126,0.27878878416831726,449,0.47407037046920236,0.2939643960095397,0.3338689716235752,0.19214128568359498,0.6467632780905109,1,1
D060,O083,4,126,0.27878878416831726,89,0.0026292440689011016,0.11891721005650385,0.01234014792986679,0.1423155000056148,8.932954010356676,1,1
D060,O050,4,126,0.27878878416831726,322,0.20605210901232662,0.1235097854541975,0.23025885735500393,0.24203168280895757,3.7974936169643003,1,1
D060,O084,4,126,0.27878878416831726,797,0.3729926769965046,0.00038649133259261126,0.0015211296530381324,0.21211963380230117,57.968250320486554,1,10
D060,O027,4,126,0.27878878416831726,120,0.17379211770070632,0.27539058086552737,0.1159901845036011,0.0031260536499028886,1.2414059949857388,1,1
D060,O023,4,126,0.27878878416831726,410,0.21445143650369905,0.1278983599397813,0.09400253805958962,0.08365268726290574,18.724748063248505,1,2
D060,O047,4,126,0.27878878416831726,32,0.45759305330669026,0.35742600924919476,0.3652359087633477,0.12397431353742944,4.578704726331181,1,1
D060,O067,4,126,0.27878878416831726,60,0.35992868878826584,0.02076874017167992,0.17423242461745192,0.0965105355241593,2.1003211333451848,1,1
D060,O074,4,126,0.27878878416831726,36,0.04256894354729143,0.004280635208135988,0.08729344080162678,0.07148454213260426,17.202121910274414,1,1
D060,O092,4,126,0.27878878416831726,303,0.4427063112729767,0.17226722665159136,0.4364919026956049,0.17566795406842103,23.101547487550636,1,2
D060,O045,4,126,0.27878878416831726,692,0.33110476806173594,0.08646504541541372,0.22004213527881566,0.08596571587890212,2.810064906380055,1,1
D060,O093,4,126,0.27878878416831726,25,0.27627503482623056,0.07815342445263838,0.29138458201830647,0.04123940092547084,41.46024928161635,1,1
D060,O055,4,126,0.27878878416831726,143,0.09821221972656778,0.1636668169410805,0.28503377285937526,0.11581965182801995,1.3300221265710437,1,1
D119,O006,8,92,0.38933924119443386,26,0.46643889626056984,0.1999019902784377,0.36047690978299723,0.19632186896831513,0.7164933989680144,1,1
D119,O071,8,92,0.38933924119443386,830,0.02577223787060603,0.059916075683899506,0.006124036584080637,0.001567019036236368,15.173323377461541,1,2
D119,O014,8,92,0.38933924119443386,505,0.055050563519665925,0.385744929065962,0.3235732737788464,0.24919199267349826,40.509619850150905,1,5
D119,O017,8,92,0.38933924119443386,47,0.23594790081754102,0.20555857271914696,0.45042194931634016,0.031413736601039494,53.72409801145742,1,1
D119,O086,8,92,0.38933924119443386,135,0.46988821914906914,0.05636599657473364,0.04382145887034975,0.20420128774402999,39.12492865085397,1,1
D119,O068,8,92,0.38933924119443386,871,0.14852577867663705,0.23899060027800526,0.4312666597088087,0.024847913302553898,0.9200696163057719,1,1
D119,O088,8,92,0.38933924119443386,74,0.028069089455227885,0.0540852458243732,0.20267396198384915,0.18713991585106382,1.5827391896984995,1,1
D119,O004,8,92,0.38933924119443386,544,0.015441285299266139,0.39993712983284035,0.04776710118920632,0.021638755647051863,1.6116316353856468,1,1
D119,O044,8,92,0.38933924119443386,721,0.4323761389499774,0.3249254075658305,0.14400789358316032,0.2057651422999217,5.188637143423622,1,1
D119,O039,8,92,0.38933924119443386,48,0.23271826163391704,0.17994216982882252,0.033136716412387766,0.009267722660894678,7.735302700968688,1,1
D119,O002,8,92,0.38933924119443386,71,0.3869572888593429,0.3359060402524592,0.4237565470025848,0.2289968100269869,83.12511836496435,1,1
D119,O040,8,92,0.38933924119443386,585,0.39295945909914204,0.39457393035340843,0.49881523135642764,0.05135952265618624,14.252098768706817,1,1
D119,O094,8,92,0.38933924119443386,888,0.3020897605205713,0.09146905532601642,0.35894591710200935,0.2171888653996259,27.41085260307382,1,5
D119,O081,8,92,0.38933924119443386,229,0.311863322482168,0.04075722691061323,0.19095392421992533,0.02739734620632218,0.6097018515377178,1,1
D119,O049,8,92,0.38933924119443386,33,0.06812771834318439,0.32719790546899485,0.35145855206621296,0.16958665122464434,1.8896835200947433,1,1
D119,O052,8,92,0.38933924119443386,249,0.2931097132079093,0.3814959415656873,0.2938470301831344,0.11894055514138323,0.5015927101920599,1,1
D119,O008,8,92,0.38933924119443386,217,0.11836586776404656,0.010264004522404446,0.43857764367626295,0.018412668361408348,3.575437414313759,1,1
D119,O054,8,92,0.38933924119443386,70,0.4839396769446982,0.22536965317316154,0.03930216819422613,0.15840050766206762,1.0282529368841058,1,1
D119,O024,8,92,0.38933924119443386,109,0.10754307926740679,0.37018563204761357,0.33107988983875875,0.015416181466785838,6.304497557330792,1,1
D119,O096,8,92,0.38933924119443386,91,0.16170145035385156,0.2643539191149355,0.06955567449111148,0.22233066342288632,0.7713641646886089,1,1
D119,O011,8,92,0.38933924119443386,163,0.25776627650906286,0.2303694517776211,0.06737682806363049,0.14710779675896993,91.70680464514531,1,2
D119,O007,8,92,0.38933924119443386,20,0.14113037245484783,0.13876459429554666,0.1666223660040416,0.10804294323375169,48.415238066551936,1,1
D119,O005,8,92,0.38933924119443386,472,0.4589275080729363,0.08115278028022999,0.01805553152120237,0.016407342151695845,5.656278920047442,1,1
D119,O051,8,92,0.38933924119443386,264,0.41545850105358517,0.16117913503688408,0.31172678881737154,0.04432963616759917,29.375100601310205,1,1
D119,O035,8,92,0.38933924119443386,173,0.04115959515567879,0.2568973510762646,0.341435098368886,0.12832396264407875,33.55867734781047,1,1
D119,O061,8,92,0.38933924119443386,27,0.3818054373139011,0.016164820124611564,0.49161369207236744,0.15170831162875867,2.704226534184525,1,1
D119,O041,8,92,0.38933924119443386,49,0.29773529796391324,0.2682058880863957,0.21258059195189896,0.13536346098324145,6.422809519648459,1,1
D119,O063,8,92,0.38933924119443386,159,0.16777747895905004,0.06995771215016022,0.1303723567023025,0.23670560860575965,35.98655231023139,1,1
D119,O019,8,92,0.38933924119443386,24,0.43162963836847273,0.2540667171143032,0.25374033794612383,0.035040597237275414,32.89046352986745,1,1
D119,O012,8,92,0.38933924119443386,121,0.018977159008053714,0.04210847176585192,0.10616643187530726,0.054886753813351695,1.8282853898334144,1,1
D119,O043,8,92,0.38933924119443386,936,0.15426768642279118,0.33291989469689626,0.3891618356934266,0.22532924015852426,3.26544153713843,1,1
D119,O020,8,92,0.38933924119443386,113,0.34826997592038184,0.09528586345019373,0.4094664889372201,0.24640169843124984,56.59198119339328,1,1
D119,O038,8,92,0.38933924119443386,765,0.13732854699013036,0.15389066235695392,0.3957456035362972,0.09581902124053866,11.34675406331586,1,2
D119,O010,8,92,0.38933924119443386,78,0.42428609036547965,0.04657399042364526,0.4729163397200382,0.0751091814821646,20.648364158380655,1,1
D119,O053,8,92,0.38933924119443386,251,0.008437374343120882,0.21970454406000367,0.07760861372476294,0.043406152521391926,15.704072062843153,1,1
D119,O032,8,92,0.38933924119443386,449,0.47407037046920236,0.2939643960095397,0.3338689716235752,0.19214128568359498,0.6467632780905109,1,1
D119,O083,8,92,0.38933924119443386,89,0.0026292440689011016,0.11891721005650385,0.01234014792986679,0.1423155000056148,8.932954010356676,1,1
D119,O050,8,92,0.38933924119443386,322,0.20605210901232662,0.1235097854541975,0.23025885735500393,0.24203168280895757,3.7974936169643003,1,1
D119,O084,8,92,0.38933924119443386,797,0.3729926769965046,0.00038649133259261126,0.0015211296530381324,0.21211963380230117,57.968250320486554,1,10
D119,O027,8,92,0.38933924119443386,120,0.17379211770070632,0.27539058086552737,0.1159901845036011,0.0031260536499028886,1.2414059949857388,1,1
D119,O023,8,92,0.38933924119443386,410,0.21445143650369905,0.1278983599397813,0.09400253805958962,0.08365268726290574,18.724748063248505,1,1
D119,O047,8,92,0.38933924119443386,32,0.45759305330669026,0.35742600924919476,0.3652359087633477,0.12397431353742944,4.578704726331181,1,1
D119,O067,8,92,0.38933924119443386,60,0.35992868878826584,0.02076874017167992,0.17423242461745192,0.0965105355241593,2.1003211333451848,1,1
D119,O074,8,92,0.38933924119443386,36,0.04256894354729143,0.004280635208135988,0.08729344080162678,0.07148454213260426,17.202121910274414,1,1
D119,O092,8,92,0.38933924119443386,303,0.4427063112729767,0.17226722665159136,0.4364919026956049,0.17566795406842103,23.101547487550636,1,1
D119,O045,8,92,0.38933924119443386,692,0.33110476806173594,0.08646504541541372,0.22004213527881566,0.08596571587890212,2.810064906380055,1,1
D119,O093,8,92,0.38933924119443386,25,0.27627503482623056,0.07815342445263838,0.29138458201830647,0.04123940092547084,41.46024928161635,1,1
D119,O055,8,92,0.38933924119443386,143,0.09821221972656778,0.1636668169410805,0.28503377285937526,0.11581965182801995,1.3300221265710437,1,1
D091,O006,7,101,0.7731467175533348,26,0.46643889626056984,0.1999019902784377,0.36047690978299723,0.19632186896831513,0.7164933989680144,1,1
D091,O071,7,101,0.7731467175533348,830,0.02577223787060603,0.059916075683899506,0.006124036584080637,0.001567019036236368,15.173323377461541,1,2
D091,O014,7,101,0.7731467175533348,505,0.055050563519665925,0.385744929065962,0.3235732737788464,0.24919199267349826,40.509619850150905,1,5
D091,O017,7,101,0.7731467175533348,47,0.23594790081754102,0.20555857271914696,0.45042194931634016,0.031413736601039494,53.72409801145742,1,1
D091,O086,7,101,0.7731467175533348,135,0.46988821914906914,0.05636599657473364,0.04382145887034975,0.20420128774402999,39.12492865085397,1,1
D091,O068,7,101,0.7731467175533348,871,0.14852577867663705,0.23899060027800526,0.4312666597088087,0.024847913302553898,0.9200696163057719,1,1
D091,O088,7,101,0.7731467175533348,74,0.028069089455227885,0.0540852458243732,0.20267396198384915,0.18713991585106382,1.5827391896984995,1,1
D091,O004,7,101,0.7731467175533348,544,0.015441285299266139,0.39993712983284035,0.04776710118920632,0.021638755647051863,1.6116316353856468,1,1
D091,O044,7,101,0.7731467175533348,721,0.4323761389499774,0.3249254075658305,0.14400789358316032,0.2057651422999217,5.188637143423622,1,1
D091,O039,7,101,0.7731467175533348,48,0.23271826163391704,0.17994216982882252,0.033136716412387766,0.009267722660894678,7.735302700968688,1,1
D091,O002,7,101,0.7731467175533348,71,0.3869572888593429,0.3359060402524592,0.4237565470025848,0.2289968100269869,83.12511836496435,1,1
D091,O040,7,101,0.7731467175533348,585,0.39295945909914204,0.39457393035340843,0.49881523135642764,0.05135952265618624,14.252098768706817,1,2
D091,O094,7,101,0.7731467175533348,888,0.3020897605205713,0.09146905532601642,0.35894591710200935,0.2171888653996259,27.41085260307382,1,5
D091,O081,7,101,0.7731467175533348,229,0.311863322482168,0.04075722691061323,0.19095392421992533,0.02739734620632218,0.6097018515377178,1,1
D091,O049,7,101,0.7731467175533348,33,0.06812771834318439,0.32719790546899485,0.35145855206621296,0.16958665122464434,1.8896835200947433,1,1
D091,O052,7,101,0.7731467175533348,249,0.2931097132079093,0.3814959415656873,0.2938470301831344,0.11894055514138323,0.5015927101920599,1,1
D091,O008,7,101,0.7731467175533348,217,0.11836586776404656,0.010264004522404446,0.43857764367626295,0.018412668361408348,3.575437414313759,1,1
D091,O054,7,101,0.7731467175533348,70,0.4839396769446982,0.22536965317316154,0.03930216819422613,0.15840050766206762,1.0282529368841058,1,1
D091,O024,7,101,0.7731467175533348,109,0.10754307926740679,0.37018563204761357,0.33107988983875875,0.015416181466785838,6.304497557330792,1,1
D091,O096,7,101,0.7731467175533348,91,0.16170145035385156,0.2643539191149355,0.06955567449111148,0.22233066342288632,0.7713641646886089,1,1
D091,O011,7,101,0.7731467175533348,163,0.25776627650906286,0.2303694517776211,0.06737682806363049,0.14710779675896993,91.70680464514531,1,2
D091,O007,7,101,0.7731467175533348,20,0.14113037245484783,0.13876459429554666,0.1666223660040416,0.10804294323375169,48.415238066551936,1,1
D091,O005,7,101,0.7731467175533348,472,0.4589275080729363,0.08115278028022999,0.01805553152120237,0.016407342151695845,5.656278920047442,1,1
D091,O051,7,101,0.7731467175533348,264,0.41545850105358517,0.16117913503688408,0.31172678881737154,0.04432963616759917,29.375100601310205,1,2
D091,O035,7,101,0.7731467175533348,173,0.04115959515567879,0.2568973510762646,0.341435098368886,0.12832396264407875,33.55867734781047,1,1
D091,O061,7,101,0.7731467175533348,27,0.3818054373139011,0.016164820124611564,0.49161369207236744,0.15170831162875867,2.704226534184525,1,1
D091,O041,7,101,0.7731467175533348,49,0.29773529796391324,0.2682058880863957,0.21258059195189896,0.13536346098324145,6.422809519648459,1,1
D091,O063,7,101,0.7731467175533348,159,0.16777747895905004,0.06995771215016022,0.1303723567023025,0.23670560860575965,35.98655231023139,1,1
D091,O019,7,101,0.7731467175533348,24,0.43162963836847273,0.2540667171143032,0.25374033794612383,0.035040597237275414,32.89046352986745,1,1
D091,O012,7,101,0.7731467175533348,121,0.018977159008053714,0.04210847176585192,0.10616643187530726,0.054886753813351695,1.8282853898334144,1,1
D091,O043,7,101,0.7731467175533348,936,0.15426768642279118,0.33291989469689626,0.3891618356934266,0.22532924015852426,3.26544153713843,1,1
D091,O020,7,101,0.7731467175533348,113,0.34826997592038184,0.09528586345019373,0.4094664889372201,0.24640169843124984,56.59198119339328,1,1
D091,O038,7,101,0.7731467175533348,765,0.13732854699013036,0.15389066235695392,0.3957456035362972,0.09581902124053866,11.34675406331586,1,2
D091,O010,7,101,0.7731467175533348,78,0.42428609036547965,0.04657399042364526,0.4729163397200382,0.0751091814821646,20.648364158380655,1,1
D091,O053,7,101,0.7731467175533348,251,0.008437374343120882,0.21970454406000367,0.07760861372476294,0.043406152521391926,15.704072062843153,1,1
D091,O032,7,101,0.7731467175533348,449,0.47407037046920236,0.2939643960095397,0.3338689716235752,0.19214128568359498,0.6467632780905109,1,1
D091,O083,7,101,0.7731467175533348,89,0.0026292440689011016,0.11891721005650385,0.01234014792986679,0.1423155000056148,8.932954010356676,1,1
D091,O050,7,101,0.7731467175533348,322,0.20605210901232662,0.1235097854541975,0.23025885735500393,0.24203168280895757,3.7974936169643003,1,1
D091,O084,7,101,0.7731467175533348,797,0.3729926769965046,0.00038649133259261126,0.0015211296530381324,0.21211963380230117,57.968250320486554,1,10
D091,O027,7,101,0.7731467175533348,120,0.17379211770070632,0.27539058086552737,0.1159901845036011,0.0031260536499028886,1.2414059949857388,1,1
D091,O023,7,101,0.7731467175533348,410,0.21445143650369905,0.1278983599397813,0.09400253805958962,0.08365268726290574,18.724748063248505,1,2
D091,O047,7,101,0.7731467175533348,32,0.45759305330669026,0.35742600924919476,0.3652359087633477,0.12397431353742944,4.578704726331181,1,1
D091,O067,7,101,0.7731467175533348,60,0.35992868878826584,0.02076874017167992,0.17423242461745192,0.0965105355241593,2.1003211333451848,1,1
D091,O074,7,101,0.7731467175533348,36,0.04256894354729143,0.004280635208135988,0.08729344080162678,0.07148454213260426,17.202121910274414,1,1
D091,O092,7,101,0.7731467175533348,303,0.4427063112729767,0.17226722665159136,0.4364919026956049,0.17566795406842103,23.101547487550636,1,1
D091,O045,7,101,0.7731467175533348,692,0.33110476806173594,0.08646504541541372,0.22004213527881566,0.08596571587890212,2.810064906380055,1,1
D091,O093,7,101,0.7731467175533348,25,0.27627503482623056,0.07815342445263838,0.29138458201830647,0.04123940092547084,41.46024928161635,1,1
D091,O055,7,101,0.7731467175533348,143,0.09821221972656778,0.1636668169410805,0.28503377285937526,0.11581965182801995,1.3300221265710437,1,1
