design_id,overload_condition_id,source_operational_id,connection_count,block_creation_interval,maximum_block_size,validating_node_count,node_bandwidth_heterogeneity,link_bandwidth_heterogeneity,hashing_power_concentration,number_of_attackers,transaction_arrival_rate
D001,S001,O040,8,474,7.230124069,22,0.132312725,0.387023034,0.48640877,1,32.03219524
D001,S002,O081,8,474,7.230124069,625,0.489155662,0.075116015,0.08373988,87,32.03219524
D001,S003,O024,8,474,7.230124069,558,0.01340343,0.303476888,0.066234207,102,32.03219524
D001,S004,O048,8,474,7.230124069,23,0.00021805,0.028031124,0.277887063,4,32.03219524
D001,S005,O061,8,474,7.230124069,504,0.370505912,0.3328803,0.491272741,97,32.03219524
D001,S006,O045,8,474,7.230124069,38,0.251921878,0.260723642,0.043585928,1,32.03219524
D001,S007,O069,8,474,7.230124069,761,0.152114511,0.215299072,0.367977204,1,32.03219524
D001,S008,O092,8,474,7.230124069,96,0.418898266,0.008705234,0.425829723,10,32.03219524
D001,S009,O074,8,474,7.230124069,27,0.164642573,0.30767454,0.244719524,6,32.03219524
D001,S010,O043,8,474,7.230124069,60,0.470149674,0.350184037,0.345788332,1,32.03219524
D001,S011,O054,8,474,7.230124069,29,0.443915181,0.25137144,0.497993332,6,32.03219524
D001,S012,O002,8,474,7.230124069,27,0.258752568,0.087770931,0.008640494,5,32.03219524
D001,S013,O001,8,474,7.230124069,277,0.102604459,0.043442589,0.194317089,68,32.03219524
D001,S014,O008,8,474,7.230124069,221,0.074747705,0.106527742,0.017441816,3,32.03219524
D001,S015,O015,8,474,7.230124069,209,0.451149983,0.236045833,0.154470026,51,32.03219524
D001,S016,O021,8,474,7.230124069,420,0.48022181,0.187407167,0.359386041,21,32.03219524
D001,S017,O082,8,474,7.230124069,165,0.435076568,0.000913393,0.024702354,3,32.03219524
D001,S018,O066,8,474,7.230124069,494,0.215122594,0.12849833,0.421195428,82,32.03219524
D001,S019,O089,8,474,7.230124069,65,0.160593613,0.12131002,0.43177507,4,32.03219524
D001,S020,O055,8,474,7.230124069,140,0.36567333,0.006141596,0.323833398,34,32.03219524
D001,S021,O019,8,474,7.230124069,346,0.328784836,0.382557414,0.459924272,20,32.03219524
D001,S022,O056,8,474,7.230124069,839,0.314045176,0.146767962,0.097912175,33,32.03219524
D001,S023,O085,8,474,7.230124069,121,0.235238901,0.36680338,0.28802825,18,32.03219524
D001,S024,O075,8,474,7.230124069,157,0.187375651,0.192115859,0.011697982,34,32.03219524
D001,S025,O006,8,474,7.230124069,612,0.351754303,0.257897057,0.260304956,90,32.03219524
D001,S026,O010,8,474,7.230124069,451,0.052883935,0.358161718,0.236761336,42,32.03219524
D001,S027,O080,8,474,7.230124069,42,0.40076867,0.158141091,0.247798621,9,32.03219524
D001,S028,O011,8,474,7.230124069,74,0.144332149,0.165813474,0.385639579,14,32.03219524
D001,S029,O086,8,474,7.230124069,982,0.199347615,0.312135777,0.001921653,110,32.03219524
D001,S030,O049,8,474,7.230124069,167,0.088317626,0.338602146,0.450648463,15,32.03219524
D001,S031,O038,8,474,7.230124069,541,0.023426649,0.269227699,0.314041207,106,32.03219524
D001,S032,O095,8,474,7.230124069,737,0.275444304,0.049819636,0.213727811,96,32.03219524
D002,S001,O040,3,167,1.576274442,22,0.132312725,0.387023034,0.48640877,1,19.82141514
D002,S002,O081,3,167,1.576274442,625,0.489155662,0.075116015,0.08373988,87,19.82141514
D002,S003,O024,3,167,1.576274442,558,0.01340343,0.303476888,0.066234207,102,19.82141514
D002,S004,O048,3,167,1.576274442,23,0.00021805,0.028031124,0.277887063,4,19.82141514
D002,S005,O061,3,167,1.576274442,504,0.370505912,0.3328803,0.491272741,97,19.82141514
D002,S006,O045,3,167,1.576274442,38,0.251921878,0.260723642,0.043585928,1,19.82141514
D002,S007,O069,3,167,1.576274442,761,0.152114511,0.215299072,0.367977204,1,19.82141514
D002,S008,O092,3,167,1.576274442,96,0.418898266,0.008705234,0.425829723,10,19.82141514
D002,S009,O074,3,167,1.576274442,27,0.164642573,0.30767454,0.244719524,6,19.82141514
D002,S010,O043,3,167,1.576274442,60,0.470149674,0.350184037,0.345788332,1,19.82141514
D002,S011,O054,3,167,1.576274442,29,0.443915181,0.25137144,0.497993332,6,19.82141514
D002,S012,O002,3,167,1.576274442,27,0.258752568,0.087770931,0.008640494,5,19.82141514
D002,S013,O001,3,167,1.576274442,277,0.102604459,0.043442589,0.194317089,68,19.82141514
D002,S014,O008,3,167,1.576274442,221,0.074747705,0.106527742,0.017441816,3,19.82141514
D002,S015,O015,3,167,1.576274442,209,0.451149983,0.236045833,0.154470026,51,19.82141514
D002,S016,O021,3,167,1.576274442,420,0.48022181,0.187407167,0.359386041,21,19.82141514
D002,S017,O082,3,167,1.576274442,165,0.435076568,0.000913393,0.024702354,3,19.82141514
D002,S018,O066,3,167,1.576274442,494,0.215122594,0.12849833,0.421195428,82,19.82141514
D002,S019,O089,3,167,1.576274442,65,0.160593613,0.12131002,0.43177507,4,19.82141514
D002,S020,O055,3,167,1.576274442,140,0.36567333,0.006141596,0.323833398,34,19.82141514
D002,S021,O019,3,167,1.576274442,346,0.328784836,0.382557414,0.459924272,20,19.82141514
D002,S022,O056,3,167,1.576274442,839,0.314045176,0.146767962,0.097912175,33,19.82141514
D002,S023,O085,3,167,1.576274442,121,0.235238901,0.36680338,0.28802825,18,19.82141514
D002,S024,O075,3,167,1.576274442,157,0.187375651,0.192115859,0.011697982,34,19.82141514
D002,S025,O006,3,167,1.576274442,612,0.351754303,0.257897057,0.260304956,90,19.82141514
D002,S026,O010,3,167,1.576274442,451,0.052883935,0.358161718,0.236761336,42,19.82141514
D002,S027,O080,3,167,1.576274442,42,0.40076867,0.158141091,0.247798621,9,19.82141514
D002,S028,O011,3,167,1.576274442,74,0.144332149,0.165813474,0.385639579,14,19.82141514
D002,S029,O086,3,167,1.576274442,982,0.199347615,0.312135777,0.001921653,110,19.82141514
D002,S030,O049,3,167,1.576274442,167,0.088317626,0.338602146,0.450648463,15,19.82141514
D002,S031,O038,3,167,1.576274442,541,0.023426649,0.269227699,0.314041207,106,19.82141514
D002,S032,O095,3,167,1.576274442,737,0.275444304,0.049819636,0.213727811,96,19.82141514
D003,S001,O040,1,385,1.754386103,22,0.132312725,0.387023034,0.48640877,1,9.569378742
D003,S002,O081,1,385,1.754386103,625,0.489155662,0.075116015,0.08373988,87,9.569378742
D003,S003,O024,1,385,1.754386103,558,0.01340343,0.303476888,0.066234207,102,9.569378742
D003,S004,O048,1,385,1.754386103,23,0.00021805,0.028031124,0.277887063,4,9.569378742
D003,S005,O061,1,385,1.754386103,504,0.370505912,0.3328803,0.491272741,97,9.569378742
D003,S006,O045,1,385,1.754386103,38,0.251921878,0.260723642,0.043585928,1,9.569378742
D003,S007,O069,1,385,1.754386103,761,0.152114511,0.215299072,0.367977204,1,9.569378742
D003,S008,O092,1,385,1.754386103,96,0.418898266,0.008705234,0.425829723,10,9.569378742
D003,S009,O074,1,385,1.754386103,27,0.164642573,0.30767454,0.244719524,6,9.569378742
D003,S010,O043,1,385,1.754386103,60,0.470149674,0.350184037,0.345788332,1,9.569378742
D003,S011,O054,1,385,1.754386103,29,0.443915181,0.25137144,0.497993332,6,9.569378742
D003,S012,O002,1,385,1.754386103,27,0.258752568,0.087770931,0.008640494,5,9.569378742
D003,S013,O001,1,385,1.754386103,277,0.102604459,0.043442589,0.194317089,68,9.569378742
D003,S014,O008,1,385,1.754386103,221,0.074747705,0.106527742,0.017441816,3,9.569378742
D003,S015,O015,1,385,1.754386103,209,0.451149983,0.236045833,0.154470026,51,9.569378742
D003,S016,O021,1,385,1.754386103,420,0.48022181,0.187407167,0.359386041,21,9.569378742
D003,S017,O082,1,385,1.754386103,165,0.435076568,0.000913393,0.024702354,3,9.569378742
D003,S018,O066,1,385,1.754386103,494,0.215122594,0.12849833,0.421195428,82,9.569378742
D003,S019,O089,1,385,1.754386103,65,0.160593613,0.12131002,0.43177507,4,9.569378742
D003,S020,O055,1,385,1.754386103,140,0.36567333,0.006141596,0.323833398,34,9.569378742
D003,S021,O019,1,385,1.754386103,346,0.328784836,0.382557414,0.459924272,20,9.569378742
D003,S022,O056,1,385,1.754386103,839,0.314045176,0.146767962,0.097912175,33,9.569378742
D003,S023,O085,1,385,1.754386103,121,0.235238901,0.36680338,0.28802825,18,9.569378742
D003,S024,O075,1,385,1.754386103,157,0.187375651,0.192115859,0.011697982,34,9.569378742
D003,S025,O006,1,385,1.754386103,612,0.351754303,0.257897057,0.260304956,90,9.569378742
D003,S026,O010,1,385,1.754386103,451,0.052883935,0.358161718,0.236761336,42,9.569378742
D003,S027,O080,1,385,1.754386103,42,0.40076867,0.158141091,0.247798621,9,9.569378742
D003,S028,O011,1,385,1.754386103,74,0.144332149,0.165813474,0.385639579,14,9.569378742
D003,S029,O086,1,385,1.754386103,982,0.199347615,0.312135777,0.001921653,110,9.569378742
D003,S030,O049,1,385,1.754386103,167,0.088317626,0.338602146,0.450648463,15,9.569378742
D003,S031,O038,1,385,1.754386103,541,0.023426649,0.269227699,0.314041207,106,9.569378742
D003,S032,O095,1,385,1.754386103,737,0.275444304,0.049819636,0.213727811,96,9.569378742
D004,S001,O040,1,144,6.912052408,22,0.132312725,0.387023034,0.48640877,1,100.8007643
D004,S002,O081,1,144,6.912052408,625,0.489155662,0.075116015,0.08373988,87,100.8007643
D004,S003,O024,1,144,6.912052408,558,0.01340343,0.303476888,0.066234207,102,100.8007643
D004,S004,O048,1,144,6.912052408,23,0.00021805,0.028031124,0.277887063,4,100.8007643
D004,S005,O061,1,144,6.912052408,504,0.370505912,0.3328803,0.491272741,97,100.8007643
D004,S006,O045,1,144,6.912052408,38,0.251921878,0.260723642,0.043585928,1,100.8007643
D004,S007,O069,1,144,6.912052408,761,0.152114511,0.215299072,0.367977204,1,100.8007643
D004,S008,O092,1,144,6.912052408,96,0.418898266,0.008705234,0.425829723,10,100.8007643
D004,S009,O074,1,144,6.912052408,27,0.164642573,0.30767454,0.244719524,6,100.8007643
D004,S010,O043,1,144,6.912052408,60,0.470149674,0.350184037,0.345788332,1,100.8007643
D004,S011,O054,1,144,6.912052408,29,0.443915181,0.25137144,0.497993332,6,100.8007643
D004,S012,O002,1,144,6.912052408,27,0.258752568,0.087770931,0.008640494,5,100.8007643
D004,S013,O001,1,144,6.912052408,277,0.102604459,0.043442589,0.194317089,68,100.8007643
D004,S014,O008,1,144,6.912052408,221,0.074747705,0.106527742,0.017441816,3,100.8007643
D004,S015,O015,1,144,6.912052408,209,0.451149983,0.236045833,0.154470026,51,100.8007643
D004,S016,O021,1,144,6.912052408,420,0.48022181,0.187407167,0.359386041,21,100.8007643
D004,S017,O082,1,144,6.912052408,165,0.435076568,0.000913393,0.024702354,3,100.8007643
D004,S018,O066,1,144,6.912052408,494,0.215122594,0.12849833,0.421195428,82,100.8007643
D004,S019,O089,1,144,6.912052408,65,0.160593613,0.12131002,0.43177507,4,100.8007643
D004,S020,O055,1,144,6.912052408,140,0.36567333,0.006141596,0.323833398,34,100.8007643
D004,S021,O019,1,144,6.912052408,346,0.328784836,0.382557414,0.459924272,20,100.8007643
D004,S022,O056,1,144,6.912052408,839,0.314045176,0.146767962,0.097912175,33,100.8007643
D004,S023,O085,1,144,6.912052408,121,0.235238901,0.36680338,0.28802825,18,100.8007643
D004,S024,O075,1,144,6.912052408,157,0.187375651,0.192115859,0.011697982,34,100.8007643
D004,S025,O006,1,144,6.912052408,612,0.351754303,0.257897057,0.260304956,90,100.8007643
D004,S026,O010,1,144,6.912052408,451,0.052883935,0.358161718,0.236761336,42,100.8007643
D004,S027,O080,1,144,6.912052408,42,0.40076867,0.158141091,0.247798621,9,100.8007643
D004,S028,O011,1,144,6.912052408,74,0.144332149,0.165813474,0.385639579,14,100.8007643
D004,S029,O086,1,144,6.912052408,982,0.199347615,0.312135777,0.001921653,110,100.8007643
D004,S030,O049,1,144,6.912052408,167,0.088317626,0.338602146,0.450648463,15,100.8007643
D004,S031,O038,1,144,6.912052408,541,0.023426649,0.269227699,0.314041207,106,100.8007643
D004,S032,O095,1,144,6.912052408,737,0.275444304,0.049819636,0.213727811,96,100.8007643
D005,S001,O040,4,153,3.501333012,22,0.132312725,0.387023034,0.48640877,1,48.05751192
D005,S002,O081,4,153,3.501333012,625,0.489155662,0.075116015,0.08373988,87,48.05751192
D005,S003,O024,4,153,3.501333012,558,0.01340343,0.303476888,0.066234207,102,48.05751192
D005,S004,O048,4,153,3.501333012,23,0.00021805,0.028031124,0.277887063,4,48.05751192
D005,S005,O061,4,153,3.501333012,504,0.370505912,0.3328803,0.491272741,97,48.05751192
D005,S006,O045,4,153,3.501333012,38,0.251921878,0.260723642,0.043585928,1,48.05751192
D005,S007,O069,4,153,3.501333012,761,0.152114511,0.215299072,0.367977204,1,48.05751192
D005,S008,O092,4,153,3.501333012,96,0.418898266,0.008705234,0.425829723,10,48.05751192
D005,S009,O074,4,153,3.501333012,27,0.164642573,0.30767454,0.244719524,6,48.05751192
D005,S010,O043,4,153,3.501333012,60,0.470149674,0.350184037,0.345788332,1,48.05751192
D005,S011,O054,4,153,3.501333012,29,0.443915181,0.25137144,0.497993332,6,48.05751192
D005,S012,O002,4,153,3.501333012,27,0.258752568,0.087770931,0.008640494,5,48.05751192
D005,S013,O001,4,153,3.501333012,277,0.102604459,0.043442589,0.194317089,68,48.05751192
D005,S014,O008,4,153,3.501333012,221,0.074747705,0.106527742,0.017441816,3,48.05751192
D005,S015,O015,4,153,3.501333012,209,0.451149983,0.236045833,0.154470026,51,48.05751192
D005,S016,O021,4,153,3.501333012,420,0.48022181,0.187407167,0.359386041,21,48.05751192
D005,S017,O082,4,153,3.501333012,165,0.435076568,0.000913393,0.024702354,3,48.05751192
D005,S018,O066,4,153,3.501333012,494,0.215122594,0.12849833,0.421195428,82,48.05751192
D005,S019,O089,4,153,3.501333012,65,0.160593613,0.12131002,0.43177507,4,48.05751192
D005,S020,O055,4,153,3.501333012,140,0.36567333,0.006141596,0.323833398,34,48.05751192
D005,S021,O019,4,153,3.501333012,346,0.328784836,0.382557414,0.459924272,20,48.05751192
D005,S022,O056,4,153,3.501333012,839,0.314045176,0.146767962,0.097912175,33,48.05751192
D005,S023,O085,4,153,3.501333012,121,0.235238901,0.36680338,0.28802825,18,48.05751192
D005,S024,O075,4,153,3.501333012,157,0.187375651,0.192115859,0.011697982,34,48.05751192
D005,S025,O006,4,153,3.501333012,612,0.351754303,0.257897057,0.260304956,90,48.05751192
D005,S026,O010,4,153,3.501333012,451,0.052883935,0.358161718,0.236761336,42,48.05751192
D005,S027,O080,4,153,3.501333012,42,0.40076867,0.158141091,0.247798621,9,48.05751192
D005,S028,O011,4,153,3.501333012,74,0.144332149,0.165813474,0.385639579,14,48.05751192
D005,S029,O086,4,153,3.501333012,982,0.199347615,0.312135777,0.001921653,110,48.05751192
D005,S030,O049,4,153,3.501333012,167,0.088317626,0.338602146,0.450648463,15,48.05751192
D005,S031,O038,4,153,3.501333012,541,0.023426649,0.269227699,0.314041207,106,48.05751192
D005,S032,O095,4,153,3.501333012,737,0.275444304,0.049819636,0.213727811,96,48.05751192
D006,S001,O040,3,1163,0.340932792,22,0.132312725,0.387023034,0.48640877,1,0.615613813
D006,S002,O081,3,1163,0.340932792,625,0.489155662,0.075116015,0.08373988,87,0.615613813
D006,S003,O024,3,1163,0.340932792,558,0.01340343,0.303476888,0.066234207,102,0.615613813
D006,S004,O048,3,1163,0.340932792,23,0.00021805,0.028031124,0.277887063,4,0.615613813
D006,S005,O061,3,1163,0.340932792,504,0.370505912,0.3328803,0.491272741,97,0.615613813
D006,S006,O045,3,1163,0.340932792,38,0.251921878,0.260723642,0.043585928,1,0.615613813
D006,S007,O069,3,1163,0.340932792,761,0.152114511,0.215299072,0.367977204,1,0.615613813
D006,S008,O092,3,1163,0.340932792,96,0.418898266,0.008705234,0.425829723,10,0.615613813
D006,S009,O074,3,1163,0.340932792,27,0.164642573,0.30767454,0.244719524,6,0.615613813
D006,S010,O043,3,1163,0.340932792,60,0.470149674,0.350184037,0.345788332,1,0.615613813
D006,S011,O054,3,1163,0.340932792,29,0.443915181,0.25137144,0.497993332,6,0.615613813
D006,S012,O002,3,1163,0.340932792,27,0.258752568,0.087770931,0.008640494,5,0.615613813
D006,S013,O001,3,1163,0.340932792,277,0.102604459,0.043442589,0.194317089,68,0.615613813
D006,S014,O008,3,1163,0.340932792,221,0.074747705,0.106527742,0.017441816,3,0.615613813
D006,S015,O015,3,1163,0.340932792,209,0.451149983,0.236045833,0.154470026,51,0.615613813
D006,S016,O021,3,1163,0.340932792,420,0.48022181,0.187407167,0.359386041,21,0.615613813
D006,S017,O082,3,1163,0.340932792,165,0.435076568,0.000913393,0.024702354,3,0.615613813
D006,S018,O066,3,1163,0.340932792,494,0.215122594,0.12849833,0.421195428,82,0.615613813
D006,S019,O089,3,1163,0.340932792,65,0.160593613,0.12131002,0.43177507,4,0.615613813
D006,S020,O055,3,1163,0.340932792,140,0.36567333,0.006141596,0.323833398,34,0.615613813
D006,S021,O019,3,1163,0.340932792,346,0.328784836,0.382557414,0.459924272,20,0.615613813
D006,S022,O056,3,1163,0.340932792,839,0.314045176,0.146767962,0.097912175,33,0.615613813
D006,S023,O085,3,1163,0.340932792,121,0.235238901,0.36680338,0.28802825,18,0.615613813
D006,S024,O075,3,1163,0.340932792,157,0.187375651,0.192115859,0.011697982,34,0.615613813
D006,S025,O006,3,1163,0.340932792,612,0.351754303,0.257897057,0.260304956,90,0.615613813
D006,S026,O010,3,1163,0.340932792,451,0.052883935,0.358161718,0.236761336,42,0.615613813
D006,S027,O080,3,1163,0.340932792,42,0.40076867,0.158141091,0.247798621,9,0.615613813
D006,S028,O011,3,1163,0.340932792,74,0.144332149,0.165813474,0.385639579,14,0.615613813
D006,S029,O086,3,1163,0.340932792,982,0.199347615,0.312135777,0.001921653,110,0.615613813
D006,S030,O049,3,1163,0.340932792,167,0.088317626,0.338602146,0.450648463,15,0.615613813
D006,S031,O038,3,1163,0.340932792,541,0.023426649,0.269227699,0.314041207,106,0.615613813
D006,S032,O095,3,1163,0.340932792,737,0.275444304,0.049819636,0.213727811,96,0.615613813
D007,S001,O040,7,868,1.337057934,22,0.132312725,0.387023034,0.48640877,1,3.234817583
D007,S002,O081,7,868,1.337057934,625,0.489155662,0.075116015,0.08373988,87,3.234817583
D007,S003,O024,7,868,1.337057934,558,0.01340343,0.303476888,0.066234207,102,3.234817583
D007,S004,O048,7,868,1.337057934,23,0.00021805,0.028031124,0.277887063,4,3.234817583
D007,S005,O061,7,868,1.337057934,504,0.370505912,0.3328803,0.491272741,97,3.234817583
D007,S006,O045,7,868,1.337057934,38,0.251921878,0.260723642,0.043585928,1,3.234817583
D007,S007,O069,7,868,1.337057934,761,0.152114511,0.215299072,0.367977204,1,3.234817583
D007,S008,O092,7,868,1.337057934,96,0.418898266,0.008705234,0.425829723,10,3.234817583
D007,S009,O074,7,868,1.337057934,27,0.164642573,0.30767454,0.244719524,6,3.234817583
D007,S010,O043,7,868,1.337057934,60,0.470149674,0.350184037,0.345788332,1,3.234817583
D007,S011,O054,7,868,1.337057934,29,0.443915181,0.25137144,0.497993332,6,3.234817583
D007,S012,O002,7,868,1.337057934,27,0.258752568,0.087770931,0.008640494,5,3.234817583
D007,S013,O001,7,868,1.337057934,277,0.102604459,0.043442589,0.194317089,68,3.234817583
D007,S014,O008,7,868,1.337057934,221,0.074747705,0.106527742,0.017441816,3,3.234817583
D007,S015,O015,7,868,1.337057934,209,0.451149983,0.236045833,0.154470026,51,3.234817583
D007,S016,O021,7,868,1.337057934,420,0.48022181,0.187407167,0.359386041,21,3.234817583
D007,S017,O082,7,868,1.337057934,165,0.435076568,0.000913393,0.024702354,3,3.234817583
D007,S018,O066,7,868,1.337057934,494,0.215122594,0.12849833,0.421195428,82,3.234817583
D007,S019,O089,7,868,1.337057934,65,0.160593613,0.12131002,0.43177507,4,3.234817583
D007,S020,O055,7,868,1.337057934,140,0.36567333,0.006141596,0.323833398,34,3.234817583
D007,S021,O019,7,868,1.337057934,346,0.328784836,0.382557414,0.459924272,20,3.234817583
D007,S022,O056,7,868,1.337057934,839,0.314045176,0.146767962,0.097912175,33,3.234817583
D007,S023,O085,7,868,1.337057934,121,0.235238901,0.36680338,0.28802825,18,3.234817583
D007,S024,O075,7,868,1.337057934,157,0.187375651,0.192115859,0.011697982,34,3.234817583
D007,S025,O006,7,868,1.337057934,612,0.351754303,0.257897057,0.260304956,90,3.234817583
D007,S026,O010,7,868,1.337057934,451,0.052883935,0.358161718,0.236761336,42,3.234817583
D007,S027,O080,7,868,1.337057934,42,0.40076867,0.158141091,0.247798621,9,3.234817583
D007,S028,O011,7,868,1.337057934,74,0.144332149,0.165813474,0.385639579,14,3.234817583
D007,S029,O086,7,868,1.337057934,982,0.199347615,0.312135777,0.001921653,110,3.234817583
D007,S030,O049,7,868,1.337057934,167,0.088317626,0.338602146,0.450648463,15,3.234817583
D007,S031,O038,7,868,1.337057934,541,0.023426649,0.269227699,0.314041207,106,3.234817583
D007,S032,O095,7,868,1.337057934,737,0.275444304,0.049819636,0.213727811,96,3.234817583
D008,S001,O040,4,350,2.821334593,22,0.132312725,0.387023034,0.48640877,1,16.92800756
D008,S002,O081,4,350,2.821334593,625,0.489155662,0.075116015,0.08373988,87,16.92800756
D008,S003,O024,4,350,2.821334593,558,0.01340343,0.303476888,0.066234207,102,16.92800756
D008,S004,O048,4,350,2.821334593,23,0.00021805,0.028031124,0.277887063,4,16.92800756
D008,S005,O061,4,350,2.821334593,504,0.370505912,0.3328803,0.491272741,97,16.92800756
D008,S006,O045,4,350,2.821334593,38,0.251921878,0.260723642,0.043585928,1,16.92800756
D008,S007,O069,4,350,2.821334593,761,0.152114511,0.215299072,0.367977204,1,16.92800756
D008,S008,O092,4,350,2.821334593,96,0.418898266,0.008705234,0.425829723,10,16.92800756
D008,S009,O074,4,350,2.821334593,27,0.164642573,0.30767454,0.244719524,6,16.92800756
D008,S010,O043,4,350,2.821334593,60,0.470149674,0.350184037,0.345788332,1,16.92800756
D008,S011,O054,4,350,2.821334593,29,0.443915181,0.25137144,0.497993332,6,16.92800756
D008,S012,O002,4,350,2.821334593,27,0.258752568,0.087770931,0.008640494,5,16.92800756
D008,S013,O001,4,350,2.821334593,277,0.102604459,0.043442589,0.194317089,68,16.92800756
D008,S014,O008,4,350,2.821334593,221,0.074747705,0.106527742,0.017441816,3,16.92800756
D008,S015,O015,4,350,2.821334593,209,0.451149983,0.236045833,0.154470026,51,16.92800756
D008,S016,O021,4,350,2.821334593,420,0.48022181,0.187407167,0.359386041,21,16.92800756
D008,S017,O082,4,350,2.821334593,165,0.435076568,0.000913393,0.024702354,3,16.92800756
D008,S018,O066,4,350,2.821334593,494,0.215122594,0.12849833,0.421195428,82,16.92800756
D008,S019,O089,4,350,2.821334593,65,0.160593613,0.12131002,0.43177507,4,16.92800756
D008,S020,O055,4,350,2.821334593,140,0.36567333,0.006141596,0.323833398,34,16.92800756
D008,S021,O019,4,350,2.821334593,346,0.328784836,0.382557414,0.459924272,20,16.92800756
D008,S022,O056,4,350,2.821334593,839,0.314045176,0.146767962,0.097912175,33,16.92800756
D008,S023,O085,4,350,2.821334593,121,0.235238901,0.36680338,0.28802825,18,16.92800756
D008,S024,O075,4,350,2.821334593,157,0.187375651,0.192115859,0.011697982,34,16.92800756
D008,S025,O006,4,350,2.821334593,612,0.351754303,0.257897057,0.260304956,90,16.92800756
D008,S026,O010,4,350,2.821334593,451,0.052883935,0.358161718,0.236761336,42,16.92800756
D008,S027,O080,4,350,2.821334593,42,0.40076867,0.158141091,0.247798621,9,16.92800756
D008,S028,O011,4,350,2.821334593,74,0.144332149,0.165813474,0.385639579,14,16.92800756
D008,S029,O086,4,350,2.821334593,982,0.199347615,0.312135777,0.001921653,110,16.92800756
D008,S030,O049,4,350,2.821334593,167,0.088317626,0.338602146,0.450648463,15,16.92800756
D008,S031,O038,4,350,2.821334593,541,0.023426649,0.269227699,0.314041207,106,16.92800756
D008,S032,O095,4,350,2.821334593,737,0.275444304,0.049819636,0.213727811,96,16.92800756
D009,S001,O040,2,423,1.163860334,22,0.132312725,0.387023034,0.48640877,1,5.778030027
D009,S002,O081,2,423,1.163860334,625,0.489155662,0.075116015,0.08373988,87,5.778030027
D009,S003,O024,2,423,1.163860334,558,0.01340343,0.303476888,0.066234207,102,5.778030027
D009,S004,O048,2,423,1.163860334,23,0.00021805,0.028031124,0.277887063,4,5.778030027
D009,S005,O061,2,423,1.163860334,504,0.370505912,0.3328803,0.491272741,97,5.778030027
D009,S006,O045,2,423,1.163860334,38,0.251921878,0.260723642,0.043585928,1,5.778030027
D009,S007,O069,2,423,1.163860334,761,0.152114511,0.215299072,0.367977204,1,5.778030027
D009,S008,O092,2,423,1.163860334,96,0.418898266,0.008705234,0.425829723,10,5.778030027
D009,S009,O074,2,423,1.163860334,27,0.164642573,0.30767454,0.244719524,6,5.778030027
D009,S010,O043,2,423,1.163860334,60,0.470149674,0.350184037,0.345788332,1,5.778030027
D009,S011,O054,2,423,1.163860334,29,0.443915181,0.25137144,0.497993332,6,5.778030027
D009,S012,O002,2,423,1.163860334,27,0.258752568,0.087770931,0.008640494,5,5.778030027
D009,S013,O001,2,423,1.163860334,277,0.102604459,0.043442589,0.194317089,68,5.778030027
D009,S014,O008,2,423,1.163860334,221,0.074747705,0.106527742,0.017441816,3,5.778030027
D009,S015,O015,2,423,1.163860334,209,0.451149983,0.236045833,0.154470026,51,5.778030027
D009,S016,O021,2,423,1.163860334,420,0.48022181,0.187407167,0.359386041,21,5.778030027
D009,S017,O082,2,423,1.163860334,165,0.435076568,0.000913393,0.024702354,3,5.778030027
D009,S018,O066,2,423,1.163860334,494,0.215122594,0.12849833,0.421195428,82,5.778030027
D009,S019,O089,2,423,1.163860334,65,0.160593613,0.12131002,0.43177507,4,5.778030027
D009,S020,O055,2,423,1.163860334,140,0.36567333,0.006141596,0.323833398,34,5.778030027
D009,S021,O019,2,423,1.163860334,346,0.328784836,0.382557414,0.459924272,20,5.778030027
D009,S022,O056,2,423,1.163860334,839,0.314045176,0.146767962,0.097912175,33,5.778030027
D009,S023,O085,2,423,1.163860334,121,0.235238901,0.36680338,0.28802825,18,5.778030027
D009,S024,O075,2,423,1.163860334,157,0.187375651,0.192115859,0.011697982,34,5.778030027
D009,S025,O006,2,423,1.163860334,612,0.351754303,0.257897057,0.260304956,90,5.778030027
D009,S026,O010,2,423,1.163860334,451,0.052883935,0.358161718,0.236761336,42,5.778030027
D009,S027,O080,2,423,1.163860334,42,0.40076867,0.158141091,0.247798621,9,5.778030027
D009,S028,O011,2,423,1.163860334,74,0.144332149,0.165813474,0.385639579,14,5.778030027
D009,S029,O086,2,423,1.163860334,982,0.199347615,0.312135777,0.001921653,110,5.778030027
D009,S030,O049,2,423,1.163860334,167,0.088317626,0.338602146,0.450648463,15,5.778030027
D009,S031,O038,2,423,1.163860334,541,0.023426649,0.269227699,0.314041207,106,5.778030027
D009,S032,O095,2,423,1.163860334,737,0.275444304,0.049819636,0.213727811,96,5.778030027
D010,S001,O040,3,320,3.385100809,22,0.132312725,0.387023034,0.48640877,1,22.21472406
D010,S002,O081,3,320,3.385100809,625,0.489155662,0.075116015,0.08373988,87,22.21472406
D010,S003,O024,3,320,3.385100809,558,0.01340343,0.303476888,0.066234207,102,22.21472406
D010,S004,O048,3,320,3.385100809,23,0.00021805,0.028031124,0.277887063,4,22.21472406
D010,S005,O061,3,320,3.385100809,504,0.370505912,0.3328803,0.491272741,97,22.21472406
D010,S006,O045,3,320,3.385100809,38,0.251921878,0.260723642,0.043585928,1,22.21472406
D010,S007,O069,3,320,3.385100809,761,0.152114511,0.215299072,0.367977204,1,22.21472406
D010,S008,O092,3,320,3.385100809,96,0.418898266,0.008705234,0.425829723,10,22.21472406
D010,S009,O074,3,320,3.385100809,27,0.164642573,0.30767454,0.244719524,6,22.21472406
D010,S010,O043,3,320,3.385100809,60,0.470149674,0.350184037,0.345788332,1,22.21472406
D010,S011,O054,3,320,3.385100809,29,0.443915181,0.25137144,0.497993332,6,22.21472406
D010,S012,O002,3,320,3.385100809,27,0.258752568,0.087770931,0.008640494,5,22.21472406
D010,S013,O001,3,320,3.385100809,277,0.102604459,0.043442589,0.194317089,68,22.21472406
D010,S014,O008,3,320,3.385100809,221,0.074747705,0.106527742,0.017441816,3,22.21472406
D010,S015,O015,3,320,3.385100809,209,0.451149983,0.236045833,0.154470026,51,22.21472406
D010,S016,O021,3,320,3.385100809,420,0.48022181,0.187407167,0.359386041,21,22.21472406
D010,S017,O082,3,320,3.385100809,165,0.435076568,0.000913393,0.024702354,3,22.21472406
D010,S018,O066,3,320,3.385100809,494,0.215122594,0.12849833,0.421195428,82,22.21472406
D010,S019,O089,3,320,3.385100809,65,0.160593613,0.12131002,0.43177507,4,22.21472406
D010,S020,O055,3,320,3.385100809,140,0.36567333,0.006141596,0.323833398,34,22.21472406
D010,S021,O019,3,320,3.385100809,346,0.328784836,0.382557414,0.459924272,20,22.21472406
D010,S022,O056,3,320,3.385100809,839,0.314045176,0.146767962,0.097912175,33,22.21472406
D010,S023,O085,3,320,3.385100809,121,0.235238901,0.36680338,0.28802825,18,22.21472406
D010,S024,O075,3,320,3.385100809,157,0.187375651,0.192115859,0.011697982,34,22.21472406
D010,S025,O006,3,320,3.385100809,612,0.351754303,0.257897057,0.260304956,90,22.21472406
D010,S026,O010,3,320,3.385100809,451,0.052883935,0.358161718,0.236761336,42,22.21472406
D010,S027,O080,3,320,3.385100809,42,0.40076867,0.158141091,0.247798621,9,22.21472406
D010,S028,O011,3,320,3.385100809,74,0.144332149,0.165813474,0.385639579,14,22.21472406
D010,S029,O086,3,320,3.385100809,982,0.199347615,0.312135777,0.001921653,110,22.21472406
D010,S030,O049,3,320,3.385100809,167,0.088317626,0.338602146,0.450648463,15,22.21472406
D010,S031,O038,3,320,3.385100809,541,0.023426649,0.269227699,0.314041207,106,22.21472406
D010,S032,O095,3,320,3.385100809,737,0.275444304,0.049819636,0.213727811,96,22.21472406
D011,S001,O040,4,490,0.794044452,22,0.132312725,0.387023034,0.48640877,1,3.40304765
D011,S002,O081,4,490,0.794044452,625,0.489155662,0.075116015,0.08373988,87,3.40304765
D011,S003,O024,4,490,0.794044452,558,0.01340343,0.303476888,0.066234207,102,3.40304765
D011,S004,O048,4,490,0.794044452,23,0.00021805,0.028031124,0.277887063,4,3.40304765
D011,S005,O061,4,490,0.794044452,504,0.370505912,0.3328803,0.491272741,97,3.40304765
D011,S006,O045,4,490,0.794044452,38,0.251921878,0.260723642,0.043585928,1,3.40304765
D011,S007,O069,4,490,0.794044452,761,0.152114511,0.215299072,0.367977204,1,3.40304765
D011,S008,O092,4,490,0.794044452,96,0.418898266,0.008705234,0.425829723,10,3.40304765
D011,S009,O074,4,490,0.794044452,27,0.164642573,0.30767454,0.244719524,6,3.40304765
D011,S010,O043,4,490,0.794044452,60,0.470149674,0.350184037,0.345788332,1,3.40304765
D011,S011,O054,4,490,0.794044452,29,0.443915181,0.25137144,0.497993332,6,3.40304765
D011,S012,O002,4,490,0.794044452,27,0.258752568,0.087770931,0.008640494,5,3.40304765
D011,S013,O001,4,490,0.794044452,277,0.102604459,0.043442589,0.194317089,68,3.40304765
D011,S014,O008,4,490,0.794044452,221,0.074747705,0.106527742,0.017441816,3,3.40304765
D011,S015,O015,4,490,0.794044452,209,0.451149983,0.236045833,0.154470026,51,3.40304765
D011,S016,O021,4,490,0.794044452,420,0.48022181,0.187407167,0.359386041,21,3.40304765
D011,S017,O082,4,490,0.794044452,165,0.435076568,0.000913393,0.024702354,3,3.40304765
D011,S018,O066,4,490,0.794044452,494,0.215122594,0.12849833,0.421195428,82,3.40304765
D011,S019,O089,4,490,0.794044452,65,0.160593613,0.12131002,0.43177507,4,3.40304765
D011,S020,O055,4,490,0.794044452,140,0.36567333,0.006141596,0.323833398,34,3.40304765
D011,S021,O019,4,490,0.794044452,346,0.328784836,0.382557414,0.459924272,20,3.40304765
D011,S022,O056,4,490,0.794044452,839,0.314045176,0.146767962,0.097912175,33,3.40304765
D011,S023,O085,4,490,0.794044452,121,0.235238901,0.36680338,0.28802825,18,3.40304765
D011,S024,O075,4,490,0.794044452,157,0.187375651,0.192115859,0.011697982,34,3.40304765
D011,S025,O006,4,490,0.794044452,612,0.351754303,0.257897057,0.260304956,90,3.40304765
D011,S026,O010,4,490,0.794044452,451,0.052883935,0.358161718,0.236761336,42,3.40304765
D011,S027,O080,4,490,0.794044452,42,0.40076867,0.158141091,0.247798621,9,3.40304765
D011,S028,O011,4,490,0.794044452,74,0.144332149,0.165813474,0.385639579,14,3.40304765
D011,S029,O086,4,490,0.794044452,982,0.199347615,0.312135777,0.001921653,110,3.40304765
D011,S030,O049,4,490,0.794044452,167,0.088317626,0.338602146,0.450648463,15,3.40304765
D011,S031,O038,4,490,0.794044452,541,0.023426649,0.269227699,0.314041207,106,3.40304765
D011,S032,O095,4,490,0.794044452,737,0.275444304,0.049819636,0.213727811,96,3.40304765
D012,S001,O040,6,271,0.558762734,22,0.132312725,0.387023034,0.48640877,1,4.329895727
D012,S002,O081,6,271,0.558762734,625,0.489155662,0.075116015,0.08373988,87,4.329895727
D012,S003,O024,6,271,0.558762734,558,0.01340343,0.303476888,0.066234207,102,4.329895727
D012,S004,O048,6,271,0.558762734,23,0.00021805,0.028031124,0.277887063,4,4.329895727
D012,S005,O061,6,271,0.558762734,504,0.370505912,0.3328803,0.491272741,97,4.329895727
D012,S006,O045,6,271,0.558762734,38,0.251921878,0.260723642,0.043585928,1,4.329895727
D012,S007,O069,6,271,0.558762734,761,0.152114511,0.215299072,0.367977204,1,4.329895727
D012,S008,O092,6,271,0.558762734,96,0.418898266,0.008705234,0.425829723,10,4.329895727
D012,S009,O074,6,271,0.558762734,27,0.164642573,0.30767454,0.244719524,6,4.329895727
D012,S010,O043,6,271,0.558762734,60,0.470149674,0.350184037,0.345788332,1,4.329895727
D012,S011,O054,6,271,0.558762734,29,0.443915181,0.25137144,0.497993332,6,4.329895727
D012,S012,O002,6,271,0.558762734,27,0.258752568,0.087770931,0.008640494,5,4.329895727
D012,S013,O001,6,271,0.558762734,277,0.102604459,0.043442589,0.194317089,68,4.329895727
D012,S014,O008,6,271,0.558762734,221,0.074747705,0.106527742,0.017441816,3,4.329895727
D012,S015,O015,6,271,0.558762734,209,0.451149983,0.236045833,0.154470026,51,4.329895727
D012,S016,O021,6,271,0.558762734,420,0.48022181,0.187407167,0.359386041,21,4.329895727
D012,S017,O082,6,271,0.558762734,165,0.435076568,0.000913393,0.024702354,3,4.329895727
D012,S018,O066,6,271,0.558762734,494,0.215122594,0.12849833,0.421195428,82,4.329895727
D012,S019,O089,6,271,0.558762734,65,0.160593613,0.12131002,0.43177507,4,4.329895727
D012,S020,O055,6,271,0.558762734,140,0.36567333,0.006141596,0.323833398,34,4.329895727
D012,S021,O019,6,271,0.558762734,346,0.328784836,0.382557414,0.459924272,20,4.329895727
D012,S022,O056,6,271,0.558762734,839,0.314045176,0.146767962,0.097912175,33,4.329895727
D012,S023,O085,6,271,0.558762734,121,0.235238901,0.36680338,0.28802825,18,4.329895727
D012,S024,O075,6,271,0.558762734,157,0.187375651,0.192115859,0.011697982,34,4.329895727
D012,S025,O006,6,271,0.558762734,612,0.351754303,0.257897057,0.260304956,90,4.329895727
D012,S026,O010,6,271,0.558762734,451,0.052883935,0.358161718,0.236761336,42,4.329895727
D012,S027,O080,6,271,0.558762734,42,0.40076867,0.158141091,0.247798621,9,4.329895727
D012,S028,O011,6,271,0.558762734,74,0.144332149,0.165813474,0.385639579,14,4.329895727
D012,S029,O086,6,271,0.558762734,982,0.199347615,0.312135777,0.001921653,110,4.329895727
D012,S030,O049,6,271,0.558762734,167,0.088317626,0.338602146,0.450648463,15,4.329895727
D012,S031,O038,6,271,0.558762734,541,0.023426649,0.269227699,0.314041207,106,4.329895727
D012,S032,O095,6,271,0.558762734,737,0.275444304,0.049819636,0.213727811,96,4.329895727
D013,S001,O040,3,199,0.306535686,22,0.132312725,0.387023034,0.48640877,1,3.234798699
D013,S002,O081,3,199,0.306535686,625,0.489155662,0.075116015,0.08373988,87,3.234798699
D013,S003,O024,3,199,0.306535686,558,0.01340343,0.303476888,0.066234207,102,3.234798699
D013,S004,O048,3,199,0.306535686,23,0.00021805,0.028031124,0.277887063,4,3.234798699
D013,S005,O061,3,199,0.306535686,504,0.370505912,0.3328803,0.491272741,97,3.234798699
D013,S006,O045,3,199,0.306535686,38,0.251921878,0.260723642,0.043585928,1,3.234798699
D013,S007,O069,3,199,0.306535686,761,0.152114511,0.215299072,0.367977204,1,3.234798699
D013,S008,O092,3,199,0.306535686,96,0.418898266,0.008705234,0.425829723,10,3.234798699
D013,S009,O074,3,199,0.306535686,27,0.164642573,0.30767454,0.244719524,6,3.234798699
D013,S010,O043,3,199,0.306535686,60,0.470149674,0.350184037,0.345788332,1,3.234798699
D013,S011,O054,3,199,0.306535686,29,0.443915181,0.25137144,0.497993332,6,3.234798699
D013,S012,O002,3,199,0.306535686,27,0.258752568,0.087770931,0.008640494,5,3.234798699
D013,S013,O001,3,199,0.306535686,277,0.102604459,0.043442589,0.194317089,68,3.234798699
D013,S014,O008,3,199,0.306535686,221,0.074747705,0.106527742,0.017441816,3,3.234798699
D013,S015,O015,3,199,0.306535686,209,0.451149983,0.236045833,0.154470026,51,3.234798699
D013,S016,O021,3,199,0.306535686,420,0.48022181,0.187407167,0.359386041,21,3.234798699
D013,S017,O082,3,199,0.306535686,165,0.435076568,0.000913393,0.024702354,3,3.234798699
D013,S018,O066,3,199,0.306535686,494,0.215122594,0.12849833,0.421195428,82,3.234798699
D013,S019,O089,3,199,0.306535686,65,0.160593613,0.12131002,0.43177507,4,3.234798699
D013,S020,O055,3,199,0.306535686,140,0.36567333,0.006141596,0.323833398,34,3.234798699
D013,S021,O019,3,199,0.306535686,346,0.328784836,0.382557414,0.459924272,20,3.234798699
D013,S022,O056,3,199,0.306535686,839,0.314045176,0.146767962,0.097912175,33,3.234798699
D013,S023,O085,3,199,0.306535686,121,0.235238901,0.36680338,0.28802825,18,3.234798699
D013,S024,O075,3,199,0.306535686,157,0.187375651,0.192115859,0.011697982,34,3.234798699
D013,S025,O006,3,199,0.306535686,612,0.351754303,0.257897057,0.260304956,90,3.234798699
D013,S026,O010,3,199,0.306535686,451,0.052883935,0.358161718,0.236761336,42,3.234798699
D013,S027,O080,3,199,0.306535686,42,0.40076867,0.158141091,0.247798621,9,3.234798699
D013,S028,O011,3,199,0.306535686,74,0.144332149,0.165813474,0.385639579,14,3.234798699
D013,S029,O086,3,199,0.306535686,982,0.199347615,0.312135777,0.001921653,110,3.234798699
D013,S030,O049,3,199,0.306535686,167,0.088317626,0.338602146,0.450648463,15,3.234798699
D013,S031,O038,3,199,0.306535686,541,0.023426649,0.269227699,0.314041207,106,3.234798699
D013,S032,O095,3,199,0.306535686,737,0.275444304,0.049819636,0.213727811,96,3.234798699
D014,S001,O040,7,749,0.675783574,22,0.132312725,0.387023034,0.48640877,1,1.894720302
D014,S002,O081,7,749,0.675783574,625,0.489155662,0.075116015,0.08373988,87,1.894720302
D014,S003,O024,7,749,0.675783574,558,0.01340343,0.303476888,0.066234207,102,1.894720302
D014,S004,O048,7,749,0.675783574,23,0.00021805,0.028031124,0.277887063,4,1.894720302
D014,S005,O061,7,749,0.675783574,504,0.370505912,0.3328803,0.491272741,97,1.894720302
D014,S006,O045,7,749,0.675783574,38,0.251921878,0.260723642,0.043585928,1,1.894720302
D014,S007,O069,7,749,0.675783574,761,0.152114511,0.215299072,0.367977204,1,1.894720302
D014,S008,O092,7,749,0.675783574,96,0.418898266,0.008705234,0.425829723,10,1.894720302
D014,S009,O074,7,749,0.675783574,27,0.164642573,0.30767454,0.244719524,6,1.894720302
D014,S010,O043,7,749,0.675783574,60,0.470149674,0.350184037,0.345788332,1,1.894720302
D014,S011,O054,7,749,0.675783574,29,0.443915181,0.25137144,0.497993332,6,1.894720302
D014,S012,O002,7,749,0.675783574,27,0.258752568,0.087770931,0.008640494,5,1.894720302
D014,S013,O001,7,749,0.675783574,277,0.102604459,0.043442589,0.194317089,68,1.894720302
D014,S014,O008,7,749,0.675783574,221,0.074747705,0.106527742,0.017441816,3,1.894720302
D014,S015,O015,7,749,0.675783574,209,0.451149983,0.236045833,0.154470026,51,1.894720302
D014,S016,O021,7,749,0.675783574,420,0.48022181,0.187407167,0.359386041,21,1.894720302
D014,S017,O082,7,749,0.675783574,165,0.435076568,0.000913393,0.024702354,3,1.894720302
D014,S018,O066,7,749,0.675783574,494,0.215122594,0.12849833,0.421195428,82,1.894720302
D014,S019,O089,7,749,0.675783574,65,0.160593613,0.12131002,0.43177507,4,1.894720302
D014,S020,O055,7,749,0.675783574,140,0.36567333,0.006141596,0.323833398,34,1.894720302
D014,S021,O019,7,749,0.675783574,346,0.328784836,0.382557414,0.459924272,20,1.894720302
D014,S022,O056,7,749,0.675783574,839,0.314045176,0.146767962,0.097912175,33,1.894720302
D014,S023,O085,7,749,0.675783574,121,0.235238901,0.36680338,0.28802825,18,1.894720302
D014,S024,O075,7,749,0.675783574,157,0.187375651,0.192115859,0.011697982,34,1.894720302
D014,S025,O006,7,749,0.675783574,612,0.351754303,0.257897057,0.260304956,90,1.894720302
D014,S026,O010,7,749,0.675783574,451,0.052883935,0.358161718,0.236761336,42,1.894720302
D014,S027,O080,7,749,0.675783574,42,0.40076867,0.158141091,0.247798621,9,1.894720302
D014,S028,O011,7,749,0.675783574,74,0.144332149,0.165813474,0.385639579,14,1.894720302
D014,S029,O086,7,749,0.675783574,982,0.199347615,0.312135777,0.001921653,110,1.894720302
D014,S030,O049,7,749,0.675783574,167,0.088317626,0.338602146,0.450648463,15,1.894720302
D014,S031,O038,7,749,0.675783574,541,0.023426649,0.269227699,0.314041207,106,1.894720302
D014,S032,O095,7,749,0.675783574,737,0.275444304,0.049819636,0.213727811,96,1.894720302
D015,S001,O040,8,297,0.769641294,22,0.132312725,0.387023034,0.48640877,1,5.441908139
D015,S002,O081,8,297,0.769641294,625,0.489155662,0.075116015,0.08373988,87,5.441908139
D015,S003,O024,8,297,0.769641294,558,0.01340343,0.303476888,0.066234207,102,5.441908139
D015,S004,O048,8,297,0.769641294,23,0.00021805,0.028031124,0.277887063,4,5.441908139
D015,S005,O061,8,297,0.769641294,504,0.370505912,0.3328803,0.491272741,97,5.441908139
D015,S006,O045,8,297,0.769641294,38,0.251921878,0.260723642,0.043585928,1,5.441908139
D015,S007,O069,8,297,0.769641294,761,0.152114511,0.215299072,0.367977204,1,5.441908139
D015,S008,O092,8,297,0.769641294,96,0.418898266,0.008705234,0.425829723,10,5.441908139
D015,S009,O074,8,297,0.769641294,27,0.164642573,0.30767454,0.244719524,6,5.441908139
D015,S010,O043,8,297,0.769641294,60,0.470149674,0.350184037,0.345788332,1,5.441908139
D015,S011,O054,8,297,0.769641294,29,0.443915181,0.25137144,0.497993332,6,5.441908139
D015,S012,O002,8,297,0.769641294,27,0.258752568,0.087770931,0.008640494,5,5.441908139
D015,S013,O001,8,297,0.769641294,277,0.102604459,0.043442589,0.194317089,68,5.441908139
D015,S014,O008,8,297,0.769641294,221,0.074747705,0.106527742,0.017441816,3,5.441908139
D015,S015,O015,8,297,0.769641294,209,0.451149983,0.236045833,0.154470026,51,5.441908139
D015,S016,O021,8,297,0.769641294,420,0.48022181,0.187407167,0.359386041,21,5.441908139
D015,S017,O082,8,297,0.769641294,165,0.435076568,0.000913393,0.024702354,3,5.441908139
D015,S018,O066,8,297,0.769641294,494,0.215122594,0.12849833,0.421195428,82,5.441908139
D015,S019,O089,8,297,0.769641294,65,0.160593613,0.12131002,0.43177507,4,5.441908139
D015,S020,O055,8,297,0.769641294,140,0.36567333,0.006141596,0.323833398,34,5.441908139
D015,S021,O019,8,297,0.769641294,346,0.328784836,0.382557414,0.459924272,20,5.441908139
D015,S022,O056,8,297,0.769641294,839,0.314045176,0.146767962,0.097912175,33,5.441908139
D015,S023,O085,8,297,0.769641294,121,0.235238901,0.36680338,0.28802825,18,5.441908139
D015,S024,O075,8,297,0.769641294,157,0.187375651,0.192115859,0.011697982,34,5.441908139
D015,S025,O006,8,297,0.769641294,612,0.351754303,0.257897057,0.260304956,90,5.441908139
D015,S026,O010,8,297,0.769641294,451,0.052883935,0.358161718,0.236761336,42,5.441908139
D015,S027,O080,8,297,0.769641294,42,0.40076867,0.158141091,0.247798621,9,5.441908139
D015,S028,O011,8,297,0.769641294,74,0.144332149,0.165813474,0.385639579,14,5.441908139
D015,S029,O086,8,297,0.769641294,982,0.199347615,0.312135777,0.001921653,110,5.441908139
D015,S030,O049,8,297,0.769641294,167,0.088317626,0.338602146,0.450648463,15,5.441908139
D015,S031,O038,8,297,0.769641294,541,0.023426649,0.269227699,0.314041207,106,5.441908139
D015,S032,O095,8,297,0.769641294,737,0.275444304,0.049819636,0.213727811,96,5.441908139
D016,S001,O040,5,172,1.125620781,22,0.132312725,0.387023034,0.48640877,1,13.74304442
D016,S002,O081,5,172,1.125620781,625,0.489155662,0.075116015,0.08373988,87,13.74304442
D016,S003,O024,5,172,1.125620781,558,0.01340343,0.303476888,0.066234207,102,13.74304442
D016,S004,O048,5,172,1.125620781,23,0.00021805,0.028031124,0.277887063,4,13.74304442
D016,S005,O061,5,172,1.125620781,504,0.370505912,0.3328803,0.491272741,97,13.74304442
D016,S006,O045,5,172,1.125620781,38,0.251921878,0.260723642,0.043585928,1,13.74304442
D016,S007,O069,5,172,1.125620781,761,0.152114511,0.215299072,0.367977204,1,13.74304442
D016,S008,O092,5,172,1.125620781,96,0.418898266,0.008705234,0.425829723,10,13.74304442
D016,S009,O074,5,172,1.125620781,27,0.164642573,0.30767454,0.244719524,6,13.74304442
D016,S010,O043,5,172,1.125620781,60,0.470149674,0.350184037,0.345788332,1,13.74304442
D016,S011,O054,5,172,1.125620781,29,0.443915181,0.25137144,0.497993332,6,13.74304442
D016,S012,O002,5,172,1.125620781,27,0.258752568,0.087770931,0.008640494,5,13.74304442
D016,S013,O001,5,172,1.125620781,277,0.102604459,0.043442589,0.194317089,68,13.74304442
D016,S014,O008,5,172,1.125620781,221,0.074747705,0.106527742,0.017441816,3,13.74304442
D016,S015,O015,5,172,1.125620781,209,0.451149983,0.236045833,0.154470026,51,13.74304442
D016,S016,O021,5,172,1.125620781,420,0.48022181,0.187407167,0.359386041,21,13.74304442
D016,S017,O082,5,172,1.125620781,165,0.435076568,0.000913393,0.024702354,3,13.74304442
D016,S018,O066,5,172,1.125620781,494,0.215122594,0.12849833,0.421195428,82,13.74304442
D016,S019,O089,5,172,1.125620781,65,0.160593613,0.12131002,0.43177507,4,13.74304442
D016,S020,O055,5,172,1.125620781,140,0.36567333,0.006141596,0.323833398,34,13.74304442
D016,S021,O019,5,172,1.125620781,346,0.328784836,0.382557414,0.459924272,20,13.74304442
D016,S022,O056,5,172,1.125620781,839,0.314045176,0.146767962,0.097912175,33,13.74304442
D016,S023,O085,5,172,1.125620781,121,0.235238901,0.36680338,0.28802825,18,13.74304442
D016,S024,O075,5,172,1.125620781,157,0.187375651,0.192115859,0.011697982,34,13.74304442
D016,S025,O006,5,172,1.125620781,612,0.351754303,0.257897057,0.260304956,90,13.74304442
D016,S026,O010,5,172,1.125620781,451,0.052883935,0.358161718,0.236761336,42,13.74304442
D016,S027,O080,5,172,1.125620781,42,0.40076867,0.158141091,0.247798621,9,13.74304442
D016,S028,O011,5,172,1.125620781,74,0.144332149,0.165813474,0.385639579,14,13.74304442
D016,S029,O086,5,172,1.125620781,982,0.199347615,0.312135777,0.001921653,110,13.74304442
D016,S030,O049,5,172,1.125620781,167,0.088317626,0.338602146,0.450648463,15,13.74304442
D016,S031,O038,5,172,1.125620781,541,0.023426649,0.269227699,0.314041207,106,13.74304442
D016,S032,O095,5,172,1.125620781,737,0.275444304,0.049819636,0.213727811,96,13.74304442
D017,S001,O040,1,264,0.535990306,22,0.132312725,0.387023034,0.48640877,1,4.263559254
D017,S002,O081,1,264,0.535990306,625,0.489155662,0.075116015,0.08373988,87,4.263559254
D017,S003,O024,1,264,0.535990306,558,0.01340343,0.303476888,0.066234207,102,4.263559254
D017,S004,O048,1,264,0.535990306,23,0.00021805,0.028031124,0.277887063,4,4.263559254
D017,S005,O061,1,264,0.535990306,504,0.370505912,0.3328803,0.491272741,97,4.263559254
D017,S006,O045,1,264,0.535990306,38,0.251921878,0.260723642,0.043585928,1,4.263559254
D017,S007,O069,1,264,0.535990306,761,0.152114511,0.215299072,0.367977204,1,4.263559254
D017,S008,O092,1,264,0.535990306,96,0.418898266,0.008705234,0.425829723,10,4.263559254
D017,S009,O074,1,264,0.535990306,27,0.164642573,0.30767454,0.244719524,6,4.263559254
D017,S010,O043,1,264,0.535990306,60,0.470149674,0.350184037,0.345788332,1,4.263559254
D017,S011,O054,1,264,0.535990306,29,0.443915181,0.25137144,0.497993332,6,4.263559254
D017,S012,O002,1,264,0.535990306,27,0.258752568,0.087770931,0.008640494,5,4.263559254
D017,S013,O001,1,264,0.535990306,277,0.102604459,0.043442589,0.194317089,68,4.263559254
D017,S014,O008,1,264,0.535990306,221,0.074747705,0.106527742,0.017441816,3,4.263559254
D017,S015,O015,1,264,0.535990306,209,0.451149983,0.236045833,0.154470026,51,4.263559254
D017,S016,O021,1,264,0.535990306,420,0.48022181,0.187407167,0.359386041,21,4.263559254
D017,S017,O082,1,264,0.535990306,165,0.435076568,0.000913393,0.024702354,3,4.263559254
D017,S018,O066,1,264,0.535990306,494,0.215122594,0.12849833,0.421195428,82,4.263559254
D017,S019,O089,1,264,0.535990306,65,0.160593613,0.12131002,0.43177507,4,4.263559254
D017,S020,O055,1,264,0.535990306,140,0.36567333,0.006141596,0.323833398,34,4.263559254
D017,S021,O019,1,264,0.535990306,346,0.328784836,0.382557414,0.459924272,20,4.263559254
D017,S022,O056,1,264,0.535990306,839,0.314045176,0.146767962,0.097912175,33,4.263559254
D017,S023,O085,1,264,0.535990306,121,0.235238901,0.36680338,0.28802825,18,4.263559254
D017,S024,O075,1,264,0.535990306,157,0.187375651,0.192115859,0.011697982,34,4.263559254
D017,S025,O006,1,264,0.535990306,612,0.351754303,0.257897057,0.260304956,90,4.263559254
D017,S026,O010,1,264,0.535990306,451,0.052883935,0.358161718,0.236761336,42,4.263559254
D017,S027,O080,1,264,0.535990306,42,0.40076867,0.158141091,0.247798621,9,4.263559254
D017,S028,O011,1,264,0.535990306,74,0.144332149,0.165813474,0.385639579,14,4.263559254
D017,S029,O086,1,264,0.535990306,982,0.199347615,0.312135777,0.001921653,110,4.263559254
D017,S030,O049,1,264,0.535990306,167,0.088317626,0.338602146,0.450648463,15,4.263559254
D017,S031,O038,1,264,0.535990306,541,0.023426649,0.269227699,0.314041207,106,4.263559254
D017,S032,O095,1,264,0.535990306,737,0.275444304,0.049819636,0.213727811,96,4.263559254
D018,S001,O040,2,309,2.478705756,22,0.132312725,0.387023034,0.48640877,1,16.8455731
D018,S002,O081,2,309,2.478705756,625,0.489155662,0.075116015,0.08373988,87,16.8455731
D018,S003,O024,2,309,2.478705756,558,0.01340343,0.303476888,0.066234207,102,16.8455731
D018,S004,O048,2,309,2.478705756,23,0.00021805,0.028031124,0.277887063,4,16.8455731
D018,S005,O061,2,309,2.478705756,504,0.370505912,0.3328803,0.491272741,97,16.8455731
D018,S006,O045,2,309,2.478705756,38,0.251921878,0.260723642,0.043585928,1,16.8455731
D018,S007,O069,2,309,2.478705756,761,0.152114511,0.215299072,0.367977204,1,16.8455731
D018,S008,O092,2,309,2.478705756,96,0.418898266,0.008705234,0.425829723,10,16.8455731
D018,S009,O074,2,309,2.478705756,27,0.164642573,0.30767454,0.244719524,6,16.8455731
D018,S010,O043,2,309,2.478705756,60,0.470149674,0.350184037,0.345788332,1,16.8455731
D018,S011,O054,2,309,2.478705756,29,0.443915181,0.25137144,0.497993332,6,16.8455731
D018,S012,O002,2,309,2.478705756,27,0.258752568,0.087770931,0.008640494,5,16.8455731
D018,S013,O001,2,309,2.478705756,277,0.102604459,0.043442589,0.194317089,68,16.8455731
D018,S014,O008,2,309,2.478705756,221,0.074747705,0.106527742,0.017441816,3,16.8455731
D018,S015,O015,2,309,2.478705756,209,0.451149983,0.236045833,0.154470026,51,16.8455731
D018,S016,O021,2,309,2.478705756,420,0.48022181,0.187407167,0.359386041,21,16.8455731
D018,S017,O082,2,309,2.478705756,165,0.435076568,0.000913393,0.024702354,3,16.8455731
D018,S018,O066,2,309,2.478705756,494,0.215122594,0.12849833,0.421195428,82,16.8455731
D018,S019,O089,2,309,2.478705756,65,0.160593613,0.12131002,0.43177507,4,16.8455731
D018,S020,O055,2,309,2.478705756,140,0.36567333,0.006141596,0.323833398,34,16.8455731
D018,S021,O019,2,309,2.478705756,346,0.328784836,0.382557414,0.459924272,20,16.8455731
D018,S022,O056,2,309,2.478705756,839,0.314045176,0.146767962,0.097912175,33,16.8455731
D018,S023,O085,2,309,2.478705756,121,0.235238901,0.36680338,0.28802825,18,16.8455731
D018,S024,O075,2,309,2.478705756,157,0.187375651,0.192115859,0.011697982,34,16.8455731
D018,S025,O006,2,309,2.478705756,612,0.351754303,0.257897057,0.260304956,90,16.8455731
D018,S026,O010,2,309,2.478705756,451,0.052883935,0.358161718,0.236761336,42,16.8455731
D018,S027,O080,2,309,2.478705756,42,0.40076867,0.158141091,0.247798621,9,16.8455731
D018,S028,O011,2,309,2.478705756,74,0.144332149,0.165813474,0.385639579,14,16.8455731
D018,S029,O086,2,309,2.478705756,982,0.199347615,0.312135777,0.001921653,110,16.8455731
D018,S030,O049,2,309,2.478705756,167,0.088317626,0.338602146,0.450648463,15,16.8455731
D018,S031,O038,2,309,2.478705756,541,0.023426649,0.269227699,0.314041207,106,16.8455731
D018,S032,O095,2,309,2.478705756,737,0.275444304,0.049819636,0.213727811,96,16.8455731
D019,S001,O040,3,893,0.725912767,22,0.132312725,0.387023034,0.48640877,1,1.707073697
D019,S002,O081,3,893,0.725912767,625,0.489155662,0.075116015,0.08373988,87,1.707073697
D019,S003,O024,3,893,0.725912767,558,0.01340343,0.303476888,0.066234207,102,1.707073697
D019,S004,O048,3,893,0.725912767,23,0.00021805,0.028031124,0.277887063,4,1.707073697
D019,S005,O061,3,893,0.725912767,504,0.370505912,0.3328803,0.491272741,97,1.707073697
D019,S006,O045,3,893,0.725912767,38,0.251921878,0.260723642,0.043585928,1,1.707073697
D019,S007,O069,3,893,0.725912767,761,0.152114511,0.215299072,0.367977204,1,1.707073697
D019,S008,O092,3,893,0.725912767,96,0.418898266,0.008705234,0.425829723,10,1.707073697
D019,S009,O074,3,893,0.725912767,27,0.164642573,0.30767454,0.244719524,6,1.707073697
D019,S010,O043,3,893,0.725912767,60,0.470149674,0.350184037,0.345788332,1,1.707073697
D019,S011,O054,3,893,0.725912767,29,0.443915181,0.25137144,0.497993332,6,1.707073697
D019,S012,O002,3,893,0.725912767,27,0.258752568,0.087770931,0.008640494,5,1.707073697
D019,S013,O001,3,893,0.725912767,277,0.102604459,0.043442589,0.194317089,68,1.707073697
D019,S014,O008,3,893,0.725912767,221,0.074747705,0.106527742,0.017441816,3,1.707073697
D019,S015,O015,3,893,0.725912767,209,0.451149983,0.236045833,0.154470026,51,1.707073697
D019,S016,O021,3,893,0.725912767,420,0.48022181,0.187407167,0.359386041,21,1.707073697
D019,S017,O082,3,893,0.725912767,165,0.435076568,0.000913393,0.024702354,3,1.707073697
D019,S018,O066,3,893,0.725912767,494,0.215122594,0.12849833,0.421195428,82,1.707073697
D019,S019,O089,3,893,0.725912767,65,0.160593613,0.12131002,0.43177507,4,1.707073697
D019,S020,O055,3,893,0.725912767,140,0.36567333,0.006141596,0.323833398,34,1.707073697
D019,S021,O019,3,893,0.725912767,346,0.328784836,0.382557414,0.459924272,20,1.707073697
D019,S022,O056,3,893,0.725912767,839,0.314045176,0.146767962,0.097912175,33,1.707073697
D019,S023,O085,3,893,0.725912767,121,0.235238901,0.36680338,0.28802825,18,1.707073697
D019,S024,O075,3,893,0.725912767,157,0.187375651,0.192115859,0.011697982,34,1.707073697
D019,S025,O006,3,893,0.725912767,612,0.351754303,0.257897057,0.260304956,90,1.707073697
D019,S026,O010,3,893,0.725912767,451,0.052883935,0.358161718,0.236761336,42,1.707073697
D019,S027,O080,3,893,0.725912767,42,0.40076867,0.158141091,0.247798621,9,1.707073697
D019,S028,O011,3,893,0.725912767,74,0.144332149,0.165813474,0.385639579,14,1.707073697
D019,S029,O086,3,893,0.725912767,982,0.199347615,0.312135777,0.001921653,110,1.707073697
D019,S030,O049,3,893,0.725912767,167,0.088317626,0.338602146,0.450648463,15,1.707073697
D019,S031,O038,3,893,0.725912767,541,0.023426649,0.269227699,0.314041207,106,1.707073697
D019,S032,O095,3,893,0.725912767,737,0.275444304,0.049819636,0.213727811,96,1.707073697
D020,S001,O040,6,186,1.119170373,22,0.132312725,0.387023034,0.48640877,1,12.63579453
D020,S002,O081,6,186,1.119170373,625,0.489155662,0.075116015,0.08373988,87,12.63579453
D020,S003,O024,6,186,1.119170373,558,0.01340343,0.303476888,0.066234207,102,12.63579453
D020,S004,O048,6,186,1.119170373,23,0.00021805,0.028031124,0.277887063,4,12.63579453
D020,S005,O061,6,186,1.119170373,504,0.370505912,0.3328803,0.491272741,97,12.63579453
D020,S006,O045,6,186,1.119170373,38,0.251921878,0.260723642,0.043585928,1,12.63579453
D020,S007,O069,6,186,1.119170373,761,0.152114511,0.215299072,0.367977204,1,12.63579453
D020,S008,O092,6,186,1.119170373,96,0.418898266,0.008705234,0.425829723,10,12.63579453
D020,S009,O074,6,186,1.119170373,27,0.164642573,0.30767454,0.244719524,6,12.63579453
D020,S010,O043,6,186,1.119170373,60,0.470149674,0.350184037,0.345788332,1,12.63579453
D020,S011,O054,6,186,1.119170373,29,0.443915181,0.25137144,0.497993332,6,12.63579453
D020,S012,O002,6,186,1.119170373,27,0.258752568,0.087770931,0.008640494,5,12.63579453
D020,S013,O001,6,186,1.119170373,277,0.102604459,0.043442589,0.194317089,68,12.63579453
D020,S014,O008,6,186,1.119170373,221,0.074747705,0.106527742,0.017441816,3,12.63579453
D020,S015,O015,6,186,1.119170373,209,0.451149983,0.236045833,0.154470026,51,12.63579453
D020,S016,O021,6,186,1.119170373,420,0.48022181,0.187407167,0.359386041,21,12.63579453
D020,S017,O082,6,186,1.119170373,165,0.435076568,0.000913393,0.024702354,3,12.63579453
D020,S018,O066,6,186,1.119170373,494,0.215122594,0.12849833,0.421195428,82,12.63579453
D020,S019,O089,6,186,1.119170373,65,0.160593613,0.12131002,0.43177507,4,12.63579453
D020,S020,O055,6,186,1.119170373,140,0.36567333,0.006141596,0.323833398,34,12.63579453
D020,S021,O019,6,186,1.119170373,346,0.328784836,0.382557414,0.459924272,20,12.63579453
D020,S022,O056,6,186,1.119170373,839,0.314045176,0.146767962,0.097912175,33,12.63579453
D020,S023,O085,6,186,1.119170373,121,0.235238901,0.36680338,0.28802825,18,12.63579453
D020,S024,O075,6,186,1.119170373,157,0.187375651,0.192115859,0.011697982,34,12.63579453
D020,S025,O006,6,186,1.119170373,612,0.351754303,0.257897057,0.260304956,90,12.63579453
D020,S026,O010,6,186,1.119170373,451,0.052883935,0.358161718,0.236761336,42,12.63579453
D020,S027,O080,6,186,1.119170373,42,0.40076867,0.158141091,0.247798621,9,12.63579453
D020,S028,O011,6,186,1.119170373,74,0.144332149,0.165813474,0.385639579,14,12.63579453
D020,S029,O086,6,186,1.119170373,982,0.199347615,0.312135777,0.001921653,110,12.63579453
D020,S030,O049,6,186,1.119170373,167,0.088317626,0.338602146,0.450648463,15,12.63579453
D020,S031,O038,6,186,1.119170373,541,0.023426649,0.269227699,0.314041207,106,12.63579453
D020,S032,O095,6,186,1.119170373,737,0.275444304,0.049819636,0.213727811,96,12.63579453
D021,S001,O040,3,997,1.249089371,22,0.132312725,0.387023034,0.48640877,1,2.630980622
D021,S002,O081,3,997,1.249089371,625,0.489155662,0.075116015,0.08373988,87,2.630980622
D021,S003,O024,3,997,1.249089371,558,0.01340343,0.303476888,0.066234207,102,2.630980622
D021,S004,O048,3,997,1.249089371,23,0.00021805,0.028031124,0.277887063,4,2.630980622
D021,S005,O061,3,997,1.249089371,504,0.370505912,0.3328803,0.491272741,97,2.630980622
D021,S006,O045,3,997,1.249089371,38,0.251921878,0.260723642,0.043585928,1,2.630980622
D021,S007,O069,3,997,1.249089371,761,0.152114511,0.215299072,0.367977204,1,2.630980622
D021,S008,O092,3,997,1.249089371,96,0.418898266,0.008705234,0.425829723,10,2.630980622
D021,S009,O074,3,997,1.249089371,27,0.164642573,0.30767454,0.244719524,6,2.630980622
D021,S010,O043,3,997,1.249089371,60,0.470149674,0.350184037,0.345788332,1,2.630980622
D021,S011,O054,3,997,1.249089371,29,0.443915181,0.25137144,0.497993332,6,2.630980622
D021,S012,O002,3,997,1.249089371,27,0.258752568,0.087770931,0.008640494,5,2.630980622
D021,S013,O001,3,997,1.249089371,277,0.102604459,0.043442589,0.194317089,68,2.630980622
D021,S014,O008,3,997,1.249089371,221,0.074747705,0.106527742,0.017441816,3,2.630980622
D021,S015,O015,3,997,1.249089371,209,0.451149983,0.236045833,0.154470026,51,2.630980622
D021,S016,O021,3,997,1.249089371,420,0.48022181,0.187407167,0.359386041,21,2.630980622
D021,S017,O082,3,997,1.249089371,165,0.435076568,0.000913393,0.024702354,3,2.630980622
D021,S018,O066,3,997,1.249089371,494,0.215122594,0.12849833,0.421195428,82,2.630980622
D021,S019,O089,3,997,1.249089371,65,0.160593613,0.12131002,0.43177507,4,2.630980622
D021,S020,O055,3,997,1.249089371,140,0.36567333,0.006141596,0.323833398,34,2.630980622
D021,S021,O019,3,997,1.249089371,346,0.328784836,0.382557414,0.459924272,20,2.630980622
D021,S022,O056,3,997,1.249089371,839,0.314045176,0.146767962,0.097912175,33,2.630980622
D021,S023,O085,3,997,1.249089371,121,0.235238901,0.36680338,0.28802825,18,2.630980622
D021,S024,O075,3,997,1.249089371,157,0.187375651,0.192115859,0.011697982,34,2.630980622
D021,S025,O006,3,997,1.249089371,612,0.351754303,0.257897057,0.260304956,90,2.630980622
D021,S026,O010,3,997,1.249089371,451,0.052883935,0.358161718,0.236761336,42,2.630980622
D021,S027,O080,3,997,1.249089371,42,0.40076867,0.158141091,0.247798621,9,2.630980622
D021,S028,O011,3,997,1.249089371,74,0.144332149,0.165813474,0.385639579,14,2.630980622
D021,S029,O086,3,997,1.249089371,982,0.199347615,0.312135777,0.001921653,110,2.630980622
D021,S030,O049,3,997,1.249089371,167,0.088317626,0.338602146,0.450648463,15,2.630980622
D021,S031,O038,3,997,1.249089371,541,0.023426649,0.269227699,0.314041207,106,2.630980622
D021,S032,O095,3,997,1.249089371,737,0.275444304,0.049819636,0.213727811,96,2.630980622
D022,S001,O040,7,488,1.596864304,22,0.132312725,0.387023034,0.48640877,1,6.871752128
D022,S002,O081,7,488,1.596864304,625,0.489155662,0.075116015,0.08373988,87,6.871752128
D022,S003,O024,7,488,1.596864304,558,0.01340343,0.303476888,0.066234207,102,6.871752128
D022,S004,O048,7,488,1.596864304,23,0.00021805,0.028031124,0.277887063,4,6.871752128
D022,S005,O061,7,488,1.596864304,504,0.370505912,0.3328803,0.491272741,97,6.871752128
D022,S006,O045,7,488,1.596864304,38,0.251921878,0.260723642,0.043585928,1,6.871752128
D022,S007,O069,7,488,1.596864304,761,0.152114511,0.215299072,0.367977204,1,6.871752128
D022,S008,O092,7,488,1.596864304,96,0.418898266,0.008705234,0.425829723,10,6.871752128
D022,S009,O074,7,488,1.596864304,27,0.164642573,0.30767454,0.244719524,6,6.871752128
D022,S010,O043,7,488,1.596864304,60,0.470149674,0.350184037,0.345788332,1,6.871752128
D022,S011,O054,7,488,1.596864304,29,0.443915181,0.25137144,0.497993332,6,6.871752128
D022,S012,O002,7,488,1.596864304,27,0.258752568,0.087770931,0.008640494,5,6.871752128
D022,S013,O001,7,488,1.596864304,277,0.102604459,0.043442589,0.194317089,68,6.871752128
D022,S014,O008,7,488,1.596864304,221,0.074747705,0.106527742,0.017441816,3,6.871752128
D022,S015,O015,7,488,1.596864304,209,0.451149983,0.236045833,0.154470026,51,6.871752128
D022,S016,O021,7,488,1.596864304,420,0.48022181,0.187407167,0.359386041,21,6.871752128
D022,S017,O082,7,488,1.596864304,165,0.435076568,0.000913393,0.024702354,3,6.871752128
D022,S018,O066,7,488,1.596864304,494,0.215122594,0.12849833,0.421195428,82,6.871752128
D022,S019,O089,7,488,1.596864304,65,0.160593613,0.12131002,0.43177507,4,6.871752128
D022,S020,O055,7,488,1.596864304,140,0.36567333,0.006141596,0.323833398,34,6.871752128
D022,S021,O019,7,488,1.596864304,346,0.328784836,0.382557414,0.459924272,20,6.871752128
D022,S022,O056,7,488,1.596864304,839,0.314045176,0.146767962,0.097912175,33,6.871752128
D022,S023,O085,7,488,1.596864304,121,0.235238901,0.36680338,0.28802825,18,6.871752128
D022,S024,O075,7,488,1.596864304,157,0.187375651,0.192115859,0.011697982,34,6.871752128
D022,S025,O006,7,488,1.596864304,612,0.351754303,0.257897057,0.260304956,90,6.871752128
D022,S026,O010,7,488,1.596864304,451,0.052883935,0.358161718,0.236761336,42,6.871752128
D022,S027,O080,7,488,1.596864304,42,0.40076867,0.158141091,0.247798621,9,6.871752128
D022,S028,O011,7,488,1.596864304,74,0.144332149,0.165813474,0.385639579,14,6.871752128
D022,S029,O086,7,488,1.596864304,982,0.199347615,0.312135777,0.001921653,110,6.871752128
D022,S030,O049,7,488,1.596864304,167,0.088317626,0.338602146,0.450648463,15,6.871752128
D022,S031,O038,7,488,1.596864304,541,0.023426649,0.269227699,0.314041207,106,6.871752128
D022,S032,O095,7,488,1.596864304,737,0.275444304,0.049819636,0.213727811,96,6.871752128
D023,S001,O040,5,134,6.115431566,22,0.132312725,0.387023034,0.48640877,1,95.83885291
D023,S002,O081,5,134,6.115431566,625,0.489155662,0.075116015,0.08373988,87,95.83885291
D023,S003,O024,5,134,6.115431566,558,0.01340343,0.303476888,0.066234207,102,95.83885291
D023,S004,O048,5,134,6.115431566,23,0.00021805,0.028031124,0.277887063,4,95.83885291
D023,S005,O061,5,134,6.115431566,504,0.370505912,0.3328803,0.491272741,97,95.83885291
D023,S006,O045,5,134,6.115431566,38,0.251921878,0.260723642,0.043585928,1,95.83885291
D023,S007,O069,5,134,6.115431566,761,0.152114511,0.215299072,0.367977204,1,95.83885291
D023,S008,O092,5,134,6.115431566,96,0.418898266,0.008705234,0.425829723,10,95.83885291
D023,S009,O074,5,134,6.115431566,27,0.164642573,0.30767454,0.244719524,6,95.83885291
D023,S010,O043,5,134,6.115431566,60,0.470149674,0.350184037,0.345788332,1,95.83885291
D023,S011,O054,5,134,6.115431566,29,0.443915181,0.25137144,0.497993332,6,95.83885291
D023,S012,O002,5,134,6.115431566,27,0.258752568,0.087770931,0.008640494,5,95.83885291
D023,S013,O001,5,134,6.115431566,277,0.102604459,0.043442589,0.194317089,68,95.83885291
D023,S014,O008,5,134,6.115431566,221,0.074747705,0.106527742,0.017441816,3,95.83885291
D023,S015,O015,5,134,6.115431566,209,0.451149983,0.236045833,0.154470026,51,95.83885291
D023,S016,O021,5,134,6.115431566,420,0.48022181,0.187407167,0.359386041,21,95.83885291
D023,S017,O082,5,134,6.115431566,165,0.435076568,0.000913393,0.024702354,3,95.83885291
D023,S018,O066,5,134,6.115431566,494,0.215122594,0.12849833,0.421195428,82,95.83885291
D023,S019,O089,5,134,6.115431566,65,0.160593613,0.12131002,0.43177507,4,95.83885291
D023,S020,O055,5,134,6.115431566,140,0.36567333,0.006141596,0.323833398,34,95.83885291
D023,S021,O019,5,134,6.115431566,346,0.328784836,0.382557414,0.459924272,20,95.83885291
D023,S022,O056,5,134,6.115431566,839,0.314045176,0.146767962,0.097912175,33,95.83885291
D023,S023,O085,5,134,6.115431566,121,0.235238901,0.36680338,0.28802825,18,95.83885291
D023,S024,O075,5,134,6.115431566,157,0.187375651,0.192115859,0.011697982,34,95.83885291
D023,S025,O006,5,134,6.115431566,612,0.351754303,0.257897057,0.260304956,90,95.83885291
D023,S026,O010,5,134,6.115431566,451,0.052883935,0.358161718,0.236761336,42,95.83885291
D023,S027,O080,5,134,6.115431566,42,0.40076867,0.158141091,0.247798621,9,95.83885291
D023,S028,O011,5,134,6.115431566,74,0.144332149,0.165813474,0.385639579,14,95.83885291
D023,S029,O086,5,134,6.115431566,982,0.199347615,0.312135777,0.001921653,110,95.83885291
D023,S030,O049,5,134,6.115431566,167,0.088317626,0.338602146,0.450648463,15,95.83885291
D023,S031,O038,5,134,6.115431566,541,0.023426649,0.269227699,0.314041207,106,95.83885291
D023,S032,O095,5,134,6.115431566,737,0.275444304,0.049819636,0.213727811,96,95.83885291
D024,S001,O040,8,72,0.946451147,22,0.132312725,0.387023034,0.48640877,1,27.60482511
D024,S002,O081,8,72,0.946451147,625,0.489155662,0.075116015,0.08373988,87,27.60482511
D024,S003,O024,8,72,0.946451147,558,0.01340343,0.303476888,0.066234207,102,27.60482511
D024,S004,O048,8,72,0.946451147,23,0.00021805,0.028031124,0.277887063,4,27.60482511
D024,S005,O061,8,72,0.946451147,504,0.370505912,0.3328803,0.491272741,97,27.60482511
D024,S006,O045,8,72,0.946451147,38,0.251921878,0.260723642,0.043585928,1,27.60482511
D024,S007,O069,8,72,0.946451147,761,0.152114511,0.215299072,0.367977204,1,27.60482511
D024,S008,O092,8,72,0.946451147,96,0.418898266,0.008705234,0.425829723,10,27.60482511
D024,S009,O074,8,72,0.946451147,27,0.164642573,0.30767454,0.244719524,6,27.60482511
D024,S010,O043,8,72,0.946451147,60,0.470149674,0.350184037,0.345788332,1,27.60482511
D024,S011,O054,8,72,0.946451147,29,0.443915181,0.25137144,0.497993332,6,27.60482511
D024,S012,O002,8,72,0.946451147,27,0.258752568,0.087770931,0.008640494,5,27.60482511
D024,S013,O001,8,72,0.946451147,277,0.102604459,0.043442589,0.194317089,68,27.60482511
D024,S014,O008,8,72,0.946451147,221,0.074747705,0.106527742,0.017441816,3,27.60482511
D024,S015,O015,8,72,0.946451147,209,0.451149983,0.236045833,0.154470026,51,27.60482511
D024,S016,O021,8,72,0.946451147,420,0.48022181,0.187407167,0.359386041,21,27.60482511
D024,S017,O082,8,72,0.946451147,165,0.435076568,0.000913393,0.024702354,3,27.60482511
D024,S018,O066,8,72,0.946451147,494,0.215122594,0.12849833,0.421195428,82,27.60482511
D024,S019,O089,8,72,0.946451147,65,0.160593613,0.12131002,0.43177507,4,27.60482511
D024,S020,O055,8,72,0.946451147,140,0.36567333,0.006141596,0.323833398,34,27.60482511
D024,S021,O019,8,72,0.946451147,346,0.328784836,0.382557414,0.459924272,20,27.60482511
D024,S022,O056,8,72,0.946451147,839,0.314045176,0.146767962,0.097912175,33,27.60482511
D024,S023,O085,8,72,0.946451147,121,0.235238901,0.36680338,0.28802825,18,27.60482511
D024,S024,O075,8,72,0.946451147,157,0.187375651,0.192115859,0.011697982,34,27.60482511
D024,S025,O006,8,72,0.946451147,612,0.351754303,0.257897057,0.260304956,90,27.60482511
D024,S026,O010,8,72,0.946451147,451,0.052883935,0.358161718,0.236761336,42,27.60482511
D024,S027,O080,8,72,0.946451147,42,0.40076867,0.158141091,0.247798621,9,27.60482511
D024,S028,O011,8,72,0.946451147,74,0.144332149,0.165813474,0.385639579,14,27.60482511
D024,S029,O086,8,72,0.946451147,982,0.199347615,0.312135777,0.001921653,110,27.60482511
D024,S030,O049,8,72,0.946451147,167,0.088317626,0.338602146,0.450648463,15,27.60482511
D024,S031,O038,8,72,0.946451147,541,0.023426649,0.269227699,0.314041207,106,27.60482511
D024,S032,O095,8,72,0.946451147,737,0.275444304,0.049819636,0.213727811,96,27.60482511
D025,S001,O040,6,105,0.353875492,22,0.132312725,0.387023034,0.48640877,1,7.077509843
D025,S002,O081,6,105,0.353875492,625,0.489155662,0.075116015,0.08373988,87,7.077509843
D025,S003,O024,6,105,0.353875492,558,0.01340343,0.303476888,0.066234207,102,7.077509843
D025,S004,O048,6,105,0.353875492,23,0.00021805,0.028031124,0.277887063,4,7.077509843
D025,S005,O061,6,105,0.353875492,504,0.370505912,0.3328803,0.491272741,97,7.077509843
D025,S006,O045,6,105,0.353875492,38,0.251921878,0.260723642,0.043585928,1,7.077509843
D025,S007,O069,6,105,0.353875492,761,0.152114511,0.215299072,0.367977204,1,7.077509843
D025,S008,O092,6,105,0.353875492,96,0.418898266,0.008705234,0.425829723,10,7.077509843
D025,S009,O074,6,105,0.353875492,27,0.164642573,0.30767454,0.244719524,6,7.077509843
D025,S010,O043,6,105,0.353875492,60,0.470149674,0.350184037,0.345788332,1,7.077509843
D025,S011,O054,6,105,0.353875492,29,0.443915181,0.25137144,0.497993332,6,7.077509843
D025,S012,O002,6,105,0.353875492,27,0.258752568,0.087770931,0.008640494,5,7.077509843
D025,S013,O001,6,105,0.353875492,277,0.102604459,0.043442589,0.194317089,68,7.077509843
D025,S014,O008,6,105,0.353875492,221,0.074747705,0.106527742,0.017441816,3,7.077509843
D025,S015,O015,6,105,0.353875492,209,0.451149983,0.236045833,0.154470026,51,7.077509843
D025,S016,O021,6,105,0.353875492,420,0.48022181,0.187407167,0.359386041,21,7.077509843
D025,S017,O082,6,105,0.353875492,165,0.435076568,0.000913393,0.024702354,3,7.077509843
D025,S018,O066,6,105,0.353875492,494,0.215122594,0.12849833,0.421195428,82,7.077509843
D025,S019,O089,6,105,0.353875492,65,0.160593613,0.12131002,0.43177507,4,7.077509843
D025,S020,O055,6,105,0.353875492,140,0.36567333,0.006141596,0.323833398,34,7.077509843
D025,S021,O019,6,105,0.353875492,346,0.328784836,0.382557414,0.459924272,20,7.077509843
D025,S022,O056,6,105,0.353875492,839,0.314045176,0.146767962,0.097912175,33,7.077509843
D025,S023,O085,6,105,0.353875492,121,0.235238901,0.36680338,0.28802825,18,7.077509843
D025,S024,O075,6,105,0.353875492,157,0.187375651,0.192115859,0.011697982,34,7.077509843
D025,S025,O006,6,105,0.353875492,612,0.351754303,0.257897057,0.260304956,90,7.077509843
D025,S026,O010,6,105,0.353875492,451,0.052883935,0.358161718,0.236761336,42,7.077509843
D025,S027,O080,6,105,0.353875492,42,0.40076867,0.158141091,0.247798621,9,7.077509843
D025,S028,O011,6,105,0.353875492,74,0.144332149,0.165813474,0.385639579,14,7.077509843
D025,S029,O086,6,105,0.353875492,982,0.199347615,0.312135777,0.001921653,110,7.077509843
D025,S030,O049,6,105,0.353875492,167,0.088317626,0.338602146,0.450648463,15,7.077509843
D025,S031,O038,6,105,0.353875492,541,0.023426649,0.269227699,0.314041207,106,7.077509843
D025,S032,O095,6,105,0.353875492,737,0.275444304,0.049819636,0.213727811,96,7.077509843
D026,S001,O040,7,296,0.346738461,22,0.132312725,0.387023034,0.48640877,1,2.459968813
D026,S002,O081,7,296,0.346738461,625,0.489155662,0.075116015,0.08373988,87,2.459968813
D026,S003,O024,7,296,0.346738461,558,0.01340343,0.303476888,0.066234207,102,2.459968813
D026,S004,O048,7,296,0.346738461,23,0.00021805,0.028031124,0.277887063,4,2.459968813
D026,S005,O061,7,296,0.346738461,504,0.370505912,0.3328803,0.491272741,97,2.459968813
D026,S006,O045,7,296,0.346738461,38,0.251921878,0.260723642,0.043585928,1,2.459968813
D026,S007,O069,7,296,0.346738461,761,0.152114511,0.215299072,0.367977204,1,2.459968813
D026,S008,O092,7,296,0.346738461,96,0.418898266,0.008705234,0.425829723,10,2.459968813
D026,S009,O074,7,296,0.346738461,27,0.164642573,0.30767454,0.244719524,6,2.459968813
D026,S010,O043,7,296,0.346738461,60,0.470149674,0.350184037,0.345788332,1,2.459968813
D026,S011,O054,7,296,0.346738461,29,0.443915181,0.25137144,0.497993332,6,2.459968813
D026,S012,O002,7,296,0.346738461,27,0.258752568,0.087770931,0.008640494,5,2.459968813
D026,S013,O001,7,296,0.346738461,277,0.102604459,0.043442589,0.194317089,68,2.459968813
D026,S014,O008,7,296,0.346738461,221,0.074747705,0.106527742,0.017441816,3,2.459968813
D026,S015,O015,7,296,0.346738461,209,0.451149983,0.236045833,0.154470026,51,2.459968813
D026,S016,O021,7,296,0.346738461,420,0.48022181,0.187407167,0.359386041,21,2.459968813
D026,S017,O082,7,296,0.346738461,165,0.435076568,0.000913393,0.024702354,3,2.459968813
D026,S018,O066,7,296,0.346738461,494,0.215122594,0.12849833,0.421195428,82,2.459968813
D026,S019,O089,7,296,0.346738461,65,0.160593613,0.12131002,0.43177507,4,2.459968813
D026,S020,O055,7,296,0.346738461,140,0.36567333,0.006141596,0.323833398,34,2.459968813
D026,S021,O019,7,296,0.346738461,346,0.328784836,0.382557414,0.459924272,20,2.459968813
D026,S022,O056,7,296,0.346738461,839,0.314045176,0.146767962,0.097912175,33,2.459968813
D026,S023,O085,7,296,0.346738461,121,0.235238901,0.36680338,0.28802825,18,2.459968813
D026,S024,O075,7,296,0.346738461,157,0.187375651,0.192115859,0.011697982,34,2.459968813
D026,S025,O006,7,296,0.346738461,612,0.351754303,0.257897057,0.260304956,90,2.459968813
D026,S026,O010,7,296,0.346738461,451,0.052883935,0.358161718,0.236761336,42,2.459968813
D026,S027,O080,7,296,0.346738461,42,0.40076867,0.158141091,0.247798621,9,2.459968813
D026,S028,O011,7,296,0.346738461,74,0.144332149,0.165813474,0.385639579,14,2.459968813
D026,S029,O086,7,296,0.346738461,982,0.199347615,0.312135777,0.001921653,110,2.459968813
D026,S030,O049,7,296,0.346738461,167,0.088317626,0.338602146,0.450648463,15,2.459968813
D026,S031,O038,7,296,0.346738461,541,0.023426649,0.269227699,0.314041207,106,2.459968813
D026,S032,O095,7,296,0.346738461,737,0.275444304,0.049819636,0.213727811,96,2.459968813
D027,S001,O040,3,76,2.340604359,22,0.132312725,0.387023034,0.48640877,1,64.67459413
D027,S002,O081,3,76,2.340604359,625,0.489155662,0.075116015,0.08373988,87,64.67459413
D027,S003,O024,3,76,2.340604359,558,0.01340343,0.303476888,0.066234207,102,64.67459413
D027,S004,O048,3,76,2.340604359,23,0.00021805,0.028031124,0.277887063,4,64.67459413
D027,S005,O061,3,76,2.340604359,504,0.370505912,0.3328803,0.491272741,97,64.67459413
D027,S006,O045,3,76,2.340604359,38,0.251921878,0.260723642,0.043585928,1,64.67459413
D027,S007,O069,3,76,2.340604359,761,0.152114511,0.215299072,0.367977204,1,64.67459413
D027,S008,O092,3,76,2.340604359,96,0.418898266,0.008705234,0.425829723,10,64.67459413
D027,S009,O074,3,76,2.340604359,27,0.164642573,0.30767454,0.244719524,6,64.67459413
D027,S010,O043,3,76,2.340604359,60,0.470149674,0.350184037,0.345788332,1,64.67459413
D027,S011,O054,3,76,2.340604359,29,0.443915181,0.25137144,0.497993332,6,64.67459413
D027,S012,O002,3,76,2.340604359,27,0.258752568,0.087770931,0.008640494,5,64.67459413
D027,S013,O001,3,76,2.340604359,277,0.102604459,0.043442589,0.194317089,68,64.67459413
D027,S014,O008,3,76,2.340604359,221,0.074747705,0.106527742,0.017441816,3,64.67459413
D027,S015,O015,3,76,2.340604359,209,0.451149983,0.236045833,0.154470026,51,64.67459413
D027,S016,O021,3,76,2.340604359,420,0.48022181,0.187407167,0.359386041,21,64.67459413
D027,S017,O082,3,76,2.340604359,165,0.435076568,0.000913393,0.024702354,3,64.67459413
D027,S018,O066,3,76,2.340604359,494,0.215122594,0.12849833,0.421195428,82,64.67459413
D027,S019,O089,3,76,2.340604359,65,0.160593613,0.12131002,0.43177507,4,64.67459413
D027,S020,O055,3,76,2.340604359,140,0.36567333,0.006141596,0.323833398,34,64.67459413
D027,S021,O019,3,76,2.340604359,346,0.328784836,0.382557414,0.459924272,20,64.67459413
D027,S022,O056,3,76,2.340604359,839,0.314045176,0.146767962,0.097912175,33,64.67459413
D027,S023,O085,3,76,2.340604359,121,0.235238901,0.36680338,0.28802825,18,64.67459413
D027,S024,O075,3,76,2.340604359,157,0.187375651,0.192115859,0.011697982,34,64.67459413
D027,S025,O006,3,76,2.340604359,612,0.351754303,0.257897057,0.260304956,90,64.67459413
D027,S026,O010,3,76,2.340604359,451,0.052883935,0.358161718,0.236761336,42,64.67459413
D027,S027,O080,3,76,2.340604359,42,0.40076867,0.158141091,0.247798621,9,64.67459413
D027,S028,O011,3,76,2.340604359,74,0.144332149,0.165813474,0.385639579,14,64.67459413
D027,S029,O086,3,76,2.340604359,982,0.199347615,0.312135777,0.001921653,110,64.67459413
D027,S030,O049,3,76,2.340604359,167,0.088317626,0.338602146,0.450648463,15,64.67459413
D027,S031,O038,3,76,2.340604359,541,0.023426649,0.269227699,0.314041207,106,64.67459413
D027,S032,O095,3,76,2.340604359,737,0.275444304,0.049819636,0.213727811,96,64.67459413
D028,S001,O040,8,95,2.954209362,22,0.132312725,0.387023034,0.48640877,1,65.30357537
D028,S002,O081,8,95,2.954209362,625,0.489155662,0.075116015,0.08373988,87,65.30357537
D028,S003,O024,8,95,2.954209362,558,0.01340343,0.303476888,0.066234207,102,65.30357537
D028,S004,O048,8,95,2.954209362,23,0.00021805,0.028031124,0.277887063,4,65.30357537
D028,S005,O061,8,95,2.954209362,504,0.370505912,0.3328803,0.491272741,97,65.30357537
D028,S006,O045,8,95,2.954209362,38,0.251921878,0.260723642,0.043585928,1,65.30357537
D028,S007,O069,8,95,2.954209362,761,0.152114511,0.215299072,0.367977204,1,65.30357537
D028,S008,O092,8,95,2.954209362,96,0.418898266,0.008705234,0.425829723,10,65.30357537
D028,S009,O074,8,95,2.954209362,27,0.164642573,0.30767454,0.244719524,6,65.30357537
D028,S010,O043,8,95,2.954209362,60,0.470149674,0.350184037,0.345788332,1,65.30357537
D028,S011,O054,8,95,2.954209362,29,0.443915181,0.25137144,0.497993332,6,65.30357537
D028,S012,O002,8,95,2.954209362,27,0.258752568,0.087770931,0.008640494,5,65.30357537
D028,S013,O001,8,95,2.954209362,277,0.102604459,0.043442589,0.194317089,68,65.30357537
D028,S014,O008,8,95,2.954209362,221,0.074747705,0.106527742,0.017441816,3,65.30357537
D028,S015,O015,8,95,2.954209362,209,0.451149983,0.236045833,0.154470026,51,65.30357537
D028,S016,O021,8,95,2.954209362,420,0.48022181,0.187407167,0.359386041,21,65.30357537
D028,S017,O082,8,95,2.954209362,165,0.435076568,0.000913393,0.024702354,3,65.30357537
D028,S018,O066,8,95,2.954209362,494,0.215122594,0.12849833,0.421195428,82,65.30357537
D028,S019,O089,8,95,2.954209362,65,0.160593613,0.12131002,0.43177507,4,65.30357537
D028,S020,O055,8,95,2.954209362,140,0.36567333,0.006141596,0.323833398,34,65.30357537
D028,S021,O019,8,95,2.954209362,346,0.328784836,0.382557414,0.459924272,20,65.30357537
D028,S022,O056,8,95,2.954209362,839,0.314045176,0.146767962,0.097912175,33,65.30357537
D028,S023,O085,8,95,2.954209362,121,0.235238901,0.36680338,0.28802825,18,65.30357537
D028,S024,O075,8,95,2.954209362,157,0.187375651,0.192115859,0.011697982,34,65.30357537
D028,S025,O006,8,95,2.954209362,612,0.351754303,0.257897057,0.260304956,90,65.30357537
D028,S026,O010,8,95,2.954209362,451,0.052883935,0.358161718,0.236761336,42,65.30357537
D028,S027,O080,8,95,2.954209362,42,0.40076867,0.158141091,0.247798621,9,65.30357537
D028,S028,O011,8,95,2.954209362,74,0.144332149,0.165813474,0.385639579,14,65.30357537
D028,S029,O086,8,95,2.954209362,982,0.199347615,0.312135777,0.001921653,110,65.30357537
D028,S030,O049,8,95,2.954209362,167,0.088317626,0.338602146,0.450648463,15,65.30357537
D028,S031,O038,8,95,2.954209362,541,0.023426649,0.269227699,0.314041207,106,65.30357537
D028,S032,O095,8,95,2.954209362,737,0.275444304,0.049819636,0.213727811,96,65.30357537
D029,S001,O040,6,1106,1.215069684,22,0.132312725,0.387023034,0.48640877,1,2.307094337
D029,S002,O081,6,1106,1.215069684,625,0.489155662,0.075116015,0.08373988,87,2.307094337
D029,S003,O024,6,1106,1.215069684,558,0.01340343,0.303476888,0.066234207,102,2.307094337
D029,S004,O048,6,1106,1.215069684,23,0.00021805,0.028031124,0.277887063,4,2.307094337
D029,S005,O061,6,1106,1.215069684,504,0.370505912,0.3328803,0.491272741,97,2.307094337
D029,S006,O045,6,1106,1.215069684,38,0.251921878,0.260723642,0.043585928,1,2.307094337
D029,S007,O069,6,1106,1.215069684,761,0.152114511,0.215299072,0.367977204,1,2.307094337
D029,S008,O092,6,1106,1.215069684,96,0.418898266,0.008705234,0.425829723,10,2.307094337
D029,S009,O074,6,1106,1.215069684,27,0.164642573,0.30767454,0.244719524,6,2.307094337
D029,S010,O043,6,1106,1.215069684,60,0.470149674,0.350184037,0.345788332,1,2.307094337
D029,S011,O054,6,1106,1.215069684,29,0.443915181,0.25137144,0.497993332,6,2.307094337
D029,S012,O002,6,1106,1.215069684,27,0.258752568,0.087770931,0.008640494,5,2.307094337
D029,S013,O001,6,1106,1.215069684,277,0.102604459,0.043442589,0.194317089,68,2.307094337
D029,S014,O008,6,1106,1.215069684,221,0.074747705,0.106527742,0.017441816,3,2.307094337
D029,S015,O015,6,1106,1.215069684,209,0.451149983,0.236045833,0.154470026,51,2.307094337
D029,S016,O021,6,1106,1.215069684,420,0.48022181,0.187407167,0.359386041,21,2.307094337
D029,S017,O082,6,1106,1.215069684,165,0.435076568,0.000913393,0.024702354,3,2.307094337
D029,S018,O066,6,1106,1.215069684,494,0.215122594,0.12849833,0.421195428,82,2.307094337
D029,S019,O089,6,1106,1.215069684,65,0.160593613,0.12131002,0.43177507,4,2.307094337
D029,S020,O055,6,1106,1.215069684,140,0.36567333,0.006141596,0.323833398,34,2.307094337
D029,S021,O019,6,1106,1.215069684,346,0.328784836,0.382557414,0.459924272,20,2.307094337
D029,S022,O056,6,1106,1.215069684,839,0.314045176,0.146767962,0.097912175,33,2.307094337
D029,S023,O085,6,1106,1.215069684,121,0.235238901,0.36680338,0.28802825,18,2.307094337
D029,S024,O075,6,1106,1.215069684,157,0.187375651,0.192115859,0.011697982,34,2.307094337
D029,S025,O006,6,1106,1.215069684,612,0.351754303,0.257897057,0.260304956,90,2.307094337
D029,S026,O010,6,1106,1.215069684,451,0.052883935,0.358161718,0.236761336,42,2.307094337
D029,S027,O080,6,1106,1.215069684,42,0.40076867,0.158141091,0.247798621,9,2.307094337
D029,S028,O011,6,1106,1.215069684,74,0.144332149,0.165813474,0.385639579,14,2.307094337
D029,S029,O086,6,1106,1.215069684,982,0.199347615,0.312135777,0.001921653,110,2.307094337
D029,S030,O049,6,1106,1.215069684,167,0.088317626,0.338602146,0.450648463,15,2.307094337
D029,S031,O038,6,1106,1.215069684,541,0.023426649,0.269227699,0.314041207,106,2.307094337
D029,S032,O095,6,1106,1.215069684,737,0.275444304,0.049819636,0.213727811,96,2.307094337
D030,S001,O040,3,921,3.850160423,22,0.132312725,0.387023034,0.48640877,1,8.778867414
D030,S002,O081,3,921,3.850160423,625,0.489155662,0.075116015,0.08373988,87,8.778867414
D030,S003,O024,3,921,3.850160423,558,0.01340343,0.303476888,0.066234207,102,8.778867414
D030,S004,O048,3,921,3.850160423,23,0.00021805,0.028031124,0.277887063,4,8.778867414
D030,S005,O061,3,921,3.850160423,504,0.370505912,0.3328803,0.491272741,97,8.778867414
D030,S006,O045,3,921,3.850160423,38,0.251921878,0.260723642,0.043585928,1,8.778867414
D030,S007,O069,3,921,3.850160423,761,0.152114511,0.215299072,0.367977204,1,8.778867414
D030,S008,O092,3,921,3.850160423,96,0.418898266,0.008705234,0.425829723,10,8.778867414
D030,S009,O074,3,921,3.850160423,27,0.164642573,0.30767454,0.244719524,6,8.778867414
D030,S010,O043,3,921,3.850160423,60,0.470149674,0.350184037,0.345788332,1,8.778867414
D030,S011,O054,3,921,3.850160423,29,0.443915181,0.25137144,0.497993332,6,8.778867414
D030,S012,O002,3,921,3.850160423,27,0.258752568,0.087770931,0.008640494,5,8.778867414
D030,S013,O001,3,921,3.850160423,277,0.102604459,0.043442589,0.194317089,68,8.778867414
D030,S014,O008,3,921,3.850160423,221,0.074747705,0.106527742,0.017441816,3,8.778867414
D030,S015,O015,3,921,3.850160423,209,0.451149983,0.236045833,0.154470026,51,8.778867414
D030,S016,O021,3,921,3.850160423,420,0.48022181,0.187407167,0.359386041,21,8.778867414
D030,S017,O082,3,921,3.850160423,165,0.435076568,0.000913393,0.024702354,3,8.778867414
D030,S018,O066,3,921,3.850160423,494,0.215122594,0.12849833,0.421195428,82,8.778867414
D030,S019,O089,3,921,3.850160423,65,0.160593613,0.12131002,0.43177507,4,8.778867414
D030,S020,O055,3,921,3.850160423,140,0.36567333,0.006141596,0.323833398,34,8.778867414
D030,S021,O019,3,921,3.850160423,346,0.328784836,0.382557414,0.459924272,20,8.778867414
D030,S022,O056,3,921,3.850160423,839,0.314045176,0.146767962,0.097912175,33,8.778867414
D030,S023,O085,3,921,3.850160423,121,0.235238901,0.36680338,0.28802825,18,8.778867414
D030,S024,O075,3,921,3.850160423,157,0.187375651,0.192115859,0.011697982,34,8.778867414
D030,S025,O006,3,921,3.850160423,612,0.351754303,0.257897057,0.260304956,90,8.778867414
D030,S026,O010,3,921,3.850160423,451,0.052883935,0.358161718,0.236761336,42,8.778867414
D030,S027,O080,3,921,3.850160423,42,0.40076867,0.158141091,0.247798621,9,8.778867414
D030,S028,O011,3,921,3.850160423,74,0.144332149,0.165813474,0.385639579,14,8.778867414
D030,S029,O086,3,921,3.850160423,982,0.199347615,0.312135777,0.001921653,110,8.778867414
D030,S030,O049,3,921,3.850160423,167,0.088317626,0.338602146,0.450648463,15,8.778867414
D030,S031,O038,3,921,3.850160423,541,0.023426649,0.269227699,0.314041207,106,8.778867414
D030,S032,O095,3,921,3.850160423,737,0.275444304,0.049819636,0.213727811,96,8.778867414
D031,S001,O040,2,330,5.500368216,22,0.132312725,0.387023034,0.48640877,1,35.00234319
D031,S002,O081,2,330,5.500368216,625,0.489155662,0.075116015,0.08373988,87,35.00234319
D031,S003,O024,2,330,5.500368216,558,0.01340343,0.303476888,0.066234207,102,35.00234319
D031,S004,O048,2,330,5.500368216,23,0.00021805,0.028031124,0.277887063,4,35.00234319
D031,S005,O061,2,330,5.500368216,504,0.370505912,0.3328803,0.491272741,97,35.00234319
D031,S006,O045,2,330,5.500368216,38,0.251921878,0.260723642,0.043585928,1,35.00234319
D031,S007,O069,2,330,5.500368216,761,0.152114511,0.215299072,0.367977204,1,35.00234319
D031,S008,O092,2,330,5.500368216,96,0.418898266,0.008705234,0.425829723,10,35.00234319
D031,S009,O074,2,330,5.500368216,27,0.164642573,0.30767454,0.244719524,6,35.00234319
D031,S010,O043,2,330,5.500368216,60,0.470149674,0.350184037,0.345788332,1,35.00234319
D031,S011,O054,2,330,5.500368216,29,0.443915181,0.25137144,0.497993332,6,35.00234319
D031,S012,O002,2,330,5.500368216,27,0.258752568,0.087770931,0.008640494,5,35.00234319
D031,S013,O001,2,330,5.500368216,277,0.102604459,0.043442589,0.194317089,68,35.00234319
D031,S014,O008,2,330,5.500368216,221,0.074747705,0.106527742,0.017441816,3,35.00234319
D031,S015,O015,2,330,5.500368216,209,0.451149983,0.236045833,0.154470026,51,35.00234319
D031,S016,O021,2,330,5.500368216,420,0.48022181,0.187407167,0.359386041,21,35.00234319
D031,S017,O082,2,330,5.500368216,165,0.435076568,0.000913393,0.024702354,3,35.00234319
D031,S018,O066,2,330,5.500368216,494,0.215122594,0.12849833,0.421195428,82,35.00234319
D031,S019,O089,2,330,5.500368216,65,0.160593613,0.12131002,0.43177507,4,35.00234319
D031,S020,O055,2,330,5.500368216,140,0.36567333,0.006141596,0.323833398,34,35.00234319
D031,S021,O019,2,330,5.500368216,346,0.328784836,0.382557414,0.459924272,20,35.00234319
D031,S022,O056,2,330,5.500368216,839,0.314045176,0.146767962,0.097912175,33,35.00234319
D031,S023,O085,2,330,5.500368216,121,0.235238901,0.36680338,0.28802825,18,35.00234319
D031,S024,O075,2,330,5.500368216,157,0.187375651,0.192115859,0.011697982,34,35.00234319
D031,S025,O006,2,330,5.500368216,612,0.351754303,0.257897057,0.260304956,90,35.00234319
D031,S026,O010,2,330,5.500368216,451,0.052883935,0.358161718,0.236761336,42,35.00234319
D031,S027,O080,2,330,5.500368216,42,0.40076867,0.158141091,0.247798621,9,35.00234319
D031,S028,O011,2,330,5.500368216,74,0.144332149,0.165813474,0.385639579,14,35.00234319
D031,S029,O086,2,330,5.500368216,982,0.199347615,0.312135777,0.001921653,110,35.00234319
D031,S030,O049,2,330,5.500368216,167,0.088317626,0.338602146,0.450648463,15,35.00234319
D031,S031,O038,2,330,5.500368216,541,0.023426649,0.269227699,0.314041207,106,35.00234319
D031,S032,O095,2,330,5.500368216,737,0.275444304,0.049819636,0.213727811,96,35.00234319
D032,S001,O040,8,69,0.62871001,22,0.132312725,0.387023034,0.48640877,1,19.13465249
D032,S002,O081,8,69,0.62871001,625,0.489155662,0.075116015,0.08373988,87,19.13465249
D032,S003,O024,8,69,0.62871001,558,0.01340343,0.303476888,0.066234207,102,19.13465249
D032,S004,O048,8,69,0.62871001,23,0.00021805,0.028031124,0.277887063,4,19.13465249
D032,S005,O061,8,69,0.62871001,504,0.370505912,0.3328803,0.491272741,97,19.13465249
D032,S006,O045,8,69,0.62871001,38,0.251921878,0.260723642,0.043585928,1,19.13465249
D032,S007,O069,8,69,0.62871001,761,0.152114511,0.215299072,0.367977204,1,19.13465249
D032,S008,O092,8,69,0.62871001,96,0.418898266,0.008705234,0.425829723,10,19.13465249
D032,S009,O074,8,69,0.62871001,27,0.164642573,0.30767454,0.244719524,6,19.13465249
D032,S010,O043,8,69,0.62871001,60,0.470149674,0.350184037,0.345788332,1,19.13465249
D032,S011,O054,8,69,0.62871001,29,0.443915181,0.25137144,0.497993332,6,19.13465249
D032,S012,O002,8,69,0.62871001,27,0.258752568,0.087770931,0.008640494,5,19.13465249
D032,S013,O001,8,69,0.62871001,277,0.102604459,0.043442589,0.194317089,68,19.13465249
D032,S014,O008,8,69,0.62871001,221,0.074747705,0.106527742,0.017441816,3,19.13465249
D032,S015,O015,8,69,0.62871001,209,0.451149983,0.236045833,0.154470026,51,19.13465249
D032,S016,O021,8,69,0.62871001,420,0.48022181,0.187407167,0.359386041,21,19.13465249
D032,S017,O082,8,69,0.62871001,165,0.435076568,0.000913393,0.024702354,3,19.13465249
D032,S018,O066,8,69,0.62871001,494,0.215122594,0.12849833,0.421195428,82,19.13465249
D032,S019,O089,8,69,0.62871001,65,0.160593613,0.12131002,0.43177507,4,19.13465249
D032,S020,O055,8,69,0.62871001,140,0.36567333,0.006141596,0.323833398,34,19.13465249
D032,S021,O019,8,69,0.62871001,346,0.328784836,0.382557414,0.459924272,20,19.13465249
D032,S022,O056,8,69,0.62871001,839,0.314045176,0.146767962,0.097912175,33,19.13465249
D032,S023,O085,8,69,0.62871001,121,0.235238901,0.36680338,0.28802825,18,19.13465249
D032,S024,O075,8,69,0.62871001,157,0.187375651,0.192115859,0.011697982,34,19.13465249
D032,S025,O006,8,69,0.62871001,612,0.351754303,0.257897057,0.260304956,90,19.13465249
D032,S026,O010,8,69,0.62871001,451,0.052883935,0.358161718,0.236761336,42,19.13465249
D032,S027,O080,8,69,0.62871001,42,0.40076867,0.158141091,0.247798621,9,19.13465249
D032,S028,O011,8,69,0.62871001,74,0.144332149,0.165813474,0.385639579,14,19.13465249
D032,S029,O086,8,69,0.62871001,982,0.199347615,0.312135777,0.001921653,110,19.13465249
D032,S030,O049,8,69,0.62871001,167,0.088317626,0.338602146,0.450648463,15,19.13465249
D032,S031,O038,8,69,0.62871001,541,0.023426649,0.269227699,0.314041207,106,19.13465249
D032,S032,O095,8,69,0.62871001,737,0.275444304,0.049819636,0.213727811,96,19.13465249
D033,S001,O040,7,91,2.174956508,22,0.132312725,0.387023034,0.48640877,1,50.19130404
D033,S002,O081,7,91,2.174956508,625,0.489155662,0.075116015,0.08373988,87,50.19130404
D033,S003,O024,7,91,2.174956508,558,0.01340343,0.303476888,0.066234207,102,50.19130404
D033,S004,O048,7,91,2.174956508,23,0.00021805,0.028031124,0.277887063,4,50.19130404
D033,S005,O061,7,91,2.174956508,504,0.370505912,0.3328803,0.491272741,97,50.19130404
D033,S006,O045,7,91,2.174956508,38,0.251921878,0.260723642,0.043585928,1,50.19130404
D033,S007,O069,7,91,2.174956508,761,0.152114511,0.215299072,0.367977204,1,50.19130404
D033,S008,O092,7,91,2.174956508,96,0.418898266,0.008705234,0.425829723,10,50.19130404
D033,S009,O074,7,91,2.174956508,27,0.164642573,0.30767454,0.244719524,6,50.19130404
D033,S010,O043,7,91,2.174956508,60,0.470149674,0.350184037,0.345788332,1,50.19130404
D033,S011,O054,7,91,2.174956508,29,0.443915181,0.25137144,0.497993332,6,50.19130404
D033,S012,O002,7,91,2.174956508,27,0.258752568,0.087770931,0.008640494,5,50.19130404
D033,S013,O001,7,91,2.174956508,277,0.102604459,0.043442589,0.194317089,68,50.19130404
D033,S014,O008,7,91,2.174956508,221,0.074747705,0.106527742,0.017441816,3,50.19130404
D033,S015,O015,7,91,2.174956508,209,0.451149983,0.236045833,0.154470026,51,50.19130404
D033,S016,O021,7,91,2.174956508,420,0.48022181,0.187407167,0.359386041,21,50.19130404
D033,S017,O082,7,91,2.174956508,165,0.435076568,0.000913393,0.024702354,3,50.19130404
D033,S018,O066,7,91,2.174956508,494,0.215122594,0.12849833,0.421195428,82,50.19130404
D033,S019,O089,7,91,2.174956508,65,0.160593613,0.12131002,0.43177507,4,50.19130404
D033,S020,O055,7,91,2.174956508,140,0.36567333,0.006141596,0.323833398,34,50.19130404
D033,S021,O019,7,91,2.174956508,346,0.328784836,0.382557414,0.459924272,20,50.19130404
D033,S022,O056,7,91,2.174956508,839,0.314045176,0.146767962,0.097912175,33,50.19130404
D033,S023,O085,7,91,2.174956508,121,0.235238901,0.36680338,0.28802825,18,50.19130404
D033,S024,O075,7,91,2.174956508,157,0.187375651,0.192115859,0.011697982,34,50.19130404
D033,S025,O006,7,91,2.174956508,612,0.351754303,0.257897057,0.260304956,90,50.19130404
D033,S026,O010,7,91,2.174956508,451,0.052883935,0.358161718,0.236761336,42,50.19130404
D033,S027,O080,7,91,2.174956508,42,0.40076867,0.158141091,0.247798621,9,50.19130404
D033,S028,O011,7,91,2.174956508,74,0.144332149,0.165813474,0.385639579,14,50.19130404
D033,S029,O086,7,91,2.174956508,982,0.199347615,0.312135777,0.001921653,110,50.19130404
D033,S030,O049,7,91,2.174956508,167,0.088317626,0.338602146,0.450648463,15,50.19130404
D033,S031,O038,7,91,2.174956508,541,0.023426649,0.269227699,0.314041207,106,50.19130404
D033,S032,O095,7,91,2.174956508,737,0.275444304,0.049819636,0.213727811,96,50.19130404
D034,S001,O040,4,123,0.496955863,22,0.132312725,0.387023034,0.48640877,1,8.484612294
D034,S002,O081,4,123,0.496955863,625,0.489155662,0.075116015,0.08373988,87,8.484612294
D034,S003,O024,4,123,0.496955863,558,0.01340343,0.303476888,0.066234207,102,8.484612294
D034,S004,O048,4,123,0.496955863,23,0.00021805,0.028031124,0.277887063,4,8.484612294
D034,S005,O061,4,123,0.496955863,504,0.370505912,0.3328803,0.491272741,97,8.484612294
D034,S006,O045,4,123,0.496955863,38,0.251921878,0.260723642,0.043585928,1,8.484612294
D034,S007,O069,4,123,0.496955863,761,0.152114511,0.215299072,0.367977204,1,8.484612294
D034,S008,O092,4,123,0.496955863,96,0.418898266,0.008705234,0.425829723,10,8.484612294
D034,S009,O074,4,123,0.496955863,27,0.164642573,0.30767454,0.244719524,6,8.484612294
D034,S010,O043,4,123,0.496955863,60,0.470149674,0.350184037,0.345788332,1,8.484612294
D034,S011,O054,4,123,0.496955863,29,0.443915181,0.25137144,0.497993332,6,8.484612294
D034,S012,O002,4,123,0.496955863,27,0.258752568,0.087770931,0.008640494,5,8.484612294
D034,S013,O001,4,123,0.496955863,277,0.102604459,0.043442589,0.194317089,68,8.484612294
D034,S014,O008,4,123,0.496955863,221,0.074747705,0.106527742,0.017441816,3,8.484612294
D034,S015,O015,4,123,0.496955863,209,0.451149983,0.236045833,0.154470026,51,8.484612294
D034,S016,O021,4,123,0.496955863,420,0.48022181,0.187407167,0.359386041,21,8.484612294
D034,S017,O082,4,123,0.496955863,165,0.435076568,0.000913393,0.024702354,3,8.484612294
D034,S018,O066,4,123,0.496955863,494,0.215122594,0.12849833,0.421195428,82,8.484612294
D034,S019,O089,4,123,0.496955863,65,0.160593613,0.12131002,0.43177507,4,8.484612294
D034,S020,O055,4,123,0.496955863,140,0.36567333,0.006141596,0.323833398,34,8.484612294
D034,S021,O019,4,123,0.496955863,346,0.328784836,0.382557414,0.459924272,20,8.484612294
D034,S022,O056,4,123,0.496955863,839,0.314045176,0.146767962,0.097912175,33,8.484612294
D034,S023,O085,4,123,0.496955863,121,0.235238901,0.36680338,0.28802825,18,8.484612294
D034,S024,O075,4,123,0.496955863,157,0.187375651,0.192115859,0.011697982,34,8.484612294
D034,S025,O006,4,123,0.496955863,612,0.351754303,0.257897057,0.260304956,90,8.484612294
D034,S026,O010,4,123,0.496955863,451,0.052883935,0.358161718,0.236761336,42,8.484612294
D034,S027,O080,4,123,0.496955863,42,0.40076867,0.158141091,0.247798621,9,8.484612294
D034,S028,O011,4,123,0.496955863,74,0.144332149,0.165813474,0.385639579,14,8.484612294
D034,S029,O086,4,123,0.496955863,982,0.199347615,0.312135777,0.001921653,110,8.484612294
D034,S030,O049,4,123,0.496955863,167,0.088317626,0.338602146,0.450648463,15,8.484612294
D034,S031,O038,4,123,0.496955863,541,0.023426649,0.269227699,0.314041207,106,8.484612294
D034,S032,O095,4,123,0.496955863,737,0.275444304,0.049819636,0.213727811,96,8.484612294
D035,S001,O040,1,62,0.375666448,22,0.132312725,0.387023034,0.48640877,1,12.72418615
D035,S002,O081,1,62,0.375666448,625,0.489155662,0.075116015,0.08373988,87,12.72418615
D035,S003,O024,1,62,0.375666448,558,0.01340343,0.303476888,0.066234207,102,12.72418615
D035,S004,O048,1,62,0.375666448,23,0.00021805,0.028031124,0.277887063,4,12.72418615
D035,S005,O061,1,62,0.375666448,504,0.370505912,0.3328803,0.491272741,97,12.72418615
D035,S006,O045,1,62,0.375666448,38,0.251921878,0.260723642,0.043585928,1,12.72418615
D035,S007,O069,1,62,0.375666448,761,0.152114511,0.215299072,0.367977204,1,12.72418615
D035,S008,O092,1,62,0.375666448,96,0.418898266,0.008705234,0.425829723,10,12.72418615
D035,S009,O074,1,62,0.375666448,27,0.164642573,0.30767454,0.244719524,6,12.72418615
D035,S010,O043,1,62,0.375666448,60,0.470149674,0.350184037,0.345788332,1,12.72418615
D035,S011,O054,1,62,0.375666448,29,0.443915181,0.25137144,0.497993332,6,12.72418615
D035,S012,O002,1,62,0.375666448,27,0.258752568,0.087770931,0.008640494,5,12.72418615
D035,S013,O001,1,62,0.375666448,277,0.102604459,0.043442589,0.194317089,68,12.72418615
D035,S014,O008,1,62,0.375666448,221,0.074747705,0.106527742,0.017441816,3,12.72418615
D035,S015,O015,1,62,0.375666448,209,0.451149983,0.236045833,0.154470026,51,12.72418615
D035,S016,O021,1,62,0.375666448,420,0.48022181,0.187407167,0.359386041,21,12.72418615
D035,S017,O082,1,62,0.375666448,165,0.435076568,0.000913393,0.024702354,3,12.72418615
D035,S018,O066,1,62,0.375666448,494,0.215122594,0.12849833,0.421195428,82,12.72418615
D035,S019,O089,1,62,0.375666448,65,0.160593613,0.12131002,0.43177507,4,12.72418615
D035,S020,O055,1,62,0.375666448,140,0.36567333,0.006141596,0.323833398,34,12.72418615
D035,S021,O019,1,62,0.375666448,346,0.328784836,0.382557414,0.459924272,20,12.72418615
D035,S022,O056,1,62,0.375666448,839,0.314045176,0.146767962,0.097912175,33,12.72418615
D035,S023,O085,1,62,0.375666448,121,0.235238901,0.36680338,0.28802825,18,12.72418615
D035,S024,O075,1,62,0.375666448,157,0.187375651,0.192115859,0.011697982,34,12.72418615
D035,S025,O006,1,62,0.375666448,612,0.351754303,0.257897057,0.260304956,90,12.72418615
D035,S026,O010,1,62,0.375666448,451,0.052883935,0.358161718,0.236761336,42,12.72418615
D035,S027,O080,1,62,0.375666448,42,0.40076867,0.158141091,0.247798621,9,12.72418615
D035,S028,O011,1,62,0.375666448,74,0.144332149,0.165813474,0.385639579,14,12.72418615
D035,S029,O086,1,62,0.375666448,982,0.199347615,0.312135777,0.001921653,110,12.72418615
D035,S030,O049,1,62,0.375666448,167,0.088317626,0.338602146,0.450648463,15,12.72418615
D035,S031,O038,1,62,0.375666448,541,0.023426649,0.269227699,0.314041207,106,12.72418615
D035,S032,O095,1,62,0.375666448,737,0.275444304,0.049819636,0.213727811,96,12.72418615
D036,S001,O040,6,138,1.948187769,22,0.132312725,0.387023034,0.48640877,1,29.64633561
D036,S002,O081,6,138,1.948187769,625,0.489155662,0.075116015,0.08373988,87,29.64633561
D036,S003,O024,6,138,1.948187769,558,0.01340343,0.303476888,0.066234207,102,29.64633561
D036,S004,O048,6,138,1.948187769,23,0.00021805,0.028031124,0.277887063,4,29.64633561
D036,S005,O061,6,138,1.948187769,504,0.370505912,0.3328803,0.491272741,97,29.64633561
D036,S006,O045,6,138,1.948187769,38,0.251921878,0.260723642,0.043585928,1,29.64633561
D036,S007,O069,6,138,1.948187769,761,0.152114511,0.215299072,0.367977204,1,29.64633561
D036,S008,O092,6,138,1.948187769,96,0.418898266,0.008705234,0.425829723,10,29.64633561
D036,S009,O074,6,138,1.948187769,27,0.164642573,0.30767454,0.244719524,6,29.64633561
D036,S010,O043,6,138,1.948187769,60,0.470149674,0.350184037,0.345788332,1,29.64633561
D036,S011,O054,6,138,1.948187769,29,0.443915181,0.25137144,0.497993332,6,29.64633561
D036,S012,O002,6,138,1.948187769,27,0.258752568,0.087770931,0.008640494,5,29.64633561
D036,S013,O001,6,138,1.948187769,277,0.102604459,0.043442589,0.194317089,68,29.64633561
D036,S014,O008,6,138,1.948187769,221,0.074747705,0.106527742,0.017441816,3,29.64633561
D036,S015,O015,6,138,1.948187769,209,0.451149983,0.236045833,0.154470026,51,29.64633561
D036,S016,O021,6,138,1.948187769,420,0.48022181,0.187407167,0.359386041,21,29.64633561
D036,S017,O082,6,138,1.948187769,165,0.435076568,0.000913393,0.024702354,3,29.64633561
D036,S018,O066,6,138,1.948187769,494,0.215122594,0.12849833,0.421195428,82,29.64633561
D036,S019,O089,6,138,1.948187769,65,0.160593613,0.12131002,0.43177507,4,29.64633561
D036,S020,O055,6,138,1.948187769,140,0.36567333,0.006141596,0.323833398,34,29.64633561
D036,S021,O019,6,138,1.948187769,346,0.328784836,0.382557414,0.459924272,20,29.64633561
D036,S022,O056,6,138,1.948187769,839,0.314045176,0.146767962,0.097912175,33,29.64633561
D036,S023,O085,6,138,1.948187769,121,0.235238901,0.36680338,0.28802825,18,29.64633561
D036,S024,O075,6,138,1.948187769,157,0.187375651,0.192115859,0.011697982,34,29.64633561
D036,S025,O006,6,138,1.948187769,612,0.351754303,0.257897057,0.260304956,90,29.64633561
D036,S026,O010,6,138,1.948187769,451,0.052883935,0.358161718,0.236761336,42,29.64633561
D036,S027,O080,6,138,1.948187769,42,0.40076867,0.158141091,0.247798621,9,29.64633561
D036,S028,O011,6,138,1.948187769,74,0.144332149,0.165813474,0.385639579,14,29.64633561
D036,S029,O086,6,138,1.948187769,982,0.199347615,0.312135777,0.001921653,110,29.64633561
D036,S030,O049,6,138,1.948187769,167,0.088317626,0.338602146,0.450648463,15,29.64633561
D036,S031,O038,6,138,1.948187769,541,0.023426649,0.269227699,0.314041207,106,29.64633561
D036,S032,O095,6,138,1.948187769,737,0.275444304,0.049819636,0.213727811,96,29.64633561
D037,S001,O040,2,436,3.335577859,22,0.132312725,0.387023034,0.48640877,1,16.06585666
D037,S002,O081,2,436,3.335577859,625,0.489155662,0.075116015,0.08373988,87,16.06585666
D037,S003,O024,2,436,3.335577859,558,0.01340343,0.303476888,0.066234207,102,16.06585666
D037,S004,O048,2,436,3.335577859,23,0.00021805,0.028031124,0.277887063,4,16.06585666
D037,S005,O061,2,436,3.335577859,504,0.370505912,0.3328803,0.491272741,97,16.06585666
D037,S006,O045,2,436,3.335577859,38,0.251921878,0.260723642,0.043585928,1,16.06585666
D037,S007,O069,2,436,3.335577859,761,0.152114511,0.215299072,0.367977204,1,16.06585666
D037,S008,O092,2,436,3.335577859,96,0.418898266,0.008705234,0.425829723,10,16.06585666
D037,S009,O074,2,436,3.335577859,27,0.164642573,0.30767454,0.244719524,6,16.06585666
D037,S010,O043,2,436,3.335577859,60,0.470149674,0.350184037,0.345788332,1,16.06585666
D037,S011,O054,2,436,3.335577859,29,0.443915181,0.25137144,0.497993332,6,16.06585666
D037,S012,O002,2,436,3.335577859,27,0.258752568,0.087770931,0.008640494,5,16.06585666
D037,S013,O001,2,436,3.335577859,277,0.102604459,0.043442589,0.194317089,68,16.06585666
D037,S014,O008,2,436,3.335577859,221,0.074747705,0.106527742,0.017441816,3,16.06585666
D037,S015,O015,2,436,3.335577859,209,0.451149983,0.236045833,0.154470026,51,16.06585666
D037,S016,O021,2,436,3.335577859,420,0.48022181,0.187407167,0.359386041,21,16.06585666
D037,S017,O082,2,436,3.335577859,165,0.435076568,0.000913393,0.024702354,3,16.06585666
D037,S018,O066,2,436,3.335577859,494,0.215122594,0.12849833,0.421195428,82,16.06585666
D037,S019,O089,2,436,3.335577859,65,0.160593613,0.12131002,0.43177507,4,16.06585666
D037,S020,O055,2,436,3.335577859,140,0.36567333,0.006141596,0.323833398,34,16.06585666
D037,S021,O019,2,436,3.335577859,346,0.328784836,0.382557414,0.459924272,20,16.06585666
D037,S022,O056,2,436,3.335577859,839,0.314045176,0.146767962,0.097912175,33,16.06585666
D037,S023,O085,2,436,3.335577859,121,0.235238901,0.36680338,0.28802825,18,16.06585666
D037,S024,O075,2,436,3.335577859,157,0.187375651,0.192115859,0.011697982,34,16.06585666
D037,S025,O006,2,436,3.335577859,612,0.351754303,0.257897057,0.260304956,90,16.06585666
D037,S026,O010,2,436,3.335577859,451,0.052883935,0.358161718,0.236761336,42,16.06585666
D037,S027,O080,2,436,3.335577859,42,0.40076867,0.158141091,0.247798621,9,16.06585666
D037,S028,O011,2,436,3.335577859,74,0.144332149,0.165813474,0.385639579,14,16.06585666
D037,S029,O086,2,436,3.335577859,982,0.199347615,0.312135777,0.001921653,110,16.06585666
D037,S030,O049,2,436,3.335577859,167,0.088317626,0.338602146,0.450648463,15,16.06585666
D037,S031,O038,2,436,3.335577859,541,0.023426649,0.269227699,0.314041207,106,16.06585666
D037,S032,O095,2,436,3.335577859,737,0.275444304,0.049819636,0.213727811,96,16.06585666
D038,S001,O040,1,86,1.467773761,22,0.132312725,0.387023034,0.48640877,1,35.84098719
D038,S002,O081,1,86,1.467773761,625,0.489155662,0.075116015,0.08373988,87,35.84098719
D038,S003,O024,1,86,1.467773761,558,0.01340343,0.303476888,0.066234207,102,35.84098719
D038,S004,O048,1,86,1.467773761,23,0.00021805,0.028031124,0.277887063,4,35.84098719
D038,S005,O061,1,86,1.467773761,504,0.370505912,0.3328803,0.491272741,97,35.84098719
D038,S006,O045,1,86,1.467773761,38,0.251921878,0.260723642,0.043585928,1,35.84098719
D038,S007,O069,1,86,1.467773761,761,0.152114511,0.215299072,0.367977204,1,35.84098719
D038,S008,O092,1,86,1.467773761,96,0.418898266,0.008705234,0.425829723,10,35.84098719
D038,S009,O074,1,86,1.467773761,27,0.164642573,0.30767454,0.244719524,6,35.84098719
D038,S010,O043,1,86,1.467773761,60,0.470149674,0.350184037,0.345788332,1,35.84098719
D038,S011,O054,1,86,1.467773761,29,0.443915181,0.25137144,0.497993332,6,35.84098719
D038,S012,O002,1,86,1.467773761,27,0.258752568,0.087770931,0.008640494,5,35.84098719
D038,S013,O001,1,86,1.467773761,277,0.102604459,0.043442589,0.194317089,68,35.84098719
D038,S014,O008,1,86,1.467773761,221,0.074747705,0.106527742,0.017441816,3,35.84098719
D038,S015,O015,1,86,1.467773761,209,0.451149983,0.236045833,0.154470026,51,35.84098719
D038,S016,O021,1,86,1.467773761,420,0.48022181,0.187407167,0.359386041,21,35.84098719
D038,S017,O082,1,86,1.467773761,165,0.435076568,0.000913393,0.024702354,3,35.84098719
D038,S018,O066,1,86,1.467773761,494,0.215122594,0.12849833,0.421195428,82,35.84098719
D038,S019,O089,1,86,1.467773761,65,0.160593613,0.12131002,0.43177507,4,35.84098719
D038,S020,O055,1,86,1.467773761,140,0.36567333,0.006141596,0.323833398,34,35.84098719
D038,S021,O019,1,86,1.467773761,346,0.328784836,0.382557414,0.459924272,20,35.84098719
D038,S022,O056,1,86,1.467773761,839,0.314045176,0.146767962,0.097912175,33,35.84098719
D038,S023,O085,1,86,1.467773761,121,0.235238901,0.36680338,0.28802825,18,35.84098719
D038,S024,O075,1,86,1.467773761,157,0.187375651,0.192115859,0.011697982,34,35.84098719
D038,S025,O006,1,86,1.467773761,612,0.351754303,0.257897057,0.260304956,90,35.84098719
D038,S026,O010,1,86,1.467773761,451,0.052883935,0.358161718,0.236761336,42,35.84098719
D038,S027,O080,1,86,1.467773761,42,0.40076867,0.158141091,0.247798621,9,35.84098719
D038,S028,O011,1,86,1.467773761,74,0.144332149,0.165813474,0.385639579,14,35.84098719
D038,S029,O086,1,86,1.467773761,982,0.199347615,0.312135777,0.001921653,110,35.84098719
D038,S030,O049,1,86,1.467773761,167,0.088317626,0.338602146,0.450648463,15,35.84098719
D038,S031,O038,1,86,1.467773761,541,0.023426649,0.269227699,0.314041207,106,35.84098719
D038,S032,O095,1,86,1.467773761,737,0.275444304,0.049819636,0.213727811,96,35.84098719
D039,S001,O040,7,767,6.727002821,22,0.132312725,0.387023034,0.48640877,1,18.41813028
D039,S002,O081,7,767,6.727002821,625,0.489155662,0.075116015,0.08373988,87,18.41813028
D039,S003,O024,7,767,6.727002821,558,0.01340343,0.303476888,0.066234207,102,18.41813028
D039,S004,O048,7,767,6.727002821,23,0.00021805,0.028031124,0.277887063,4,18.41813028
D039,S005,O061,7,767,6.727002821,504,0.370505912,0.3328803,0.491272741,97,18.41813028
D039,S006,O045,7,767,6.727002821,38,0.251921878,0.260723642,0.043585928,1,18.41813028
D039,S007,O069,7,767,6.727002821,761,0.152114511,0.215299072,0.367977204,1,18.41813028
D039,S008,O092,7,767,6.727002821,96,0.418898266,0.008705234,0.425829723,10,18.41813028
D039,S009,O074,7,767,6.727002821,27,0.164642573,0.30767454,0.244719524,6,18.41813028
D039,S010,O043,7,767,6.727002821,60,0.470149674,0.350184037,0.345788332,1,18.41813028
D039,S011,O054,7,767,6.727002821,29,0.443915181,0.25137144,0.497993332,6,18.41813028
D039,S012,O002,7,767,6.727002821,27,0.258752568,0.087770931,0.008640494,5,18.41813028
D039,S013,O001,7,767,6.727002821,277,0.102604459,0.043442589,0.194317089,68,18.41813028
D039,S014,O008,7,767,6.727002821,221,0.074747705,0.106527742,0.017441816,3,18.41813028
D039,S015,O015,7,767,6.727002821,209,0.451149983,0.236045833,0.154470026,51,18.41813028
D039,S016,O021,7,767,6.727002821,420,0.48022181,0.187407167,0.359386041,21,18.41813028
D039,S017,O082,7,767,6.727002821,165,0.435076568,0.000913393,0.024702354,3,18.41813028
D039,S018,O066,7,767,6.727002821,494,0.215122594,0.12849833,0.421195428,82,18.41813028
D039,S019,O089,7,767,6.727002821,65,0.160593613,0.12131002,0.43177507,4,18.41813028
D039,S020,O055,7,767,6.727002821,140,0.36567333,0.006141596,0.323833398,34,18.41813028
D039,S021,O019,7,767,6.727002821,346,0.328784836,0.382557414,0.459924272,20,18.41813028
D039,S022,O056,7,767,6.727002821,839,0.314045176,0.146767962,0.097912175,33,18.41813028
D039,S023,O085,7,767,6.727002821,121,0.235238901,0.36680338,0.28802825,18,18.41813028
D039,S024,O075,7,767,6.727002821,157,0.187375651,0.192115859,0.011697982,34,18.41813028
D039,S025,O006,7,767,6.727002821,612,0.351754303,0.257897057,0.260304956,90,18.41813028
D039,S026,O010,7,767,6.727002821,451,0.052883935,0.358161718,0.236761336,42,18.41813028
D039,S027,O080,7,767,6.727002821,42,0.40076867,0.158141091,0.247798621,9,18.41813028
D039,S028,O011,7,767,6.727002821,74,0.144332149,0.165813474,0.385639579,14,18.41813028
D039,S029,O086,7,767,6.727002821,982,0.199347615,0.312135777,0.001921653,110,18.41813028
D039,S030,O049,7,767,6.727002821,167,0.088317626,0.338602146,0.450648463,15,18.41813028
D039,S031,O038,7,767,6.727002821,541,0.023426649,0.269227699,0.314041207,106,18.41813028
D039,S032,O095,7,767,6.727002821,737,0.275444304,0.049819636,0.213727811,96,18.41813028
D040,S001,O040,3,866,0.26404988,22,0.132312725,0.387023034,0.48640877,1,0.640305713
D040,S002,O081,3,866,0.26404988,625,0.489155662,0.075116015,0.08373988,87,0.640305713
D040,S003,O024,3,866,0.26404988,558,0.01340343,0.303476888,0.066234207,102,0.640305713
D040,S004,O048,3,866,0.26404988,23,0.00021805,0.028031124,0.277887063,4,0.640305713
D040,S005,O061,3,866,0.26404988,504,0.370505912,0.3328803,0.491272741,97,0.640305713
D040,S006,O045,3,866,0.26404988,38,0.251921878,0.260723642,0.043585928,1,0.640305713
D040,S007,O069,3,866,0.26404988,761,0.152114511,0.215299072,0.367977204,1,0.640305713
D040,S008,O092,3,866,0.26404988,96,0.418898266,0.008705234,0.425829723,10,0.640305713
D040,S009,O074,3,866,0.26404988,27,0.164642573,0.30767454,0.244719524,6,0.640305713
D040,S010,O043,3,866,0.26404988,60,0.470149674,0.350184037,0.345788332,1,0.640305713
D040,S011,O054,3,866,0.26404988,29,0.443915181,0.25137144,0.497993332,6,0.640305713
D040,S012,O002,3,866,0.26404988,27,0.258752568,0.087770931,0.008640494,5,0.640305713
D040,S013,O001,3,866,0.26404988,277,0.102604459,0.043442589,0.194317089,68,0.640305713
D040,S014,O008,3,866,0.26404988,221,0.074747705,0.106527742,0.017441816,3,0.640305713
D040,S015,O015,3,866,0.26404988,209,0.451149983,0.236045833,0.154470026,51,0.640305713
D040,S016,O021,3,866,0.26404988,420,0.48022181,0.187407167,0.359386041,21,0.640305713
D040,S017,O082,3,866,0.26404988,165,0.435076568,0.000913393,0.024702354,3,0.640305713
D040,S018,O066,3,866,0.26404988,494,0.215122594,0.12849833,0.421195428,82,0.640305713
D040,S019,O089,3,866,0.26404988,65,0.160593613,0.12131002,0.43177507,4,0.640305713
D040,S020,O055,3,866,0.26404988,140,0.36567333,0.006141596,0.323833398,34,0.640305713
D040,S021,O019,3,866,0.26404988,346,0.328784836,0.382557414,0.459924272,20,0.640305713
D040,S022,O056,3,866,0.26404988,839,0.314045176,0.146767962,0.097912175,33,0.640305713
D040,S023,O085,3,866,0.26404988,121,0.235238901,0.36680338,0.28802825,18,0.640305713
D040,S024,O075,3,866,0.26404988,157,0.187375651,0.192115859,0.011697982,34,0.640305713
D040,S025,O006,3,866,0.26404988,612,0.351754303,0.257897057,0.260304956,90,0.640305713
D040,S026,O010,3,866,0.26404988,451,0.052883935,0.358161718,0.236761336,42,0.640305713
D040,S027,O080,3,866,0.26404988,42,0.40076867,0.158141091,0.247798621,9,0.640305713
D040,S028,O011,3,866,0.26404988,74,0.144332149,0.165813474,0.385639579,14,0.640305713
D040,S029,O086,3,866,0.26404988,982,0.199347615,0.312135777,0.001921653,110,0.640305713
D040,S030,O049,3,866,0.26404988,167,0.088317626,0.338602146,0.450648463,15,0.640305713
D040,S031,O038,3,866,0.26404988,541,0.023426649,0.269227699,0.314041207,106,0.640305713
D040,S032,O095,3,866,0.26404988,737,0.275444304,0.049819636,0.213727811,96,0.640305713
D041,S001,O040,8,148,0.63676512,22,0.132312725,0.387023034,0.48640877,1,9.035180754
D041,S002,O081,8,148,0.63676512,625,0.489155662,0.075116015,0.08373988,87,9.035180754
D041,S003,O024,8,148,0.63676512,558,0.01340343,0.303476888,0.066234207,102,9.035180754
D041,S004,O048,8,148,0.63676512,23,0.00021805,0.028031124,0.277887063,4,9.035180754
D041,S005,O061,8,148,0.63676512,504,0.370505912,0.3328803,0.491272741,97,9.035180754
D041,S006,O045,8,148,0.63676512,38,0.251921878,0.260723642,0.043585928,1,9.035180754
D041,S007,O069,8,148,0.63676512,761,0.152114511,0.215299072,0.367977204,1,9.035180754
D041,S008,O092,8,148,0.63676512,96,0.418898266,0.008705234,0.425829723,10,9.035180754
D041,S009,O074,8,148,0.63676512,27,0.164642573,0.30767454,0.244719524,6,9.035180754
D041,S010,O043,8,148,0.63676512,60,0.470149674,0.350184037,0.345788332,1,9.035180754
D041,S011,O054,8,148,0.63676512,29,0.443915181,0.25137144,0.497993332,6,9.035180754
D041,S012,O002,8,148,0.63676512,27,0.258752568,0.087770931,0.008640494,5,9.035180754
D041,S013,O001,8,148,0.63676512,277,0.102604459,0.043442589,0.194317089,68,9.035180754
D041,S014,O008,8,148,0.63676512,221,0.074747705,0.106527742,0.017441816,3,9.035180754
D041,S015,O015,8,148,0.63676512,209,0.451149983,0.236045833,0.154470026,51,9.035180754
D041,S016,O021,8,148,0.63676512,420,0.48022181,0.187407167,0.359386041,21,9.035180754
D041,S017,O082,8,148,0.63676512,165,0.435076568,0.000913393,0.024702354,3,9.035180754
D041,S018,O066,8,148,0.63676512,494,0.215122594,0.12849833,0.421195428,82,9.035180754
D041,S019,O089,8,148,0.63676512,65,0.160593613,0.12131002,0.43177507,4,9.035180754
D041,S020,O055,8,148,0.63676512,140,0.36567333,0.006141596,0.323833398,34,9.035180754
D041,S021,O019,8,148,0.63676512,346,0.328784836,0.382557414,0.459924272,20,9.035180754
D041,S022,O056,8,148,0.63676512,839,0.314045176,0.146767962,0.097912175,33,9.035180754
D041,S023,O085,8,148,0.63676512,121,0.235238901,0.36680338,0.28802825,18,9.035180754
D041,S024,O075,8,148,0.63676512,157,0.187375651,0.192115859,0.011697982,34,9.035180754
D041,S025,O006,8,148,0.63676512,612,0.351754303,0.257897057,0.260304956,90,9.035180754
D041,S026,O010,8,148,0.63676512,451,0.052883935,0.358161718,0.236761336,42,9.035180754
D041,S027,O080,8,148,0.63676512,42,0.40076867,0.158141091,0.247798621,9,9.035180754
D041,S028,O011,8,148,0.63676512,74,0.144332149,0.165813474,0.385639579,14,9.035180754
D041,S029,O086,8,148,0.63676512,982,0.199347615,0.312135777,0.001921653,110,9.035180754
D041,S030,O049,8,148,0.63676512,167,0.088317626,0.338602146,0.450648463,15,9.035180754
D041,S031,O038,8,148,0.63676512,541,0.023426649,0.269227699,0.314041207,106,9.035180754
D041,S032,O095,8,148,0.63676512,737,0.275444304,0.049819636,0.213727811,96,9.035180754
D042,S001,O040,1,1019,4.517436841,22,0.132312725,0.387023034,0.48640877,1,9.309732451
D042,S002,O081,1,1019,4.517436841,625,0.489155662,0.075116015,0.08373988,87,9.309732451
D042,S003,O024,1,1019,4.517436841,558,0.01340343,0.303476888,0.066234207,102,9.309732451
D042,S004,O048,1,1019,4.517436841,23,0.00021805,0.028031124,0.277887063,4,9.309732451
D042,S005,O061,1,1019,4.517436841,504,0.370505912,0.3328803,0.491272741,97,9.309732451
D042,S006,O045,1,1019,4.517436841,38,0.251921878,0.260723642,0.043585928,1,9.309732451
D042,S007,O069,1,1019,4.517436841,761,0.152114511,0.215299072,0.367977204,1,9.309732451
D042,S008,O092,1,1019,4.517436841,96,0.418898266,0.008705234,0.425829723,10,9.309732451
D042,S009,O074,1,1019,4.517436841,27,0.164642573,0.30767454,0.244719524,6,9.309732451
D042,S010,O043,1,1019,4.517436841,60,0.470149674,0.350184037,0.345788332,1,9.309732451
D042,S011,O054,1,1019,4.517436841,29,0.443915181,0.25137144,0.497993332,6,9.309732451
D042,S012,O002,1,1019,4.517436841,27,0.258752568,0.087770931,0.008640494,5,9.309732451
D042,S013,O001,1,1019,4.517436841,277,0.102604459,0.043442589,0.194317089,68,9.309732451
D042,S014,O008,1,1019,4.517436841,221,0.074747705,0.106527742,0.017441816,3,9.309732451
D042,S015,O015,1,1019,4.517436841,209,0.451149983,0.236045833,0.154470026,51,9.309732451
D042,S016,O021,1,1019,4.517436841,420,0.48022181,0.187407167,0.359386041,21,9.309732451
D042,S017,O082,1,1019,4.517436841,165,0.435076568,0.000913393,0.024702354,3,9.309732451
D042,S018,O066,1,1019,4.517436841,494,0.215122594,0.12849833,0.421195428,82,9.309732451
D042,S019,O089,1,1019,4.517436841,65,0.160593613,0.12131002,0.43177507,4,9.309732451
D042,S020,O055,1,1019,4.517436841,140,0.36567333,0.006141596,0.323833398,34,9.309732451
D042,S021,O019,1,1019,4.517436841,346,0.328784836,0.382557414,0.459924272,20,9.309732451
D042,S022,O056,1,1019,4.517436841,839,0.314045176,0.146767962,0.097912175,33,9.309732451
D042,S023,O085,1,1019,4.517436841,121,0.235238901,0.36680338,0.28802825,18,9.309732451
D042,S024,O075,1,1019,4.517436841,157,0.187375651,0.192115859,0.011697982,34,9.309732451
D042,S025,O006,1,1019,4.517436841,612,0.351754303,0.257897057,0.260304956,90,9.309732451
D042,S026,O010,1,1019,4.517436841,451,0.052883935,0.358161718,0.236761336,42,9.309732451
D042,S027,O080,1,1019,4.517436841,42,0.40076867,0.158141091,0.247798621,9,9.309732451
D042,S028,O011,1,1019,4.517436841,74,0.144332149,0.165813474,0.385639579,14,9.309732451
D042,S029,O086,1,1019,4.517436841,982,0.199347615,0.312135777,0.001921653,110,9.309732451
D042,S030,O049,1,1019,4.517436841,167,0.088317626,0.338602146,0.450648463,15,9.309732451
D042,S031,O038,1,1019,4.517436841,541,0.023426649,0.269227699,0.314041207,106,9.309732451
D042,S032,O095,1,1019,4.517436841,737,0.275444304,0.049819636,0.213727811,96,9.309732451
D043,S001,O040,7,1175,2.004291591,22,0.132312725,0.387023034,0.48640877,1,3.582138162
D043,S002,O081,7,1175,2.004291591,625,0.489155662,0.075116015,0.08373988,87,3.582138162
D043,S003,O024,7,1175,2.004291591,558,0.01340343,0.303476888,0.066234207,102,3.582138162
D043,S004,O048,7,1175,2.004291591,23,0.00021805,0.028031124,0.277887063,4,3.582138162
D043,S005,O061,7,1175,2.004291591,504,0.370505912,0.3328803,0.491272741,97,3.582138162
D043,S006,O045,7,1175,2.004291591,38,0.251921878,0.260723642,0.043585928,1,3.582138162
D043,S007,O069,7,1175,2.004291591,761,0.152114511,0.215299072,0.367977204,1,3.582138162
D043,S008,O092,7,1175,2.004291591,96,0.418898266,0.008705234,0.425829723,10,3.582138162
D043,S009,O074,7,1175,2.004291591,27,0.164642573,0.30767454,0.244719524,6,3.582138162
D043,S010,O043,7,1175,2.004291591,60,0.470149674,0.350184037,0.345788332,1,3.582138162
D043,S011,O054,7,1175,2.004291591,29,0.443915181,0.25137144,0.497993332,6,3.582138162
D043,S012,O002,7,1175,2.004291591,27,0.258752568,0.087770931,0.008640494,5,3.582138162
D043,S013,O001,7,1175,2.004291591,277,0.102604459,0.043442589,0.194317089,68,3.582138162
D043,S014,O008,7,1175,2.004291591,221,0.074747705,0.106527742,0.017441816,3,3.582138162
D043,S015,O015,7,1175,2.004291591,209,0.451149983,0.236045833,0.154470026,51,3.582138162
D043,S016,O021,7,1175,2.004291591,420,0.48022181,0.187407167,0.359386041,21,3.582138162
D043,S017,O082,7,1175,2.004291591,165,0.435076568,0.000913393,0.024702354,3,3.582138162
D043,S018,O066,7,1175,2.004291591,494,0.215122594,0.12849833,0.421195428,82,3.582138162
D043,S019,O089,7,1175,2.004291591,65,0.160593613,0.12131002,0.43177507,4,3.582138162
D043,S020,O055,7,1175,2.004291591,140,0.36567333,0.006141596,0.323833398,34,3.582138162
D043,S021,O019,7,1175,2.004291591,346,0.328784836,0.382557414,0.459924272,20,3.582138162
D043,S022,O056,7,1175,2.004291591,839,0.314045176,0.146767962,0.097912175,33,3.582138162
D043,S023,O085,7,1175,2.004291591,121,0.235238901,0.36680338,0.28802825,18,3.582138162
D043,S024,O075,7,1175,2.004291591,157,0.187375651,0.192115859,0.011697982,34,3.582138162
D043,S025,O006,7,1175,2.004291591,612,0.351754303,0.257897057,0.260304956,90,3.582138162
D043,S026,O010,7,1175,2.004291591,451,0.052883935,0.358161718,0.236761336,42,3.582138162
D043,S027,O080,7,1175,2.004291591,42,0.40076867,0.158141091,0.247798621,9,3.582138162
D043,S028,O011,7,1175,2.004291591,74,0.144332149,0.165813474,0.385639579,14,3.582138162
D043,S029,O086,7,1175,2.004291591,982,0.199347615,0.312135777,0.001921653,110,3.582138162
D043,S030,O049,7,1175,2.004291591,167,0.088317626,0.338602146,0.450648463,15,3.582138162
D043,S031,O038,7,1175,2.004291591,541,0.023426649,0.269227699,0.314041207,106,3.582138162
D043,S032,O095,7,1175,2.004291591,737,0.275444304,0.049819636,0.213727811,96,3.582138162
D044,S001,O040,5,668,0.860780966,22,0.132312725,0.387023034,0.48640877,1,2.706047948
D044,S002,O081,5,668,0.860780966,625,0.489155662,0.075116015,0.08373988,87,2.706047948
D044,S003,O024,5,668,0.860780966,558,0.01340343,0.303476888,0.066234207,102,2.706047948
D044,S004,O048,5,668,0.860780966,23,0.00021805,0.028031124,0.277887063,4,2.706047948
D044,S005,O061,5,668,0.860780966,504,0.370505912,0.3328803,0.491272741,97,2.706047948
D044,S006,O045,5,668,0.860780966,38,0.251921878,0.260723642,0.043585928,1,2.706047948
D044,S007,O069,5,668,0.860780966,761,0.152114511,0.215299072,0.367977204,1,2.706047948
D044,S008,O092,5,668,0.860780966,96,0.418898266,0.008705234,0.425829723,10,2.706047948
D044,S009,O074,5,668,0.860780966,27,0.164642573,0.30767454,0.244719524,6,2.706047948
D044,S010,O043,5,668,0.860780966,60,0.470149674,0.350184037,0.345788332,1,2.706047948
D044,S011,O054,5,668,0.860780966,29,0.443915181,0.25137144,0.497993332,6,2.706047948
D044,S012,O002,5,668,0.860780966,27,0.258752568,0.087770931,0.008640494,5,2.706047948
D044,S013,O001,5,668,0.860780966,277,0.102604459,0.043442589,0.194317089,68,2.706047948
D044,S014,O008,5,668,0.860780966,221,0.074747705,0.106527742,0.017441816,3,2.706047948
D044,S015,O015,5,668,0.860780966,209,0.451149983,0.236045833,0.154470026,51,2.706047948
D044,S016,O021,5,668,0.860780966,420,0.48022181,0.187407167,0.359386041,21,2.706047948
D044,S017,O082,5,668,0.860780966,165,0.435076568,0.000913393,0.024702354,3,2.706047948
D044,S018,O066,5,668,0.860780966,494,0.215122594,0.12849833,0.421195428,82,2.706047948
D044,S019,O089,5,668,0.860780966,65,0.160593613,0.12131002,0.43177507,4,2.706047948
D044,S020,O055,5,668,0.860780966,140,0.36567333,0.006141596,0.323833398,34,2.706047948
D044,S021,O019,5,668,0.860780966,346,0.328784836,0.382557414,0.459924272,20,2.706047948
D044,S022,O056,5,668,0.860780966,839,0.314045176,0.146767962,0.097912175,33,2.706047948
D044,S023,O085,5,668,0.860780966,121,0.235238901,0.36680338,0.28802825,18,2.706047948
D044,S024,O075,5,668,0.860780966,157,0.187375651,0.192115859,0.011697982,34,2.706047948
D044,S025,O006,5,668,0.860780966,612,0.351754303,0.257897057,0.260304956,90,2.706047948
D044,S026,O010,5,668,0.860780966,451,0.052883935,0.358161718,0.236761336,42,2.706047948
D044,S027,O080,5,668,0.860780966,42,0.40076867,0.158141091,0.247798621,9,2.706047948
D044,S028,O011,5,668,0.860780966,74,0.144332149,0.165813474,0.385639579,14,2.706047948
D044,S029,O086,5,668,0.860780966,982,0.199347615,0.312135777,0.001921653,110,2.706047948
D044,S030,O049,5,668,0.860780966,167,0.088317626,0.338602146,0.450648463,15,2.706047948
D044,S031,O038,5,668,0.860780966,541,0.023426649,0.269227699,0.314041207,106,2.706047948
D044,S032,O095,5,668,0.860780966,737,0.275444304,0.049819636,0.213727811,96,2.706047948
D045,S001,O040,2,646,3.630358007,22,0.132312725,0.387023034,0.48640877,1,11.8014734
D045,S002,O081,2,646,3.630358007,625,0.489155662,0.075116015,0.08373988,87,11.8014734
D045,S003,O024,2,646,3.630358007,558,0.01340343,0.303476888,0.066234207,102,11.8014734
D045,S004,O048,2,646,3.630358007,23,0.00021805,0.028031124,0.277887063,4,11.8014734
D045,S005,O061,2,646,3.630358007,504,0.370505912,0.3328803,0.491272741,97,11.8014734
D045,S006,O045,2,646,3.630358007,38,0.251921878,0.260723642,0.043585928,1,11.8014734
D045,S007,O069,2,646,3.630358007,761,0.152114511,0.215299072,0.367977204,1,11.8014734
D045,S008,O092,2,646,3.630358007,96,0.418898266,0.008705234,0.425829723,10,11.8014734
D045,S009,O074,2,646,3.630358007,27,0.164642573,0.30767454,0.244719524,6,11.8014734
D045,S010,O043,2,646,3.630358007,60,0.470149674,0.350184037,0.345788332,1,11.8014734
D045,S011,O054,2,646,3.630358007,29,0.443915181,0.25137144,0.497993332,6,11.8014734
D045,S012,O002,2,646,3.630358007,27,0.258752568,0.087770931,0.008640494,5,11.8014734
D045,S013,O001,2,646,3.630358007,277,0.102604459,0.043442589,0.194317089,68,11.8014734
D045,S014,O008,2,646,3.630358007,221,0.074747705,0.106527742,0.017441816,3,11.8014734
D045,S015,O015,2,646,3.630358007,209,0.451149983,0.236045833,0.154470026,51,11.8014734
D045,S016,O021,2,646,3.630358007,420,0.48022181,0.187407167,0.359386041,21,11.8014734
D045,S017,O082,2,646,3.630358007,165,0.435076568,0.000913393,0.024702354,3,11.8014734
D045,S018,O066,2,646,3.630358007,494,0.215122594,0.12849833,0.421195428,82,11.8014734
D045,S019,O089,2,646,3.630358007,65,0.160593613,0.12131002,0.43177507,4,11.8014734
D045,S020,O055,2,646,3.630358007,140,0.36567333,0.006141596,0.323833398,34,11.8014734
D045,S021,O019,2,646,3.630358007,346,0.328784836,0.382557414,0.459924272,20,11.8014734
D045,S022,O056,2,646,3.630358007,839,0.314045176,0.146767962,0.097912175,33,11.8014734
D045,S023,O085,2,646,3.630358007,121,0.235238901,0.36680338,0.28802825,18,11.8014734
D045,S024,O075,2,646,3.630358007,157,0.187375651,0.192115859,0.011697982,34,11.8014734
D045,S025,O006,2,646,3.630358007,612,0.351754303,0.257897057,0.260304956,90,11.8014734
D045,S026,O010,2,646,3.630358007,451,0.052883935,0.358161718,0.236761336,42,11.8014734
D045,S027,O080,2,646,3.630358007,42,0.40076867,0.158141091,0.247798621,9,11.8014734
D045,S028,O011,2,646,3.630358007,74,0.144332149,0.165813474,0.385639579,14,11.8014734
D045,S029,O086,2,646,3.630358007,982,0.199347615,0.312135777,0.001921653,110,11.8014734
D045,S030,O049,2,646,3.630358007,167,0.088317626,0.338602146,0.450648463,15,11.8014734
D045,S031,O038,2,646,3.630358007,541,0.023426649,0.269227699,0.314041207,106,11.8014734
D045,S032,O095,2,646,3.630358007,737,0.275444304,0.049819636,0.213727811,96,11.8014734
D046,S001,O040,2,64,0.689220512,22,0.132312725,0.387023034,0.48640877,1,22.61504806
D046,S002,O081,2,64,0.689220512,625,0.489155662,0.075116015,0.08373988,87,22.61504806
D046,S003,O024,2,64,0.689220512,558,0.01340343,0.303476888,0.066234207,102,22.61504806
D046,S004,O048,2,64,0.689220512,23,0.00021805,0.028031124,0.277887063,4,22.61504806
D046,S005,O061,2,64,0.689220512,504,0.370505912,0.3328803,0.491272741,97,22.61504806
D046,S006,O045,2,64,0.689220512,38,0.251921878,0.260723642,0.043585928,1,22.61504806
D046,S007,O069,2,64,0.689220512,761,0.152114511,0.215299072,0.367977204,1,22.61504806
D046,S008,O092,2,64,0.689220512,96,0.418898266,0.008705234,0.425829723,10,22.61504806
D046,S009,O074,2,64,0.689220512,27,0.164642573,0.30767454,0.244719524,6,22.61504806
D046,S010,O043,2,64,0.689220512,60,0.470149674,0.350184037,0.345788332,1,22.61504806
D046,S011,O054,2,64,0.689220512,29,0.443915181,0.25137144,0.497993332,6,22.61504806
D046,S012,O002,2,64,0.689220512,27,0.258752568,0.087770931,0.008640494,5,22.61504806
D046,S013,O001,2,64,0.689220512,277,0.102604459,0.043442589,0.194317089,68,22.61504806
D046,S014,O008,2,64,0.689220512,221,0.074747705,0.106527742,0.017441816,3,22.61504806
D046,S015,O015,2,64,0.689220512,209,0.451149983,0.236045833,0.154470026,51,22.61504806
D046,S016,O021,2,64,0.689220512,420,0.48022181,0.187407167,0.359386041,21,22.61504806
D046,S017,O082,2,64,0.689220512,165,0.435076568,0.000913393,0.024702354,3,22.61504806
D046,S018,O066,2,64,0.689220512,494,0.215122594,0.12849833,0.421195428,82,22.61504806
D046,S019,O089,2,64,0.689220512,65,0.160593613,0.12131002,0.43177507,4,22.61504806
D046,S020,O055,2,64,0.689220512,140,0.36567333,0.006141596,0.323833398,34,22.61504806
D046,S021,O019,2,64,0.689220512,346,0.328784836,0.382557414,0.459924272,20,22.61504806
D046,S022,O056,2,64,0.689220512,839,0.314045176,0.146767962,0.097912175,33,22.61504806
D046,S023,O085,2,64,0.689220512,121,0.235238901,0.36680338,0.28802825,18,22.61504806
D046,S024,O075,2,64,0.689220512,157,0.187375651,0.192115859,0.011697982,34,22.61504806
D046,S025,O006,2,64,0.689220512,612,0.351754303,0.257897057,0.260304956,90,22.61504806
D046,S026,O010,2,64,0.689220512,451,0.052883935,0.358161718,0.236761336,42,22.61504806
D046,S027,O080,2,64,0.689220512,42,0.40076867,0.158141091,0.247798621,9,22.61504806
D046,S028,O011,2,64,0.689220512,74,0.144332149,0.165813474,0.385639579,14,22.61504806
D046,S029,O086,2,64,0.689220512,982,0.199347615,0.312135777,0.001921653,110,22.61504806
D046,S030,O049,2,64,0.689220512,167,0.088317626,0.338602146,0.450648463,15,22.61504806
D046,S031,O038,2,64,0.689220512,541,0.023426649,0.269227699,0.314041207,106,22.61504806
D046,S032,O095,2,64,0.689220512,737,0.275444304,0.049819636,0.213727811,96,22.61504806
D047,S001,O040,7,115,7.623590142,22,0.132312725,0.387023034,0.48640877,1,139.2133852
D047,S002,O081,7,115,7.623590142,625,0.489155662,0.075116015,0.08373988,87,139.2133852
D047,S003,O024,7,115,7.623590142,558,0.01340343,0.303476888,0.066234207,102,139.2133852
D047,S004,O048,7,115,7.623590142,23,0.00021805,0.028031124,0.277887063,4,139.2133852
D047,S005,O061,7,115,7.623590142,504,0.370505912,0.3328803,0.491272741,97,139.2133852
D047,S006,O045,7,115,7.623590142,38,0.251921878,0.260723642,0.043585928,1,139.2133852
D047,S007,O069,7,115,7.623590142,761,0.152114511,0.215299072,0.367977204,1,139.2133852
D047,S008,O092,7,115,7.623590142,96,0.418898266,0.008705234,0.425829723,10,139.2133852
D047,S009,O074,7,115,7.623590142,27,0.164642573,0.30767454,0.244719524,6,139.2133852
D047,S010,O043,7,115,7.623590142,60,0.470149674,0.350184037,0.345788332,1,139.2133852
D047,S011,O054,7,115,7.623590142,29,0.443915181,0.25137144,0.497993332,6,139.2133852
D047,S012,O002,7,115,7.623590142,27,0.258752568,0.087770931,0.008640494,5,139.2133852
D047,S013,O001,7,115,7.623590142,277,0.102604459,0.043442589,0.194317089,68,139.2133852
D047,S014,O008,7,115,7.623590142,221,0.074747705,0.106527742,0.017441816,3,139.2133852
D047,S015,O015,7,115,7.623590142,209,0.451149983,0.236045833,0.154470026,51,139.2133852
D047,S016,O021,7,115,7.623590142,420,0.48022181,0.187407167,0.359386041,21,139.2133852
D047,S017,O082,7,115,7.623590142,165,0.435076568,0.000913393,0.024702354,3,139.2133852
D047,S018,O066,7,115,7.623590142,494,0.215122594,0.12849833,0.421195428,82,139.2133852
D047,S019,O089,7,115,7.623590142,65,0.160593613,0.12131002,0.43177507,4,139.2133852
D047,S020,O055,7,115,7.623590142,140,0.36567333,0.006141596,0.323833398,34,139.2133852
D047,S021,O019,7,115,7.623590142,346,0.328784836,0.382557414,0.459924272,20,139.2133852
D047,S022,O056,7,115,7.623590142,839,0.314045176,0.146767962,0.097912175,33,139.2133852
D047,S023,O085,7,115,7.623590142,121,0.235238901,0.36680338,0.28802825,18,139.2133852
D047,S024,O075,7,115,7.623590142,157,0.187375651,0.192115859,0.011697982,34,139.2133852
D047,S025,O006,7,115,7.623590142,612,0.351754303,0.257897057,0.260304956,90,139.2133852
D047,S026,O010,7,115,7.623590142,451,0.052883935,0.358161718,0.236761336,42,139.2133852
D047,S027,O080,7,115,7.623590142,42,0.40076867,0.158141091,0.247798621,9,139.2133852
D047,S028,O011,7,115,7.623590142,74,0.144332149,0.165813474,0.385639579,14,139.2133852
D047,S029,O086,7,115,7.623590142,982,0.199347615,0.312135777,0.001921653,110,139.2133852
D047,S030,O049,7,115,7.623590142,167,0.088317626,0.338602146,0.450648463,15,139.2133852
D047,S031,O038,7,115,7.623590142,541,0.023426649,0.269227699,0.314041207,106,139.2133852
D047,S032,O095,7,115,7.623590142,737,0.275444304,0.049819636,0.213727811,96,139.2133852
D048,S001,O040,7,580,0.508987326,22,0.132312725,0.387023034,0.48640877,1,1.842885147
D048,S002,O081,7,580,0.508987326,625,0.489155662,0.075116015,0.08373988,87,1.842885147
D048,S003,O024,7,580,0.508987326,558,0.01340343,0.303476888,0.066234207,102,1.842885147
D048,S004,O048,7,580,0.508987326,23,0.00021805,0.028031124,0.277887063,4,1.842885147
D048,S005,O061,7,580,0.508987326,504,0.370505912,0.3328803,0.491272741,97,1.842885147
D048,S006,O045,7,580,0.508987326,38,0.251921878,0.260723642,0.043585928,1,1.842885147
D048,S007,O069,7,580,0.508987326,761,0.152114511,0.215299072,0.367977204,1,1.842885147
D048,S008,O092,7,580,0.508987326,96,0.418898266,0.008705234,0.425829723,10,1.842885147
D048,S009,O074,7,580,0.508987326,27,0.164642573,0.30767454,0.244719524,6,1.842885147
D048,S010,O043,7,580,0.508987326,60,0.470149674,0.350184037,0.345788332,1,1.842885147
D048,S011,O054,7,580,0.508987326,29,0.443915181,0.25137144,0.497993332,6,1.842885147
D048,S012,O002,7,580,0.508987326,27,0.258752568,0.087770931,0.008640494,5,1.842885147
D048,S013,O001,7,580,0.508987326,277,0.102604459,0.043442589,0.194317089,68,1.842885147
D048,S014,O008,7,580,0.508987326,221,0.074747705,0.106527742,0.017441816,3,1.842885147
D048,S015,O015,7,580,0.508987326,209,0.451149983,0.236045833,0.154470026,51,1.842885147
D048,S016,O021,7,580,0.508987326,420,0.48022181,0.187407167,0.359386041,21,1.842885147
D048,S017,O082,7,580,0.508987326,165,0.435076568,0.000913393,0.024702354,3,1.842885147
D048,S018,O066,7,580,0.508987326,494,0.215122594,0.12849833,0.421195428,82,1.842885147
D048,S019,O089,7,580,0.508987326,65,0.160593613,0.12131002,0.43177507,4,1.842885147
D048,S020,O055,7,580,0.508987326,140,0.36567333,0.006141596,0.323833398,34,1.842885147
D048,S021,O019,7,580,0.508987326,346,0.328784836,0.382557414,0.459924272,20,1.842885147
D048,S022,O056,7,580,0.508987326,839,0.314045176,0.146767962,0.097912175,33,1.842885147
D048,S023,O085,7,580,0.508987326,121,0.235238901,0.36680338,0.28802825,18,1.842885147
D048,S024,O075,7,580,0.508987326,157,0.187375651,0.192115859,0.011697982,34,1.842885147
D048,S025,O006,7,580,0.508987326,612,0.351754303,0.257897057,0.260304956,90,1.842885147
D048,S026,O010,7,580,0.508987326,451,0.052883935,0.358161718,0.236761336,42,1.842885147
D048,S027,O080,7,580,0.508987326,42,0.40076867,0.158141091,0.247798621,9,1.842885147
D048,S028,O011,7,580,0.508987326,74,0.144332149,0.165813474,0.385639579,14,1.842885147
D048,S029,O086,7,580,0.508987326,982,0.199347615,0.312135777,0.001921653,110,1.842885147
D048,S030,O049,7,580,0.508987326,167,0.088317626,0.338602146,0.450648463,15,1.842885147
D048,S031,O038,7,580,0.508987326,541,0.023426649,0.269227699,0.314041207,106,1.842885147
D048,S032,O095,7,580,0.508987326,737,0.275444304,0.049819636,0.213727811,96,1.842885147
D049,S001,O040,3,728,5.019002325,22,0.132312725,0.387023034,0.48640877,1,14.47789132
D049,S002,O081,3,728,5.019002325,625,0.489155662,0.075116015,0.08373988,87,14.47789132
D049,S003,O024,3,728,5.019002325,558,0.01340343,0.303476888,0.066234207,102,14.47789132
D049,S004,O048,3,728,5.019002325,23,0.00021805,0.028031124,0.277887063,4,14.47789132
D049,S005,O061,3,728,5.019002325,504,0.370505912,0.3328803,0.491272741,97,14.47789132
D049,S006,O045,3,728,5.019002325,38,0.251921878,0.260723642,0.043585928,1,14.47789132
D049,S007,O069,3,728,5.019002325,761,0.152114511,0.215299072,0.367977204,1,14.47789132
D049,S008,O092,3,728,5.019002325,96,0.418898266,0.008705234,0.425829723,10,14.47789132
D049,S009,O074,3,728,5.019002325,27,0.164642573,0.30767454,0.244719524,6,14.47789132
D049,S010,O043,3,728,5.019002325,60,0.470149674,0.350184037,0.345788332,1,14.47789132
D049,S011,O054,3,728,5.019002325,29,0.443915181,0.25137144,0.497993332,6,14.47789132
D049,S012,O002,3,728,5.019002325,27,0.258752568,0.087770931,0.008640494,5,14.47789132
D049,S013,O001,3,728,5.019002325,277,0.102604459,0.043442589,0.194317089,68,14.47789132
D049,S014,O008,3,728,5.019002325,221,0.074747705,0.106527742,0.017441816,3,14.47789132
D049,S015,O015,3,728,5.019002325,209,0.451149983,0.236045833,0.154470026,51,14.47789132
D049,S016,O021,3,728,5.019002325,420,0.48022181,0.187407167,0.359386041,21,14.47789132
D049,S017,O082,3,728,5.019002325,165,0.435076568,0.000913393,0.024702354,3,14.47789132
D049,S018,O066,3,728,5.019002325,494,0.215122594,0.12849833,0.421195428,82,14.47789132
D049,S019,O089,3,728,5.019002325,65,0.160593613,0.12131002,0.43177507,4,14.47789132
D049,S020,O055,3,728,5.019002325,140,0.36567333,0.006141596,0.323833398,34,14.47789132
D049,S021,O019,3,728,5.019002325,346,0.328784836,0.382557414,0.459924272,20,14.47789132
D049,S022,O056,3,728,5.019002325,839,0.314045176,0.146767962,0.097912175,33,14.47789132
D049,S023,O085,3,728,5.019002325,121,0.235238901,0.36680338,0.28802825,18,14.47789132
D049,S024,O075,3,728,5.019002325,157,0.187375651,0.192115859,0.011697982,34,14.47789132
D049,S025,O006,3,728,5.019002325,612,0.351754303,0.257897057,0.260304956,90,14.47789132
D049,S026,O010,3,728,5.019002325,451,0.052883935,0.358161718,0.236761336,42,14.47789132
D049,S027,O080,3,728,5.019002325,42,0.40076867,0.158141091,0.247798621,9,14.47789132
D049,S028,O011,3,728,5.019002325,74,0.144332149,0.165813474,0.385639579,14,14.47789132
D049,S029,O086,3,728,5.019002325,982,0.199347615,0.312135777,0.001921653,110,14.47789132
D049,S030,O049,3,728,5.019002325,167,0.088317626,0.338602146,0.450648463,15,14.47789132
D049,S031,O038,3,728,5.019002325,541,0.023426649,0.269227699,0.314041207,106,14.47789132
D049,S032,O095,3,728,5.019002325,737,0.275444304,0.049819636,0.213727811,96,14.47789132
D050,S001,O040,2,156,0.897034845,22,0.132312725,0.387023034,0.48640877,1,12.07546906
D050,S002,O081,2,156,0.897034845,625,0.489155662,0.075116015,0.08373988,87,12.07546906
D050,S003,O024,2,156,0.897034845,558,0.01340343,0.303476888,0.066234207,102,12.07546906
D050,S004,O048,2,156,0.897034845,23,0.00021805,0.028031124,0.277887063,4,12.07546906
D050,S005,O061,2,156,0.897034845,504,0.370505912,0.3328803,0.491272741,97,12.07546906
D050,S006,O045,2,156,0.897034845,38,0.251921878,0.260723642,0.043585928,1,12.07546906
D050,S007,O069,2,156,0.897034845,761,0.152114511,0.215299072,0.367977204,1,12.07546906
D050,S008,O092,2,156,0.897034845,96,0.418898266,0.008705234,0.425829723,10,12.07546906
D050,S009,O074,2,156,0.897034845,27,0.164642573,0.30767454,0.244719524,6,12.07546906
D050,S010,O043,2,156,0.897034845,60,0.470149674,0.350184037,0.345788332,1,12.07546906
D050,S011,O054,2,156,0.897034845,29,0.443915181,0.25137144,0.497993332,6,12.07546906
D050,S012,O002,2,156,0.897034845,27,0.258752568,0.087770931,0.008640494,5,12.07546906
D050,S013,O001,2,156,0.897034845,277,0.102604459,0.043442589,0.194317089,68,12.07546906
D050,S014,O008,2,156,0.897034845,221,0.074747705,0.106527742,0.017441816,3,12.07546906
D050,S015,O015,2,156,0.897034845,209,0.451149983,0.236045833,0.154470026,51,12.07546906
D050,S016,O021,2,156,0.897034845,420,0.48022181,0.187407167,0.359386041,21,12.07546906
D050,S017,O082,2,156,0.897034845,165,0.435076568,0.000913393,0.024702354,3,12.07546906
D050,S018,O066,2,156,0.897034845,494,0.215122594,0.12849833,0.421195428,82,12.07546906
D050,S019,O089,2,156,0.897034845,65,0.160593613,0.12131002,0.43177507,4,12.07546906
D050,S020,O055,2,156,0.897034845,140,0.36567333,0.006141596,0.323833398,34,12.07546906
D050,S021,O019,2,156,0.897034845,346,0.328784836,0.382557414,0.459924272,20,12.07546906
D050,S022,O056,2,156,0.897034845,839,0.314045176,0.146767962,0.097912175,33,12.07546906
D050,S023,O085,2,156,0.897034845,121,0.235238901,0.36680338,0.28802825,18,12.07546906
D050,S024,O075,2,156,0.897034845,157,0.187375651,0.192115859,0.011697982,34,12.07546906
D050,S025,O006,2,156,0.897034845,612,0.351754303,0.257897057,0.260304956,90,12.07546906
D050,S026,O010,2,156,0.897034845,451,0.052883935,0.358161718,0.236761336,42,12.07546906
D050,S027,O080,2,156,0.897034845,42,0.40076867,0.158141091,0.247798621,9,12.07546906
D050,S028,O011,2,156,0.897034845,74,0.144332149,0.165813474,0.385639579,14,12.07546906
D050,S029,O086,2,156,0.897034845,982,0.199347615,0.312135777,0.001921653,110,12.07546906
D050,S030,O049,2,156,0.897034845,167,0.088317626,0.338602146,0.450648463,15,12.07546906
D050,S031,O038,2,156,0.897034845,541,0.023426649,0.269227699,0.314041207,106,12.07546906
D050,S032,O095,2,156,0.897034845,737,0.275444304,0.049819636,0.213727811,96,12.07546906
D051,S001,O040,7,279,0.289512522,22,0.132312725,0.387023034,0.48640877,1,2.17912651
D051,S002,O081,7,279,0.289512522,625,0.489155662,0.075116015,0.08373988,87,2.17912651
D051,S003,O024,7,279,0.289512522,558,0.01340343,0.303476888,0.066234207,102,2.17912651
D051,S004,O048,7,279,0.289512522,23,0.00021805,0.028031124,0.277887063,4,2.17912651
D051,S005,O061,7,279,0.289512522,504,0.370505912,0.3328803,0.491272741,97,2.17912651
D051,S006,O045,7,279,0.289512522,38,0.251921878,0.260723642,0.043585928,1,2.17912651
D051,S007,O069,7,279,0.289512522,761,0.152114511,0.215299072,0.367977204,1,2.17912651
D051,S008,O092,7,279,0.289512522,96,0.418898266,0.008705234,0.425829723,10,2.17912651
D051,S009,O074,7,279,0.289512522,27,0.164642573,0.30767454,0.244719524,6,2.17912651
D051,S010,O043,7,279,0.289512522,60,0.470149674,0.350184037,0.345788332,1,2.17912651
D051,S011,O054,7,279,0.289512522,29,0.443915181,0.25137144,0.497993332,6,2.17912651
D051,S012,O002,7,279,0.289512522,27,0.258752568,0.087770931,0.008640494,5,2.17912651
D051,S013,O001,7,279,0.289512522,277,0.102604459,0.043442589,0.194317089,68,2.17912651
D051,S014,O008,7,279,0.289512522,221,0.074747705,0.106527742,0.017441816,3,2.17912651
D051,S015,O015,7,279,0.289512522,209,0.451149983,0.236045833,0.154470026,51,2.17912651
D051,S016,O021,7,279,0.289512522,420,0.48022181,0.187407167,0.359386041,21,2.17912651
D051,S017,O082,7,279,0.289512522,165,0.435076568,0.000913393,0.024702354,3,2.17912651
D051,S018,O066,7,279,0.289512522,494,0.215122594,0.12849833,0.421195428,82,2.17912651
D051,S019,O089,7,279,0.289512522,65,0.160593613,0.12131002,0.43177507,4,2.17912651
D051,S020,O055,7,279,0.289512522,140,0.36567333,0.006141596,0.323833398,34,2.17912651
D051,S021,O019,7,279,0.289512522,346,0.328784836,0.382557414,0.459924272,20,2.17912651
D051,S022,O056,7,279,0.289512522,839,0.314045176,0.146767962,0.097912175,33,2.17912651
D051,S023,O085,7,279,0.289512522,121,0.235238901,0.36680338,0.28802825,18,2.17912651
D051,S024,O075,7,279,0.289512522,157,0.187375651,0.192115859,0.011697982,34,2.17912651
D051,S025,O006,7,279,0.289512522,612,0.351754303,0.257897057,0.260304956,90,2.17912651
D051,S026,O010,7,279,0.289512522,451,0.052883935,0.358161718,0.236761336,42,2.17912651
D051,S027,O080,7,279,0.289512522,42,0.40076867,0.158141091,0.247798621,9,2.17912651
D051,S028,O011,7,279,0.289512522,74,0.144332149,0.165813474,0.385639579,14,2.17912651
D051,S029,O086,7,279,0.289512522,982,0.199347615,0.312135777,0.001921653,110,2.17912651
D051,S030,O049,7,279,0.289512522,167,0.088317626,0.338602146,0.450648463,15,2.17912651
D051,S031,O038,7,279,0.289512522,541,0.023426649,0.269227699,0.314041207,106,2.17912651
D051,S032,O095,7,279,0.289512522,737,0.275444304,0.049819636,0.213727811,96,2.17912651
D052,S001,O040,2,65,3.950760673,22,0.132312725,0.387023034,0.48640877,1,127.6399602
D052,S002,O081,2,65,3.950760673,625,0.489155662,0.075116015,0.08373988,87,127.6399602
D052,S003,O024,2,65,3.950760673,558,0.01340343,0.303476888,0.066234207,102,127.6399602
D052,S004,O048,2,65,3.950760673,23,0.00021805,0.028031124,0.277887063,4,127.6399602
D052,S005,O061,2,65,3.950760673,504,0.370505912,0.3328803,0.491272741,97,127.6399602
D052,S006,O045,2,65,3.950760673,38,0.251921878,0.260723642,0.043585928,1,127.6399602
D052,S007,O069,2,65,3.950760673,761,0.152114511,0.215299072,0.367977204,1,127.6399602
D052,S008,O092,2,65,3.950760673,96,0.418898266,0.008705234,0.425829723,10,127.6399602
D052,S009,O074,2,65,3.950760673,27,0.164642573,0.30767454,0.244719524,6,127.6399602
D052,S010,O043,2,65,3.950760673,60,0.470149674,0.350184037,0.345788332,1,127.6399602
D052,S011,O054,2,65,3.950760673,29,0.443915181,0.25137144,0.497993332,6,127.6399602
D052,S012,O002,2,65,3.950760673,27,0.258752568,0.087770931,0.008640494,5,127.6399602
D052,S013,O001,2,65,3.950760673,277,0.102604459,0.043442589,0.194317089,68,127.6399602
D052,S014,O008,2,65,3.950760673,221,0.074747705,0.106527742,0.017441816,3,127.6399602
D052,S015,O015,2,65,3.950760673,209,0.451149983,0.236045833,0.154470026,51,127.6399602
D052,S016,O021,2,65,3.950760673,420,0.48022181,0.187407167,0.359386041,21,127.6399602
D052,S017,O082,2,65,3.950760673,165,0.435076568,0.000913393,0.024702354,3,127.6399602
D052,S018,O066,2,65,3.950760673,494,0.215122594,0.12849833,0.421195428,82,127.6399602
D052,S019,O089,2,65,3.950760673,65,0.160593613,0.12131002,0.43177507,4,127.6399602
D052,S020,O055,2,65,3.950760673,140,0.36567333,0.006141596,0.323833398,34,127.6399602
D052,S021,O019,2,65,3.950760673,346,0.328784836,0.382557414,0.459924272,20,127.6399602
D052,S022,O056,2,65,3.950760673,839,0.314045176,0.146767962,0.097912175,33,127.6399602
D052,S023,O085,2,65,3.950760673,121,0.235238901,0.36680338,0.28802825,18,127.6399602
D052,S024,O075,2,65,3.950760673,157,0.187375651,0.192115859,0.011697982,34,127.6399602
D052,S025,O006,2,65,3.950760673,612,0.351754303,0.257897057,0.260304956,90,127.6399602
D052,S026,O010,2,65,3.950760673,451,0.052883935,0.358161718,0.236761336,42,127.6399602
D052,S027,O080,2,65,3.950760673,42,0.40076867,0.158141091,0.247798621,9,127.6399602
D052,S028,O011,2,65,3.950760673,74,0.144332149,0.165813474,0.385639579,14,127.6399602
D052,S029,O086,2,65,3.950760673,982,0.199347615,0.312135777,0.001921653,110,127.6399602
D052,S030,O049,2,65,3.950760673,167,0.088317626,0.338602146,0.450648463,15,127.6399602
D052,S031,O038,2,65,3.950760673,541,0.023426649,0.269227699,0.314041207,106,127.6399602
D052,S032,O095,2,65,3.950760673,737,0.275444304,0.049819636,0.213727811,96,127.6399602
D053,S001,O040,3,97,4.67155745,22,0.132312725,0.387023034,0.48640877,1,101.1368108
D053,S002,O081,3,97,4.67155745,625,0.489155662,0.075116015,0.08373988,87,101.1368108
D053,S003,O024,3,97,4.67155745,558,0.01340343,0.303476888,0.066234207,102,101.1368108
D053,S004,O048,3,97,4.67155745,23,0.00021805,0.028031124,0.277887063,4,101.1368108
D053,S005,O061,3,97,4.67155745,504,0.370505912,0.3328803,0.491272741,97,101.1368108
D053,S006,O045,3,97,4.67155745,38,0.251921878,0.260723642,0.043585928,1,101.1368108
D053,S007,O069,3,97,4.67155745,761,0.152114511,0.215299072,0.367977204,1,101.1368108
D053,S008,O092,3,97,4.67155745,96,0.418898266,0.008705234,0.425829723,10,101.1368108
D053,S009,O074,3,97,4.67155745,27,0.164642573,0.30767454,0.244719524,6,101.1368108
D053,S010,O043,3,97,4.67155745,60,0.470149674,0.350184037,0.345788332,1,101.1368108
D053,S011,O054,3,97,4.67155745,29,0.443915181,0.25137144,0.497993332,6,101.1368108
D053,S012,O002,3,97,4.67155745,27,0.258752568,0.087770931,0.008640494,5,101.1368108
D053,S013,O001,3,97,4.67155745,277,0.102604459,0.043442589,0.194317089,68,101.1368108
D053,S014,O008,3,97,4.67155745,221,0.074747705,0.106527742,0.017441816,3,101.1368108
D053,S015,O015,3,97,4.67155745,209,0.451149983,0.236045833,0.154470026,51,101.1368108
D053,S016,O021,3,97,4.67155745,420,0.48022181,0.187407167,0.359386041,21,101.1368108
D053,S017,O082,3,97,4.67155745,165,0.435076568,0.000913393,0.024702354,3,101.1368108
D053,S018,O066,3,97,4.67155745,494,0.215122594,0.12849833,0.421195428,82,101.1368108
D053,S019,O089,3,97,4.67155745,65,0.160593613,0.12131002,0.43177507,4,101.1368108
D053,S020,O055,3,97,4.67155745,140,0.36567333,0.006141596,0.323833398,34,101.1368108
D053,S021,O019,3,97,4.67155745,346,0.328784836,0.382557414,0.459924272,20,101.1368108
D053,S022,O056,3,97,4.67155745,839,0.314045176,0.146767962,0.097912175,33,101.1368108
D053,S023,O085,3,97,4.67155745,121,0.235238901,0.36680338,0.28802825,18,101.1368108
D053,S024,O075,3,97,4.67155745,157,0.187375651,0.192115859,0.011697982,34,101.1368108
D053,S025,O006,3,97,4.67155745,612,0.351754303,0.257897057,0.260304956,90,101.1368108
D053,S026,O010,3,97,4.67155745,451,0.052883935,0.358161718,0.236761336,42,101.1368108
D053,S027,O080,3,97,4.67155745,42,0.40076867,0.158141091,0.247798621,9,101.1368108
D053,S028,O011,3,97,4.67155745,74,0.144332149,0.165813474,0.385639579,14,101.1368108
D053,S029,O086,3,97,4.67155745,982,0.199347615,0.312135777,0.001921653,110,101.1368108
D053,S030,O049,3,97,4.67155745,167,0.088317626,0.338602146,0.450648463,15,101.1368108
D053,S031,O038,3,97,4.67155745,541,0.023426649,0.269227699,0.314041207,106,101.1368108
D053,S032,O095,3,97,4.67155745,737,0.275444304,0.049819636,0.213727811,96,101.1368108
D054,S001,O040,2,596,4.175058529,22,0.132312725,0.387023034,0.48640877,1,14.7107767
D054,S002,O081,2,596,4.175058529,625,0.489155662,0.075116015,0.08373988,87,14.7107767
D054,S003,O024,2,596,4.175058529,558,0.01340343,0.303476888,0.066234207,102,14.7107767
D054,S004,O048,2,596,4.175058529,23,0.00021805,0.028031124,0.277887063,4,14.7107767
D054,S005,O061,2,596,4.175058529,504,0.370505912,0.3328803,0.491272741,97,14.7107767
D054,S006,O045,2,596,4.175058529,38,0.251921878,0.260723642,0.043585928,1,14.7107767
D054,S007,O069,2,596,4.175058529,761,0.152114511,0.215299072,0.367977204,1,14.7107767
D054,S008,O092,2,596,4.175058529,96,0.418898266,0.008705234,0.425829723,10,14.7107767
D054,S009,O074,2,596,4.175058529,27,0.164642573,0.30767454,0.244719524,6,14.7107767
D054,S010,O043,2,596,4.175058529,60,0.470149674,0.350184037,0.345788332,1,14.7107767
D054,S011,O054,2,596,4.175058529,29,0.443915181,0.25137144,0.497993332,6,14.7107767
D054,S012,O002,2,596,4.175058529,27,0.258752568,0.087770931,0.008640494,5,14.7107767
D054,S013,O001,2,596,4.175058529,277,0.102604459,0.043442589,0.194317089,68,14.7107767
D054,S014,O008,2,596,4.175058529,221,0.074747705,0.106527742,0.017441816,3,14.7107767
D054,S015,O015,2,596,4.175058529,209,0.451149983,0.236045833,0.154470026,51,14.7107767
D054,S016,O021,2,596,4.175058529,420,0.48022181,0.187407167,0.359386041,21,14.7107767
D054,S017,O082,2,596,4.175058529,165,0.435076568,0.000913393,0.024702354,3,14.7107767
D054,S018,O066,2,596,4.175058529,494,0.215122594,0.12849833,0.421195428,82,14.7107767
D054,S019,O089,2,596,4.175058529,65,0.160593613,0.12131002,0.43177507,4,14.7107767
D054,S020,O055,2,596,4.175058529,140,0.36567333,0.006141596,0.323833398,34,14.7107767
D054,S021,O019,2,596,4.175058529,346,0.328784836,0.382557414,0.459924272,20,14.7107767
D054,S022,O056,2,596,4.175058529,839,0.314045176,0.146767962,0.097912175,33,14.7107767
D054,S023,O085,2,596,4.175058529,121,0.235238901,0.36680338,0.28802825,18,14.7107767
D054,S024,O075,2,596,4.175058529,157,0.187375651,0.192115859,0.011697982,34,14.7107767
D054,S025,O006,2,596,4.175058529,612,0.351754303,0.257897057,0.260304956,90,14.7107767
D054,S026,O010,2,596,4.175058529,451,0.052883935,0.358161718,0.236761336,42,14.7107767
D054,S027,O080,2,596,4.175058529,42,0.40076867,0.158141091,0.247798621,9,14.7107767
D054,S028,O011,2,596,4.175058529,74,0.144332149,0.165813474,0.385639579,14,14.7107767
D054,S029,O086,2,596,4.175058529,982,0.199347615,0.312135777,0.001921653,110,14.7107767
D054,S030,O049,2,596,4.175058529,167,0.088317626,0.338602146,0.450648463,15,14.7107767
D054,S031,O038,2,596,4.175058529,541,0.023426649,0.269227699,0.314041207,106,14.7107767
D054,S032,O095,2,596,4.175058529,737,0.275444304,0.049819636,0.213727811,96,14.7107767
D055,S001,O040,5,813,0.369960103,22,0.132312725,0.387023034,0.48640877,1,0.955616501
D055,S002,O081,5,813,0.369960103,625,0.489155662,0.075116015,0.08373988,87,0.955616501
D055,S003,O024,5,813,0.369960103,558,0.01340343,0.303476888,0.066234207,102,0.955616501
D055,S004,O048,5,813,0.369960103,23,0.00021805,0.028031124,0.277887063,4,0.955616501
D055,S005,O061,5,813,0.369960103,504,0.370505912,0.3328803,0.491272741,97,0.955616501
D055,S006,O045,5,813,0.369960103,38,0.251921878,0.260723642,0.043585928,1,0.955616501
D055,S007,O069,5,813,0.369960103,761,0.152114511,0.215299072,0.367977204,1,0.955616501
D055,S008,O092,5,813,0.369960103,96,0.418898266,0.008705234,0.425829723,10,0.955616501
D055,S009,O074,5,813,0.369960103,27,0.164642573,0.30767454,0.244719524,6,0.955616501
D055,S010,O043,5,813,0.369960103,60,0.470149674,0.350184037,0.345788332,1,0.955616501
D055,S011,O054,5,813,0.369960103,29,0.443915181,0.25137144,0.497993332,6,0.955616501
D055,S012,O002,5,813,0.369960103,27,0.258752568,0.087770931,0.008640494,5,0.955616501
D055,S013,O001,5,813,0.369960103,277,0.102604459,0.043442589,0.194317089,68,0.955616501
D055,S014,O008,5,813,0.369960103,221,0.074747705,0.106527742,0.017441816,3,0.955616501
D055,S015,O015,5,813,0.369960103,209,0.451149983,0.236045833,0.154470026,51,0.955616501
D055,S016,O021,5,813,0.369960103,420,0.48022181,0.187407167,0.359386041,21,0.955616501
D055,S017,O082,5,813,0.369960103,165,0.435076568,0.000913393,0.024702354,3,0.955616501
D055,S018,O066,5,813,0.369960103,494,0.215122594,0.12849833,0.421195428,82,0.955616501
D055,S019,O089,5,813,0.369960103,65,0.160593613,0.12131002,0.43177507,4,0.955616501
D055,S020,O055,5,813,0.369960103,140,0.36567333,0.006141596,0.323833398,34,0.955616501
D055,S021,O019,5,813,0.369960103,346,0.328784836,0.382557414,0.459924272,20,0.955616501
D055,S022,O056,5,813,0.369960103,839,0.314045176,0.146767962,0.097912175,33,0.955616501
D055,S023,O085,5,813,0.369960103,121,0.235238901,0.36680338,0.28802825,18,0.955616501
D055,S024,O075,5,813,0.369960103,157,0.187375651,0.192115859,0.011697982,34,0.955616501
D055,S025,O006,5,813,0.369960103,612,0.351754303,0.257897057,0.260304956,90,0.955616501
D055,S026,O010,5,813,0.369960103,451,0.052883935,0.358161718,0.236761336,42,0.955616501
D055,S027,O080,5,813,0.369960103,42,0.40076867,0.158141091,0.247798621,9,0.955616501
D055,S028,O011,5,813,0.369960103,74,0.144332149,0.165813474,0.385639579,14,0.955616501
D055,S029,O086,5,813,0.369960103,982,0.199347615,0.312135777,0.001921653,110,0.955616501
D055,S030,O049,5,813,0.369960103,167,0.088317626,0.338602146,0.450648463,15,0.955616501
D055,S031,O038,5,813,0.369960103,541,0.023426649,0.269227699,0.314041207,106,0.955616501
D055,S032,O095,5,813,0.369960103,737,0.275444304,0.049819636,0.213727811,96,0.955616501
D056,S001,O040,8,119,4.76031618,22,0.132312725,0.387023034,0.48640877,1,84.00557964
D056,S002,O081,8,119,4.76031618,625,0.489155662,0.075116015,0.08373988,87,84.00557964
D056,S003,O024,8,119,4.76031618,558,0.01340343,0.303476888,0.066234207,102,84.00557964
D056,S004,O048,8,119,4.76031618,23,0.00021805,0.028031124,0.277887063,4,84.00557964
D056,S005,O061,8,119,4.76031618,504,0.370505912,0.3328803,0.491272741,97,84.00557964
D056,S006,O045,8,119,4.76031618,38,0.251921878,0.260723642,0.043585928,1,84.00557964
D056,S007,O069,8,119,4.76031618,761,0.152114511,0.215299072,0.367977204,1,84.00557964
D056,S008,O092,8,119,4.76031618,96,0.418898266,0.008705234,0.425829723,10,84.00557964
D056,S009,O074,8,119,4.76031618,27,0.164642573,0.30767454,0.244719524,6,84.00557964
D056,S010,O043,8,119,4.76031618,60,0.470149674,0.350184037,0.345788332,1,84.00557964
D056,S011,O054,8,119,4.76031618,29,0.443915181,0.25137144,0.497993332,6,84.00557964
D056,S012,O002,8,119,4.76031618,27,0.258752568,0.087770931,0.008640494,5,84.00557964
D056,S013,O001,8,119,4.76031618,277,0.102604459,0.043442589,0.194317089,68,84.00557964
D056,S014,O008,8,119,4.76031618,221,0.074747705,0.106527742,0.017441816,3,84.00557964
D056,S015,O015,8,119,4.76031618,209,0.451149983,0.236045833,0.154470026,51,84.00557964
D056,S016,O021,8,119,4.76031618,420,0.48022181,0.187407167,0.359386041,21,84.00557964
D056,S017,O082,8,119,4.76031618,165,0.435076568,0.000913393,0.024702354,3,84.00557964
D056,S018,O066,8,119,4.76031618,494,0.215122594,0.12849833,0.421195428,82,84.00557964
D056,S019,O089,8,119,4.76031618,65,0.160593613,0.12131002,0.43177507,4,84.00557964
D056,S020,O055,8,119,4.76031618,140,0.36567333,0.006141596,0.323833398,34,84.00557964
D056,S021,O019,8,119,4.76031618,346,0.328784836,0.382557414,0.459924272,20,84.00557964
D056,S022,O056,8,119,4.76031618,839,0.314045176,0.146767962,0.097912175,33,84.00557964
D056,S023,O085,8,119,4.76031618,121,0.235238901,0.36680338,0.28802825,18,84.00557964
D056,S024,O075,8,119,4.76031618,157,0.187375651,0.192115859,0.011697982,34,84.00557964
D056,S025,O006,8,119,4.76031618,612,0.351754303,0.257897057,0.260304956,90,84.00557964
D056,S026,O010,8,119,4.76031618,451,0.052883935,0.358161718,0.236761336,42,84.00557964
D056,S027,O080,8,119,4.76031618,42,0.40076867,0.158141091,0.247798621,9,84.00557964
D056,S028,O011,8,119,4.76031618,74,0.144332149,0.165813474,0.385639579,14,84.00557964
D056,S029,O086,8,119,4.76031618,982,0.199347615,0.312135777,0.001921653,110,84.00557964
D056,S030,O049,8,119,4.76031618,167,0.088317626,0.338602146,0.450648463,15,84.00557964
D056,S031,O038,8,119,4.76031618,541,0.023426649,0.269227699,0.314041207,106,84.00557964
D056,S032,O095,8,119,4.76031618,737,0.275444304,0.049819636,0.213727811,96,84.00557964
D057,S001,O040,6,245,0.458656858,22,0.132312725,0.387023034,0.48640877,1,3.9313445
D057,S002,O081,6,245,0.458656858,625,0.489155662,0.075116015,0.08373988,87,3.9313445
D057,S003,O024,6,245,0.458656858,558,0.01340343,0.303476888,0.066234207,102,3.9313445
D057,S004,O048,6,245,0.458656858,23,0.00021805,0.028031124,0.277887063,4,3.9313445
D057,S005,O061,6,245,0.458656858,504,0.370505912,0.3328803,0.491272741,97,3.9313445
D057,S006,O045,6,245,0.458656858,38,0.251921878,0.260723642,0.043585928,1,3.9313445
D057,S007,O069,6,245,0.458656858,761,0.152114511,0.215299072,0.367977204,1,3.9313445
D057,S008,O092,6,245,0.458656858,96,0.418898266,0.008705234,0.425829723,10,3.9313445
D057,S009,O074,6,245,0.458656858,27,0.164642573,0.30767454,0.244719524,6,3.9313445
D057,S010,O043,6,245,0.458656858,60,0.470149674,0.350184037,0.345788332,1,3.9313445
D057,S011,O054,6,245,0.458656858,29,0.443915181,0.25137144,0.497993332,6,3.9313445
D057,S012,O002,6,245,0.458656858,27,0.258752568,0.087770931,0.008640494,5,3.9313445
D057,S013,O001,6,245,0.458656858,277,0.102604459,0.043442589,0.194317089,68,3.9313445
D057,S014,O008,6,245,0.458656858,221,0.074747705,0.106527742,0.017441816,3,3.9313445
D057,S015,O015,6,245,0.458656858,209,0.451149983,0.236045833,0.154470026,51,3.9313445
D057,S016,O021,6,245,0.458656858,420,0.48022181,0.187407167,0.359386041,21,3.9313445
D057,S017,O082,6,245,0.458656858,165,0.435076568,0.000913393,0.024702354,3,3.9313445
D057,S018,O066,6,245,0.458656858,494,0.215122594,0.12849833,0.421195428,82,3.9313445
D057,S019,O089,6,245,0.458656858,65,0.160593613,0.12131002,0.43177507,4,3.9313445
D057,S020,O055,6,245,0.458656858,140,0.36567333,0.006141596,0.323833398,34,3.9313445
D057,S021,O019,6,245,0.458656858,346,0.328784836,0.382557414,0.459924272,20,3.9313445
D057,S022,O056,6,245,0.458656858,839,0.314045176,0.146767962,0.097912175,33,3.9313445
D057,S023,O085,6,245,0.458656858,121,0.235238901,0.36680338,0.28802825,18,3.9313445
D057,S024,O075,6,245,0.458656858,157,0.187375651,0.192115859,0.011697982,34,3.9313445
D057,S025,O006,6,245,0.458656858,612,0.351754303,0.257897057,0.260304956,90,3.9313445
D057,S026,O010,6,245,0.458656858,451,0.052883935,0.358161718,0.236761336,42,3.9313445
D057,S027,O080,6,245,0.458656858,42,0.40076867,0.158141091,0.247798621,9,3.9313445
D057,S028,O011,6,245,0.458656858,74,0.144332149,0.165813474,0.385639579,14,3.9313445
D057,S029,O086,6,245,0.458656858,982,0.199347615,0.312135777,0.001921653,110,3.9313445
D057,S030,O049,6,245,0.458656858,167,0.088317626,0.338602146,0.450648463,15,3.9313445
D057,S031,O038,6,245,0.458656858,541,0.023426649,0.269227699,0.314041207,106,3.9313445
D057,S032,O095,6,245,0.458656858,737,0.275444304,0.049819636,0.213727811,96,3.9313445
D058,S001,O040,5,730,0.523579254,22,0.132312725,0.387023034,0.48640877,1,1.506186896
D058,S002,O081,5,730,0.523579254,625,0.489155662,0.075116015,0.08373988,87,1.506186896
D058,S003,O024,5,730,0.523579254,558,0.01340343,0.303476888,0.066234207,102,1.506186896
D058,S004,O048,5,730,0.523579254,23,0.00021805,0.028031124,0.277887063,4,1.506186896
D058,S005,O061,5,730,0.523579254,504,0.370505912,0.3328803,0.491272741,97,1.506186896
D058,S006,O045,5,730,0.523579254,38,0.251921878,0.260723642,0.043585928,1,1.506186896
D058,S007,O069,5,730,0.523579254,761,0.152114511,0.215299072,0.367977204,1,1.506186896
D058,S008,O092,5,730,0.523579254,96,0.418898266,0.008705234,0.425829723,10,1.506186896
D058,S009,O074,5,730,0.523579254,27,0.164642573,0.30767454,0.244719524,6,1.506186896
D058,S010,O043,5,730,0.523579254,60,0.470149674,0.350184037,0.345788332,1,1.506186896
D058,S011,O054,5,730,0.523579254,29,0.443915181,0.25137144,0.497993332,6,1.506186896
D058,S012,O002,5,730,0.523579254,27,0.258752568,0.087770931,0.008640494,5,1.506186896
D058,S013,O001,5,730,0.523579254,277,0.102604459,0.043442589,0.194317089,68,1.506186896
D058,S014,O008,5,730,0.523579254,221,0.074747705,0.106527742,0.017441816,3,1.506186896
D058,S015,O015,5,730,0.523579254,209,0.451149983,0.236045833,0.154470026,51,1.506186896
D058,S016,O021,5,730,0.523579254,420,0.48022181,0.187407167,0.359386041,21,1.506186896
D058,S017,O082,5,730,0.523579254,165,0.435076568,0.000913393,0.024702354,3,1.506186896
D058,S018,O066,5,730,0.523579254,494,0.215122594,0.12849833,0.421195428,82,1.506186896
D058,S019,O089,5,730,0.523579254,65,0.160593613,0.12131002,0.43177507,4,1.506186896
D058,S020,O055,5,730,0.523579254,140,0.36567333,0.006141596,0.323833398,34,1.506186896
D058,S021,O019,5,730,0.523579254,346,0.328784836,0.382557414,0.459924272,20,1.506186896
D058,S022,O056,5,730,0.523579254,839,0.314045176,0.146767962,0.097912175,33,1.506186896
D058,S023,O085,5,730,0.523579254,121,0.235238901,0.36680338,0.28802825,18,1.506186896
D058,S024,O075,5,730,0.523579254,157,0.187375651,0.192115859,0.011697982,34,1.506186896
D058,S025,O006,5,730,0.523579254,612,0.351754303,0.257897057,0.260304956,90,1.506186896
D058,S026,O010,5,730,0.523579254,451,0.052883935,0.358161718,0.236761336,42,1.506186896
D058,S027,O080,5,730,0.523579254,42,0.40076867,0.158141091,0.247798621,9,1.506186896
D058,S028,O011,5,730,0.523579254,74,0.144332149,0.165813474,0.385639579,14,1.506186896
D058,S029,O086,5,730,0.523579254,982,0.199347615,0.312135777,0.001921653,110,1.506186896
D058,S030,O049,5,730,0.523579254,167,0.088317626,0.338602146,0.450648463,15,1.506186896
D058,S031,O038,5,730,0.523579254,541,0.023426649,0.269227699,0.314041207,106,1.506186896
D058,S032,O095,5,730,0.523579254,737,0.275444304,0.049819636,0.213727811,96,1.506186896
D059,S001,O040,4,449,5.169287775,22,0.132312725,0.387023034,0.48640877,1,24.17706977
D059,S002,O081,4,449,5.169287775,625,0.489155662,0.075116015,0.08373988,87,24.17706977
D059,S003,O024,4,449,5.169287775,558,0.01340343,0.303476888,0.066234207,102,24.17706977
D059,S004,O048,4,449,5.169287775,23,0.00021805,0.028031124,0.277887063,4,24.17706977
D059,S005,O061,4,449,5.169287775,504,0.370505912,0.3328803,0.491272741,97,24.17706977
D059,S006,O045,4,449,5.169287775,38,0.251921878,0.260723642,0.043585928,1,24.17706977
D059,S007,O069,4,449,5.169287775,761,0.152114511,0.215299072,0.367977204,1,24.17706977
D059,S008,O092,4,449,5.169287775,96,0.418898266,0.008705234,0.425829723,10,24.17706977
D059,S009,O074,4,449,5.169287775,27,0.164642573,0.30767454,0.244719524,6,24.17706977
D059,S010,O043,4,449,5.169287775,60,0.470149674,0.350184037,0.345788332,1,24.17706977
D059,S011,O054,4,449,5.169287775,29,0.443915181,0.25137144,0.497993332,6,24.17706977
D059,S012,O002,4,449,5.169287775,27,0.258752568,0.087770931,0.008640494,5,24.17706977
D059,S013,O001,4,449,5.169287775,277,0.102604459,0.043442589,0.194317089,68,24.17706977
D059,S014,O008,4,449,5.169287775,221,0.074747705,0.106527742,0.017441816,3,24.17706977
D059,S015,O015,4,449,5.169287775,209,0.451149983,0.236045833,0.154470026,51,24.17706977
D059,S016,O021,4,449,5.169287775,420,0.48022181,0.187407167,0.359386041,21,24.17706977
D059,S017,O082,4,449,5.169287775,165,0.435076568,0.000913393,0.024702354,3,24.17706977
D059,S018,O066,4,449,5.169287775,494,0.215122594,0.12849833,0.421195428,82,24.17706977
D059,S019,O089,4,449,5.169287775,65,0.160593613,0.12131002,0.43177507,4,24.17706977
D059,S020,O055,4,449,5.169287775,140,0.36567333,0.006141596,0.323833398,34,24.17706977
D059,S021,O019,4,449,5.169287775,346,0.328784836,0.382557414,0.459924272,20,24.17706977
D059,S022,O056,4,449,5.169287775,839,0.314045176,0.146767962,0.097912175,33,24.17706977
D059,S023,O085,4,449,5.169287775,121,0.235238901,0.36680338,0.28802825,18,24.17706977
D059,S024,O075,4,449,5.169287775,157,0.187375651,0.192115859,0.011697982,34,24.17706977
D059,S025,O006,4,449,5.169287775,612,0.351754303,0.257897057,0.260304956,90,24.17706977
D059,S026,O010,4,449,5.169287775,451,0.052883935,0.358161718,0.236761336,42,24.17706977
D059,S027,O080,4,449,5.169287775,42,0.40076867,0.158141091,0.247798621,9,24.17706977
D059,S028,O011,4,449,5.169287775,74,0.144332149,0.165813474,0.385639579,14,24.17706977
D059,S029,O086,4,449,5.169287775,982,0.199347615,0.312135777,0.001921653,110,24.17706977
D059,S030,O049,4,449,5.169287775,167,0.088317626,0.338602146,0.450648463,15,24.17706977
D059,S031,O038,4,449,5.169287775,541,0.023426649,0.269227699,0.314041207,106,24.17706977
D059,S032,O095,4,449,5.169287775,737,0.275444304,0.049819636,0.213727811,96,24.17706977
D060,S001,O040,4,126,0.278788784,22,0.132312725,0.387023034,0.48640877,1,4.646479736
D060,S002,O081,4,126,0.278788784,625,0.489155662,0.075116015,0.08373988,87,4.646479736
D060,S003,O024,4,126,0.278788784,558,0.01340343,0.303476888,0.066234207,102,4.646479736
D060,S004,O048,4,126,0.278788784,23,0.00021805,0.028031124,0.277887063,4,4.646479736
D060,S005,O061,4,126,0.278788784,504,0.370505912,0.3328803,0.491272741,97,4.646479736
D060,S006,O045,4,126,0.278788784,38,0.251921878,0.260723642,0.043585928,1,4.646479736
D060,S007,O069,4,126,0.278788784,761,0.152114511,0.215299072,0.367977204,1,4.646479736
D060,S008,O092,4,126,0.278788784,96,0.418898266,0.008705234,0.425829723,10,4.646479736
D060,S009,O074,4,126,0.278788784,27,0.164642573,0.30767454,0.244719524,6,4.646479736
D060,S010,O043,4,126,0.278788784,60,0.470149674,0.350184037,0.345788332,1,4.646479736
D060,S011,O054,4,126,0.278788784,29,0.443915181,0.25137144,0.497993332,6,4.646479736
D060,S012,O002,4,126,0.278788784,27,0.258752568,0.087770931,0.008640494,5,4.646479736
D060,S013,O001,4,126,0.278788784,277,0.102604459,0.043442589,0.194317089,68,4.646479736
D060,S014,O008,4,126,0.278788784,221,0.074747705,0.106527742,0.017441816,3,4.646479736
D060,S015,O015,4,126,0.278788784,209,0.451149983,0.236045833,0.154470026,51,4.646479736
D060,S016,O021,4,126,0.278788784,420,0.48022181,0.187407167,0.359386041,21,4.646479736
D060,S017,O082,4,126,0.278788784,165,0.435076568,0.000913393,0.024702354,3,4.646479736
D060,S018,O066,4,126,0.278788784,494,0.215122594,0.12849833,0.421195428,82,4.646479736
D060,S019,O089,4,126,0.278788784,65,0.160593613,0.12131002,0.43177507,4,4.646479736
D060,S020,O055,4,126,0.278788784,140,0.36567333,0.006141596,0.323833398,34,4.646479736
D060,S021,O019,4,126,0.278788784,346,0.328784836,0.382557414,0.459924272,20,4.646479736
D060,S022,O056,4,126,0.278788784,839,0.314045176,0.146767962,0.097912175,33,4.646479736
D060,S023,O085,4,126,0.278788784,121,0.235238901,0.36680338,0.28802825,18,4.646479736
D060,S024,O075,4,126,0.278788784,157,0.187375651,0.192115859,0.011697982,34,4.646479736
D060,S025,O006,4,126,0.278788784,612,0.351754303,0.257897057,0.260304956,90,4.646479736
D060,S026,O010,4,126,0.278788784,451,0.052883935,0.358161718,0.236761336,42,4.646479736
D060,S027,O080,4,126,0.278788784,42,0.40076867,0.158141091,0.247798621,9,4.646479736
D060,S028,O011,4,126,0.278788784,74,0.144332149,0.165813474,0.385639579,14,4.646479736
D060,S029,O086,4,126,0.278788784,982,0.199347615,0.312135777,0.001921653,110,4.646479736
D060,S030,O049,4,126,0.278788784,167,0.088317626,0.338602146,0.450648463,15,4.646479736
D060,S031,O038,4,126,0.278788784,541,0.023426649,0.269227699,0.314041207,106,4.646479736
D060,S032,O095,4,126,0.278788784,737,0.275444304,0.049819636,0.213727811,96,4.646479736
D061,S001,O040,6,82,5.483340062,22,0.132312725,0.387023034,0.48640877,1,140.4270016
D061,S002,O081,6,82,5.483340062,625,0.489155662,0.075116015,0.08373988,87,140.4270016
D061,S003,O024,6,82,5.483340062,558,0.01340343,0.303476888,0.066234207,102,140.4270016
D061,S004,O048,6,82,5.483340062,23,0.00021805,0.028031124,0.277887063,4,140.4270016
D061,S005,O061,6,82,5.483340062,504,0.370505912,0.3328803,0.491272741,97,140.4270016
D061,S006,O045,6,82,5.483340062,38,0.251921878,0.260723642,0.043585928,1,140.4270016
D061,S007,O069,6,82,5.483340062,761,0.152114511,0.215299072,0.367977204,1,140.4270016
D061,S008,O092,6,82,5.483340062,96,0.418898266,0.008705234,0.425829723,10,140.4270016
D061,S009,O074,6,82,5.483340062,27,0.164642573,0.30767454,0.244719524,6,140.4270016
D061,S010,O043,6,82,5.483340062,60,0.470149674,0.350184037,0.345788332,1,140.4270016
D061,S011,O054,6,82,5.483340062,29,0.443915181,0.25137144,0.497993332,6,140.4270016
D061,S012,O002,6,82,5.483340062,27,0.258752568,0.087770931,0.008640494,5,140.4270016
D061,S013,O001,6,82,5.483340062,277,0.102604459,0.043442589,0.194317089,68,140.4270016
D061,S014,O008,6,82,5.483340062,221,0.074747705,0.106527742,0.017441816,3,140.4270016
D061,S015,O015,6,82,5.483340062,209,0.451149983,0.236045833,0.154470026,51,140.4270016
D061,S016,O021,6,82,5.483340062,420,0.48022181,0.187407167,0.359386041,21,140.4270016
D061,S017,O082,6,82,5.483340062,165,0.435076568,0.000913393,0.024702354,3,140.4270016
D061,S018,O066,6,82,5.483340062,494,0.215122594,0.12849833,0.421195428,82,140.4270016
D061,S019,O089,6,82,5.483340062,65,0.160593613,0.12131002,0.43177507,4,140.4270016
D061,S020,O055,6,82,5.483340062,140,0.36567333,0.006141596,0.323833398,34,140.4270016
D061,S021,O019,6,82,5.483340062,346,0.328784836,0.382557414,0.459924272,20,140.4270016
D061,S022,O056,6,82,5.483340062,839,0.314045176,0.146767962,0.097912175,33,140.4270016
D061,S023,O085,6,82,5.483340062,121,0.235238901,0.36680338,0.28802825,18,140.4270016
D061,S024,O075,6,82,5.483340062,157,0.187375651,0.192115859,0.011697982,34,140.4270016
D061,S025,O006,6,82,5.483340062,612,0.351754303,0.257897057,0.260304956,90,140.4270016
D061,S026,O010,6,82,5.483340062,451,0.052883935,0.358161718,0.236761336,42,140.4270016
D061,S027,O080,6,82,5.483340062,42,0.40076867,0.158141091,0.247798621,9,140.4270016
D061,S028,O011,6,82,5.483340062,74,0.144332149,0.165813474,0.385639579,14,140.4270016
D061,S029,O086,6,82,5.483340062,982,0.199347615,0.312135777,0.001921653,110,140.4270016
D061,S030,O049,6,82,5.483340062,167,0.088317626,0.338602146,0.450648463,15,140.4270016
D061,S031,O038,6,82,5.483340062,541,0.023426649,0.269227699,0.314041207,106,140.4270016
D061,S032,O095,6,82,5.483340062,737,0.275444304,0.049819636,0.213727811,96,140.4270016
D062,S001,O040,6,235,4.003175576,22,0.132312725,0.387023034,0.48640877,1,35.77305834
D062,S002,O081,6,235,4.003175576,625,0.489155662,0.075116015,0.08373988,87,35.77305834
D062,S003,O024,6,235,4.003175576,558,0.01340343,0.303476888,0.066234207,102,35.77305834
D062,S004,O048,6,235,4.003175576,23,0.00021805,0.028031124,0.277887063,4,35.77305834
D062,S005,O061,6,235,4.003175576,504,0.370505912,0.3328803,0.491272741,97,35.77305834
D062,S006,O045,6,235,4.003175576,38,0.251921878,0.260723642,0.043585928,1,35.77305834
D062,S007,O069,6,235,4.003175576,761,0.152114511,0.215299072,0.367977204,1,35.77305834
D062,S008,O092,6,235,4.003175576,96,0.418898266,0.008705234,0.425829723,10,35.77305834
D062,S009,O074,6,235,4.003175576,27,0.164642573,0.30767454,0.244719524,6,35.77305834
D062,S010,O043,6,235,4.003175576,60,0.470149674,0.350184037,0.345788332,1,35.77305834
D062,S011,O054,6,235,4.003175576,29,0.443915181,0.25137144,0.497993332,6,35.77305834
D062,S012,O002,6,235,4.003175576,27,0.258752568,0.087770931,0.008640494,5,35.77305834
D062,S013,O001,6,235,4.003175576,277,0.102604459,0.043442589,0.194317089,68,35.77305834
D062,S014,O008,6,235,4.003175576,221,0.074747705,0.106527742,0.017441816,3,35.77305834
D062,S015,O015,6,235,4.003175576,209,0.451149983,0.236045833,0.154470026,51,35.77305834
D062,S016,O021,6,235,4.003175576,420,0.48022181,0.187407167,0.359386041,21,35.77305834
D062,S017,O082,6,235,4.003175576,165,0.435076568,0.000913393,0.024702354,3,35.77305834
D062,S018,O066,6,235,4.003175576,494,0.215122594,0.12849833,0.421195428,82,35.77305834
D062,S019,O089,6,235,4.003175576,65,0.160593613,0.12131002,0.43177507,4,35.77305834
D062,S020,O055,6,235,4.003175576,140,0.36567333,0.006141596,0.323833398,34,35.77305834
D062,S021,O019,6,235,4.003175576,346,0.328784836,0.382557414,0.459924272,20,35.77305834
D062,S022,O056,6,235,4.003175576,839,0.314045176,0.146767962,0.097912175,33,35.77305834
D062,S023,O085,6,235,4.003175576,121,0.235238901,0.36680338,0.28802825,18,35.77305834
D062,S024,O075,6,235,4.003175576,157,0.187375651,0.192115859,0.011697982,34,35.77305834
D062,S025,O006,6,235,4.003175576,612,0.351754303,0.257897057,0.260304956,90,35.77305834
D062,S026,O010,6,235,4.003175576,451,0.052883935,0.358161718,0.236761336,42,35.77305834
D062,S027,O080,6,235,4.003175576,42,0.40076867,0.158141091,0.247798621,9,35.77305834
D062,S028,O011,6,235,4.003175576,74,0.144332149,0.165813474,0.385639579,14,35.77305834
D062,S029,O086,6,235,4.003175576,982,0.199347615,0.312135777,0.001921653,110,35.77305834
D062,S030,O049,6,235,4.003175576,167,0.088317626,0.338602146,0.450648463,15,35.77305834
D062,S031,O038,6,235,4.003175576,541,0.023426649,0.269227699,0.314041207,106,35.77305834
D062,S032,O095,6,235,4.003175576,737,0.275444304,0.049819636,0.213727811,96,35.77305834
D063,S001,O040,3,176,0.420336327,22,0.132312725,0.387023034,0.48640877,1,5.015376631
D063,S002,O081,3,176,0.420336327,625,0.489155662,0.075116015,0.08373988,87,5.015376631
D063,S003,O024,3,176,0.420336327,558,0.01340343,0.303476888,0.066234207,102,5.015376631
D063,S004,O048,3,176,0.420336327,23,0.00021805,0.028031124,0.277887063,4,5.015376631
D063,S005,O061,3,176,0.420336327,504,0.370505912,0.3328803,0.491272741,97,5.015376631
D063,S006,O045,3,176,0.420336327,38,0.251921878,0.260723642,0.043585928,1,5.015376631
D063,S007,O069,3,176,0.420336327,761,0.152114511,0.215299072,0.367977204,1,5.015376631
D063,S008,O092,3,176,0.420336327,96,0.418898266,0.008705234,0.425829723,10,5.015376631
D063,S009,O074,3,176,0.420336327,27,0.164642573,0.30767454,0.244719524,6,5.015376631
D063,S010,O043,3,176,0.420336327,60,0.470149674,0.350184037,0.345788332,1,5.015376631
D063,S011,O054,3,176,0.420336327,29,0.443915181,0.25137144,0.497993332,6,5.015376631
D063,S012,O002,3,176,0.420336327,27,0.258752568,0.087770931,0.008640494,5,5.015376631
D063,S013,O001,3,176,0.420336327,277,0.102604459,0.043442589,0.194317089,68,5.015376631
D063,S014,O008,3,176,0.420336327,221,0.074747705,0.106527742,0.017441816,3,5.015376631
D063,S015,O015,3,176,0.420336327,209,0.451149983,0.236045833,0.154470026,51,5.015376631
D063,S016,O021,3,176,0.420336327,420,0.48022181,0.187407167,0.359386041,21,5.015376631
D063,S017,O082,3,176,0.420336327,165,0.435076568,0.000913393,0.024702354,3,5.015376631
D063,S018,O066,3,176,0.420336327,494,0.215122594,0.12849833,0.421195428,82,5.015376631
D063,S019,O089,3,176,0.420336327,65,0.160593613,0.12131002,0.43177507,4,5.015376631
D063,S020,O055,3,176,0.420336327,140,0.36567333,0.006141596,0.323833398,34,5.015376631
D063,S021,O019,3,176,0.420336327,346,0.328784836,0.382557414,0.459924272,20,5.015376631
D063,S022,O056,3,176,0.420336327,839,0.314045176,0.146767962,0.097912175,33,5.015376631
D063,S023,O085,3,176,0.420336327,121,0.235238901,0.36680338,0.28802825,18,5.015376631
D063,S024,O075,3,176,0.420336327,157,0.187375651,0.192115859,0.011697982,34,5.015376631
D063,S025,O006,3,176,0.420336327,612,0.351754303,0.257897057,0.260304956,90,5.015376631
D063,S026,O010,3,176,0.420336327,451,0.052883935,0.358161718,0.236761336,42,5.015376631
D063,S027,O080,3,176,0.420336327,42,0.40076867,0.158141091,0.247798621,9,5.015376631
D063,S028,O011,3,176,0.420336327,74,0.144332149,0.165813474,0.385639579,14,5.015376631
D063,S029,O086,3,176,0.420336327,982,0.199347615,0.312135777,0.001921653,110,5.015376631
D063,S030,O049,3,176,0.420336327,167,0.088317626,0.338602146,0.450648463,15,5.015376631
D063,S031,O038,3,176,0.420336327,541,0.023426649,0.269227699,0.314041207,106,5.015376631
D063,S032,O095,3,176,0.420336327,737,0.275444304,0.049819636,0.213727811,96,5.015376631
D064,S001,O040,8,192,2.239817071,22,0.132312725,0.387023034,0.48640877,1,24.49799922
D064,S002,O081,8,192,2.239817071,625,0.489155662,0.075116015,0.08373988,87,24.49799922
D064,S003,O024,8,192,2.239817071,558,0.01340343,0.303476888,0.066234207,102,24.49799922
D064,S004,O048,8,192,2.239817071,23,0.00021805,0.028031124,0.277887063,4,24.49799922
D064,S005,O061,8,192,2.239817071,504,0.370505912,0.3328803,0.491272741,97,24.49799922
D064,S006,O045,8,192,2.239817071,38,0.251921878,0.260723642,0.043585928,1,24.49799922
D064,S007,O069,8,192,2.239817071,761,0.152114511,0.215299072,0.367977204,1,24.49799922
D064,S008,O092,8,192,2.239817071,96,0.418898266,0.008705234,0.425829723,10,24.49799922
D064,S009,O074,8,192,2.239817071,27,0.164642573,0.30767454,0.244719524,6,24.49799922
D064,S010,O043,8,192,2.239817071,60,0.470149674,0.350184037,0.345788332,1,24.49799922
D064,S011,O054,8,192,2.239817071,29,0.443915181,0.25137144,0.497993332,6,24.49799922
D064,S012,O002,8,192,2.239817071,27,0.258752568,0.087770931,0.008640494,5,24.49799922
D064,S013,O001,8,192,2.239817071,277,0.102604459,0.043442589,0.194317089,68,24.49799922
D064,S014,O008,8,192,2.239817071,221,0.074747705,0.106527742,0.017441816,3,24.49799922
D064,S015,O015,8,192,2.239817071,209,0.451149983,0.236045833,0.154470026,51,24.49799922
D064,S016,O021,8,192,2.239817071,420,0.48022181,0.187407167,0.359386041,21,24.49799922
D064,S017,O082,8,192,2.239817071,165,0.435076568,0.000913393,0.024702354,3,24.49799922
D064,S018,O066,8,192,2.239817071,494,0.215122594,0.12849833,0.421195428,82,24.49799922
D064,S019,O089,8,192,2.239817071,65,0.160593613,0.12131002,0.43177507,4,24.49799922
D064,S020,O055,8,192,2.239817071,140,0.36567333,0.006141596,0.323833398,34,24.49799922
D064,S021,O019,8,192,2.239817071,346,0.328784836,0.382557414,0.459924272,20,24.49799922
D064,S022,O056,8,192,2.239817071,839,0.314045176,0.146767962,0.097912175,33,24.49799922
D064,S023,O085,8,192,2.239817071,121,0.235238901,0.36680338,0.28802825,18,24.49799922
D064,S024,O075,8,192,2.239817071,157,0.187375651,0.192115859,0.011697982,34,24.49799922
D064,S025,O006,8,192,2.239817071,612,0.351754303,0.257897057,0.260304956,90,24.49799922
D064,S026,O010,8,192,2.239817071,451,0.052883935,0.358161718,0.236761336,42,24.49799922
D064,S027,O080,8,192,2.239817071,42,0.40076867,0.158141091,0.247798621,9,24.49799922
D064,S028,O011,8,192,2.239817071,74,0.144332149,0.165813474,0.385639579,14,24.49799922
D064,S029,O086,8,192,2.239817071,982,0.199347615,0.312135777,0.001921653,110,24.49799922
D064,S030,O049,8,192,2.239817071,167,0.088317626,0.338602146,0.450648463,15,24.49799922
D064,S031,O038,8,192,2.239817071,541,0.023426649,0.269227699,0.314041207,106,24.49799922
D064,S032,O095,8,192,2.239817071,737,0.275444304,0.049819636,0.213727811,96,24.49799922
D065,S001,O040,3,404,0.482111277,22,0.132312725,0.387023034,0.48640877,1,2.506023963
D065,S002,O081,3,404,0.482111277,625,0.489155662,0.075116015,0.08373988,87,2.506023963
D065,S003,O024,3,404,0.482111277,558,0.01340343,0.303476888,0.066234207,102,2.506023963
D065,S004,O048,3,404,0.482111277,23,0.00021805,0.028031124,0.277887063,4,2.506023963
D065,S005,O061,3,404,0.482111277,504,0.370505912,0.3328803,0.491272741,97,2.506023963
D065,S006,O045,3,404,0.482111277,38,0.251921878,0.260723642,0.043585928,1,2.506023963
D065,S007,O069,3,404,0.482111277,761,0.152114511,0.215299072,0.367977204,1,2.506023963
D065,S008,O092,3,404,0.482111277,96,0.418898266,0.008705234,0.425829723,10,2.506023963
D065,S009,O074,3,404,0.482111277,27,0.164642573,0.30767454,0.244719524,6,2.506023963
D065,S010,O043,3,404,0.482111277,60,0.470149674,0.350184037,0.345788332,1,2.506023963
D065,S011,O054,3,404,0.482111277,29,0.443915181,0.25137144,0.497993332,6,2.506023963
D065,S012,O002,3,404,0.482111277,27,0.258752568,0.087770931,0.008640494,5,2.506023963
D065,S013,O001,3,404,0.482111277,277,0.102604459,0.043442589,0.194317089,68,2.506023963
D065,S014,O008,3,404,0.482111277,221,0.074747705,0.106527742,0.017441816,3,2.506023963
D065,S015,O015,3,404,0.482111277,209,0.451149983,0.236045833,0.154470026,51,2.506023963
D065,S016,O021,3,404,0.482111277,420,0.48022181,0.187407167,0.359386041,21,2.506023963
D065,S017,O082,3,404,0.482111277,165,0.435076568,0.000913393,0.024702354,3,2.506023963
D065,S018,O066,3,404,0.482111277,494,0.215122594,0.12849833,0.421195428,82,2.506023963
D065,S019,O089,3,404,0.482111277,65,0.160593613,0.12131002,0.43177507,4,2.506023963
D065,S020,O055,3,404,0.482111277,140,0.36567333,0.006141596,0.323833398,34,2.506023963
D065,S021,O019,3,404,0.482111277,346,0.328784836,0.382557414,0.459924272,20,2.506023963
D065,S022,O056,3,404,0.482111277,839,0.314045176,0.146767962,0.097912175,33,2.506023963
D065,S023,O085,3,404,0.482111277,121,0.235238901,0.36680338,0.28802825,18,2.506023963
D065,S024,O075,3,404,0.482111277,157,0.187375651,0.192115859,0.011697982,34,2.506023963
D065,S025,O006,3,404,0.482111277,612,0.351754303,0.257897057,0.260304956,90,2.506023963
D065,S026,O010,3,404,0.482111277,451,0.052883935,0.358161718,0.236761336,42,2.506023963
D065,S027,O080,3,404,0.482111277,42,0.40076867,0.158141091,0.247798621,9,2.506023963
D065,S028,O011,3,404,0.482111277,74,0.144332149,0.165813474,0.385639579,14,2.506023963
D065,S029,O086,3,404,0.482111277,982,0.199347615,0.312135777,0.001921653,110,2.506023963
D065,S030,O049,3,404,0.482111277,167,0.088317626,0.338602146,0.450648463,15,2.506023963
D065,S031,O038,3,404,0.482111277,541,0.023426649,0.269227699,0.314041207,106,2.506023963
D065,S032,O095,3,404,0.482111277,737,0.275444304,0.049819636,0.213727811,96,2.506023963
D066,S001,O040,8,692,5.932701376,22,0.132312725,0.387023034,0.48640877,1,18.00386256
D066,S002,O081,8,692,5.932701376,625,0.489155662,0.075116015,0.08373988,87,18.00386256
D066,S003,O024,8,692,5.932701376,558,0.01340343,0.303476888,0.066234207,102,18.00386256
D066,S004,O048,8,692,5.932701376,23,0.00021805,0.028031124,0.277887063,4,18.00386256
D066,S005,O061,8,692,5.932701376,504,0.370505912,0.3328803,0.491272741,97,18.00386256
D066,S006,O045,8,692,5.932701376,38,0.251921878,0.260723642,0.043585928,1,18.00386256
D066,S007,O069,8,692,5.932701376,761,0.152114511,0.215299072,0.367977204,1,18.00386256
D066,S008,O092,8,692,5.932701376,96,0.418898266,0.008705234,0.425829723,10,18.00386256
D066,S009,O074,8,692,5.932701376,27,0.164642573,0.30767454,0.244719524,6,18.00386256
D066,S010,O043,8,692,5.932701376,60,0.470149674,0.350184037,0.345788332,1,18.00386256
D066,S011,O054,8,692,5.932701376,29,0.443915181,0.25137144,0.497993332,6,18.00386256
D066,S012,O002,8,692,5.932701376,27,0.258752568,0.087770931,0.008640494,5,18.00386256
D066,S013,O001,8,692,5.932701376,277,0.102604459,0.043442589,0.194317089,68,18.00386256
D066,S014,O008,8,692,5.932701376,221,0.074747705,0.106527742,0.017441816,3,18.00386256
D066,S015,O015,8,692,5.932701376,209,0.451149983,0.236045833,0.154470026,51,18.00386256
D066,S016,O021,8,692,5.932701376,420,0.48022181,0.187407167,0.359386041,21,18.00386256
D066,S017,O082,8,692,5.932701376,165,0.435076568,0.000913393,0.024702354,3,18.00386256
D066,S018,O066,8,692,5.932701376,494,0.215122594,0.12849833,0.421195428,82,18.00386256
D066,S019,O089,8,692,5.932701376,65,0.160593613,0.12131002,0.43177507,4,18.00386256
D066,S020,O055,8,692,5.932701376,140,0.36567333,0.006141596,0.323833398,34,18.00386256
D066,S021,O019,8,692,5.932701376,346,0.328784836,0.382557414,0.459924272,20,18.00386256
D066,S022,O056,8,692,5.932701376,839,0.314045176,0.146767962,0.097912175,33,18.00386256
D066,S023,O085,8,692,5.932701376,121,0.235238901,0.36680338,0.28802825,18,18.00386256
D066,S024,O075,8,692,5.932701376,157,0.187375651,0.192115859,0.011697982,34,18.00386256
D066,S025,O006,8,692,5.932701376,612,0.351754303,0.257897057,0.260304956,90,18.00386256
D066,S026,O010,8,692,5.932701376,451,0.052883935,0.358161718,0.236761336,42,18.00386256
D066,S027,O080,8,692,5.932701376,42,0.40076867,0.158141091,0.247798621,9,18.00386256
D066,S028,O011,8,692,5.932701376,74,0.144332149,0.165813474,0.385639579,14,18.00386256
D066,S029,O086,8,692,5.932701376,982,0.199347615,0.312135777,0.001921653,110,18.00386256
D066,S030,O049,8,692,5.932701376,167,0.088317626,0.338602146,0.450648463,15,18.00386256
D066,S031,O038,8,692,5.932701376,541,0.023426649,0.269227699,0.314041207,106,18.00386256
D066,S032,O095,8,692,5.932701376,737,0.275444304,0.049819636,0.213727811,96,18.00386256
D067,S001,O040,2,129,6.295891122,22,0.132312725,0.387023034,0.48640877,1,102.4912508
D067,S002,O081,2,129,6.295891122,625,0.489155662,0.075116015,0.08373988,87,102.4912508
D067,S003,O024,2,129,6.295891122,558,0.01340343,0.303476888,0.066234207,102,102.4912508
D067,S004,O048,2,129,6.295891122,23,0.00021805,0.028031124,0.277887063,4,102.4912508
D067,S005,O061,2,129,6.295891122,504,0.370505912,0.3328803,0.491272741,97,102.4912508
D067,S006,O045,2,129,6.295891122,38,0.251921878,0.260723642,0.043585928,1,102.4912508
D067,S007,O069,2,129,6.295891122,761,0.152114511,0.215299072,0.367977204,1,102.4912508
D067,S008,O092,2,129,6.295891122,96,0.418898266,0.008705234,0.425829723,10,102.4912508
D067,S009,O074,2,129,6.295891122,27,0.164642573,0.30767454,0.244719524,6,102.4912508
D067,S010,O043,2,129,6.295891122,60,0.470149674,0.350184037,0.345788332,1,102.4912508
D067,S011,O054,2,129,6.295891122,29,0.443915181,0.25137144,0.497993332,6,102.4912508
D067,S012,O002,2,129,6.295891122,27,0.258752568,0.087770931,0.008640494,5,102.4912508
D067,S013,O001,2,129,6.295891122,277,0.102604459,0.043442589,0.194317089,68,102.4912508
D067,S014,O008,2,129,6.295891122,221,0.074747705,0.106527742,0.017441816,3,102.4912508
D067,S015,O015,2,129,6.295891122,209,0.451149983,0.236045833,0.154470026,51,102.4912508
D067,S016,O021,2,129,6.295891122,420,0.48022181,0.187407167,0.359386041,21,102.4912508
D067,S017,O082,2,129,6.295891122,165,0.435076568,0.000913393,0.024702354,3,102.4912508
D067,S018,O066,2,129,6.295891122,494,0.215122594,0.12849833,0.421195428,82,102.4912508
D067,S019,O089,2,129,6.295891122,65,0.160593613,0.12131002,0.43177507,4,102.4912508
D067,S020,O055,2,129,6.295891122,140,0.36567333,0.006141596,0.323833398,34,102.4912508
D067,S021,O019,2,129,6.295891122,346,0.328784836,0.382557414,0.459924272,20,102.4912508
D067,S022,O056,2,129,6.295891122,839,0.314045176,0.146767962,0.097912175,33,102.4912508
D067,S023,O085,2,129,6.295891122,121,0.235238901,0.36680338,0.28802825,18,102.4912508
D067,S024,O075,2,129,6.295891122,157,0.187375651,0.192115859,0.011697982,34,102.4912508
D067,S025,O006,2,129,6.295891122,612,0.351754303,0.257897057,0.260304956,90,102.4912508
D067,S026,O010,2,129,6.295891122,451,0.052883935,0.358161718,0.236761336,42,102.4912508
D067,S027,O080,2,129,6.295891122,42,0.40076867,0.158141091,0.247798621,9,102.4912508
D067,S028,O011,2,129,6.295891122,74,0.144332149,0.165813474,0.385639579,14,102.4912508
D067,S029,O086,2,129,6.295891122,982,0.199347615,0.312135777,0.001921653,110,102.4912508
D067,S030,O049,2,129,6.295891122,167,0.088317626,0.338602146,0.450648463,15,102.4912508
D067,S031,O038,2,129,6.295891122,541,0.023426649,0.269227699,0.314041207,106,102.4912508
D067,S032,O095,2,129,6.295891122,737,0.275444304,0.049819636,0.213727811,96,102.4912508
D068,S001,O040,7,1076,3.074594771,22,0.132312725,0.387023034,0.48640877,1,6.000603178
D068,S002,O081,7,1076,3.074594771,625,0.489155662,0.075116015,0.08373988,87,6.000603178
D068,S003,O024,7,1076,3.074594771,558,0.01340343,0.303476888,0.066234207,102,6.000603178
D068,S004,O048,7,1076,3.074594771,23,0.00021805,0.028031124,0.277887063,4,6.000603178
D068,S005,O061,7,1076,3.074594771,504,0.370505912,0.3328803,0.491272741,97,6.000603178
D068,S006,O045,7,1076,3.074594771,38,0.251921878,0.260723642,0.043585928,1,6.000603178
D068,S007,O069,7,1076,3.074594771,761,0.152114511,0.215299072,0.367977204,1,6.000603178
D068,S008,O092,7,1076,3.074594771,96,0.418898266,0.008705234,0.425829723,10,6.000603178
D068,S009,O074,7,1076,3.074594771,27,0.164642573,0.30767454,0.244719524,6,6.000603178
D068,S010,O043,7,1076,3.074594771,60,0.470149674,0.350184037,0.345788332,1,6.000603178
D068,S011,O054,7,1076,3.074594771,29,0.443915181,0.25137144,0.497993332,6,6.000603178
D068,S012,O002,7,1076,3.074594771,27,0.258752568,0.087770931,0.008640494,5,6.000603178
D068,S013,O001,7,1076,3.074594771,277,0.102604459,0.043442589,0.194317089,68,6.000603178
D068,S014,O008,7,1076,3.074594771,221,0.074747705,0.106527742,0.017441816,3,6.000603178
D068,S015,O015,7,1076,3.074594771,209,0.451149983,0.236045833,0.154470026,51,6.000603178
D068,S016,O021,7,1076,3.074594771,420,0.48022181,0.187407167,0.359386041,21,6.000603178
D068,S017,O082,7,1076,3.074594771,165,0.435076568,0.000913393,0.024702354,3,6.000603178
D068,S018,O066,7,1076,3.074594771,494,0.215122594,0.12849833,0.421195428,82,6.000603178
D068,S019,O089,7,1076,3.074594771,65,0.160593613,0.12131002,0.43177507,4,6.000603178
D068,S020,O055,7,1076,3.074594771,140,0.36567333,0.006141596,0.323833398,34,6.000603178
D068,S021,O019,7,1076,3.074594771,346,0.328784836,0.382557414,0.459924272,20,6.000603178
D068,S022,O056,7,1076,3.074594771,839,0.314045176,0.146767962,0.097912175,33,6.000603178
D068,S023,O085,7,1076,3.074594771,121,0.235238901,0.36680338,0.28802825,18,6.000603178
D068,S024,O075,7,1076,3.074594771,157,0.187375651,0.192115859,0.011697982,34,6.000603178
D068,S025,O006,7,1076,3.074594771,612,0.351754303,0.257897057,0.260304956,90,6.000603178
D068,S026,O010,7,1076,3.074594771,451,0.052883935,0.358161718,0.236761336,42,6.000603178
D068,S027,O080,7,1076,3.074594771,42,0.40076867,0.158141091,0.247798621,9,6.000603178
D068,S028,O011,7,1076,3.074594771,74,0.144332149,0.165813474,0.385639579,14,6.000603178
D068,S029,O086,7,1076,3.074594771,982,0.199347615,0.312135777,0.001921653,110,6.000603178
D068,S030,O049,7,1076,3.074594771,167,0.088317626,0.338602146,0.450648463,15,6.000603178
D068,S031,O038,7,1076,3.074594771,541,0.023426649,0.269227699,0.314041207,106,6.000603178
D068,S032,O095,7,1076,3.074594771,737,0.275444304,0.049819636,0.213727811,96,6.000603178
D069,S001,O040,8,548,1.270476056,22,0.132312725,0.387023034,0.48640877,1,4.868612625
D069,S002,O081,8,548,1.270476056,625,0.489155662,0.075116015,0.08373988,87,4.868612625
D069,S003,O024,8,548,1.270476056,558,0.01340343,0.303476888,0.066234207,102,4.868612625
D069,S004,O048,8,548,1.270476056,23,0.00021805,0.028031124,0.277887063,4,4.868612625
D069,S005,O061,8,548,1.270476056,504,0.370505912,0.3328803,0.491272741,97,4.868612625
D069,S006,O045,8,548,1.270476056,38,0.251921878,0.260723642,0.043585928,1,4.868612625
D069,S007,O069,8,548,1.270476056,761,0.152114511,0.215299072,0.367977204,1,4.868612625
D069,S008,O092,8,548,1.270476056,96,0.418898266,0.008705234,0.425829723,10,4.868612625
D069,S009,O074,8,548,1.270476056,27,0.164642573,0.30767454,0.244719524,6,4.868612625
D069,S010,O043,8,548,1.270476056,60,0.470149674,0.350184037,0.345788332,1,4.868612625
D069,S011,O054,8,548,1.270476056,29,0.443915181,0.25137144,0.497993332,6,4.868612625
D069,S012,O002,8,548,1.270476056,27,0.258752568,0.087770931,0.008640494,5,4.868612625
D069,S013,O001,8,548,1.270476056,277,0.102604459,0.043442589,0.194317089,68,4.868612625
D069,S014,O008,8,548,1.270476056,221,0.074747705,0.106527742,0.017441816,3,4.868612625
D069,S015,O015,8,548,1.270476056,209,0.451149983,0.236045833,0.154470026,51,4.868612625
D069,S016,O021,8,548,1.270476056,420,0.48022181,0.187407167,0.359386041,21,4.868612625
D069,S017,O082,8,548,1.270476056,165,0.435076568,0.000913393,0.024702354,3,4.868612625
D069,S018,O066,8,548,1.270476056,494,0.215122594,0.12849833,0.421195428,82,4.868612625
D069,S019,O089,8,548,1.270476056,65,0.160593613,0.12131002,0.43177507,4,4.868612625
D069,S020,O055,8,548,1.270476056,140,0.36567333,0.006141596,0.323833398,34,4.868612625
D069,S021,O019,8,548,1.270476056,346,0.328784836,0.382557414,0.459924272,20,4.868612625
D069,S022,O056,8,548,1.270476056,839,0.314045176,0.146767962,0.097912175,33,4.868612625
D069,S023,O085,8,548,1.270476056,121,0.235238901,0.36680338,0.28802825,18,4.868612625
D069,S024,O075,8,548,1.270476056,157,0.187375651,0.192115859,0.011697982,34,4.868612625
D069,S025,O006,8,548,1.270476056,612,0.351754303,0.257897057,0.260304956,90,4.868612625
D069,S026,O010,8,548,1.270476056,451,0.052883935,0.358161718,0.236761336,42,4.868612625
D069,S027,O080,8,548,1.270476056,42,0.40076867,0.158141091,0.247798621,9,4.868612625
D069,S028,O011,8,548,1.270476056,74,0.144332149,0.165813474,0.385639579,14,4.868612625
D069,S029,O086,8,548,1.270476056,982,0.199347615,0.312135777,0.001921653,110,4.868612625
D069,S030,O049,8,548,1.270476056,167,0.088317626,0.338602146,0.450648463,15,4.868612625
D069,S031,O038,8,548,1.270476056,541,0.023426649,0.269227699,0.314041207,106,4.868612625
D069,S032,O095,8,548,1.270476056,737,0.275444304,0.049819636,0.213727811,96,4.868612625
D070,S001,O040,1,289,0.887279194,22,0.132312725,0.387023034,0.48640877,1,6.447357462
D070,S002,O081,1,289,0.887279194,625,0.489155662,0.075116015,0.08373988,87,6.447357462
D070,S003,O024,1,289,0.887279194,558,0.01340343,0.303476888,0.066234207,102,6.447357462
D070,S004,O048,1,289,0.887279194,23,0.00021805,0.028031124,0.277887063,4,6.447357462
D070,S005,O061,1,289,0.887279194,504,0.370505912,0.3328803,0.491272741,97,6.447357462
D070,S006,O045,1,289,0.887279194,38,0.251921878,0.260723642,0.043585928,1,6.447357462
D070,S007,O069,1,289,0.887279194,761,0.152114511,0.215299072,0.367977204,1,6.447357462
D070,S008,O092,1,289,0.887279194,96,0.418898266,0.008705234,0.425829723,10,6.447357462
D070,S009,O074,1,289,0.887279194,27,0.164642573,0.30767454,0.244719524,6,6.447357462
D070,S010,O043,1,289,0.887279194,60,0.470149674,0.350184037,0.345788332,1,6.447357462
D070,S011,O054,1,289,0.887279194,29,0.443915181,0.25137144,0.497993332,6,6.447357462
D070,S012,O002,1,289,0.887279194,27,0.258752568,0.087770931,0.008640494,5,6.447357462
D070,S013,O001,1,289,0.887279194,277,0.102604459,0.043442589,0.194317089,68,6.447357462
D070,S014,O008,1,289,0.887279194,221,0.074747705,0.106527742,0.017441816,3,6.447357462
D070,S015,O015,1,289,0.887279194,209,0.451149983,0.236045833,0.154470026,51,6.447357462
D070,S016,O021,1,289,0.887279194,420,0.48022181,0.187407167,0.359386041,21,6.447357462
D070,S017,O082,1,289,0.887279194,165,0.435076568,0.000913393,0.024702354,3,6.447357462
D070,S018,O066,1,289,0.887279194,494,0.215122594,0.12849833,0.421195428,82,6.447357462
D070,S019,O089,1,289,0.887279194,65,0.160593613,0.12131002,0.43177507,4,6.447357462
D070,S020,O055,1,289,0.887279194,140,0.36567333,0.006141596,0.323833398,34,6.447357462
D070,S021,O019,1,289,0.887279194,346,0.328784836,0.382557414,0.459924272,20,6.447357462
D070,S022,O056,1,289,0.887279194,839,0.314045176,0.146767962,0.097912175,33,6.447357462
D070,S023,O085,1,289,0.887279194,121,0.235238901,0.36680338,0.28802825,18,6.447357462
D070,S024,O075,1,289,0.887279194,157,0.187375651,0.192115859,0.011697982,34,6.447357462
D070,S025,O006,1,289,0.887279194,612,0.351754303,0.257897057,0.260304956,90,6.447357462
D070,S026,O010,1,289,0.887279194,451,0.052883935,0.358161718,0.236761336,42,6.447357462
D070,S027,O080,1,289,0.887279194,42,0.40076867,0.158141091,0.247798621,9,6.447357462
D070,S028,O011,1,289,0.887279194,74,0.144332149,0.165813474,0.385639579,14,6.447357462
D070,S029,O086,1,289,0.887279194,982,0.199347615,0.312135777,0.001921653,110,6.447357462
D070,S030,O049,1,289,0.887279194,167,0.088317626,0.338602146,0.450648463,15,6.447357462
D070,S031,O038,1,289,0.887279194,541,0.023426649,0.269227699,0.314041207,106,6.447357462
D070,S032,O095,1,289,0.887279194,737,0.275444304,0.049819636,0.213727811,96,6.447357462
D071,S001,O040,1,110,1.885408793,22,0.132312725,0.387023034,0.48640877,1,35.99416787
D071,S002,O081,1,110,1.885408793,625,0.489155662,0.075116015,0.08373988,87,35.99416787
D071,S003,O024,1,110,1.885408793,558,0.01340343,0.303476888,0.066234207,102,35.99416787
D071,S004,O048,1,110,1.885408793,23,0.00021805,0.028031124,0.277887063,4,35.99416787
D071,S005,O061,1,110,1.885408793,504,0.370505912,0.3328803,0.491272741,97,35.99416787
D071,S006,O045,1,110,1.885408793,38,0.251921878,0.260723642,0.043585928,1,35.99416787
D071,S007,O069,1,110,1.885408793,761,0.152114511,0.215299072,0.367977204,1,35.99416787
D071,S008,O092,1,110,1.885408793,96,0.418898266,0.008705234,0.425829723,10,35.99416787
D071,S009,O074,1,110,1.885408793,27,0.164642573,0.30767454,0.244719524,6,35.99416787
D071,S010,O043,1,110,1.885408793,60,0.470149674,0.350184037,0.345788332,1,35.99416787
D071,S011,O054,1,110,1.885408793,29,0.443915181,0.25137144,0.497993332,6,35.99416787
D071,S012,O002,1,110,1.885408793,27,0.258752568,0.087770931,0.008640494,5,35.99416787
D071,S013,O001,1,110,1.885408793,277,0.102604459,0.043442589,0.194317089,68,35.99416787
D071,S014,O008,1,110,1.885408793,221,0.074747705,0.106527742,0.017441816,3,35.99416787
D071,S015,O015,1,110,1.885408793,209,0.451149983,0.236045833,0.154470026,51,35.99416787
D071,S016,O021,1,110,1.885408793,420,0.48022181,0.187407167,0.359386041,21,35.99416787
D071,S017,O082,1,110,1.885408793,165,0.435076568,0.000913393,0.024702354,3,35.99416787
D071,S018,O066,1,110,1.885408793,494,0.215122594,0.12849833,0.421195428,82,35.99416787
D071,S019,O089,1,110,1.885408793,65,0.160593613,0.12131002,0.43177507,4,35.99416787
D071,S020,O055,1,110,1.885408793,140,0.36567333,0.006141596,0.323833398,34,35.99416787
D071,S021,O019,1,110,1.885408793,346,0.328784836,0.382557414,0.459924272,20,35.99416787
D071,S022,O056,1,110,1.885408793,839,0.314045176,0.146767962,0.097912175,33,35.99416787
D071,S023,O085,1,110,1.885408793,121,0.235238901,0.36680338,0.28802825,18,35.99416787
D071,S024,O075,1,110,1.885408793,157,0.187375651,0.192115859,0.011697982,34,35.99416787
D071,S025,O006,1,110,1.885408793,612,0.351754303,0.257897057,0.260304956,90,35.99416787
D071,S026,O010,1,110,1.885408793,451,0.052883935,0.358161718,0.236761336,42,35.99416787
D071,S027,O080,1,110,1.885408793,42,0.40076867,0.158141091,0.247798621,9,35.99416787
D071,S028,O011,1,110,1.885408793,74,0.144332149,0.165813474,0.385639579,14,35.99416787
D071,S029,O086,1,110,1.885408793,982,0.199347615,0.312135777,0.001921653,110,35.99416787
D071,S030,O049,1,110,1.885408793,167,0.088317626,0.338602146,0.450648463,15,35.99416787
D071,S031,O038,1,110,1.885408793,541,0.023426649,0.269227699,0.314041207,106,35.99416787
D071,S032,O095,1,110,1.885408793,737,0.275444304,0.049819636,0.213727811,96,35.99416787
D072,S001,O040,2,70,1.415804904,22,0.132312725,0.387023034,0.48640877,1,42.47414713
D072,S002,O081,2,70,1.415804904,625,0.489155662,0.075116015,0.08373988,87,42.47414713
D072,S003,O024,2,70,1.415804904,558,0.01340343,0.303476888,0.066234207,102,42.47414713
D072,S004,O048,2,70,1.415804904,23,0.00021805,0.028031124,0.277887063,4,42.47414713
D072,S005,O061,2,70,1.415804904,504,0.370505912,0.3328803,0.491272741,97,42.47414713
D072,S006,O045,2,70,1.415804904,38,0.251921878,0.260723642,0.043585928,1,42.47414713
D072,S007,O069,2,70,1.415804904,761,0.152114511,0.215299072,0.367977204,1,42.47414713
D072,S008,O092,2,70,1.415804904,96,0.418898266,0.008705234,0.425829723,10,42.47414713
D072,S009,O074,2,70,1.415804904,27,0.164642573,0.30767454,0.244719524,6,42.47414713
D072,S010,O043,2,70,1.415804904,60,0.470149674,0.350184037,0.345788332,1,42.47414713
D072,S011,O054,2,70,1.415804904,29,0.443915181,0.25137144,0.497993332,6,42.47414713
D072,S012,O002,2,70,1.415804904,27,0.258752568,0.087770931,0.008640494,5,42.47414713
D072,S013,O001,2,70,1.415804904,277,0.102604459,0.043442589,0.194317089,68,42.47414713
D072,S014,O008,2,70,1.415804904,221,0.074747705,0.106527742,0.017441816,3,42.47414713
D072,S015,O015,2,70,1.415804904,209,0.451149983,0.236045833,0.154470026,51,42.47414713
D072,S016,O021,2,70,1.415804904,420,0.48022181,0.187407167,0.359386041,21,42.47414713
D072,S017,O082,2,70,1.415804904,165,0.435076568,0.000913393,0.024702354,3,42.47414713
D072,S018,O066,2,70,1.415804904,494,0.215122594,0.12849833,0.421195428,82,42.47414713
D072,S019,O089,2,70,1.415804904,65,0.160593613,0.12131002,0.43177507,4,42.47414713
D072,S020,O055,2,70,1.415804904,140,0.36567333,0.006141596,0.323833398,34,42.47414713
D072,S021,O019,2,70,1.415804904,346,0.328784836,0.382557414,0.459924272,20,42.47414713
D072,S022,O056,2,70,1.415804904,839,0.314045176,0.146767962,0.097912175,33,42.47414713
D072,S023,O085,2,70,1.415804904,121,0.235238901,0.36680338,0.28802825,18,42.47414713
D072,S024,O075,2,70,1.415804904,157,0.187375651,0.192115859,0.011697982,34,42.47414713
D072,S025,O006,2,70,1.415804904,612,0.351754303,0.257897057,0.260304956,90,42.47414713
D072,S026,O010,2,70,1.415804904,451,0.052883935,0.358161718,0.236761336,42,42.47414713
D072,S027,O080,2,70,1.415804904,42,0.40076867,0.158141091,0.247798621,9,42.47414713
D072,S028,O011,2,70,1.415804904,74,0.144332149,0.165813474,0.385639579,14,42.47414713
D072,S029,O086,2,70,1.415804904,982,0.199347615,0.312135777,0.001921653,110,42.47414713
D072,S030,O049,2,70,1.415804904,167,0.088317626,0.338602146,0.450648463,15,42.47414713
D072,S031,O038,2,70,1.415804904,541,0.023426649,0.269227699,0.314041207,106,42.47414713
D072,S032,O095,2,70,1.415804904,737,0.275444304,0.049819636,0.213727811,96,42.47414713
D073,S001,O040,5,251,0.657304491,22,0.132312725,0.387023034,0.48640877,1,5.499360279
D073,S002,O081,5,251,0.657304491,625,0.489155662,0.075116015,0.08373988,87,5.499360279
D073,S003,O024,5,251,0.657304491,558,0.01340343,0.303476888,0.066234207,102,5.499360279
D073,S004,O048,5,251,0.657304491,23,0.00021805,0.028031124,0.277887063,4,5.499360279
D073,S005,O061,5,251,0.657304491,504,0.370505912,0.3328803,0.491272741,97,5.499360279
D073,S006,O045,5,251,0.657304491,38,0.251921878,0.260723642,0.043585928,1,5.499360279
D073,S007,O069,5,251,0.657304491,761,0.152114511,0.215299072,0.367977204,1,5.499360279
D073,S008,O092,5,251,0.657304491,96,0.418898266,0.008705234,0.425829723,10,5.499360279
D073,S009,O074,5,251,0.657304491,27,0.164642573,0.30767454,0.244719524,6,5.499360279
D073,S010,O043,5,251,0.657304491,60,0.470149674,0.350184037,0.345788332,1,5.499360279
D073,S011,O054,5,251,0.657304491,29,0.443915181,0.25137144,0.497993332,6,5.499360279
D073,S012,O002,5,251,0.657304491,27,0.258752568,0.087770931,0.008640494,5,5.499360279
D073,S013,O001,5,251,0.657304491,277,0.102604459,0.043442589,0.194317089,68,5.499360279
D073,S014,O008,5,251,0.657304491,221,0.074747705,0.106527742,0.017441816,3,5.499360279
D073,S015,O015,5,251,0.657304491,209,0.451149983,0.236045833,0.154470026,51,5.499360279
D073,S016,O021,5,251,0.657304491,420,0.48022181,0.187407167,0.359386041,21,5.499360279
D073,S017,O082,5,251,0.657304491,165,0.435076568,0.000913393,0.024702354,3,5.499360279
D073,S018,O066,5,251,0.657304491,494,0.215122594,0.12849833,0.421195428,82,5.499360279
D073,S019,O089,5,251,0.657304491,65,0.160593613,0.12131002,0.43177507,4,5.499360279
D073,S020,O055,5,251,0.657304491,140,0.36567333,0.006141596,0.323833398,34,5.499360279
D073,S021,O019,5,251,0.657304491,346,0.328784836,0.382557414,0.459924272,20,5.499360279
D073,S022,O056,5,251,0.657304491,839,0.314045176,0.146767962,0.097912175,33,5.499360279
D073,S023,O085,5,251,0.657304491,121,0.235238901,0.36680338,0.28802825,18,5.499360279
D073,S024,O075,5,251,0.657304491,157,0.187375651,0.192115859,0.011697982,34,5.499360279
D073,S025,O006,5,251,0.657304491,612,0.351754303,0.257897057,0.260304956,90,5.499360279
D073,S026,O010,5,251,0.657304491,451,0.052883935,0.358161718,0.236761336,42,5.499360279
D073,S027,O080,5,251,0.657304491,42,0.40076867,0.158141091,0.247798621,9,5.499360279
D073,S028,O011,5,251,0.657304491,74,0.144332149,0.165813474,0.385639579,14,5.499360279
D073,S029,O086,5,251,0.657304491,982,0.199347615,0.312135777,0.001921653,110,5.499360279
D073,S030,O049,5,251,0.657304491,167,0.088317626,0.338602146,0.450648463,15,5.499360279
D073,S031,O038,5,251,0.657304491,541,0.023426649,0.269227699,0.314041207,106,5.499360279
D073,S032,O095,5,251,0.657304491,737,0.275444304,0.049819636,0.213727811,96,5.499360279
D074,S001,O040,7,793,2.602048873,22,0.132312725,0.387023034,0.48640877,1,6.890671668
D074,S002,O081,7,793,2.602048873,625,0.489155662,0.075116015,0.08373988,87,6.890671668
D074,S003,O024,7,793,2.602048873,558,0.01340343,0.303476888,0.066234207,102,6.890671668
D074,S004,O048,7,793,2.602048873,23,0.00021805,0.028031124,0.277887063,4,6.890671668
D074,S005,O061,7,793,2.602048873,504,0.370505912,0.3328803,0.491272741,97,6.890671668
D074,S006,O045,7,793,2.602048873,38,0.251921878,0.260723642,0.043585928,1,6.890671668
D074,S007,O069,7,793,2.602048873,761,0.152114511,0.215299072,0.367977204,1,6.890671668
D074,S008,O092,7,793,2.602048873,96,0.418898266,0.008705234,0.425829723,10,6.890671668
D074,S009,O074,7,793,2.602048873,27,0.164642573,0.30767454,0.244719524,6,6.890671668
D074,S010,O043,7,793,2.602048873,60,0.470149674,0.350184037,0.345788332,1,6.890671668
D074,S011,O054,7,793,2.602048873,29,0.443915181,0.25137144,0.497993332,6,6.890671668
D074,S012,O002,7,793,2.602048873,27,0.258752568,0.087770931,0.008640494,5,6.890671668
D074,S013,O001,7,793,2.602048873,277,0.102604459,0.043442589,0.194317089,68,6.890671668
D074,S014,O008,7,793,2.602048873,221,0.074747705,0.106527742,0.017441816,3,6.890671668
D074,S015,O015,7,793,2.602048873,209,0.451149983,0.236045833,0.154470026,51,6.890671668
D074,S016,O021,7,793,2.602048873,420,0.48022181,0.187407167,0.359386041,21,6.890671668
D074,S017,O082,7,793,2.602048873,165,0.435076568,0.000913393,0.024702354,3,6.890671668
D074,S018,O066,7,793,2.602048873,494,0.215122594,0.12849833,0.421195428,82,6.890671668
D074,S019,O089,7,793,2.602048873,65,0.160593613,0.12131002,0.43177507,4,6.890671668
D074,S020,O055,7,793,2.602048873,140,0.36567333,0.006141596,0.323833398,34,6.890671668
D074,S021,O019,7,793,2.602048873,346,0.328784836,0.382557414,0.459924272,20,6.890671668
D074,S022,O056,7,793,2.602048873,839,0.314045176,0.146767962,0.097912175,33,6.890671668
D074,S023,O085,7,793,2.602048873,121,0.235238901,0.36680338,0.28802825,18,6.890671668
D074,S024,O075,7,793,2.602048873,157,0.187375651,0.192115859,0.011697982,34,6.890671668
D074,S025,O006,7,793,2.602048873,612,0.351754303,0.257897057,0.260304956,90,6.890671668
D074,S026,O010,7,793,2.602048873,451,0.052883935,0.358161718,0.236761336,42,6.890671668
D074,S027,O080,7,793,2.602048873,42,0.40076867,0.158141091,0.247798621,9,6.890671668
D074,S028,O011,7,793,2.602048873,74,0.144332149,0.165813474,0.385639579,14,6.890671668
D074,S029,O086,7,793,2.602048873,982,0.199347615,0.312135777,0.001921653,110,6.890671668
D074,S030,O049,7,793,2.602048873,167,0.088317626,0.338602146,0.450648463,15,6.890671668
D074,S031,O038,7,793,2.602048873,541,0.023426649,0.269227699,0.314041207,106,6.890671668
D074,S032,O095,7,793,2.602048873,737,0.275444304,0.049819636,0.213727811,96,6.890671668
D075,S001,O040,5,214,0.400344705,22,0.132312725,0.387023034,0.48640877,1,3.928616264
D075,S002,O081,5,214,0.400344705,625,0.489155662,0.075116015,0.08373988,87,3.928616264
D075,S003,O024,5,214,0.400344705,558,0.01340343,0.303476888,0.066234207,102,3.928616264
D075,S004,O048,5,214,0.400344705,23,0.00021805,0.028031124,0.277887063,4,3.928616264
D075,S005,O061,5,214,0.400344705,504,0.370505912,0.3328803,0.491272741,97,3.928616264
D075,S006,O045,5,214,0.400344705,38,0.251921878,0.260723642,0.043585928,1,3.928616264
D075,S007,O069,5,214,0.400344705,761,0.152114511,0.215299072,0.367977204,1,3.928616264
D075,S008,O092,5,214,0.400344705,96,0.418898266,0.008705234,0.425829723,10,3.928616264
D075,S009,O074,5,214,0.400344705,27,0.164642573,0.30767454,0.244719524,6,3.928616264
D075,S010,O043,5,214,0.400344705,60,0.470149674,0.350184037,0.345788332,1,3.928616264
D075,S011,O054,5,214,0.400344705,29,0.443915181,0.25137144,0.497993332,6,3.928616264
D075,S012,O002,5,214,0.400344705,27,0.258752568,0.087770931,0.008640494,5,3.928616264
D075,S013,O001,5,214,0.400344705,277,0.102604459,0.043442589,0.194317089,68,3.928616264
D075,S014,O008,5,214,0.400344705,221,0.074747705,0.106527742,0.017441816,3,3.928616264
D075,S015,O015,5,214,0.400344705,209,0.451149983,0.236045833,0.154470026,51,3.928616264
D075,S016,O021,5,214,0.400344705,420,0.48022181,0.187407167,0.359386041,21,3.928616264
D075,S017,O082,5,214,0.400344705,165,0.435076568,0.000913393,0.024702354,3,3.928616264
D075,S018,O066,5,214,0.400344705,494,0.215122594,0.12849833,0.421195428,82,3.928616264
D075,S019,O089,5,214,0.400344705,65,0.160593613,0.12131002,0.43177507,4,3.928616264
D075,S020,O055,5,214,0.400344705,140,0.36567333,0.006141596,0.323833398,34,3.928616264
D075,S021,O019,5,214,0.400344705,346,0.328784836,0.382557414,0.459924272,20,3.928616264
D075,S022,O056,5,214,0.400344705,839,0.314045176,0.146767962,0.097912175,33,3.928616264
D075,S023,O085,5,214,0.400344705,121,0.235238901,0.36680338,0.28802825,18,3.928616264
D075,S024,O075,5,214,0.400344705,157,0.187375651,0.192115859,0.011697982,34,3.928616264
D075,S025,O006,5,214,0.400344705,612,0.351754303,0.257897057,0.260304956,90,3.928616264
D075,S026,O010,5,214,0.400344705,451,0.052883935,0.358161718,0.236761336,42,3.928616264
D075,S027,O080,5,214,0.400344705,42,0.40076867,0.158141091,0.247798621,9,3.928616264
D075,S028,O011,5,214,0.400344705,74,0.144332149,0.165813474,0.385639579,14,3.928616264
D075,S029,O086,5,214,0.400344705,982,0.199347615,0.312135777,0.001921653,110,3.928616264
D075,S030,O049,5,214,0.400344705,167,0.088317626,0.338602146,0.450648463,15,3.928616264
D075,S031,O038,5,214,0.400344705,541,0.023426649,0.269227699,0.314041207,106,3.928616264
D075,S032,O095,5,214,0.400344705,737,0.275444304,0.049819636,0.213727811,96,3.928616264
D076,S001,O040,6,605,0.427761656,22,0.132312725,0.387023034,0.48640877,1,1.484792525
D076,S002,O081,6,605,0.427761656,625,0.489155662,0.075116015,0.08373988,87,1.484792525
D076,S003,O024,6,605,0.427761656,558,0.01340343,0.303476888,0.066234207,102,1.484792525
D076,S004,O048,6,605,0.427761656,23,0.00021805,0.028031124,0.277887063,4,1.484792525
D076,S005,O061,6,605,0.427761656,504,0.370505912,0.3328803,0.491272741,97,1.484792525
D076,S006,O045,6,605,0.427761656,38,0.251921878,0.260723642,0.043585928,1,1.484792525
D076,S007,O069,6,605,0.427761656,761,0.152114511,0.215299072,0.367977204,1,1.484792525
D076,S008,O092,6,605,0.427761656,96,0.418898266,0.008705234,0.425829723,10,1.484792525
D076,S009,O074,6,605,0.427761656,27,0.164642573,0.30767454,0.244719524,6,1.484792525
D076,S010,O043,6,605,0.427761656,60,0.470149674,0.350184037,0.345788332,1,1.484792525
D076,S011,O054,6,605,0.427761656,29,0.443915181,0.25137144,0.497993332,6,1.484792525
D076,S012,O002,6,605,0.427761656,27,0.258752568,0.087770931,0.008640494,5,1.484792525
D076,S013,O001,6,605,0.427761656,277,0.102604459,0.043442589,0.194317089,68,1.484792525
D076,S014,O008,6,605,0.427761656,221,0.074747705,0.106527742,0.017441816,3,1.484792525
D076,S015,O015,6,605,0.427761656,209,0.451149983,0.236045833,0.154470026,51,1.484792525
D076,S016,O021,6,605,0.427761656,420,0.48022181,0.187407167,0.359386041,21,1.484792525
D076,S017,O082,6,605,0.427761656,165,0.435076568,0.000913393,0.024702354,3,1.484792525
D076,S018,O066,6,605,0.427761656,494,0.215122594,0.12849833,0.421195428,82,1.484792525
D076,S019,O089,6,605,0.427761656,65,0.160593613,0.12131002,0.43177507,4,1.484792525
D076,S020,O055,6,605,0.427761656,140,0.36567333,0.006141596,0.323833398,34,1.484792525
D076,S021,O019,6,605,0.427761656,346,0.328784836,0.382557414,0.459924272,20,1.484792525
D076,S022,O056,6,605,0.427761656,839,0.314045176,0.146767962,0.097912175,33,1.484792525
D076,S023,O085,6,605,0.427761656,121,0.235238901,0.36680338,0.28802825,18,1.484792525
D076,S024,O075,6,605,0.427761656,157,0.187375651,0.192115859,0.011697982,34,1.484792525
D076,S025,O006,6,605,0.427761656,612,0.351754303,0.257897057,0.260304956,90,1.484792525
D076,S026,O010,6,605,0.427761656,451,0.052883935,0.358161718,0.236761336,42,1.484792525
D076,S027,O080,6,605,0.427761656,42,0.40076867,0.158141091,0.247798621,9,1.484792525
D076,S028,O011,6,605,0.427761656,74,0.144332149,0.165813474,0.385639579,14,1.484792525
D076,S029,O086,6,605,0.427761656,982,0.199347615,0.312135777,0.001921653,110,1.484792525
D076,S030,O049,6,605,0.427761656,167,0.088317626,0.338602146,0.450648463,15,1.484792525
D076,S031,O038,6,605,0.427761656,541,0.023426649,0.269227699,0.314041207,106,1.484792525
D076,S032,O095,6,605,0.427761656,737,0.275444304,0.049819636,0.213727811,96,1.484792525
D077,S001,O040,2,230,2.845107804,22,0.132312725,0.387023034,0.48640877,1,25.97707125
D077,S002,O081,2,230,2.845107804,625,0.489155662,0.075116015,0.08373988,87,25.97707125
D077,S003,O024,2,230,2.845107804,558,0.01340343,0.303476888,0.066234207,102,25.97707125
D077,S004,O048,2,230,2.845107804,23,0.00021805,0.028031124,0.277887063,4,25.97707125
D077,S005,O061,2,230,2.845107804,504,0.370505912,0.3328803,0.491272741,97,25.97707125
D077,S006,O045,2,230,2.845107804,38,0.251921878,0.260723642,0.043585928,1,25.97707125
D077,S007,O069,2,230,2.845107804,761,0.152114511,0.215299072,0.367977204,1,25.97707125
D077,S008,O092,2,230,2.845107804,96,0.418898266,0.008705234,0.425829723,10,25.97707125
D077,S009,O074,2,230,2.845107804,27,0.164642573,0.30767454,0.244719524,6,25.97707125
D077,S010,O043,2,230,2.845107804,60,0.470149674,0.350184037,0.345788332,1,25.97707125
D077,S011,O054,2,230,2.845107804,29,0.443915181,0.25137144,0.497993332,6,25.97707125
D077,S012,O002,2,230,2.845107804,27,0.258752568,0.087770931,0.008640494,5,25.97707125
D077,S013,O001,2,230,2.845107804,277,0.102604459,0.043442589,0.194317089,68,25.97707125
D077,S014,O008,2,230,2.845107804,221,0.074747705,0.106527742,0.017441816,3,25.97707125
D077,S015,O015,2,230,2.845107804,209,0.451149983,0.236045833,0.154470026,51,25.97707125
D077,S016,O021,2,230,2.845107804,420,0.48022181,0.187407167,0.359386041,21,25.97707125
D077,S017,O082,2,230,2.845107804,165,0.435076568,0.000913393,0.024702354,3,25.97707125
D077,S018,O066,2,230,2.845107804,494,0.215122594,0.12849833,0.421195428,82,25.97707125
D077,S019,O089,2,230,2.845107804,65,0.160593613,0.12131002,0.43177507,4,25.97707125
D077,S020,O055,2,230,2.845107804,140,0.36567333,0.006141596,0.323833398,34,25.97707125
D077,S021,O019,2,230,2.845107804,346,0.328784836,0.382557414,0.459924272,20,25.97707125
D077,S022,O056,2,230,2.845107804,839,0.314045176,0.146767962,0.097912175,33,25.97707125
D077,S023,O085,2,230,2.845107804,121,0.235238901,0.36680338,0.28802825,18,25.97707125
D077,S024,O075,2,230,2.845107804,157,0.187375651,0.192115859,0.011697982,34,25.97707125
D077,S025,O006,2,230,2.845107804,612,0.351754303,0.257897057,0.260304956,90,25.97707125
D077,S026,O010,2,230,2.845107804,451,0.052883935,0.358161718,0.236761336,42,25.97707125
D077,S027,O080,2,230,2.845107804,42,0.40076867,0.158141091,0.247798621,9,25.97707125
D077,S028,O011,2,230,2.845107804,74,0.144332149,0.165813474,0.385639579,14,25.97707125
D077,S029,O086,2,230,2.845107804,982,0.199347615,0.312135777,0.001921653,110,25.97707125
D077,S030,O049,2,230,2.845107804,167,0.088317626,0.338602146,0.450648463,15,25.97707125
D077,S031,O038,2,230,2.845107804,541,0.023426649,0.269227699,0.314041207,106,25.97707125
D077,S032,O095,2,230,2.845107804,737,0.275444304,0.049819636,0.213727811,96,25.97707125
D078,S001,O040,8,257,1.020754365,22,0.132312725,0.387023034,0.48640877,1,8.340794423
D078,S002,O081,8,257,1.020754365,625,0.489155662,0.075116015,0.08373988,87,8.340794423
D078,S003,O024,8,257,1.020754365,558,0.01340343,0.303476888,0.066234207,102,8.340794423
D078,S004,O048,8,257,1.020754365,23,0.00021805,0.028031124,0.277887063,4,8.340794423
D078,S005,O061,8,257,1.020754365,504,0.370505912,0.3328803,0.491272741,97,8.340794423
D078,S006,O045,8,257,1.020754365,38,0.251921878,0.260723642,0.043585928,1,8.340794423
D078,S007,O069,8,257,1.020754365,761,0.152114511,0.215299072,0.367977204,1,8.340794423
D078,S008,O092,8,257,1.020754365,96,0.418898266,0.008705234,0.425829723,10,8.340794423
D078,S009,O074,8,257,1.020754365,27,0.164642573,0.30767454,0.244719524,6,8.340794423
D078,S010,O043,8,257,1.020754365,60,0.470149674,0.350184037,0.345788332,1,8.340794423
D078,S011,O054,8,257,1.020754365,29,0.443915181,0.25137144,0.497993332,6,8.340794423
D078,S012,O002,8,257,1.020754365,27,0.258752568,0.087770931,0.008640494,5,8.340794423
D078,S013,O001,8,257,1.020754365,277,0.102604459,0.043442589,0.194317089,68,8.340794423
D078,S014,O008,8,257,1.020754365,221,0.074747705,0.106527742,0.017441816,3,8.340794423
D078,S015,O015,8,257,1.020754365,209,0.451149983,0.236045833,0.154470026,51,8.340794423
D078,S016,O021,8,257,1.020754365,420,0.48022181,0.187407167,0.359386041,21,8.340794423
D078,S017,O082,8,257,1.020754365,165,0.435076568,0.000913393,0.024702354,3,8.340794423
D078,S018,O066,8,257,1.020754365,494,0.215122594,0.12849833,0.421195428,82,8.340794423
D078,S019,O089,8,257,1.020754365,65,0.160593613,0.12131002,0.43177507,4,8.340794423
D078,S020,O055,8,257,1.020754365,140,0.36567333,0.006141596,0.323833398,34,8.340794423
D078,S021,O019,8,257,1.020754365,346,0.328784836,0.382557414,0.459924272,20,8.340794423
D078,S022,O056,8,257,1.020754365,839,0.314045176,0.146767962,0.097912175,33,8.340794423
D078,S023,O085,8,257,1.020754365,121,0.235238901,0.36680338,0.28802825,18,8.340794423
D078,S024,O075,8,257,1.020754365,157,0.187375651,0.192115859,0.011697982,34,8.340794423
D078,S025,O006,8,257,1.020754365,612,0.351754303,0.257897057,0.260304956,90,8.340794423
D078,S026,O010,8,257,1.020754365,451,0.052883935,0.358161718,0.236761336,42,8.340794423
D078,S027,O080,8,257,1.020754365,42,0.40076867,0.158141091,0.247798621,9,8.340794423
D078,S028,O011,8,257,1.020754365,74,0.144332149,0.165813474,0.385639579,14,8.340794423
D078,S029,O086,8,257,1.020754365,982,0.199347615,0.312135777,0.001921653,110,8.340794423
D078,S030,O049,8,257,1.020754365,167,0.088317626,0.338602146,0.450648463,15,8.340794423
D078,S031,O038,8,257,1.020754365,541,0.023426649,0.269227699,0.314041207,106,8.340794423
D078,S032,O095,8,257,1.020754365,737,0.275444304,0.049819636,0.213727811,96,8.340794423
D079,S001,O040,4,505,6.501816197,22,0.132312725,0.387023034,0.48640877,1,27.03725547
D079,S002,O081,4,505,6.501816197,625,0.489155662,0.075116015,0.08373988,87,27.03725547
D079,S003,O024,4,505,6.501816197,558,0.01340343,0.303476888,0.066234207,102,27.03725547
D079,S004,O048,4,505,6.501816197,23,0.00021805,0.028031124,0.277887063,4,27.03725547
D079,S005,O061,4,505,6.501816197,504,0.370505912,0.3328803,0.491272741,97,27.03725547
D079,S006,O045,4,505,6.501816197,38,0.251921878,0.260723642,0.043585928,1,27.03725547
D079,S007,O069,4,505,6.501816197,761,0.152114511,0.215299072,0.367977204,1,27.03725547
D079,S008,O092,4,505,6.501816197,96,0.418898266,0.008705234,0.425829723,10,27.03725547
D079,S009,O074,4,505,6.501816197,27,0.164642573,0.30767454,0.244719524,6,27.03725547
D079,S010,O043,4,505,6.501816197,60,0.470149674,0.350184037,0.345788332,1,27.03725547
D079,S011,O054,4,505,6.501816197,29,0.443915181,0.25137144,0.497993332,6,27.03725547
D079,S012,O002,4,505,6.501816197,27,0.258752568,0.087770931,0.008640494,5,27.03725547
D079,S013,O001,4,505,6.501816197,277,0.102604459,0.043442589,0.194317089,68,27.03725547
D079,S014,O008,4,505,6.501816197,221,0.074747705,0.106527742,0.017441816,3,27.03725547
D079,S015,O015,4,505,6.501816197,209,0.451149983,0.236045833,0.154470026,51,27.03725547
D079,S016,O021,4,505,6.501816197,420,0.48022181,0.187407167,0.359386041,21,27.03725547
D079,S017,O082,4,505,6.501816197,165,0.435076568,0.000913393,0.024702354,3,27.03725547
D079,S018,O066,4,505,6.501816197,494,0.215122594,0.12849833,0.421195428,82,27.03725547
D079,S019,O089,4,505,6.501816197,65,0.160593613,0.12131002,0.43177507,4,27.03725547
D079,S020,O055,4,505,6.501816197,140,0.36567333,0.006141596,0.323833398,34,27.03725547
D079,S021,O019,4,505,6.501816197,346,0.328784836,0.382557414,0.459924272,20,27.03725547
D079,S022,O056,4,505,6.501816197,839,0.314045176,0.146767962,0.097912175,33,27.03725547
D079,S023,O085,4,505,6.501816197,121,0.235238901,0.36680338,0.28802825,18,27.03725547
D079,S024,O075,4,505,6.501816197,157,0.187375651,0.192115859,0.011697982,34,27.03725547
D079,S025,O006,4,505,6.501816197,612,0.351754303,0.257897057,0.260304956,90,27.03725547
D079,S026,O010,4,505,6.501816197,451,0.052883935,0.358161718,0.236761336,42,27.03725547
D079,S027,O080,4,505,6.501816197,42,0.40076867,0.158141091,0.247798621,9,27.03725547
D079,S028,O011,4,505,6.501816197,74,0.144332149,0.165813474,0.385639579,14,27.03725547
D079,S029,O086,4,505,6.501816197,982,0.199347615,0.312135777,0.001921653,110,27.03725547
D079,S030,O049,4,505,6.501816197,167,0.088317626,0.338602146,0.450648463,15,27.03725547
D079,S031,O038,4,505,6.501816197,541,0.023426649,0.269227699,0.314041207,106,27.03725547
D079,S032,O095,4,505,6.501816197,737,0.275444304,0.049819636,0.213727811,96,27.03725547
D080,S001,O040,6,108,0.83511476,22,0.132312725,0.387023034,0.48640877,1,16.23834255
D080,S002,O081,6,108,0.83511476,625,0.489155662,0.075116015,0.08373988,87,16.23834255
D080,S003,O024,6,108,0.83511476,558,0.01340343,0.303476888,0.066234207,102,16.23834255
D080,S004,O048,6,108,0.83511476,23,0.00021805,0.028031124,0.277887063,4,16.23834255
D080,S005,O061,6,108,0.83511476,504,0.370505912,0.3328803,0.491272741,97,16.23834255
D080,S006,O045,6,108,0.83511476,38,0.251921878,0.260723642,0.043585928,1,16.23834255
D080,S007,O069,6,108,0.83511476,761,0.152114511,0.215299072,0.367977204,1,16.23834255
D080,S008,O092,6,108,0.83511476,96,0.418898266,0.008705234,0.425829723,10,16.23834255
D080,S009,O074,6,108,0.83511476,27,0.164642573,0.30767454,0.244719524,6,16.23834255
D080,S010,O043,6,108,0.83511476,60,0.470149674,0.350184037,0.345788332,1,16.23834255
D080,S011,O054,6,108,0.83511476,29,0.443915181,0.25137144,0.497993332,6,16.23834255
D080,S012,O002,6,108,0.83511476,27,0.258752568,0.087770931,0.008640494,5,16.23834255
D080,S013,O001,6,108,0.83511476,277,0.102604459,0.043442589,0.194317089,68,16.23834255
D080,S014,O008,6,108,0.83511476,221,0.074747705,0.106527742,0.017441816,3,16.23834255
D080,S015,O015,6,108,0.83511476,209,0.451149983,0.236045833,0.154470026,51,16.23834255
D080,S016,O021,6,108,0.83511476,420,0.48022181,0.187407167,0.359386041,21,16.23834255
D080,S017,O082,6,108,0.83511476,165,0.435076568,0.000913393,0.024702354,3,16.23834255
D080,S018,O066,6,108,0.83511476,494,0.215122594,0.12849833,0.421195428,82,16.23834255
D080,S019,O089,6,108,0.83511476,65,0.160593613,0.12131002,0.43177507,4,16.23834255
D080,S020,O055,6,108,0.83511476,140,0.36567333,0.006141596,0.323833398,34,16.23834255
D080,S021,O019,6,108,0.83511476,346,0.328784836,0.382557414,0.459924272,20,16.23834255
D080,S022,O056,6,108,0.83511476,839,0.314045176,0.146767962,0.097912175,33,16.23834255
D080,S023,O085,6,108,0.83511476,121,0.235238901,0.36680338,0.28802825,18,16.23834255
D080,S024,O075,6,108,0.83511476,157,0.187375651,0.192115859,0.011697982,34,16.23834255
D080,S025,O006,6,108,0.83511476,612,0.351754303,0.257897057,0.260304956,90,16.23834255
D080,S026,O010,6,108,0.83511476,451,0.052883935,0.358161718,0.236761336,42,16.23834255
D080,S027,O080,6,108,0.83511476,42,0.40076867,0.158141091,0.247798621,9,16.23834255
D080,S028,O011,6,108,0.83511476,74,0.144332149,0.165813474,0.385639579,14,16.23834255
D080,S029,O086,6,108,0.83511476,982,0.199347615,0.312135777,0.001921653,110,16.23834255
D080,S030,O049,6,108,0.83511476,167,0.088317626,0.338602146,0.450648463,15,16.23834255
D080,S031,O038,6,108,0.83511476,541,0.023426649,0.269227699,0.314041207,106,16.23834255
D080,S032,O095,6,108,0.83511476,737,0.275444304,0.049819636,0.213727811,96,16.23834255
D081,S001,O040,6,342,3.186301733,22,0.132312725,0.387023034,0.48640877,1,19.56501064
D081,S002,O081,6,342,3.186301733,625,0.489155662,0.075116015,0.08373988,87,19.56501064
D081,S003,O024,6,342,3.186301733,558,0.01340343,0.303476888,0.066234207,102,19.56501064
D081,S004,O048,6,342,3.186301733,23,0.00021805,0.028031124,0.277887063,4,19.56501064
D081,S005,O061,6,342,3.186301733,504,0.370505912,0.3328803,0.491272741,97,19.56501064
D081,S006,O045,6,342,3.186301733,38,0.251921878,0.260723642,0.043585928,1,19.56501064
D081,S007,O069,6,342,3.186301733,761,0.152114511,0.215299072,0.367977204,1,19.56501064
D081,S008,O092,6,342,3.186301733,96,0.418898266,0.008705234,0.425829723,10,19.56501064
D081,S009,O074,6,342,3.186301733,27,0.164642573,0.30767454,0.244719524,6,19.56501064
D081,S010,O043,6,342,3.186301733,60,0.470149674,0.350184037,0.345788332,1,19.56501064
D081,S011,O054,6,342,3.186301733,29,0.443915181,0.25137144,0.497993332,6,19.56501064
D081,S012,O002,6,342,3.186301733,27,0.258752568,0.087770931,0.008640494,5,19.56501064
D081,S013,O001,6,342,3.186301733,277,0.102604459,0.043442589,0.194317089,68,19.56501064
D081,S014,O008,6,342,3.186301733,221,0.074747705,0.106527742,0.017441816,3,19.56501064
D081,S015,O015,6,342,3.186301733,209,0.451149983,0.236045833,0.154470026,51,19.56501064
D081,S016,O021,6,342,3.186301733,420,0.48022181,0.187407167,0.359386041,21,19.56501064
D081,S017,O082,6,342,3.186301733,165,0.435076568,0.000913393,0.024702354,3,19.56501064
D081,S018,O066,6,342,3.186301733,494,0.215122594,0.12849833,0.421195428,82,19.56501064
D081,S019,O089,6,342,3.186301733,65,0.160593613,0.12131002,0.43177507,4,19.56501064
D081,S020,O055,6,342,3.186301733,140,0.36567333,0.006141596,0.323833398,34,19.56501064
D081,S021,O019,6,342,3.186301733,346,0.328784836,0.382557414,0.459924272,20,19.56501064
D081,S022,O056,6,342,3.186301733,839,0.314045176,0.146767962,0.097912175,33,19.56501064
D081,S023,O085,6,342,3.186301733,121,0.235238901,0.36680338,0.28802825,18,19.56501064
D081,S024,O075,6,342,3.186301733,157,0.187375651,0.192115859,0.011697982,34,19.56501064
D081,S025,O006,6,342,3.186301733,612,0.351754303,0.257897057,0.260304956,90,19.56501064
D081,S026,O010,6,342,3.186301733,451,0.052883935,0.358161718,0.236761336,42,19.56501064
D081,S027,O080,6,342,3.186301733,42,0.40076867,0.158141091,0.247798621,9,19.56501064
D081,S028,O011,6,342,3.186301733,74,0.144332149,0.165813474,0.385639579,14,19.56501064
D081,S029,O086,6,342,3.186301733,982,0.199347615,0.312135777,0.001921653,110,19.56501064
D081,S030,O049,6,342,3.186301733,167,0.088317626,0.338602146,0.450648463,15,19.56501064
D081,S031,O038,6,342,3.186301733,541,0.023426649,0.269227699,0.314041207,106,19.56501064
D081,S032,O095,6,342,3.186301733,737,0.275444304,0.049819636,0.213727811,96,19.56501064
D082,S001,O040,1,199,0.575265255,22,0.132312725,0.387023034,0.48640877,1,6.070638373
D082,S002,O081,1,199,0.575265255,625,0.489155662,0.075116015,0.08373988,87,6.070638373
D082,S003,O024,1,199,0.575265255,558,0.01340343,0.303476888,0.066234207,102,6.070638373
D082,S004,O048,1,199,0.575265255,23,0.00021805,0.028031124,0.277887063,4,6.070638373
D082,S005,O061,1,199,0.575265255,504,0.370505912,0.3328803,0.491272741,97,6.070638373
D082,S006,O045,1,199,0.575265255,38,0.251921878,0.260723642,0.043585928,1,6.070638373
D082,S007,O069,1,199,0.575265255,761,0.152114511,0.215299072,0.367977204,1,6.070638373
D082,S008,O092,1,199,0.575265255,96,0.418898266,0.008705234,0.425829723,10,6.070638373
D082,S009,O074,1,199,0.575265255,27,0.164642573,0.30767454,0.244719524,6,6.070638373
D082,S010,O043,1,199,0.575265255,60,0.470149674,0.350184037,0.345788332,1,6.070638373
D082,S011,O054,1,199,0.575265255,29,0.443915181,0.25137144,0.497993332,6,6.070638373
D082,S012,O002,1,199,0.575265255,27,0.258752568,0.087770931,0.008640494,5,6.070638373
D082,S013,O001,1,199,0.575265255,277,0.102604459,0.043442589,0.194317089,68,6.070638373
D082,S014,O008,1,199,0.575265255,221,0.074747705,0.106527742,0.017441816,3,6.070638373
D082,S015,O015,1,199,0.575265255,209,0.451149983,0.236045833,0.154470026,51,6.070638373
D082,S016,O021,1,199,0.575265255,420,0.48022181,0.187407167,0.359386041,21,6.070638373
D082,S017,O082,1,199,0.575265255,165,0.435076568,0.000913393,0.024702354,3,6.070638373
D082,S018,O066,1,199,0.575265255,494,0.215122594,0.12849833,0.421195428,82,6.070638373
D082,S019,O089,1,199,0.575265255,65,0.160593613,0.12131002,0.43177507,4,6.070638373
D082,S020,O055,1,199,0.575265255,140,0.36567333,0.006141596,0.323833398,34,6.070638373
D082,S021,O019,1,199,0.575265255,346,0.328784836,0.382557414,0.459924272,20,6.070638373
D082,S022,O056,1,199,0.575265255,839,0.314045176,0.146767962,0.097912175,33,6.070638373
D082,S023,O085,1,199,0.575265255,121,0.235238901,0.36680338,0.28802825,18,6.070638373
D082,S024,O075,1,199,0.575265255,157,0.187375651,0.192115859,0.011697982,34,6.070638373
D082,S025,O006,1,199,0.575265255,612,0.351754303,0.257897057,0.260304956,90,6.070638373
D082,S026,O010,1,199,0.575265255,451,0.052883935,0.358161718,0.236761336,42,6.070638373
D082,S027,O080,1,199,0.575265255,42,0.40076867,0.158141091,0.247798621,9,6.070638373
D082,S028,O011,1,199,0.575265255,74,0.144332149,0.165813474,0.385639579,14,6.070638373
D082,S029,O086,1,199,0.575265255,982,0.199347615,0.312135777,0.001921653,110,6.070638373
D082,S030,O049,1,199,0.575265255,167,0.088317626,0.338602146,0.450648463,15,6.070638373
D082,S031,O038,1,199,0.575265255,541,0.023426649,0.269227699,0.314041207,106,6.070638373
D082,S032,O095,1,199,0.575265255,737,0.275444304,0.049819636,0.213727811,96,6.070638373
D083,S001,O040,1,318,0.283282758,22,0.132312725,0.387023034,0.48640877,1,1.870735195
D083,S002,O081,1,318,0.283282758,625,0.489155662,0.075116015,0.08373988,87,1.870735195
D083,S003,O024,1,318,0.283282758,558,0.01340343,0.303476888,0.066234207,102,1.870735195
D083,S004,O048,1,318,0.283282758,23,0.00021805,0.028031124,0.277887063,4,1.870735195
D083,S005,O061,1,318,0.283282758,504,0.370505912,0.3328803,0.491272741,97,1.870735195
D083,S006,O045,1,318,0.283282758,38,0.251921878,0.260723642,0.043585928,1,1.870735195
D083,S007,O069,1,318,0.283282758,761,0.152114511,0.215299072,0.367977204,1,1.870735195
D083,S008,O092,1,318,0.283282758,96,0.418898266,0.008705234,0.425829723,10,1.870735195
D083,S009,O074,1,318,0.283282758,27,0.164642573,0.30767454,0.244719524,6,1.870735195
D083,S010,O043,1,318,0.283282758,60,0.470149674,0.350184037,0.345788332,1,1.870735195
D083,S011,O054,1,318,0.283282758,29,0.443915181,0.25137144,0.497993332,6,1.870735195
D083,S012,O002,1,318,0.283282758,27,0.258752568,0.087770931,0.008640494,5,1.870735195
D083,S013,O001,1,318,0.283282758,277,0.102604459,0.043442589,0.194317089,68,1.870735195
D083,S014,O008,1,318,0.283282758,221,0.074747705,0.106527742,0.017441816,3,1.870735195
D083,S015,O015,1,318,0.283282758,209,0.451149983,0.236045833,0.154470026,51,1.870735195
D083,S016,O021,1,318,0.283282758,420,0.48022181,0.187407167,0.359386041,21,1.870735195
D083,S017,O082,1,318,0.283282758,165,0.435076568,0.000913393,0.024702354,3,1.870735195
D083,S018,O066,1,318,0.283282758,494,0.215122594,0.12849833,0.421195428,82,1.870735195
D083,S019,O089,1,318,0.283282758,65,0.160593613,0.12131002,0.43177507,4,1.870735195
D083,S020,O055,1,318,0.283282758,140,0.36567333,0.006141596,0.323833398,34,1.870735195
D083,S021,O019,1,318,0.283282758,346,0.328784836,0.382557414,0.459924272,20,1.870735195
D083,S022,O056,1,318,0.283282758,839,0.314045176,0.146767962,0.097912175,33,1.870735195
D083,S023,O085,1,318,0.283282758,121,0.235238901,0.36680338,0.28802825,18,1.870735195
D083,S024,O075,1,318,0.283282758,157,0.187375651,0.192115859,0.011697982,34,1.870735195
D083,S025,O006,1,318,0.283282758,612,0.351754303,0.257897057,0.260304956,90,1.870735195
D083,S026,O010,1,318,0.283282758,451,0.052883935,0.358161718,0.236761336,42,1.870735195
D083,S027,O080,1,318,0.283282758,42,0.40076867,0.158141091,0.247798621,9,1.870735195
D083,S028,O011,1,318,0.283282758,74,0.144332149,0.165813474,0.385639579,14,1.870735195
D083,S029,O086,1,318,0.283282758,982,0.199347615,0.312135777,0.001921653,110,1.870735195
D083,S030,O049,1,318,0.283282758,167,0.088317626,0.338602146,0.450648463,15,1.870735195
D083,S031,O038,1,318,0.283282758,541,0.023426649,0.269227699,0.314041207,106,1.870735195
D083,S032,O095,1,318,0.283282758,737,0.275444304,0.049819636,0.213727811,96,1.870735195
D084,S001,O040,5,417,1.070664925,22,0.132312725,0.387023034,0.48640877,1,5.391837753
D084,S002,O081,5,417,1.070664925,625,0.489155662,0.075116015,0.08373988,87,5.391837753
D084,S003,O024,5,417,1.070664925,558,0.01340343,0.303476888,0.066234207,102,5.391837753
D084,S004,O048,5,417,1.070664925,23,0.00021805,0.028031124,0.277887063,4,5.391837753
D084,S005,O061,5,417,1.070664925,504,0.370505912,0.3328803,0.491272741,97,5.391837753
D084,S006,O045,5,417,1.070664925,38,0.251921878,0.260723642,0.043585928,1,5.391837753
D084,S007,O069,5,417,1.070664925,761,0.152114511,0.215299072,0.367977204,1,5.391837753
D084,S008,O092,5,417,1.070664925,96,0.418898266,0.008705234,0.425829723,10,5.391837753
D084,S009,O074,5,417,1.070664925,27,0.164642573,0.30767454,0.244719524,6,5.391837753
D084,S010,O043,5,417,1.070664925,60,0.470149674,0.350184037,0.345788332,1,5.391837753
D084,S011,O054,5,417,1.070664925,29,0.443915181,0.25137144,0.497993332,6,5.391837753
D084,S012,O002,5,417,1.070664925,27,0.258752568,0.087770931,0.008640494,5,5.391837753
D084,S013,O001,5,417,1.070664925,277,0.102604459,0.043442589,0.194317089,68,5.391837753
D084,S014,O008,5,417,1.070664925,221,0.074747705,0.106527742,0.017441816,3,5.391837753
D084,S015,O015,5,417,1.070664925,209,0.451149983,0.236045833,0.154470026,51,5.391837753
D084,S016,O021,5,417,1.070664925,420,0.48022181,0.187407167,0.359386041,21,5.391837753
D084,S017,O082,5,417,1.070664925,165,0.435076568,0.000913393,0.024702354,3,5.391837753
D084,S018,O066,5,417,1.070664925,494,0.215122594,0.12849833,0.421195428,82,5.391837753
D084,S019,O089,5,417,1.070664925,65,0.160593613,0.12131002,0.43177507,4,5.391837753
D084,S020,O055,5,417,1.070664925,140,0.36567333,0.006141596,0.323833398,34,5.391837753
D084,S021,O019,5,417,1.070664925,346,0.328784836,0.382557414,0.459924272,20,5.391837753
D084,S022,O056,5,417,1.070664925,839,0.314045176,0.146767962,0.097912175,33,5.391837753
D084,S023,O085,5,417,1.070664925,121,0.235238901,0.36680338,0.28802825,18,5.391837753
D084,S024,O075,5,417,1.070664925,157,0.187375651,0.192115859,0.011697982,34,5.391837753
D084,S025,O006,5,417,1.070664925,612,0.351754303,0.257897057,0.260304956,90,5.391837753
D084,S026,O010,5,417,1.070664925,451,0.052883935,0.358161718,0.236761336,42,5.391837753
D084,S027,O080,5,417,1.070664925,42,0.40076867,0.158141091,0.247798621,9,5.391837753
D084,S028,O011,5,417,1.070664925,74,0.144332149,0.165813474,0.385639579,14,5.391837753
D084,S029,O086,5,417,1.070664925,982,0.199347615,0.312135777,0.001921653,110,5.391837753
D084,S030,O049,5,417,1.070664925,167,0.088317626,0.338602146,0.450648463,15,5.391837753
D084,S031,O038,5,417,1.070664925,541,0.023426649,0.269227699,0.314041207,106,5.391837753
D084,S032,O095,5,417,1.070664925,737,0.275444304,0.049819636,0.213727811,96,5.391837753
D085,S001,O040,5,457,2.740595231,22,0.132312725,0.387023034,0.48640877,1,12.59354482
D085,S002,O081,5,457,2.740595231,625,0.489155662,0.075116015,0.08373988,87,12.59354482
D085,S003,O024,5,457,2.740595231,558,0.01340343,0.303476888,0.066234207,102,12.59354482
D085,S004,O048,5,457,2.740595231,23,0.00021805,0.028031124,0.277887063,4,12.59354482
D085,S005,O061,5,457,2.740595231,504,0.370505912,0.3328803,0.491272741,97,12.59354482
D085,S006,O045,5,457,2.740595231,38,0.251921878,0.260723642,0.043585928,1,12.59354482
D085,S007,O069,5,457,2.740595231,761,0.152114511,0.215299072,0.367977204,1,12.59354482
D085,S008,O092,5,457,2.740595231,96,0.418898266,0.008705234,0.425829723,10,12.59354482
D085,S009,O074,5,457,2.740595231,27,0.164642573,0.30767454,0.244719524,6,12.59354482
D085,S010,O043,5,457,2.740595231,60,0.470149674,0.350184037,0.345788332,1,12.59354482
D085,S011,O054,5,457,2.740595231,29,0.443915181,0.25137144,0.497993332,6,12.59354482
D085,S012,O002,5,457,2.740595231,27,0.258752568,0.087770931,0.008640494,5,12.59354482
D085,S013,O001,5,457,2.740595231,277,0.102604459,0.043442589,0.194317089,68,12.59354482
D085,S014,O008,5,457,2.740595231,221,0.074747705,0.106527742,0.017441816,3,12.59354482
D085,S015,O015,5,457,2.740595231,209,0.451149983,0.236045833,0.154470026,51,12.59354482
D085,S016,O021,5,457,2.740595231,420,0.48022181,0.187407167,0.359386041,21,12.59354482
D085,S017,O082,5,457,2.740595231,165,0.435076568,0.000913393,0.024702354,3,12.59354482
D085,S018,O066,5,457,2.740595231,494,0.215122594,0.12849833,0.421195428,82,12.59354482
D085,S019,O089,5,457,2.740595231,65,0.160593613,0.12131002,0.43177507,4,12.59354482
D085,S020,O055,5,457,2.740595231,140,0.36567333,0.006141596,0.323833398,34,12.59354482
D085,S021,O019,5,457,2.740595231,346,0.328784836,0.382557414,0.459924272,20,12.59354482
D085,S022,O056,5,457,2.740595231,839,0.314045176,0.146767962,0.097912175,33,12.59354482
D085,S023,O085,5,457,2.740595231,121,0.235238901,0.36680338,0.28802825,18,12.59354482
D085,S024,O075,5,457,2.740595231,157,0.187375651,0.192115859,0.011697982,34,12.59354482
D085,S025,O006,5,457,2.740595231,612,0.351754303,0.257897057,0.260304956,90,12.59354482
D085,S026,O010,5,457,2.740595231,451,0.052883935,0.358161718,0.236761336,42,12.59354482
D085,S027,O080,5,457,2.740595231,42,0.40076867,0.158141091,0.247798621,9,12.59354482
D085,S028,O011,5,457,2.740595231,74,0.144332149,0.165813474,0.385639579,14,12.59354482
D085,S029,O086,5,457,2.740595231,982,0.199347615,0.312135777,0.001921653,110,12.59354482
D085,S030,O049,5,457,2.740595231,167,0.088317626,0.338602146,0.450648463,15,12.59354482
D085,S031,O038,5,457,2.740595231,541,0.023426649,0.269227699,0.314041207,106,12.59354482
D085,S032,O095,5,457,2.740595231,737,0.275444304,0.049819636,0.213727811,96,12.59354482
D086,S001,O040,5,80,4.426479844,22,0.132312725,0.387023034,0.48640877,1,116.1950959
D086,S002,O081,5,80,4.426479844,625,0.489155662,0.075116015,0.08373988,87,116.1950959
D086,S003,O024,5,80,4.426479844,558,0.01340343,0.303476888,0.066234207,102,116.1950959
D086,S004,O048,5,80,4.426479844,23,0.00021805,0.028031124,0.277887063,4,116.1950959
D086,S005,O061,5,80,4.426479844,504,0.370505912,0.3328803,0.491272741,97,116.1950959
D086,S006,O045,5,80,4.426479844,38,0.251921878,0.260723642,0.043585928,1,116.1950959
D086,S007,O069,5,80,4.426479844,761,0.152114511,0.215299072,0.367977204,1,116.1950959
D086,S008,O092,5,80,4.426479844,96,0.418898266,0.008705234,0.425829723,10,116.1950959
D086,S009,O074,5,80,4.426479844,27,0.164642573,0.30767454,0.244719524,6,116.1950959
D086,S010,O043,5,80,4.426479844,60,0.470149674,0.350184037,0.345788332,1,116.1950959
D086,S011,O054,5,80,4.426479844,29,0.443915181,0.25137144,0.497993332,6,116.1950959
D086,S012,O002,5,80,4.426479844,27,0.258752568,0.087770931,0.008640494,5,116.1950959
D086,S013,O001,5,80,4.426479844,277,0.102604459,0.043442589,0.194317089,68,116.1950959
D086,S014,O008,5,80,4.426479844,221,0.074747705,0.106527742,0.017441816,3,116.1950959
D086,S015,O015,5,80,4.426479844,209,0.451149983,0.236045833,0.154470026,51,116.1950959
D086,S016,O021,5,80,4.426479844,420,0.48022181,0.187407167,0.359386041,21,116.1950959
D086,S017,O082,5,80,4.426479844,165,0.435076568,0.000913393,0.024702354,3,116.1950959
D086,S018,O066,5,80,4.426479844,494,0.215122594,0.12849833,0.421195428,82,116.1950959
D086,S019,O089,5,80,4.426479844,65,0.160593613,0.12131002,0.43177507,4,116.1950959
D086,S020,O055,5,80,4.426479844,140,0.36567333,0.006141596,0.323833398,34,116.1950959
D086,S021,O019,5,80,4.426479844,346,0.328784836,0.382557414,0.459924272,20,116.1950959
D086,S022,O056,5,80,4.426479844,839,0.314045176,0.146767962,0.097912175,33,116.1950959
D086,S023,O085,5,80,4.426479844,121,0.235238901,0.36680338,0.28802825,18,116.1950959
D086,S024,O075,5,80,4.426479844,157,0.187375651,0.192115859,0.011697982,34,116.1950959
D086,S025,O006,5,80,4.426479844,612,0.351754303,0.257897057,0.260304956,90,116.1950959
D086,S026,O010,5,80,4.426479844,451,0.052883935,0.358161718,0.236761336,42,116.1950959
D086,S027,O080,5,80,4.426479844,42,0.40076867,0.158141091,0.247798621,9,116.1950959
D086,S028,O011,5,80,4.426479844,74,0.144332149,0.165813474,0.385639579,14,116.1950959
D086,S029,O086,5,80,4.426479844,982,0.199347615,0.312135777,0.001921653,110,116.1950959
D086,S030,O049,5,80,4.426479844,167,0.088317626,0.338602146,0.450648463,15,116.1950959
D086,S031,O038,5,80,4.426479844,541,0.023426649,0.269227699,0.314041207,106,116.1950959
D086,S032,O095,5,80,4.426479844,737,0.275444304,0.049819636,0.213727811,96,116.1950959
D087,S001,O040,4,633,3.727721851,22,0.132312725,0.387023034,0.48640877,1,12.36684974
D087,S002,O081,4,633,3.727721851,625,0.489155662,0.075116015,0.08373988,87,12.36684974
D087,S003,O024,4,633,3.727721851,558,0.01340343,0.303476888,0.066234207,102,12.36684974
D087,S004,O048,4,633,3.727721851,23,0.00021805,0.028031124,0.277887063,4,12.36684974
D087,S005,O061,4,633,3.727721851,504,0.370505912,0.3328803,0.491272741,97,12.36684974
D087,S006,O045,4,633,3.727721851,38,0.251921878,0.260723642,0.043585928,1,12.36684974
D087,S007,O069,4,633,3.727721851,761,0.152114511,0.215299072,0.367977204,1,12.36684974
D087,S008,O092,4,633,3.727721851,96,0.418898266,0.008705234,0.425829723,10,12.36684974
D087,S009,O074,4,633,3.727721851,27,0.164642573,0.30767454,0.244719524,6,12.36684974
D087,S010,O043,4,633,3.727721851,60,0.470149674,0.350184037,0.345788332,1,12.36684974
D087,S011,O054,4,633,3.727721851,29,0.443915181,0.25137144,0.497993332,6,12.36684974
D087,S012,O002,4,633,3.727721851,27,0.258752568,0.087770931,0.008640494,5,12.36684974
D087,S013,O001,4,633,3.727721851,277,0.102604459,0.043442589,0.194317089,68,12.36684974
D087,S014,O008,4,633,3.727721851,221,0.074747705,0.106527742,0.017441816,3,12.36684974
D087,S015,O015,4,633,3.727721851,209,0.451149983,0.236045833,0.154470026,51,12.36684974
D087,S016,O021,4,633,3.727721851,420,0.48022181,0.187407167,0.359386041,21,12.36684974
D087,S017,O082,4,633,3.727721851,165,0.435076568,0.000913393,0.024702354,3,12.36684974
D087,S018,O066,4,633,3.727721851,494,0.215122594,0.12849833,0.421195428,82,12.36684974
D087,S019,O089,4,633,3.727721851,65,0.160593613,0.12131002,0.43177507,4,12.36684974
D087,S020,O055,4,633,3.727721851,140,0.36567333,0.006141596,0.323833398,34,12.36684974
D087,S021,O019,4,633,3.727721851,346,0.328784836,0.382557414,0.459924272,20,12.36684974
D087,S022,O056,4,633,3.727721851,839,0.314045176,0.146767962,0.097912175,33,12.36684974
D087,S023,O085,4,633,3.727721851,121,0.235238901,0.36680338,0.28802825,18,12.36684974
D087,S024,O075,4,633,3.727721851,157,0.187375651,0.192115859,0.011697982,34,12.36684974
D087,S025,O006,4,633,3.727721851,612,0.351754303,0.257897057,0.260304956,90,12.36684974
D087,S026,O010,4,633,3.727721851,451,0.052883935,0.358161718,0.236761336,42,12.36684974
D087,S027,O080,4,633,3.727721851,42,0.40076867,0.158141091,0.247798621,9,12.36684974
D087,S028,O011,4,633,3.727721851,74,0.144332149,0.165813474,0.385639579,14,12.36684974
D087,S029,O086,4,633,3.727721851,982,0.199347615,0.312135777,0.001921653,110,12.36684974
D087,S030,O049,4,633,3.727721851,167,0.088317626,0.338602146,0.450648463,15,12.36684974
D087,S031,O038,4,633,3.727721851,541,0.023426649,0.269227699,0.314041207,106,12.36684974
D087,S032,O095,4,633,3.727721851,737,0.275444304,0.049819636,0.213727811,96,12.36684974
D088,S001,O040,4,367,1.377776964,22,0.132312725,0.387023034,0.48640877,1,7.883737398
D088,S002,O081,4,367,1.377776964,625,0.489155662,0.075116015,0.08373988,87,7.883737398
D088,S003,O024,4,367,1.377776964,558,0.01340343,0.303476888,0.066234207,102,7.883737398
D088,S004,O048,4,367,1.377776964,23,0.00021805,0.028031124,0.277887063,4,7.883737398
D088,S005,O061,4,367,1.377776964,504,0.370505912,0.3328803,0.491272741,97,7.883737398
D088,S006,O045,4,367,1.377776964,38,0.251921878,0.260723642,0.043585928,1,7.883737398
D088,S007,O069,4,367,1.377776964,761,0.152114511,0.215299072,0.367977204,1,7.883737398
D088,S008,O092,4,367,1.377776964,96,0.418898266,0.008705234,0.425829723,10,7.883737398
D088,S009,O074,4,367,1.377776964,27,0.164642573,0.30767454,0.244719524,6,7.883737398
D088,S010,O043,4,367,1.377776964,60,0.470149674,0.350184037,0.345788332,1,7.883737398
D088,S011,O054,4,367,1.377776964,29,0.443915181,0.25137144,0.497993332,6,7.883737398
D088,S012,O002,4,367,1.377776964,27,0.258752568,0.087770931,0.008640494,5,7.883737398
D088,S013,O001,4,367,1.377776964,277,0.102604459,0.043442589,0.194317089,68,7.883737398
D088,S014,O008,4,367,1.377776964,221,0.074747705,0.106527742,0.017441816,3,7.883737398
D088,S015,O015,4,367,1.377776964,209,0.451149983,0.236045833,0.154470026,51,7.883737398
D088,S016,O021,4,367,1.377776964,420,0.48022181,0.187407167,0.359386041,21,7.883737398
D088,S017,O082,4,367,1.377776964,165,0.435076568,0.000913393,0.024702354,3,7.883737398
D088,S018,O066,4,367,1.377776964,494,0.215122594,0.12849833,0.421195428,82,7.883737398
D088,S019,O089,4,367,1.377776964,65,0.160593613,0.12131002,0.43177507,4,7.883737398
D088,S020,O055,4,367,1.377776964,140,0.36567333,0.006141596,0.323833398,34,7.883737398
D088,S021,O019,4,367,1.377776964,346,0.328784836,0.382557414,0.459924272,20,7.883737398
D088,S022,O056,4,367,1.377776964,839,0.314045176,0.146767962,0.097912175,33,7.883737398
D088,S023,O085,4,367,1.377776964,121,0.235238901,0.36680338,0.28802825,18,7.883737398
D088,S024,O075,4,367,1.377776964,157,0.187375651,0.192115859,0.011697982,34,7.883737398
D088,S025,O006,4,367,1.377776964,612,0.351754303,0.257897057,0.260304956,90,7.883737398
D088,S026,O010,4,367,1.377776964,451,0.052883935,0.358161718,0.236761336,42,7.883737398
D088,S027,O080,4,367,1.377776964,42,0.40076867,0.158141091,0.247798621,9,7.883737398
D088,S028,O011,4,367,1.377776964,74,0.144332149,0.165813474,0.385639579,14,7.883737398
D088,S029,O086,4,367,1.377776964,982,0.199347615,0.312135777,0.001921653,110,7.883737398
D088,S030,O049,4,367,1.377776964,167,0.088317626,0.338602146,0.450648463,15,7.883737398
D088,S031,O038,4,367,1.377776964,541,0.023426649,0.269227699,0.314041207,106,7.883737398
D088,S032,O095,4,367,1.377776964,737,0.275444304,0.049819636,0.213727811,96,7.883737398
D089,S001,O040,1,68,2.535965625,22,0.132312725,0.387023034,0.48640877,1,78.31658547
D089,S002,O081,1,68,2.535965625,625,0.489155662,0.075116015,0.08373988,87,78.31658547
D089,S003,O024,1,68,2.535965625,558,0.01340343,0.303476888,0.066234207,102,78.31658547
D089,S004,O048,1,68,2.535965625,23,0.00021805,0.028031124,0.277887063,4,78.31658547
D089,S005,O061,1,68,2.535965625,504,0.370505912,0.3328803,0.491272741,97,78.31658547
D089,S006,O045,1,68,2.535965625,38,0.251921878,0.260723642,0.043585928,1,78.31658547
D089,S007,O069,1,68,2.535965625,761,0.152114511,0.215299072,0.367977204,1,78.31658547
D089,S008,O092,1,68,2.535965625,96,0.418898266,0.008705234,0.425829723,10,78.31658547
D089,S009,O074,1,68,2.535965625,27,0.164642573,0.30767454,0.244719524,6,78.31658547
D089,S010,O043,1,68,2.535965625,60,0.470149674,0.350184037,0.345788332,1,78.31658547
D089,S011,O054,1,68,2.535965625,29,0.443915181,0.25137144,0.497993332,6,78.31658547
D089,S012,O002,1,68,2.535965625,27,0.258752568,0.087770931,0.008640494,5,78.31658547
D089,S013,O001,1,68,2.535965625,277,0.102604459,0.043442589,0.194317089,68,78.31658547
D089,S014,O008,1,68,2.535965625,221,0.074747705,0.106527742,0.017441816,3,78.31658547
D089,S015,O015,1,68,2.535965625,209,0.451149983,0.236045833,0.154470026,51,78.31658547
D089,S016,O021,1,68,2.535965625,420,0.48022181,0.187407167,0.359386041,21,78.31658547
D089,S017,O082,1,68,2.535965625,165,0.435076568,0.000913393,0.024702354,3,78.31658547
D089,S018,O066,1,68,2.535965625,494,0.215122594,0.12849833,0.421195428,82,78.31658547
D089,S019,O089,1,68,2.535965625,65,0.160593613,0.12131002,0.43177507,4,78.31658547
D089,S020,O055,1,68,2.535965625,140,0.36567333,0.006141596,0.323833398,34,78.31658547
D089,S021,O019,1,68,2.535965625,346,0.328784836,0.382557414,0.459924272,20,78.31658547
D089,S022,O056,1,68,2.535965625,839,0.314045176,0.146767962,0.097912175,33,78.31658547
D089,S023,O085,1,68,2.535965625,121,0.235238901,0.36680338,0.28802825,18,78.31658547
D089,S024,O075,1,68,2.535965625,157,0.187375651,0.192115859,0.011697982,34,78.31658547
D089,S025,O006,1,68,2.535965625,612,0.351754303,0.257897057,0.260304956,90,78.31658547
D089,S026,O010,1,68,2.535965625,451,0.052883935,0.358161718,0.236761336,42,78.31658547
D089,S027,O080,1,68,2.535965625,42,0.40076867,0.158141091,0.247798621,9,78.31658547
D089,S028,O011,1,68,2.535965625,74,0.144332149,0.165813474,0.385639579,14,78.31658547
D089,S029,O086,1,68,2.535965625,982,0.199347615,0.312135777,0.001921653,110,78.31658547
D089,S030,O049,1,68,2.535965625,167,0.088317626,0.338602146,0.450648463,15,78.31658547
D089,S031,O038,1,68,2.535965625,541,0.023426649,0.269227699,0.314041207,106,78.31658547
D089,S032,O095,1,68,2.535965625,737,0.275444304,0.049819636,0.213727811,96,78.31658547
D090,S001,O040,1,163,2.413144468,22,0.132312725,0.387023034,0.48640877,1,31.0895913
D090,S002,O081,1,163,2.413144468,625,0.489155662,0.075116015,0.08373988,87,31.0895913
D090,S003,O024,1,163,2.413144468,558,0.01340343,0.303476888,0.066234207,102,31.0895913
D090,S004,O048,1,163,2.413144468,23,0.00021805,0.028031124,0.277887063,4,31.0895913
D090,S005,O061,1,163,2.413144468,504,0.370505912,0.3328803,0.491272741,97,31.0895913
D090,S006,O045,1,163,2.413144468,38,0.251921878,0.260723642,0.043585928,1,31.0895913
D090,S007,O069,1,163,2.413144468,761,0.152114511,0.215299072,0.367977204,1,31.0895913
D090,S008,O092,1,163,2.413144468,96,0.418898266,0.008705234,0.425829723,10,31.0895913
D090,S009,O074,1,163,2.413144468,27,0.164642573,0.30767454,0.244719524,6,31.0895913
D090,S010,O043,1,163,2.413144468,60,0.470149674,0.350184037,0.345788332,1,31.0895913
D090,S011,O054,1,163,2.413144468,29,0.443915181,0.25137144,0.497993332,6,31.0895913
D090,S012,O002,1,163,2.413144468,27,0.258752568,0.087770931,0.008640494,5,31.0895913
D090,S013,O001,1,163,2.413144468,277,0.102604459,0.043442589,0.194317089,68,31.0895913
D090,S014,O008,1,163,2.413144468,221,0.074747705,0.106527742,0.017441816,3,31.0895913
D090,S015,O015,1,163,2.413144468,209,0.451149983,0.236045833,0.154470026,51,31.0895913
D090,S016,O021,1,163,2.413144468,420,0.48022181,0.187407167,0.359386041,21,31.0895913
D090,S017,O082,1,163,2.413144468,165,0.435076568,0.000913393,0.024702354,3,31.0895913
D090,S018,O066,1,163,2.413144468,494,0.215122594,0.12849833,0.421195428,82,31.0895913
D090,S019,O089,1,163,2.413144468,65,0.160593613,0.12131002,0.43177507,4,31.0895913
D090,S020,O055,1,163,2.413144468,140,0.36567333,0.006141596,0.323833398,34,31.0895913
D090,S021,O019,1,163,2.413144468,346,0.328784836,0.382557414,0.459924272,20,31.0895913
D090,S022,O056,1,163,2.413144468,839,0.314045176,0.146767962,0.097912175,33,31.0895913
D090,S023,O085,1,163,2.413144468,121,0.235238901,0.36680338,0.28802825,18,31.0895913
D090,S024,O075,1,163,2.413144468,157,0.187375651,0.192115859,0.011697982,34,31.0895913
D090,S025,O006,1,163,2.413144468,612,0.351754303,0.257897057,0.260304956,90,31.0895913
D090,S026,O010,1,163,2.413144468,451,0.052883935,0.358161718,0.236761336,42,31.0895913
D090,S027,O080,1,163,2.413144468,42,0.40076867,0.158141091,0.247798621,9,31.0895913
D090,S028,O011,1,163,2.413144468,74,0.144332149,0.165813474,0.385639579,14,31.0895913
D090,S029,O086,1,163,2.413144468,982,0.199347615,0.312135777,0.001921653,110,31.0895913
D090,S030,O049,1,163,2.413144468,167,0.088317626,0.338602146,0.450648463,15,31.0895913
D090,S031,O038,1,163,2.413144468,541,0.023426649,0.269227699,0.314041207,106,31.0895913
D090,S032,O095,1,163,2.413144468,737,0.275444304,0.049819636,0.213727811,96,31.0895913
D091,S001,O040,7,101,0.773146718,22,0.132312725,0.387023034,0.48640877,1,16.07532779
D091,S002,O081,7,101,0.773146718,625,0.489155662,0.075116015,0.08373988,87,16.07532779
D091,S003,O024,7,101,0.773146718,558,0.01340343,0.303476888,0.066234207,102,16.07532779
D091,S004,O048,7,101,0.773146718,23,0.00021805,0.028031124,0.277887063,4,16.07532779
D091,S005,O061,7,101,0.773146718,504,0.370505912,0.3328803,0.491272741,97,16.07532779
D091,S006,O045,7,101,0.773146718,38,0.251921878,0.260723642,0.043585928,1,16.07532779
D091,S007,O069,7,101,0.773146718,761,0.152114511,0.215299072,0.367977204,1,16.07532779
D091,S008,O092,7,101,0.773146718,96,0.418898266,0.008705234,0.425829723,10,16.07532779
D091,S009,O074,7,101,0.773146718,27,0.164642573,0.30767454,0.244719524,6,16.07532779
D091,S010,O043,7,101,0.773146718,60,0.470149674,0.350184037,0.345788332,1,16.07532779
D091,S011,O054,7,101,0.773146718,29,0.443915181,0.25137144,0.497993332,6,16.07532779
D091,S012,O002,7,101,0.773146718,27,0.258752568,0.087770931,0.008640494,5,16.07532779
D091,S013,O001,7,101,0.773146718,277,0.102604459,0.043442589,0.194317089,68,16.07532779
D091,S014,O008,7,101,0.773146718,221,0.074747705,0.106527742,0.017441816,3,16.07532779
D091,S015,O015,7,101,0.773146718,209,0.451149983,0.236045833,0.154470026,51,16.07532779
D091,S016,O021,7,101,0.773146718,420,0.48022181,0.187407167,0.359386041,21,16.07532779
D091,S017,O082,7,101,0.773146718,165,0.435076568,0.000913393,0.024702354,3,16.07532779
D091,S018,O066,7,101,0.773146718,494,0.215122594,0.12849833,0.421195428,82,16.07532779
D091,S019,O089,7,101,0.773146718,65,0.160593613,0.12131002,0.43177507,4,16.07532779
D091,S020,O055,7,101,0.773146718,140,0.36567333,0.006141596,0.323833398,34,16.07532779
D091,S021,O019,7,101,0.773146718,346,0.328784836,0.382557414,0.459924272,20,16.07532779
D091,S022,O056,7,101,0.773146718,839,0.314045176,0.146767962,0.097912175,33,16.07532779
D091,S023,O085,7,101,0.773146718,121,0.235238901,0.36680338,0.28802825,18,16.07532779
D091,S024,O075,7,101,0.773146718,157,0.187375651,0.192115859,0.011697982,34,16.07532779
D091,S025,O006,7,101,0.773146718,612,0.351754303,0.257897057,0.260304956,90,16.07532779
D091,S026,O010,7,101,0.773146718,451,0.052883935,0.358161718,0.236761336,42,16.07532779
D091,S027,O080,7,101,0.773146718,42,0.40076867,0.158141091,0.247798621,9,16.07532779
D091,S028,O011,7,101,0.773146718,74,0.144332149,0.165813474,0.385639579,14,16.07532779
D091,S029,O086,7,101,0.773146718,982,0.199347615,0.312135777,0.001921653,110,16.07532779
D091,S030,O049,7,101,0.773146718,167,0.088317626,0.338602146,0.450648463,15,16.07532779
D091,S031,O038,7,101,0.773146718,541,0.023426649,0.269227699,0.314041207,106,16.07532779
D091,S032,O095,7,101,0.773146718,737,0.275444304,0.049819636,0.213727811,96,16.07532779
D092,S001,O040,6,377,1.78568148,22,0.132312725,0.387023034,0.48640877,1,9.946766867
D092,S002,O081,6,377,1.78568148,625,0.489155662,0.075116015,0.08373988,87,9.946766867
D092,S003,O024,6,377,1.78568148,558,0.01340343,0.303476888,0.066234207,102,9.946766867
D092,S004,O048,6,377,1.78568148,23,0.00021805,0.028031124,0.277887063,4,9.946766867
D092,S005,O061,6,377,1.78568148,504,0.370505912,0.3328803,0.491272741,97,9.946766867
D092,S006,O045,6,377,1.78568148,38,0.251921878,0.260723642,0.043585928,1,9.946766867
D092,S007,O069,6,377,1.78568148,761,0.152114511,0.215299072,0.367977204,1,9.946766867
D092,S008,O092,6,377,1.78568148,96,0.418898266,0.008705234,0.425829723,10,9.946766867
D092,S009,O074,6,377,1.78568148,27,0.164642573,0.30767454,0.244719524,6,9.946766867
D092,S010,O043,6,377,1.78568148,60,0.470149674,0.350184037,0.345788332,1,9.946766867
D092,S011,O054,6,377,1.78568148,29,0.443915181,0.25137144,0.497993332,6,9.946766867
D092,S012,O002,6,377,1.78568148,27,0.258752568,0.087770931,0.008640494,5,9.946766867
D092,S013,O001,6,377,1.78568148,277,0.102604459,0.043442589,0.194317089,68,9.946766867
D092,S014,O008,6,377,1.78568148,221,0.074747705,0.106527742,0.017441816,3,9.946766867
D092,S015,O015,6,377,1.78568148,209,0.451149983,0.236045833,0.154470026,51,9.946766867
D092,S016,O021,6,377,1.78568148,420,0.48022181,0.187407167,0.359386041,21,9.946766867
D092,S017,O082,6,377,1.78568148,165,0.435076568,0.000913393,0.024702354,3,9.946766867
D092,S018,O066,6,377,1.78568148,494,0.215122594,0.12849833,0.421195428,82,9.946766867
D092,S019,O089,6,377,1.78568148,65,0.160593613,0.12131002,0.43177507,4,9.946766867
D092,S020,O055,6,377,1.78568148,140,0.36567333,0.006141596,0.323833398,34,9.946766867
D092,S021,O019,6,377,1.78568148,346,0.328784836,0.382557414,0.459924272,20,9.946766867
D092,S022,O056,6,377,1.78568148,839,0.314045176,0.146767962,0.097912175,33,9.946766867
D092,S023,O085,6,377,1.78568148,121,0.235238901,0.36680338,0.28802825,18,9.946766867
D092,S024,O075,6,377,1.78568148,157,0.187375651,0.192115859,0.011697982,34,9.946766867
D092,S025,O006,6,377,1.78568148,612,0.351754303,0.257897057,0.260304956,90,9.946766867
D092,S026,O010,6,377,1.78568148,451,0.052883935,0.358161718,0.236761336,42,9.946766867
D092,S027,O080,6,377,1.78568148,42,0.40076867,0.158141091,0.247798621,9,9.946766867
D092,S028,O011,6,377,1.78568148,74,0.144332149,0.165813474,0.385639579,14,9.946766867
D092,S029,O086,6,377,1.78568148,982,0.199347615,0.312135777,0.001921653,110,9.946766867
D092,S030,O049,6,377,1.78568148,167,0.088317626,0.338602146,0.450648463,15,9.946766867
D092,S031,O038,6,377,1.78568148,541,0.023426649,0.269227699,0.314041207,106,9.946766867
D092,S032,O095,6,377,1.78568148,737,0.275444304,0.049819636,0.213727811,96,9.946766867
D093,S001,O040,1,536,0.256406048,22,0.132312725,0.387023034,0.48640877,1,1.004575936
D093,S002,O081,1,536,0.256406048,625,0.489155662,0.075116015,0.08373988,87,1.004575936
D093,S003,O024,1,536,0.256406048,558,0.01340343,0.303476888,0.066234207,102,1.004575936
D093,S004,O048,1,536,0.256406048,23,0.00021805,0.028031124,0.277887063,4,1.004575936
D093,S005,O061,1,536,0.256406048,504,0.370505912,0.3328803,0.491272741,97,1.004575936
D093,S006,O045,1,536,0.256406048,38,0.251921878,0.260723642,0.043585928,1,1.004575936
D093,S007,O069,1,536,0.256406048,761,0.152114511,0.215299072,0.367977204,1,1.004575936
D093,S008,O092,1,536,0.256406048,96,0.418898266,0.008705234,0.425829723,10,1.004575936
D093,S009,O074,1,536,0.256406048,27,0.164642573,0.30767454,0.244719524,6,1.004575936
D093,S010,O043,1,536,0.256406048,60,0.470149674,0.350184037,0.345788332,1,1.004575936
D093,S011,O054,1,536,0.256406048,29,0.443915181,0.25137144,0.497993332,6,1.004575936
D093,S012,O002,1,536,0.256406048,27,0.258752568,0.087770931,0.008640494,5,1.004575936
D093,S013,O001,1,536,0.256406048,277,0.102604459,0.043442589,0.194317089,68,1.004575936
D093,S014,O008,1,536,0.256406048,221,0.074747705,0.106527742,0.017441816,3,1.004575936
D093,S015,O015,1,536,0.256406048,209,0.451149983,0.236045833,0.154470026,51,1.004575936
D093,S016,O021,1,536,0.256406048,420,0.48022181,0.187407167,0.359386041,21,1.004575936
D093,S017,O082,1,536,0.256406048,165,0.435076568,0.000913393,0.024702354,3,1.004575936
D093,S018,O066,1,536,0.256406048,494,0.215122594,0.12849833,0.421195428,82,1.004575936
D093,S019,O089,1,536,0.256406048,65,0.160593613,0.12131002,0.43177507,4,1.004575936
D093,S020,O055,1,536,0.256406048,140,0.36567333,0.006141596,0.323833398,34,1.004575936
D093,S021,O019,1,536,0.256406048,346,0.328784836,0.382557414,0.459924272,20,1.004575936
D093,S022,O056,1,536,0.256406048,839,0.314045176,0.146767962,0.097912175,33,1.004575936
D093,S023,O085,1,536,0.256406048,121,0.235238901,0.36680338,0.28802825,18,1.004575936
D093,S024,O075,1,536,0.256406048,157,0.187375651,0.192115859,0.011697982,34,1.004575936
D093,S025,O006,1,536,0.256406048,612,0.351754303,0.257897057,0.260304956,90,1.004575936
D093,S026,O010,1,536,0.256406048,451,0.052883935,0.358161718,0.236761336,42,1.004575936
D093,S027,O080,1,536,0.256406048,42,0.40076867,0.158141091,0.247798621,9,1.004575936
D093,S028,O011,1,536,0.256406048,74,0.144332149,0.165813474,0.385639579,14,1.004575936
D093,S029,O086,1,536,0.256406048,982,0.199347615,0.312135777,0.001921653,110,1.004575936
D093,S030,O049,1,536,0.256406048,167,0.088317626,0.338602146,0.450648463,15,1.004575936
D093,S031,O038,1,536,0.256406048,541,0.023426649,0.269227699,0.314041207,106,1.004575936
D093,S032,O095,1,536,0.256406048,737,0.275444304,0.049819636,0.213727811,96,1.004575936
D094,S001,O040,6,238,7.339452886,22,0.132312725,0.387023034,0.48640877,1,64.7598784
D094,S002,O081,6,238,7.339452886,625,0.489155662,0.075116015,0.08373988,87,64.7598784
D094,S003,O024,6,238,7.339452886,558,0.01340343,0.303476888,0.066234207,102,64.7598784
D094,S004,O048,6,238,7.339452886,23,0.00021805,0.028031124,0.277887063,4,64.7598784
D094,S005,O061,6,238,7.339452886,504,0.370505912,0.3328803,0.491272741,97,64.7598784
D094,S006,O045,6,238,7.339452886,38,0.251921878,0.260723642,0.043585928,1,64.7598784
D094,S007,O069,6,238,7.339452886,761,0.152114511,0.215299072,0.367977204,1,64.7598784
D094,S008,O092,6,238,7.339452886,96,0.418898266,0.008705234,0.425829723,10,64.7598784
D094,S009,O074,6,238,7.339452886,27,0.164642573,0.30767454,0.244719524,6,64.7598784
D094,S010,O043,6,238,7.339452886,60,0.470149674,0.350184037,0.345788332,1,64.7598784
D094,S011,O054,6,238,7.339452886,29,0.443915181,0.25137144,0.497993332,6,64.7598784
D094,S012,O002,6,238,7.339452886,27,0.258752568,0.087770931,0.008640494,5,64.7598784
D094,S013,O001,6,238,7.339452886,277,0.102604459,0.043442589,0.194317089,68,64.7598784
D094,S014,O008,6,238,7.339452886,221,0.074747705,0.106527742,0.017441816,3,64.7598784
D094,S015,O015,6,238,7.339452886,209,0.451149983,0.236045833,0.154470026,51,64.7598784
D094,S016,O021,6,238,7.339452886,420,0.48022181,0.187407167,0.359386041,21,64.7598784
D094,S017,O082,6,238,7.339452886,165,0.435076568,0.000913393,0.024702354,3,64.7598784
D094,S018,O066,6,238,7.339452886,494,0.215122594,0.12849833,0.421195428,82,64.7598784
D094,S019,O089,6,238,7.339452886,65,0.160593613,0.12131002,0.43177507,4,64.7598784
D094,S020,O055,6,238,7.339452886,140,0.36567333,0.006141596,0.323833398,34,64.7598784
D094,S021,O019,6,238,7.339452886,346,0.328784836,0.382557414,0.459924272,20,64.7598784
D094,S022,O056,6,238,7.339452886,839,0.314045176,0.146767962,0.097912175,33,64.7598784
D094,S023,O085,6,238,7.339452886,121,0.235238901,0.36680338,0.28802825,18,64.7598784
D094,S024,O075,6,238,7.339452886,157,0.187375651,0.192115859,0.011697982,34,64.7598784
D094,S025,O006,6,238,7.339452886,612,0.351754303,0.257897057,0.260304956,90,64.7598784
D094,S026,O010,6,238,7.339452886,451,0.052883935,0.358161718,0.236761336,42,64.7598784
D094,S027,O080,6,238,7.339452886,42,0.40076867,0.158141091,0.247798621,9,64.7598784
D094,S028,O011,6,238,7.339452886,74,0.144332149,0.165813474,0.385639579,14,64.7598784
D094,S029,O086,6,238,7.339452886,982,0.199347615,0.312135777,0.001921653,110,64.7598784
D094,S030,O049,6,238,7.339452886,167,0.088317626,0.338602146,0.450648463,15,64.7598784
D094,S031,O038,6,238,7.339452886,541,0.023426649,0.269227699,0.314041207,106,64.7598784
D094,S032,O095,6,238,7.339452886,737,0.275444304,0.049819636,0.213727811,96,64.7598784
D095,S001,O040,3,144,1.503793522,22,0.132312725,0.387023034,0.48640877,1,21.93032219
D095,S002,O081,3,144,1.503793522,625,0.489155662,0.075116015,0.08373988,87,21.93032219
D095,S003,O024,3,144,1.503793522,558,0.01340343,0.303476888,0.066234207,102,21.93032219
D095,S004,O048,3,144,1.503793522,23,0.00021805,0.028031124,0.277887063,4,21.93032219
D095,S005,O061,3,144,1.503793522,504,0.370505912,0.3328803,0.491272741,97,21.93032219
D095,S006,O045,3,144,1.503793522,38,0.251921878,0.260723642,0.043585928,1,21.93032219
D095,S007,O069,3,144,1.503793522,761,0.152114511,0.215299072,0.367977204,1,21.93032219
D095,S008,O092,3,144,1.503793522,96,0.418898266,0.008705234,0.425829723,10,21.93032219
D095,S009,O074,3,144,1.503793522,27,0.164642573,0.30767454,0.244719524,6,21.93032219
D095,S010,O043,3,144,1.503793522,60,0.470149674,0.350184037,0.345788332,1,21.93032219
D095,S011,O054,3,144,1.503793522,29,0.443915181,0.25137144,0.497993332,6,21.93032219
D095,S012,O002,3,144,1.503793522,27,0.258752568,0.087770931,0.008640494,5,21.93032219
D095,S013,O001,3,144,1.503793522,277,0.102604459,0.043442589,0.194317089,68,21.93032219
D095,S014,O008,3,144,1.503793522,221,0.074747705,0.106527742,0.017441816,3,21.93032219
D095,S015,O015,3,144,1.503793522,209,0.451149983,0.236045833,0.154470026,51,21.93032219
D095,S016,O021,3,144,1.503793522,420,0.48022181,0.187407167,0.359386041,21,21.93032219
D095,S017,O082,3,144,1.503793522,165,0.435076568,0.000913393,0.024702354,3,21.93032219
D095,S018,O066,3,144,1.503793522,494,0.215122594,0.12849833,0.421195428,82,21.93032219
D095,S019,O089,3,144,1.503793522,65,0.160593613,0.12131002,0.43177507,4,21.93032219
D095,S020,O055,3,144,1.503793522,140,0.36567333,0.006141596,0.323833398,34,21.93032219
D095,S021,O019,3,144,1.503793522,346,0.328784836,0.382557414,0.459924272,20,21.93032219
D095,S022,O056,3,144,1.503793522,839,0.314045176,0.146767962,0.097912175,33,21.93032219
D095,S023,O085,3,144,1.503793522,121,0.235238901,0.36680338,0.28802825,18,21.93032219
D095,S024,O075,3,144,1.503793522,157,0.187375651,0.192115859,0.011697982,34,21.93032219
D095,S025,O006,3,144,1.503793522,612,0.351754303,0.257897057,0.260304956,90,21.93032219
D095,S026,O010,3,144,1.503793522,451,0.052883935,0.358161718,0.236761336,42,21.93032219
D095,S027,O080,3,144,1.503793522,42,0.40076867,0.158141091,0.247798621,9,21.93032219
D095,S028,O011,3,144,1.503793522,74,0.144332149,0.165813474,0.385639579,14,21.93032219
D095,S029,O086,3,144,1.503793522,982,0.199347615,0.312135777,0.001921653,110,21.93032219
D095,S030,O049,3,144,1.503793522,167,0.088317626,0.338602146,0.450648463,15,21.93032219
D095,S031,O038,3,144,1.503793522,541,0.023426649,0.269227699,0.314041207,106,21.93032219
D095,S032,O095,3,144,1.503793522,737,0.275444304,0.049819636,0.213727811,96,21.93032219
D096,S001,O040,5,87,1.642987791,22,0.132312725,0.387023034,0.48640877,1,39.65832599
D096,S002,O081,5,87,1.642987791,625,0.489155662,0.075116015,0.08373988,87,39.65832599
D096,S003,O024,5,87,1.642987791,558,0.01340343,0.303476888,0.066234207,102,39.65832599
D096,S004,O048,5,87,1.642987791,23,0.00021805,0.028031124,0.277887063,4,39.65832599
D096,S005,O061,5,87,1.642987791,504,0.370505912,0.3328803,0.491272741,97,39.65832599
D096,S006,O045,5,87,1.642987791,38,0.251921878,0.260723642,0.043585928,1,39.65832599
D096,S007,O069,5,87,1.642987791,761,0.152114511,0.215299072,0.367977204,1,39.65832599
D096,S008,O092,5,87,1.642987791,96,0.418898266,0.008705234,0.425829723,10,39.65832599
D096,S009,O074,5,87,1.642987791,27,0.164642573,0.30767454,0.244719524,6,39.65832599
D096,S010,O043,5,87,1.642987791,60,0.470149674,0.350184037,0.345788332,1,39.65832599
D096,S011,O054,5,87,1.642987791,29,0.443915181,0.25137144,0.497993332,6,39.65832599
D096,S012,O002,5,87,1.642987791,27,0.258752568,0.087770931,0.008640494,5,39.65832599
D096,S013,O001,5,87,1.642987791,277,0.102604459,0.043442589,0.194317089,68,39.65832599
D096,S014,O008,5,87,1.642987791,221,0.074747705,0.106527742,0.017441816,3,39.65832599
D096,S015,O015,5,87,1.642987791,209,0.451149983,0.236045833,0.154470026,51,39.65832599
D096,S016,O021,5,87,1.642987791,420,0.48022181,0.187407167,0.359386041,21,39.65832599
D096,S017,O082,5,87,1.642987791,165,0.435076568,0.000913393,0.024702354,3,39.65832599
D096,S018,O066,5,87,1.642987791,494,0.215122594,0.12849833,0.421195428,82,39.65832599
D096,S019,O089,5,87,1.642987791,65,0.160593613,0.12131002,0.43177507,4,39.65832599
D096,S020,O055,5,87,1.642987791,140,0.36567333,0.006141596,0.323833398,34,39.65832599
D096,S021,O019,5,87,1.642987791,346,0.328784836,0.382557414,0.459924272,20,39.65832599
D096,S022,O056,5,87,1.642987791,839,0.314045176,0.146767962,0.097912175,33,39.65832599
D096,S023,O085,5,87,1.642987791,121,0.235238901,0.36680338,0.28802825,18,39.65832599
D096,S024,O075,5,87,1.642987791,157,0.187375651,0.192115859,0.011697982,34,39.65832599
D096,S025,O006,5,87,1.642987791,612,0.351754303,0.257897057,0.260304956,90,39.65832599
D096,S026,O010,5,87,1.642987791,451,0.052883935,0.358161718,0.236761336,42,39.65832599
D096,S027,O080,5,87,1.642987791,42,0.40076867,0.158141091,0.247798621,9,39.65832599
D096,S028,O011,5,87,1.642987791,74,0.144332149,0.165813474,0.385639579,14,39.65832599
D096,S029,O086,5,87,1.642987791,982,0.199347615,0.312135777,0.001921653,110,39.65832599
D096,S030,O049,5,87,1.642987791,167,0.088317626,0.338602146,0.450648463,15,39.65832599
D096,S031,O038,5,87,1.642987791,541,0.023426649,0.269227699,0.314041207,106,39.65832599
D096,S032,O095,5,87,1.642987791,737,0.275444304,0.049819636,0.213727811,96,39.65832599
D097,S001,O040,8,515,0.943725711,22,0.132312725,0.387023034,0.48640877,1,3.848201929
D097,S002,O081,8,515,0.943725711,625,0.489155662,0.075116015,0.08373988,87,3.848201929
D097,S003,O024,8,515,0.943725711,558,0.01340343,0.303476888,0.066234207,102,3.848201929
D097,S004,O048,8,515,0.943725711,23,0.00021805,0.028031124,0.277887063,4,3.848201929
D097,S005,O061,8,515,0.943725711,504,0.370505912,0.3328803,0.491272741,97,3.848201929
D097,S006,O045,8,515,0.943725711,38,0.251921878,0.260723642,0.043585928,1,3.848201929
D097,S007,O069,8,515,0.943725711,761,0.152114511,0.215299072,0.367977204,1,3.848201929
D097,S008,O092,8,515,0.943725711,96,0.418898266,0.008705234,0.425829723,10,3.848201929
D097,S009,O074,8,515,0.943725711,27,0.164642573,0.30767454,0.244719524,6,3.848201929
D097,S010,O043,8,515,0.943725711,60,0.470149674,0.350184037,0.345788332,1,3.848201929
D097,S011,O054,8,515,0.943725711,29,0.443915181,0.25137144,0.497993332,6,3.848201929
D097,S012,O002,8,515,0.943725711,27,0.258752568,0.087770931,0.008640494,5,3.848201929
D097,S013,O001,8,515,0.943725711,277,0.102604459,0.043442589,0.194317089,68,3.848201929
D097,S014,O008,8,515,0.943725711,221,0.074747705,0.106527742,0.017441816,3,3.848201929
D097,S015,O015,8,515,0.943725711,209,0.451149983,0.236045833,0.154470026,51,3.848201929
D097,S016,O021,8,515,0.943725711,420,0.48022181,0.187407167,0.359386041,21,3.848201929
D097,S017,O082,8,515,0.943725711,165,0.435076568,0.000913393,0.024702354,3,3.848201929
D097,S018,O066,8,515,0.943725711,494,0.215122594,0.12849833,0.421195428,82,3.848201929
D097,S019,O089,8,515,0.943725711,65,0.160593613,0.12131002,0.43177507,4,3.848201929
D097,S020,O055,8,515,0.943725711,140,0.36567333,0.006141596,0.323833398,34,3.848201929
D097,S021,O019,8,515,0.943725711,346,0.328784836,0.382557414,0.459924272,20,3.848201929
D097,S022,O056,8,515,0.943725711,839,0.314045176,0.146767962,0.097912175,33,3.848201929
D097,S023,O085,8,515,0.943725711,121,0.235238901,0.36680338,0.28802825,18,3.848201929
D097,S024,O075,8,515,0.943725711,157,0.187375651,0.192115859,0.011697982,34,3.848201929
D097,S025,O006,8,515,0.943725711,612,0.351754303,0.257897057,0.260304956,90,3.848201929
D097,S026,O010,8,515,0.943725711,451,0.052883935,0.358161718,0.236761336,42,3.848201929
D097,S027,O080,8,515,0.943725711,42,0.40076867,0.158141091,0.247798621,9,3.848201929
D097,S028,O011,8,515,0.943725711,74,0.144332149,0.165813474,0.385639579,14,3.848201929
D097,S029,O086,8,515,0.943725711,982,0.199347615,0.312135777,0.001921653,110,3.848201929
D097,S030,O049,8,515,0.943725711,167,0.088317626,0.338602146,0.450648463,15,3.848201929
D097,S031,O038,8,515,0.943725711,541,0.023426649,0.269227699,0.314041207,106,3.848201929
D097,S032,O095,8,515,0.943725711,737,0.275444304,0.049819636,0.213727811,96,3.848201929
D098,S001,O040,5,182,0.327478932,22,0.132312725,0.387023034,0.48640877,1,3.778603064
D098,S002,O081,5,182,0.327478932,625,0.489155662,0.075116015,0.08373988,87,3.778603064
D098,S003,O024,5,182,0.327478932,558,0.01340343,0.303476888,0.066234207,102,3.778603064
D098,S004,O048,5,182,0.327478932,23,0.00021805,0.028031124,0.277887063,4,3.778603064
D098,S005,O061,5,182,0.327478932,504,0.370505912,0.3328803,0.491272741,97,3.778603064
D098,S006,O045,5,182,0.327478932,38,0.251921878,0.260723642,0.043585928,1,3.778603064
D098,S007,O069,5,182,0.327478932,761,0.152114511,0.215299072,0.367977204,1,3.778603064
D098,S008,O092,5,182,0.327478932,96,0.418898266,0.008705234,0.425829723,10,3.778603064
D098,S009,O074,5,182,0.327478932,27,0.164642573,0.30767454,0.244719524,6,3.778603064
D098,S010,O043,5,182,0.327478932,60,0.470149674,0.350184037,0.345788332,1,3.778603064
D098,S011,O054,5,182,0.327478932,29,0.443915181,0.25137144,0.497993332,6,3.778603064
D098,S012,O002,5,182,0.327478932,27,0.258752568,0.087770931,0.008640494,5,3.778603064
D098,S013,O001,5,182,0.327478932,277,0.102604459,0.043442589,0.194317089,68,3.778603064
D098,S014,O008,5,182,0.327478932,221,0.074747705,0.106527742,0.017441816,3,3.778603064
D098,S015,O015,5,182,0.327478932,209,0.451149983,0.236045833,0.154470026,51,3.778603064
D098,S016,O021,5,182,0.327478932,420,0.48022181,0.187407167,0.359386041,21,3.778603064
D098,S017,O082,5,182,0.327478932,165,0.435076568,0.000913393,0.024702354,3,3.778603064
D098,S018,O066,5,182,0.327478932,494,0.215122594,0.12849833,0.421195428,82,3.778603064
D098,S019,O089,5,182,0.327478932,65,0.160593613,0.12131002,0.43177507,4,3.778603064
D098,S020,O055,5,182,0.327478932,140,0.36567333,0.006141596,0.323833398,34,3.778603064
D098,S021,O019,5,182,0.327478932,346,0.328784836,0.382557414,0.459924272,20,3.778603064
D098,S022,O056,5,182,0.327478932,839,0.314045176,0.146767962,0.097912175,33,3.778603064
D098,S023,O085,5,182,0.327478932,121,0.235238901,0.36680338,0.28802825,18,3.778603064
D098,S024,O075,5,182,0.327478932,157,0.187375651,0.192115859,0.011697982,34,3.778603064
D098,S025,O006,5,182,0.327478932,612,0.351754303,0.257897057,0.260304956,90,3.778603064
D098,S026,O010,5,182,0.327478932,451,0.052883935,0.358161718,0.236761336,42,3.778603064
D098,S027,O080,5,182,0.327478932,42,0.40076867,0.158141091,0.247798621,9,3.778603064
D098,S028,O011,5,182,0.327478932,74,0.144332149,0.165813474,0.385639579,14,3.778603064
D098,S029,O086,5,182,0.327478932,982,0.199347615,0.312135777,0.001921653,110,3.778603064
D098,S030,O049,5,182,0.327478932,167,0.088317626,0.338602146,0.450648463,15,3.778603064
D098,S031,O038,5,182,0.327478932,541,0.023426649,0.269227699,0.314041207,106,3.778603064
D098,S032,O095,5,182,0.327478932,737,0.275444304,0.049819636,0.213727811,96,3.778603064
D099,S001,O040,4,393,1.921945994,22,0.132312725,0.387023034,0.48640877,1,10.26994043
D099,S002,O081,4,393,1.921945994,625,0.489155662,0.075116015,0.08373988,87,10.26994043
D099,S003,O024,4,393,1.921945994,558,0.01340343,0.303476888,0.066234207,102,10.26994043
D099,S004,O048,4,393,1.921945994,23,0.00021805,0.028031124,0.277887063,4,10.26994043
D099,S005,O061,4,393,1.921945994,504,0.370505912,0.3328803,0.491272741,97,10.26994043
D099,S006,O045,4,393,1.921945994,38,0.251921878,0.260723642,0.043585928,1,10.26994043
D099,S007,O069,4,393,1.921945994,761,0.152114511,0.215299072,0.367977204,1,10.26994043
D099,S008,O092,4,393,1.921945994,96,0.418898266,0.008705234,0.425829723,10,10.26994043
D099,S009,O074,4,393,1.921945994,27,0.164642573,0.30767454,0.244719524,6,10.26994043
D099,S010,O043,4,393,1.921945994,60,0.470149674,0.350184037,0.345788332,1,10.26994043
D099,S011,O054,4,393,1.921945994,29,0.443915181,0.25137144,0.497993332,6,10.26994043
D099,S012,O002,4,393,1.921945994,27,0.258752568,0.087770931,0.008640494,5,10.26994043
D099,S013,O001,4,393,1.921945994,277,0.102604459,0.043442589,0.194317089,68,10.26994043
D099,S014,O008,4,393,1.921945994,221,0.074747705,0.106527742,0.017441816,3,10.26994043
D099,S015,O015,4,393,1.921945994,209,0.451149983,0.236045833,0.154470026,51,10.26994043
D099,S016,O021,4,393,1.921945994,420,0.48022181,0.187407167,0.359386041,21,10.26994043
D099,S017,O082,4,393,1.921945994,165,0.435076568,0.000913393,0.024702354,3,10.26994043
D099,S018,O066,4,393,1.921945994,494,0.215122594,0.12849833,0.421195428,82,10.26994043
D099,S019,O089,4,393,1.921945994,65,0.160593613,0.12131002,0.43177507,4,10.26994043
D099,S020,O055,4,393,1.921945994,140,0.36567333,0.006141596,0.323833398,34,10.26994043
D099,S021,O019,4,393,1.921945994,346,0.328784836,0.382557414,0.459924272,20,10.26994043
D099,S022,O056,4,393,1.921945994,839,0.314045176,0.146767962,0.097912175,33,10.26994043
D099,S023,O085,4,393,1.921945994,121,0.235238901,0.36680338,0.28802825,18,10.26994043
D099,S024,O075,4,393,1.921945994,157,0.187375651,0.192115859,0.011697982,34,10.26994043
D099,S025,O006,4,393,1.921945994,612,0.351754303,0.257897057,0.260304956,90,10.26994043
D099,S026,O010,4,393,1.921945994,451,0.052883935,0.358161718,0.236761336,42,10.26994043
D099,S027,O080,4,393,1.921945994,42,0.40076867,0.158141091,0.247798621,9,10.26994043
D099,S028,O011,4,393,1.921945994,74,0.144332149,0.165813474,0.385639579,14,10.26994043
D099,S029,O086,4,393,1.921945994,982,0.199347615,0.312135777,0.001921653,110,10.26994043
D099,S030,O049,4,393,1.921945994,167,0.088317626,0.338602146,0.450648463,15,10.26994043
D099,S031,O038,4,393,1.921945994,541,0.023426649,0.269227699,0.314041207,106,10.26994043
D099,S032,O095,4,393,1.921945994,737,0.275444304,0.049819636,0.213727811,96,10.26994043
D100,S001,O040,3,113,0.611512327,22,0.132312725,0.387023034,0.48640877,1,11.36438837
D100,S002,O081,3,113,0.611512327,625,0.489155662,0.075116015,0.08373988,87,11.36438837
D100,S003,O024,3,113,0.611512327,558,0.01340343,0.303476888,0.066234207,102,11.36438837
D100,S004,O048,3,113,0.611512327,23,0.00021805,0.028031124,0.277887063,4,11.36438837
D100,S005,O061,3,113,0.611512327,504,0.370505912,0.3328803,0.491272741,97,11.36438837
D100,S006,O045,3,113,0.611512327,38,0.251921878,0.260723642,0.043585928,1,11.36438837
D100,S007,O069,3,113,0.611512327,761,0.152114511,0.215299072,0.367977204,1,11.36438837
D100,S008,O092,3,113,0.611512327,96,0.418898266,0.008705234,0.425829723,10,11.36438837
D100,S009,O074,3,113,0.611512327,27,0.164642573,0.30767454,0.244719524,6,11.36438837
D100,S010,O043,3,113,0.611512327,60,0.470149674,0.350184037,0.345788332,1,11.36438837
D100,S011,O054,3,113,0.611512327,29,0.443915181,0.25137144,0.497993332,6,11.36438837
D100,S012,O002,3,113,0.611512327,27,0.258752568,0.087770931,0.008640494,5,11.36438837
D100,S013,O001,3,113,0.611512327,277,0.102604459,0.043442589,0.194317089,68,11.36438837
D100,S014,O008,3,113,0.611512327,221,0.074747705,0.106527742,0.017441816,3,11.36438837
D100,S015,O015,3,113,0.611512327,209,0.451149983,0.236045833,0.154470026,51,11.36438837
D100,S016,O021,3,113,0.611512327,420,0.48022181,0.187407167,0.359386041,21,11.36438837
D100,S017,O082,3,113,0.611512327,165,0.435076568,0.000913393,0.024702354,3,11.36438837
D100,S018,O066,3,113,0.611512327,494,0.215122594,0.12849833,0.421195428,82,11.36438837
D100,S019,O089,3,113,0.611512327,65,0.160593613,0.12131002,0.43177507,4,11.36438837
D100,S020,O055,3,113,0.611512327,140,0.36567333,0.006141596,0.323833398,34,11.36438837
D100,S021,O019,3,113,0.611512327,346,0.328784836,0.382557414,0.459924272,20,11.36438837
D100,S022,O056,3,113,0.611512327,839,0.314045176,0.146767962,0.097912175,33,11.36438837
D100,S023,O085,3,113,0.611512327,121,0.235238901,0.36680338,0.28802825,18,11.36438837
D100,S024,O075,3,113,0.611512327,157,0.187375651,0.192115859,0.011697982,34,11.36438837
D100,S025,O006,3,113,0.611512327,612,0.351754303,0.257897057,0.260304956,90,11.36438837
D100,S026,O010,3,113,0.611512327,451,0.052883935,0.358161718,0.236761336,42,11.36438837
D100,S027,O080,3,113,0.611512327,42,0.40076867,0.158141091,0.247798621,9,11.36438837
D100,S028,O011,3,113,0.611512327,74,0.144332149,0.165813474,0.385639579,14,11.36438837
D100,S029,O086,3,113,0.611512327,982,0.199347615,0.312135777,0.001921653,110,11.36438837
D100,S030,O049,3,113,0.611512327,167,0.088317626,0.338602146,0.450648463,15,11.36438837
D100,S031,O038,3,113,0.611512327,541,0.023426649,0.269227699,0.314041207,106,11.36438837
D100,S032,O095,3,113,0.611512327,737,0.275444304,0.049819636,0.213727811,96,11.36438837
D101,S001,O040,5,167,5.760753696,22,0.132312725,0.387023034,0.48640877,1,72.44061534
D101,S002,O081,5,167,5.760753696,625,0.489155662,0.075116015,0.08373988,87,72.44061534
D101,S003,O024,5,167,5.760753696,558,0.01340343,0.303476888,0.066234207,102,72.44061534
D101,S004,O048,5,167,5.760753696,23,0.00021805,0.028031124,0.277887063,4,72.44061534
D101,S005,O061,5,167,5.760753696,504,0.370505912,0.3328803,0.491272741,97,72.44061534
D101,S006,O045,5,167,5.760753696,38,0.251921878,0.260723642,0.043585928,1,72.44061534
D101,S007,O069,5,167,5.760753696,761,0.152114511,0.215299072,0.367977204,1,72.44061534
D101,S008,O092,5,167,5.760753696,96,0.418898266,0.008705234,0.425829723,10,72.44061534
D101,S009,O074,5,167,5.760753696,27,0.164642573,0.30767454,0.244719524,6,72.44061534
D101,S010,O043,5,167,5.760753696,60,0.470149674,0.350184037,0.345788332,1,72.44061534
D101,S011,O054,5,167,5.760753696,29,0.443915181,0.25137144,0.497993332,6,72.44061534
D101,S012,O002,5,167,5.760753696,27,0.258752568,0.087770931,0.008640494,5,72.44061534
D101,S013,O001,5,167,5.760753696,277,0.102604459,0.043442589,0.194317089,68,72.44061534
D101,S014,O008,5,167,5.760753696,221,0.074747705,0.106527742,0.017441816,3,72.44061534
D101,S015,O015,5,167,5.760753696,209,0.451149983,0.236045833,0.154470026,51,72.44061534
D101,S016,O021,5,167,5.760753696,420,0.48022181,0.187407167,0.359386041,21,72.44061534
D101,S017,O082,5,167,5.760753696,165,0.435076568,0.000913393,0.024702354,3,72.44061534
D101,S018,O066,5,167,5.760753696,494,0.215122594,0.12849833,0.421195428,82,72.44061534
D101,S019,O089,5,167,5.760753696,65,0.160593613,0.12131002,0.43177507,4,72.44061534
D101,S020,O055,5,167,5.760753696,140,0.36567333,0.006141596,0.323833398,34,72.44061534
D101,S021,O019,5,167,5.760753696,346,0.328784836,0.382557414,0.459924272,20,72.44061534
D101,S022,O056,5,167,5.760753696,839,0.314045176,0.146767962,0.097912175,33,72.44061534
D101,S023,O085,5,167,5.760753696,121,0.235238901,0.36680338,0.28802825,18,72.44061534
D101,S024,O075,5,167,5.760753696,157,0.187375651,0.192115859,0.011697982,34,72.44061534
D101,S025,O006,5,167,5.760753696,612,0.351754303,0.257897057,0.260304956,90,72.44061534
D101,S026,O010,5,167,5.760753696,451,0.052883935,0.358161718,0.236761336,42,72.44061534
D101,S027,O080,5,167,5.760753696,42,0.40076867,0.158141091,0.247798621,9,72.44061534
D101,S028,O011,5,167,5.760753696,74,0.144332149,0.165813474,0.385639579,14,72.44061534
D101,S029,O086,5,167,5.760753696,982,0.199347615,0.312135777,0.001921653,110,72.44061534
D101,S030,O049,5,167,5.760753696,167,0.088317626,0.338602146,0.450648463,15,72.44061534
D101,S031,O038,5,167,5.760753696,541,0.023426649,0.269227699,0.314041207,106,72.44061534
D101,S032,O095,5,167,5.760753696,737,0.275444304,0.049819636,0.213727811,96,72.44061534
D102,S001,O040,8,204,3.127787756,22,0.132312725,0.387023034,0.48640877,1,32.19781513
D102,S002,O081,8,204,3.127787756,625,0.489155662,0.075116015,0.08373988,87,32.19781513
D102,S003,O024,8,204,3.127787756,558,0.01340343,0.303476888,0.066234207,102,32.19781513
D102,S004,O048,8,204,3.127787756,23,0.00021805,0.028031124,0.277887063,4,32.19781513
D102,S005,O061,8,204,3.127787756,504,0.370505912,0.3328803,0.491272741,97,32.19781513
D102,S006,O045,8,204,3.127787756,38,0.251921878,0.260723642,0.043585928,1,32.19781513
D102,S007,O069,8,204,3.127787756,761,0.152114511,0.215299072,0.367977204,1,32.19781513
D102,S008,O092,8,204,3.127787756,96,0.418898266,0.008705234,0.425829723,10,32.19781513
D102,S009,O074,8,204,3.127787756,27,0.164642573,0.30767454,0.244719524,6,32.19781513
D102,S010,O043,8,204,3.127787756,60,0.470149674,0.350184037,0.345788332,1,32.19781513
D102,S011,O054,8,204,3.127787756,29,0.443915181,0.25137144,0.497993332,6,32.19781513
D102,S012,O002,8,204,3.127787756,27,0.258752568,0.087770931,0.008640494,5,32.19781513
D102,S013,O001,8,204,3.127787756,277,0.102604459,0.043442589,0.194317089,68,32.19781513
D102,S014,O008,8,204,3.127787756,221,0.074747705,0.106527742,0.017441816,3,32.19781513
D102,S015,O015,8,204,3.127787756,209,0.451149983,0.236045833,0.154470026,51,32.19781513
D102,S016,O021,8,204,3.127787756,420,0.48022181,0.187407167,0.359386041,21,32.19781513
D102,S017,O082,8,204,3.127787756,165,0.435076568,0.000913393,0.024702354,3,32.19781513
D102,S018,O066,8,204,3.127787756,494,0.215122594,0.12849833,0.421195428,82,32.19781513
D102,S019,O089,8,204,3.127787756,65,0.160593613,0.12131002,0.43177507,4,32.19781513
D102,S020,O055,8,204,3.127787756,140,0.36567333,0.006141596,0.323833398,34,32.19781513
D102,S021,O019,8,204,3.127787756,346,0.328784836,0.382557414,0.459924272,20,32.19781513
D102,S022,O056,8,204,3.127787756,839,0.314045176,0.146767962,0.097912175,33,32.19781513
D102,S023,O085,8,204,3.127787756,121,0.235238901,0.36680338,0.28802825,18,32.19781513
D102,S024,O075,8,204,3.127787756,157,0.187375651,0.192115859,0.011697982,34,32.19781513
D102,S025,O006,8,204,3.127787756,612,0.351754303,0.257897057,0.260304956,90,32.19781513
D102,S026,O010,8,204,3.127787756,451,0.052883935,0.358161718,0.236761336,42,32.19781513
D102,S027,O080,8,204,3.127787756,42,0.40076867,0.158141091,0.247798621,9,32.19781513
D102,S028,O011,8,204,3.127787756,74,0.144332149,0.165813474,0.385639579,14,32.19781513
D102,S029,O086,8,204,3.127787756,982,0.199347615,0.312135777,0.001921653,110,32.19781513
D102,S030,O049,8,204,3.127787756,167,0.088317626,0.338602146,0.450648463,15,32.19781513
D102,S031,O038,8,204,3.127787756,541,0.023426649,0.269227699,0.314041207,106,32.19781513
D102,S032,O095,8,204,3.127787756,737,0.275444304,0.049819636,0.213727811,96,32.19781513
D103,S001,O040,2,622,0.587383364,22,0.132312725,0.387023034,0.48640877,1,1.983127112
D103,S002,O081,2,622,0.587383364,625,0.489155662,0.075116015,0.08373988,87,1.983127112
D103,S003,O024,2,622,0.587383364,558,0.01340343,0.303476888,0.066234207,102,1.983127112
D103,S004,O048,2,622,0.587383364,23,0.00021805,0.028031124,0.277887063,4,1.983127112
D103,S005,O061,2,622,0.587383364,504,0.370505912,0.3328803,0.491272741,97,1.983127112
D103,S006,O045,2,622,0.587383364,38,0.251921878,0.260723642,0.043585928,1,1.983127112
D103,S007,O069,2,622,0.587383364,761,0.152114511,0.215299072,0.367977204,1,1.983127112
D103,S008,O092,2,622,0.587383364,96,0.418898266,0.008705234,0.425829723,10,1.983127112
D103,S009,O074,2,622,0.587383364,27,0.164642573,0.30767454,0.244719524,6,1.983127112
D103,S010,O043,2,622,0.587383364,60,0.470149674,0.350184037,0.345788332,1,1.983127112
D103,S011,O054,2,622,0.587383364,29,0.443915181,0.25137144,0.497993332,6,1.983127112
D103,S012,O002,2,622,0.587383364,27,0.258752568,0.087770931,0.008640494,5,1.983127112
D103,S013,O001,2,622,0.587383364,277,0.102604459,0.043442589,0.194317089,68,1.983127112
D103,S014,O008,2,622,0.587383364,221,0.074747705,0.106527742,0.017441816,3,1.983127112
D103,S015,O015,2,622,0.587383364,209,0.451149983,0.236045833,0.154470026,51,1.983127112
D103,S016,O021,2,622,0.587383364,420,0.48022181,0.187407167,0.359386041,21,1.983127112
D103,S017,O082,2,622,0.587383364,165,0.435076568,0.000913393,0.024702354,3,1.983127112
D103,S018,O066,2,622,0.587383364,494,0.215122594,0.12849833,0.421195428,82,1.983127112
D103,S019,O089,2,622,0.587383364,65,0.160593613,0.12131002,0.43177507,4,1.983127112
D103,S020,O055,2,622,0.587383364,140,0.36567333,0.006141596,0.323833398,34,1.983127112
D103,S021,O019,2,622,0.587383364,346,0.328784836,0.382557414,0.459924272,20,1.983127112
D103,S022,O056,2,622,0.587383364,839,0.314045176,0.146767962,0.097912175,33,1.983127112
D103,S023,O085,2,622,0.587383364,121,0.235238901,0.36680338,0.28802825,18,1.983127112
D103,S024,O075,2,622,0.587383364,157,0.187375651,0.192115859,0.011697982,34,1.983127112
D103,S025,O006,2,622,0.587383364,612,0.351754303,0.257897057,0.260304956,90,1.983127112
D103,S026,O010,2,622,0.587383364,451,0.052883935,0.358161718,0.236761336,42,1.983127112
D103,S027,O080,2,622,0.587383364,42,0.40076867,0.158141091,0.247798621,9,1.983127112
D103,S028,O011,2,622,0.587383364,74,0.144332149,0.165813474,0.385639579,14,1.983127112
D103,S029,O086,2,622,0.587383364,982,0.199347615,0.312135777,0.001921653,110,1.983127112
D103,S030,O049,2,622,0.587383364,167,0.088317626,0.338602146,0.450648463,15,1.983127112
D103,S031,O038,2,622,0.587383364,541,0.023426649,0.269227699,0.314041207,106,1.983127112
D103,S032,O095,2,622,0.587383364,737,0.275444304,0.049819636,0.213727811,96,1.983127112
D104,S001,O040,8,84,4.321434075,22,0.132312725,0.387023034,0.48640877,1,108.0358519
D104,S002,O081,8,84,4.321434075,625,0.489155662,0.075116015,0.08373988,87,108.0358519
D104,S003,O024,8,84,4.321434075,558,0.01340343,0.303476888,0.066234207,102,108.0358519
D104,S004,O048,8,84,4.321434075,23,0.00021805,0.028031124,0.277887063,4,108.0358519
D104,S005,O061,8,84,4.321434075,504,0.370505912,0.3328803,0.491272741,97,108.0358519
D104,S006,O045,8,84,4.321434075,38,0.251921878,0.260723642,0.043585928,1,108.0358519
D104,S007,O069,8,84,4.321434075,761,0.152114511,0.215299072,0.367977204,1,108.0358519
D104,S008,O092,8,84,4.321434075,96,0.418898266,0.008705234,0.425829723,10,108.0358519
D104,S009,O074,8,84,4.321434075,27,0.164642573,0.30767454,0.244719524,6,108.0358519
D104,S010,O043,8,84,4.321434075,60,0.470149674,0.350184037,0.345788332,1,108.0358519
D104,S011,O054,8,84,4.321434075,29,0.443915181,0.25137144,0.497993332,6,108.0358519
D104,S012,O002,8,84,4.321434075,27,0.258752568,0.087770931,0.008640494,5,108.0358519
D104,S013,O001,8,84,4.321434075,277,0.102604459,0.043442589,0.194317089,68,108.0358519
D104,S014,O008,8,84,4.321434075,221,0.074747705,0.106527742,0.017441816,3,108.0358519
D104,S015,O015,8,84,4.321434075,209,0.451149983,0.236045833,0.154470026,51,108.0358519
D104,S016,O021,8,84,4.321434075,420,0.48022181,0.187407167,0.359386041,21,108.0358519
D104,S017,O082,8,84,4.321434075,165,0.435076568,0.000913393,0.024702354,3,108.0358519
D104,S018,O066,8,84,4.321434075,494,0.215122594,0.12849833,0.421195428,82,108.0358519
D104,S019,O089,8,84,4.321434075,65,0.160593613,0.12131002,0.43177507,4,108.0358519
D104,S020,O055,8,84,4.321434075,140,0.36567333,0.006141596,0.323833398,34,108.0358519
D104,S021,O019,8,84,4.321434075,346,0.328784836,0.382557414,0.459924272,20,108.0358519
D104,S022,O056,8,84,4.321434075,839,0.314045176,0.146767962,0.097912175,33,108.0358519
D104,S023,O085,8,84,4.321434075,121,0.235238901,0.36680338,0.28802825,18,108.0358519
D104,S024,O075,8,84,4.321434075,157,0.187375651,0.192115859,0.011697982,34,108.0358519
D104,S025,O006,8,84,4.321434075,612,0.351754303,0.257897057,0.260304956,90,108.0358519
D104,S026,O010,8,84,4.321434075,451,0.052883935,0.358161718,0.236761336,42,108.0358519
D104,S027,O080,8,84,4.321434075,42,0.40076867,0.158141091,0.247798621,9,108.0358519
D104,S028,O011,8,84,4.321434075,74,0.144332149,0.165813474,0.385639579,14,108.0358519
D104,S029,O086,8,84,4.321434075,982,0.199347615,0.312135777,0.001921653,110,108.0358519
D104,S030,O049,8,84,4.321434075,167,0.088317626,0.338602146,0.450648463,15,108.0358519
D104,S031,O038,8,84,4.321434075,541,0.023426649,0.269227699,0.314041207,106,108.0358519
D104,S032,O095,8,84,4.321434075,737,0.275444304,0.049819636,0.213727811,96,108.0358519
D105,S001,O040,4,74,1.688409456,22,0.132312725,0.387023034,0.48640877,1,47.9143224
D105,S002,O081,4,74,1.688409456,625,0.489155662,0.075116015,0.08373988,87,47.9143224
D105,S003,O024,4,74,1.688409456,558,0.01340343,0.303476888,0.066234207,102,47.9143224
D105,S004,O048,4,74,1.688409456,23,0.00021805,0.028031124,0.277887063,4,47.9143224
D105,S005,O061,4,74,1.688409456,504,0.370505912,0.3328803,0.491272741,97,47.9143224
D105,S006,O045,4,74,1.688409456,38,0.251921878,0.260723642,0.043585928,1,47.9143224
D105,S007,O069,4,74,1.688409456,761,0.152114511,0.215299072,0.367977204,1,47.9143224
D105,S008,O092,4,74,1.688409456,96,0.418898266,0.008705234,0.425829723,10,47.9143224
D105,S009,O074,4,74,1.688409456,27,0.164642573,0.30767454,0.244719524,6,47.9143224
D105,S010,O043,4,74,1.688409456,60,0.470149674,0.350184037,0.345788332,1,47.9143224
D105,S011,O054,4,74,1.688409456,29,0.443915181,0.25137144,0.497993332,6,47.9143224
D105,S012,O002,4,74,1.688409456,27,0.258752568,0.087770931,0.008640494,5,47.9143224
D105,S013,O001,4,74,1.688409456,277,0.102604459,0.043442589,0.194317089,68,47.9143224
D105,S014,O008,4,74,1.688409456,221,0.074747705,0.106527742,0.017441816,3,47.9143224
D105,S015,O015,4,74,1.688409456,209,0.451149983,0.236045833,0.154470026,51,47.9143224
D105,S016,O021,4,74,1.688409456,420,0.48022181,0.187407167,0.359386041,21,47.9143224
D105,S017,O082,4,74,1.688409456,165,0.435076568,0.000913393,0.024702354,3,47.9143224
D105,S018,O066,4,74,1.688409456,494,0.215122594,0.12849833,0.421195428,82,47.9143224
D105,S019,O089,4,74,1.688409456,65,0.160593613,0.12131002,0.43177507,4,47.9143224
D105,S020,O055,4,74,1.688409456,140,0.36567333,0.006141596,0.323833398,34,47.9143224
D105,S021,O019,4,74,1.688409456,346,0.328784836,0.382557414,0.459924272,20,47.9143224
D105,S022,O056,4,74,1.688409456,839,0.314045176,0.146767962,0.097912175,33,47.9143224
D105,S023,O085,4,74,1.688409456,121,0.235238901,0.36680338,0.28802825,18,47.9143224
D105,S024,O075,4,74,1.688409456,157,0.187375651,0.192115859,0.011697982,34,47.9143224
D105,S025,O006,4,74,1.688409456,612,0.351754303,0.257897057,0.260304956,90,47.9143224
D105,S026,O010,4,74,1.688409456,451,0.052883935,0.358161718,0.236761336,42,47.9143224
D105,S027,O080,4,74,1.688409456,42,0.40076867,0.158141091,0.247798621,9,47.9143224
D105,S028,O011,4,74,1.688409456,74,0.144332149,0.165813474,0.385639579,14,47.9143224
D105,S029,O086,4,74,1.688409456,982,0.199347615,0.312135777,0.001921653,110,47.9143224
D105,S030,O049,4,74,1.688409456,167,0.088317626,0.338602146,0.450648463,15,47.9143224
D105,S031,O038,4,74,1.688409456,541,0.023426649,0.269227699,0.314041207,106,47.9143224
D105,S032,O095,4,74,1.688409456,737,0.275444304,0.049819636,0.213727811,96,47.9143224
D106,S001,O040,6,840,2.071719566,22,0.132312725,0.387023034,0.48640877,1,5.179298915
D106,S002,O081,6,840,2.071719566,625,0.489155662,0.075116015,0.08373988,87,5.179298915
D106,S003,O024,6,840,2.071719566,558,0.01340343,0.303476888,0.066234207,102,5.179298915
D106,S004,O048,6,840,2.071719566,23,0.00021805,0.028031124,0.277887063,4,5.179298915
D106,S005,O061,6,840,2.071719566,504,0.370505912,0.3328803,0.491272741,97,5.179298915
D106,S006,O045,6,840,2.071719566,38,0.251921878,0.260723642,0.043585928,1,5.179298915
D106,S007,O069,6,840,2.071719566,761,0.152114511,0.215299072,0.367977204,1,5.179298915
D106,S008,O092,6,840,2.071719566,96,0.418898266,0.008705234,0.425829723,10,5.179298915
D106,S009,O074,6,840,2.071719566,27,0.164642573,0.30767454,0.244719524,6,5.179298915
D106,S010,O043,6,840,2.071719566,60,0.470149674,0.350184037,0.345788332,1,5.179298915
D106,S011,O054,6,840,2.071719566,29,0.443915181,0.25137144,0.497993332,6,5.179298915
D106,S012,O002,6,840,2.071719566,27,0.258752568,0.087770931,0.008640494,5,5.179298915
D106,S013,O001,6,840,2.071719566,277,0.102604459,0.043442589,0.194317089,68,5.179298915
D106,S014,O008,6,840,2.071719566,221,0.074747705,0.106527742,0.017441816,3,5.179298915
D106,S015,O015,6,840,2.071719566,209,0.451149983,0.236045833,0.154470026,51,5.179298915
D106,S016,O021,6,840,2.071719566,420,0.48022181,0.187407167,0.359386041,21,5.179298915
D106,S017,O082,6,840,2.071719566,165,0.435076568,0.000913393,0.024702354,3,5.179298915
D106,S018,O066,6,840,2.071719566,494,0.215122594,0.12849833,0.421195428,82,5.179298915
D106,S019,O089,6,840,2.071719566,65,0.160593613,0.12131002,0.43177507,4,5.179298915
D106,S020,O055,6,840,2.071719566,140,0.36567333,0.006141596,0.323833398,34,5.179298915
D106,S021,O019,6,840,2.071719566,346,0.328784836,0.382557414,0.459924272,20,5.179298915
D106,S022,O056,6,840,2.071719566,839,0.314045176,0.146767962,0.097912175,33,5.179298915
D106,S023,O085,6,840,2.071719566,121,0.235238901,0.36680338,0.28802825,18,5.179298915
D106,S024,O075,6,840,2.071719566,157,0.187375651,0.192115859,0.011697982,34,5.179298915
D106,S025,O006,6,840,2.071719566,612,0.351754303,0.257897057,0.260304956,90,5.179298915
D106,S026,O010,6,840,2.071719566,451,0.052883935,0.358161718,0.236761336,42,5.179298915
D106,S027,O080,6,840,2.071719566,42,0.40076867,0.158141091,0.247798621,9,5.179298915
D106,S028,O011,6,840,2.071719566,74,0.144332149,0.165813474,0.385639579,14,5.179298915
D106,S029,O086,6,840,2.071719566,982,0.199347615,0.312135777,0.001921653,110,5.179298915
D106,S030,O049,6,840,2.071719566,167,0.088317626,0.338602146,0.450648463,15,5.179298915
D106,S031,O038,6,840,2.071719566,541,0.023426649,0.269227699,0.314041207,106,5.179298915
D106,S032,O095,6,840,2.071719566,737,0.275444304,0.049819636,0.213727811,96,5.179298915
D107,S001,O040,7,61,0.987241312,22,0.132312725,0.387023034,0.48640877,1,33.986996
D107,S002,O081,7,61,0.987241312,625,0.489155662,0.075116015,0.08373988,87,33.986996
D107,S003,O024,7,61,0.987241312,558,0.01340343,0.303476888,0.066234207,102,33.986996
D107,S004,O048,7,61,0.987241312,23,0.00021805,0.028031124,0.277887063,4,33.986996
D107,S005,O061,7,61,0.987241312,504,0.370505912,0.3328803,0.491272741,97,33.986996
D107,S006,O045,7,61,0.987241312,38,0.251921878,0.260723642,0.043585928,1,33.986996
D107,S007,O069,7,61,0.987241312,761,0.152114511,0.215299072,0.367977204,1,33.986996
D107,S008,O092,7,61,0.987241312,96,0.418898266,0.008705234,0.425829723,10,33.986996
D107,S009,O074,7,61,0.987241312,27,0.164642573,0.30767454,0.244719524,6,33.986996
D107,S010,O043,7,61,0.987241312,60,0.470149674,0.350184037,0.345788332,1,33.986996
D107,S011,O054,7,61,0.987241312,29,0.443915181,0.25137144,0.497993332,6,33.986996
D107,S012,O002,7,61,0.987241312,27,0.258752568,0.087770931,0.008640494,5,33.986996
D107,S013,O001,7,61,0.987241312,277,0.102604459,0.043442589,0.194317089,68,33.986996
D107,S014,O008,7,61,0.987241312,221,0.074747705,0.106527742,0.017441816,3,33.986996
D107,S015,O015,7,61,0.987241312,209,0.451149983,0.236045833,0.154470026,51,33.986996
D107,S016,O021,7,61,0.987241312,420,0.48022181,0.187407167,0.359386041,21,33.986996
D107,S017,O082,7,61,0.987241312,165,0.435076568,0.000913393,0.024702354,3,33.986996
D107,S018,O066,7,61,0.987241312,494,0.215122594,0.12849833,0.421195428,82,33.986996
D107,S019,O089,7,61,0.987241312,65,0.160593613,0.12131002,0.43177507,4,33.986996
D107,S020,O055,7,61,0.987241312,140,0.36567333,0.006141596,0.323833398,34,33.986996
D107,S021,O019,7,61,0.987241312,346,0.328784836,0.382557414,0.459924272,20,33.986996
D107,S022,O056,7,61,0.987241312,839,0.314045176,0.146767962,0.097912175,33,33.986996
D107,S023,O085,7,61,0.987241312,121,0.235238901,0.36680338,0.28802825,18,33.986996
D107,S024,O075,7,61,0.987241312,157,0.187375651,0.192115859,0.011697982,34,33.986996
D107,S025,O006,7,61,0.987241312,612,0.351754303,0.257897057,0.260304956,90,33.986996
D107,S026,O010,7,61,0.987241312,451,0.052883935,0.358161718,0.236761336,42,33.986996
D107,S027,O080,7,61,0.987241312,42,0.40076867,0.158141091,0.247798621,9,33.986996
D107,S028,O011,7,61,0.987241312,74,0.144332149,0.165813474,0.385639579,14,33.986996
D107,S029,O086,7,61,0.987241312,982,0.199347615,0.312135777,0.001921653,110,33.986996
D107,S030,O049,7,61,0.987241312,167,0.088317626,0.338602146,0.450648463,15,33.986996
D107,S031,O038,7,61,0.987241312,541,0.023426649,0.269227699,0.314041207,106,33.986996
D107,S032,O095,7,61,0.987241312,737,0.275444304,0.049819636,0.213727811,96,33.986996
D108,S001,O040,5,100,0.444344169,22,0.132312725,0.387023034,0.48640877,1,9.331227542
D108,S002,O081,5,100,0.444344169,625,0.489155662,0.075116015,0.08373988,87,9.331227542
D108,S003,O024,5,100,0.444344169,558,0.01340343,0.303476888,0.066234207,102,9.331227542
D108,S004,O048,5,100,0.444344169,23,0.00021805,0.028031124,0.277887063,4,9.331227542
D108,S005,O061,5,100,0.444344169,504,0.370505912,0.3328803,0.491272741,97,9.331227542
D108,S006,O045,5,100,0.444344169,38,0.251921878,0.260723642,0.043585928,1,9.331227542
D108,S007,O069,5,100,0.444344169,761,0.152114511,0.215299072,0.367977204,1,9.331227542
D108,S008,O092,5,100,0.444344169,96,0.418898266,0.008705234,0.425829723,10,9.331227542
D108,S009,O074,5,100,0.444344169,27,0.164642573,0.30767454,0.244719524,6,9.331227542
D108,S010,O043,5,100,0.444344169,60,0.470149674,0.350184037,0.345788332,1,9.331227542
D108,S011,O054,5,100,0.444344169,29,0.443915181,0.25137144,0.497993332,6,9.331227542
D108,S012,O002,5,100,0.444344169,27,0.258752568,0.087770931,0.008640494,5,9.331227542
D108,S013,O001,5,100,0.444344169,277,0.102604459,0.043442589,0.194317089,68,9.331227542
D108,S014,O008,5,100,0.444344169,221,0.074747705,0.106527742,0.017441816,3,9.331227542
D108,S015,O015,5,100,0.444344169,209,0.451149983,0.236045833,0.154470026,51,9.331227542
D108,S016,O021,5,100,0.444344169,420,0.48022181,0.187407167,0.359386041,21,9.331227542
D108,S017,O082,5,100,0.444344169,165,0.435076568,0.000913393,0.024702354,3,9.331227542
D108,S018,O066,5,100,0.444344169,494,0.215122594,0.12849833,0.421195428,82,9.331227542
D108,S019,O089,5,100,0.444344169,65,0.160593613,0.12131002,0.43177507,4,9.331227542
D108,S020,O055,5,100,0.444344169,140,0.36567333,0.006141596,0.323833398,34,9.331227542
D108,S021,O019,5,100,0.444344169,346,0.328784836,0.382557414,0.459924272,20,9.331227542
D108,S022,O056,5,100,0.444344169,839,0.314045176,0.146767962,0.097912175,33,9.331227542
D108,S023,O085,5,100,0.444344169,121,0.235238901,0.36680338,0.28802825,18,9.331227542
D108,S024,O075,5,100,0.444344169,157,0.187375651,0.192115859,0.011697982,34,9.331227542
D108,S025,O006,5,100,0.444344169,612,0.351754303,0.257897057,0.260304956,90,9.331227542
D108,S026,O010,5,100,0.444344169,451,0.052883935,0.358161718,0.236761336,42,9.331227542
D108,S027,O080,5,100,0.444344169,42,0.40076867,0.158141091,0.247798621,9,9.331227542
D108,S028,O011,5,100,0.444344169,74,0.144332149,0.165813474,0.385639579,14,9.331227542
D108,S029,O086,5,100,0.444344169,982,0.199347615,0.312135777,0.001921653,110,9.331227542
D108,S030,O049,5,100,0.444344169,167,0.088317626,0.338602146,0.450648463,15,9.331227542
D108,S031,O038,5,100,0.444344169,541,0.023426649,0.269227699,0.314041207,106,9.331227542
D108,S032,O095,5,100,0.444344169,737,0.275444304,0.049819636,0.213727811,96,9.331227542
D109,S001,O040,2,361,1.053603839,22,0.132312725,0.387023034,0.48640877,1,6.128997401
D109,S002,O081,2,361,1.053603839,625,0.489155662,0.075116015,0.08373988,87,6.128997401
D109,S003,O024,2,361,1.053603839,558,0.01340343,0.303476888,0.066234207,102,6.128997401
D109,S004,O048,2,361,1.053603839,23,0.00021805,0.028031124,0.277887063,4,6.128997401
D109,S005,O061,2,361,1.053603839,504,0.370505912,0.3328803,0.491272741,97,6.128997401
D109,S006,O045,2,361,1.053603839,38,0.251921878,0.260723642,0.043585928,1,6.128997401
D109,S007,O069,2,361,1.053603839,761,0.152114511,0.215299072,0.367977204,1,6.128997401
D109,S008,O092,2,361,1.053603839,96,0.418898266,0.008705234,0.425829723,10,6.128997401
D109,S009,O074,2,361,1.053603839,27,0.164642573,0.30767454,0.244719524,6,6.128997401
D109,S010,O043,2,361,1.053603839,60,0.470149674,0.350184037,0.345788332,1,6.128997401
D109,S011,O054,2,361,1.053603839,29,0.443915181,0.25137144,0.497993332,6,6.128997401
D109,S012,O002,2,361,1.053603839,27,0.258752568,0.087770931,0.008640494,5,6.128997401
D109,S013,O001,2,361,1.053603839,277,0.102604459,0.043442589,0.194317089,68,6.128997401
D109,S014,O008,2,361,1.053603839,221,0.074747705,0.106527742,0.017441816,3,6.128997401
D109,S015,O015,2,361,1.053603839,209,0.451149983,0.236045833,0.154470026,51,6.128997401
D109,S016,O021,2,361,1.053603839,420,0.48022181,0.187407167,0.359386041,21,6.128997401
D109,S017,O082,2,361,1.053603839,165,0.435076568,0.000913393,0.024702354,3,6.128997401
D109,S018,O066,2,361,1.053603839,494,0.215122594,0.12849833,0.421195428,82,6.128997401
D109,S019,O089,2,361,1.053603839,65,0.160593613,0.12131002,0.43177507,4,6.128997401
D109,S020,O055,2,361,1.053603839,140,0.36567333,0.006141596,0.323833398,34,6.128997401
D109,S021,O019,2,361,1.053603839,346,0.328784836,0.382557414,0.459924272,20,6.128997401
D109,S022,O056,2,361,1.053603839,839,0.314045176,0.146767962,0.097912175,33,6.128997401
D109,S023,O085,2,361,1.053603839,121,0.235238901,0.36680338,0.28802825,18,6.128997401
D109,S024,O075,2,361,1.053603839,157,0.187375651,0.192115859,0.011697982,34,6.128997401
D109,S025,O006,2,361,1.053603839,612,0.351754303,0.257897057,0.260304956,90,6.128997401
D109,S026,O010,2,361,1.053603839,451,0.052883935,0.358161718,0.236761336,42,6.128997401
D109,S027,O080,2,361,1.053603839,42,0.40076867,0.158141091,0.247798621,9,6.128997401
D109,S028,O011,2,361,1.053603839,74,0.144332149,0.165813474,0.385639579,14,6.128997401
D109,S029,O086,2,361,1.053603839,982,0.199347615,0.312135777,0.001921653,110,6.128997401
D109,S030,O049,2,361,1.053603839,167,0.088317626,0.338602146,0.450648463,15,6.128997401
D109,S031,O038,2,361,1.053603839,541,0.023426649,0.269227699,0.314041207,106,6.128997401
D109,S032,O095,2,361,1.053603839,737,0.275444304,0.049819636,0.213727811,96,6.128997401
D110,S001,O040,5,133,0.732915428,22,0.132312725,0.387023034,0.48640877,1,11.57234886
D110,S002,O081,5,133,0.732915428,625,0.489155662,0.075116015,0.08373988,87,11.57234886
D110,S003,O024,5,133,0.732915428,558,0.01340343,0.303476888,0.066234207,102,11.57234886
D110,S004,O048,5,133,0.732915428,23,0.00021805,0.028031124,0.277887063,4,11.57234886
D110,S005,O061,5,133,0.732915428,504,0.370505912,0.3328803,0.491272741,97,11.57234886
D110,S006,O045,5,133,0.732915428,38,0.251921878,0.260723642,0.043585928,1,11.57234886
D110,S007,O069,5,133,0.732915428,761,0.152114511,0.215299072,0.367977204,1,11.57234886
D110,S008,O092,5,133,0.732915428,96,0.418898266,0.008705234,0.425829723,10,11.57234886
D110,S009,O074,5,133,0.732915428,27,0.164642573,0.30767454,0.244719524,6,11.57234886
D110,S010,O043,5,133,0.732915428,60,0.470149674,0.350184037,0.345788332,1,11.57234886
D110,S011,O054,5,133,0.732915428,29,0.443915181,0.25137144,0.497993332,6,11.57234886
D110,S012,O002,5,133,0.732915428,27,0.258752568,0.087770931,0.008640494,5,11.57234886
D110,S013,O001,5,133,0.732915428,277,0.102604459,0.043442589,0.194317089,68,11.57234886
D110,S014,O008,5,133,0.732915428,221,0.074747705,0.106527742,0.017441816,3,11.57234886
D110,S015,O015,5,133,0.732915428,209,0.451149983,0.236045833,0.154470026,51,11.57234886
D110,S016,O021,5,133,0.732915428,420,0.48022181,0.187407167,0.359386041,21,11.57234886
D110,S017,O082,5,133,0.732915428,165,0.435076568,0.000913393,0.024702354,3,11.57234886
D110,S018,O066,5,133,0.732915428,494,0.215122594,0.12849833,0.421195428,82,11.57234886
D110,S019,O089,5,133,0.732915428,65,0.160593613,0.12131002,0.43177507,4,11.57234886
D110,S020,O055,5,133,0.732915428,140,0.36567333,0.006141596,0.323833398,34,11.57234886
D110,S021,O019,5,133,0.732915428,346,0.328784836,0.382557414,0.459924272,20,11.57234886
D110,S022,O056,5,133,0.732915428,839,0.314045176,0.146767962,0.097912175,33,11.57234886
D110,S023,O085,5,133,0.732915428,121,0.235238901,0.36680338,0.28802825,18,11.57234886
D110,S024,O075,5,133,0.732915428,157,0.187375651,0.192115859,0.011697982,34,11.57234886
D110,S025,O006,5,133,0.732915428,612,0.351754303,0.257897057,0.260304956,90,11.57234886
D110,S026,O010,5,133,0.732915428,451,0.052883935,0.358161718,0.236761336,42,11.57234886
D110,S027,O080,5,133,0.732915428,42,0.40076867,0.158141091,0.247798621,9,11.57234886
D110,S028,O011,5,133,0.732915428,74,0.144332149,0.165813474,0.385639579,14,11.57234886
D110,S029,O086,5,133,0.732915428,982,0.199347615,0.312135777,0.001921653,110,11.57234886
D110,S030,O049,5,133,0.732915428,167,0.088317626,0.338602146,0.450648463,15,11.57234886
D110,S031,O038,5,133,0.732915428,541,0.023426649,0.269227699,0.314041207,106,11.57234886
D110,S032,O095,5,133,0.732915428,737,0.275444304,0.049819636,0.213727811,96,11.57234886
D111,S001,O040,4,556,0.271542056,22,0.132312725,0.387023034,0.48640877,1,1.025608484
D111,S002,O081,4,556,0.271542056,625,0.489155662,0.075116015,0.08373988,87,1.025608484
D111,S003,O024,4,556,0.271542056,558,0.01340343,0.303476888,0.066234207,102,1.025608484
D111,S004,O048,4,556,0.271542056,23,0.00021805,0.028031124,0.277887063,4,1.025608484
D111,S005,O061,4,556,0.271542056,504,0.370505912,0.3328803,0.491272741,97,1.025608484
D111,S006,O045,4,556,0.271542056,38,0.251921878,0.260723642,0.043585928,1,1.025608484
D111,S007,O069,4,556,0.271542056,761,0.152114511,0.215299072,0.367977204,1,1.025608484
D111,S008,O092,4,556,0.271542056,96,0.418898266,0.008705234,0.425829723,10,1.025608484
D111,S009,O074,4,556,0.271542056,27,0.164642573,0.30767454,0.244719524,6,1.025608484
D111,S010,O043,4,556,0.271542056,60,0.470149674,0.350184037,0.345788332,1,1.025608484
D111,S011,O054,4,556,0.271542056,29,0.443915181,0.25137144,0.497993332,6,1.025608484
D111,S012,O002,4,556,0.271542056,27,0.258752568,0.087770931,0.008640494,5,1.025608484
D111,S013,O001,4,556,0.271542056,277,0.102604459,0.043442589,0.194317089,68,1.025608484
D111,S014,O008,4,556,0.271542056,221,0.074747705,0.106527742,0.017441816,3,1.025608484
D111,S015,O015,4,556,0.271542056,209,0.451149983,0.236045833,0.154470026,51,1.025608484
D111,S016,O021,4,556,0.271542056,420,0.48022181,0.187407167,0.359386041,21,1.025608484
D111,S017,O082,4,556,0.271542056,165,0.435076568,0.000913393,0.024702354,3,1.025608484
D111,S018,O066,4,556,0.271542056,494,0.215122594,0.12849833,0.421195428,82,1.025608484
D111,S019,O089,4,556,0.271542056,65,0.160593613,0.12131002,0.43177507,4,1.025608484
D111,S020,O055,4,556,0.271542056,140,0.36567333,0.006141596,0.323833398,34,1.025608484
D111,S021,O019,4,556,0.271542056,346,0.328784836,0.382557414,0.459924272,20,1.025608484
D111,S022,O056,4,556,0.271542056,839,0.314045176,0.146767962,0.097912175,33,1.025608484
D111,S023,O085,4,556,0.271542056,121,0.235238901,0.36680338,0.28802825,18,1.025608484
D111,S024,O075,4,556,0.271542056,157,0.187375651,0.192115859,0.011697982,34,1.025608484
D111,S025,O006,4,556,0.271542056,612,0.351754303,0.257897057,0.260304956,90,1.025608484
D111,S026,O010,4,556,0.271542056,451,0.052883935,0.358161718,0.236761336,42,1.025608484
D111,S027,O080,4,556,0.271542056,42,0.40076867,0.158141091,0.247798621,9,1.025608484
D111,S028,O011,4,556,0.271542056,74,0.144332149,0.165813474,0.385639579,14,1.025608484
D111,S029,O086,4,556,0.271542056,982,0.199347615,0.312135777,0.001921653,110,1.025608484
D111,S030,O049,4,556,0.271542056,167,0.088317626,0.338602146,0.450648463,15,1.025608484
D111,S031,O038,4,556,0.271542056,541,0.023426649,0.269227699,0.314041207,106,1.025608484
D111,S032,O095,4,556,0.271542056,737,0.275444304,0.049819636,0.213727811,96,1.025608484
D112,S001,O040,2,978,0.298422661,22,0.132312725,0.387023034,0.48640877,1,0.640784855
D112,S002,O081,2,978,0.298422661,625,0.489155662,0.075116015,0.08373988,87,0.640784855
D112,S003,O024,2,978,0.298422661,558,0.01340343,0.303476888,0.066234207,102,0.640784855
D112,S004,O048,2,978,0.298422661,23,0.00021805,0.028031124,0.277887063,4,0.640784855
D112,S005,O061,2,978,0.298422661,504,0.370505912,0.3328803,0.491272741,97,0.640784855
D112,S006,O045,2,978,0.298422661,38,0.251921878,0.260723642,0.043585928,1,0.640784855
D112,S007,O069,2,978,0.298422661,761,0.152114511,0.215299072,0.367977204,1,0.640784855
D112,S008,O092,2,978,0.298422661,96,0.418898266,0.008705234,0.425829723,10,0.640784855
D112,S009,O074,2,978,0.298422661,27,0.164642573,0.30767454,0.244719524,6,0.640784855
D112,S010,O043,2,978,0.298422661,60,0.470149674,0.350184037,0.345788332,1,0.640784855
D112,S011,O054,2,978,0.298422661,29,0.443915181,0.25137144,0.497993332,6,0.640784855
D112,S012,O002,2,978,0.298422661,27,0.258752568,0.087770931,0.008640494,5,0.640784855
D112,S013,O001,2,978,0.298422661,277,0.102604459,0.043442589,0.194317089,68,0.640784855
D112,S014,O008,2,978,0.298422661,221,0.074747705,0.106527742,0.017441816,3,0.640784855
D112,S015,O015,2,978,0.298422661,209,0.451149983,0.236045833,0.154470026,51,0.640784855
D112,S016,O021,2,978,0.298422661,420,0.48022181,0.187407167,0.359386041,21,0.640784855
D112,S017,O082,2,978,0.298422661,165,0.435076568,0.000913393,0.024702354,3,0.640784855
D112,S018,O066,2,978,0.298422661,494,0.215122594,0.12849833,0.421195428,82,0.640784855
D112,S019,O089,2,978,0.298422661,65,0.160593613,0.12131002,0.43177507,4,0.640784855
D112,S020,O055,2,978,0.298422661,140,0.36567333,0.006141596,0.323833398,34,0.640784855
D112,S021,O019,2,978,0.298422661,346,0.328784836,0.382557414,0.459924272,20,0.640784855
D112,S022,O056,2,978,0.298422661,839,0.314045176,0.146767962,0.097912175,33,0.640784855
D112,S023,O085,2,978,0.298422661,121,0.235238901,0.36680338,0.28802825,18,0.640784855
D112,S024,O075,2,978,0.298422661,157,0.187375651,0.192115859,0.011697982,34,0.640784855
D112,S025,O006,2,978,0.298422661,612,0.351754303,0.257897057,0.260304956,90,0.640784855
D112,S026,O010,2,978,0.298422661,451,0.052883935,0.358161718,0.236761336,42,0.640784855
D112,S027,O080,2,978,0.298422661,42,0.40076867,0.158141091,0.247798621,9,0.640784855
D112,S028,O011,2,978,0.298422661,74,0.144332149,0.165813474,0.385639579,14,0.640784855
D112,S029,O086,2,978,0.298422661,982,0.199347615,0.312135777,0.001921653,110,0.640784855
D112,S030,O049,2,978,0.298422661,167,0.088317626,0.338602146,0.450648463,15,0.640784855
D112,S031,O038,2,978,0.298422661,541,0.023426649,0.269227699,0.314041207,106,0.640784855
D112,S032,O095,2,978,0.298422661,737,0.275444304,0.049819636,0.213727811,96,0.640784855
D113,S001,O040,7,215,2.254735272,22,0.132312725,0.387023034,0.48640877,1,22.02299568
D113,S002,O081,7,215,2.254735272,625,0.489155662,0.075116015,0.08373988,87,22.02299568
D113,S003,O024,7,215,2.254735272,558,0.01340343,0.303476888,0.066234207,102,22.02299568
D113,S004,O048,7,215,2.254735272,23,0.00021805,0.028031124,0.277887063,4,22.02299568
D113,S005,O061,7,215,2.254735272,504,0.370505912,0.3328803,0.491272741,97,22.02299568
D113,S006,O045,7,215,2.254735272,38,0.251921878,0.260723642,0.043585928,1,22.02299568
D113,S007,O069,7,215,2.254735272,761,0.152114511,0.215299072,0.367977204,1,22.02299568
D113,S008,O092,7,215,2.254735272,96,0.418898266,0.008705234,0.425829723,10,22.02299568
D113,S009,O074,7,215,2.254735272,27,0.164642573,0.30767454,0.244719524,6,22.02299568
D113,S010,O043,7,215,2.254735272,60,0.470149674,0.350184037,0.345788332,1,22.02299568
D113,S011,O054,7,215,2.254735272,29,0.443915181,0.25137144,0.497993332,6,22.02299568
D113,S012,O002,7,215,2.254735272,27,0.258752568,0.087770931,0.008640494,5,22.02299568
D113,S013,O001,7,215,2.254735272,277,0.102604459,0.043442589,0.194317089,68,22.02299568
D113,S014,O008,7,215,2.254735272,221,0.074747705,0.106527742,0.017441816,3,22.02299568
D113,S015,O015,7,215,2.254735272,209,0.451149983,0.236045833,0.154470026,51,22.02299568
D113,S016,O021,7,215,2.254735272,420,0.48022181,0.187407167,0.359386041,21,22.02299568
D113,S017,O082,7,215,2.254735272,165,0.435076568,0.000913393,0.024702354,3,22.02299568
D113,S018,O066,7,215,2.254735272,494,0.215122594,0.12849833,0.421195428,82,22.02299568
D113,S019,O089,7,215,2.254735272,65,0.160593613,0.12131002,0.43177507,4,22.02299568
D113,S020,O055,7,215,2.254735272,140,0.36567333,0.006141596,0.323833398,34,22.02299568
D113,S021,O019,7,215,2.254735272,346,0.328784836,0.382557414,0.459924272,20,22.02299568
D113,S022,O056,7,215,2.254735272,839,0.314045176,0.146767962,0.097912175,33,22.02299568
D113,S023,O085,7,215,2.254735272,121,0.235238901,0.36680338,0.28802825,18,22.02299568
D113,S024,O075,7,215,2.254735272,157,0.187375651,0.192115859,0.011697982,34,22.02299568
D113,S025,O006,7,215,2.254735272,612,0.351754303,0.257897057,0.260304956,90,22.02299568
D113,S026,O010,7,215,2.254735272,451,0.052883935,0.358161718,0.236761336,42,22.02299568
D113,S027,O080,7,215,2.254735272,42,0.40076867,0.158141091,0.247798621,9,22.02299568
D113,S028,O011,7,215,2.254735272,74,0.144332149,0.165813474,0.385639579,14,22.02299568
D113,S029,O086,7,215,2.254735272,982,0.199347615,0.312135777,0.001921653,110,22.02299568
D113,S030,O049,7,215,2.254735272,167,0.088317626,0.338602146,0.450648463,15,22.02299568
D113,S031,O038,7,215,2.254735272,541,0.023426649,0.269227699,0.314041207,106,22.02299568
D113,S032,O095,7,215,2.254735272,737,0.275444304,0.049819636,0.213727811,96,22.02299568
D114,S001,O040,6,941,5.269639679,22,0.132312725,0.387023034,0.48640877,1,11.76008855
D114,S002,O081,6,941,5.269639679,625,0.489155662,0.075116015,0.08373988,87,11.76008855
D114,S003,O024,6,941,5.269639679,558,0.01340343,0.303476888,0.066234207,102,11.76008855
D114,S004,O048,6,941,5.269639679,23,0.00021805,0.028031124,0.277887063,4,11.76008855
D114,S005,O061,6,941,5.269639679,504,0.370505912,0.3328803,0.491272741,97,11.76008855
D114,S006,O045,6,941,5.269639679,38,0.251921878,0.260723642,0.043585928,1,11.76008855
D114,S007,O069,6,941,5.269639679,761,0.152114511,0.215299072,0.367977204,1,11.76008855
D114,S008,O092,6,941,5.269639679,96,0.418898266,0.008705234,0.425829723,10,11.76008855
D114,S009,O074,6,941,5.269639679,27,0.164642573,0.30767454,0.244719524,6,11.76008855
D114,S010,O043,6,941,5.269639679,60,0.470149674,0.350184037,0.345788332,1,11.76008855
D114,S011,O054,6,941,5.269639679,29,0.443915181,0.25137144,0.497993332,6,11.76008855
D114,S012,O002,6,941,5.269639679,27,0.258752568,0.087770931,0.008640494,5,11.76008855
D114,S013,O001,6,941,5.269639679,277,0.102604459,0.043442589,0.194317089,68,11.76008855
D114,S014,O008,6,941,5.269639679,221,0.074747705,0.106527742,0.017441816,3,11.76008855
D114,S015,O015,6,941,5.269639679,209,0.451149983,0.236045833,0.154470026,51,11.76008855
D114,S016,O021,6,941,5.269639679,420,0.48022181,0.187407167,0.359386041,21,11.76008855
D114,S017,O082,6,941,5.269639679,165,0.435076568,0.000913393,0.024702354,3,11.76008855
D114,S018,O066,6,941,5.269639679,494,0.215122594,0.12849833,0.421195428,82,11.76008855
D114,S019,O089,6,941,5.269639679,65,0.160593613,0.12131002,0.43177507,4,11.76008855
D114,S020,O055,6,941,5.269639679,140,0.36567333,0.006141596,0.323833398,34,11.76008855
D114,S021,O019,6,941,5.269639679,346,0.328784836,0.382557414,0.459924272,20,11.76008855
D114,S022,O056,6,941,5.269639679,839,0.314045176,0.146767962,0.097912175,33,11.76008855
D114,S023,O085,6,941,5.269639679,121,0.235238901,0.36680338,0.28802825,18,11.76008855
D114,S024,O075,6,941,5.269639679,157,0.187375651,0.192115859,0.011697982,34,11.76008855
D114,S025,O006,6,941,5.269639679,612,0.351754303,0.257897057,0.260304956,90,11.76008855
D114,S026,O010,6,941,5.269639679,451,0.052883935,0.358161718,0.236761336,42,11.76008855
D114,S027,O080,6,941,5.269639679,42,0.40076867,0.158141091,0.247798621,9,11.76008855
D114,S028,O011,6,941,5.269639679,74,0.144332149,0.165813474,0.385639579,14,11.76008855
D114,S029,O086,6,941,5.269639679,982,0.199347615,0.312135777,0.001921653,110,11.76008855
D114,S030,O049,6,941,5.269639679,167,0.088317626,0.338602146,0.450648463,15,11.76008855
D114,S031,O038,6,941,5.269639679,541,0.023426649,0.269227699,0.314041207,106,11.76008855
D114,S032,O095,6,941,5.269639679,737,0.275444304,0.049819636,0.213727811,96,11.76008855
D115,S001,O040,1,77,1.322131557,22,0.132312725,0.387023034,0.48640877,1,36.05813338
D115,S002,O081,1,77,1.322131557,625,0.489155662,0.075116015,0.08373988,87,36.05813338
D115,S003,O024,1,77,1.322131557,558,0.01340343,0.303476888,0.066234207,102,36.05813338
D115,S004,O048,1,77,1.322131557,23,0.00021805,0.028031124,0.277887063,4,36.05813338
D115,S005,O061,1,77,1.322131557,504,0.370505912,0.3328803,0.491272741,97,36.05813338
D115,S006,O045,1,77,1.322131557,38,0.251921878,0.260723642,0.043585928,1,36.05813338
D115,S007,O069,1,77,1.322131557,761,0.152114511,0.215299072,0.367977204,1,36.05813338
D115,S008,O092,1,77,1.322131557,96,0.418898266,0.008705234,0.425829723,10,36.05813338
D115,S009,O074,1,77,1.322131557,27,0.164642573,0.30767454,0.244719524,6,36.05813338
D115,S010,O043,1,77,1.322131557,60,0.470149674,0.350184037,0.345788332,1,36.05813338
D115,S011,O054,1,77,1.322131557,29,0.443915181,0.25137144,0.497993332,6,36.05813338
D115,S012,O002,1,77,1.322131557,27,0.258752568,0.087770931,0.008640494,5,36.05813338
D115,S013,O001,1,77,1.322131557,277,0.102604459,0.043442589,0.194317089,68,36.05813338
D115,S014,O008,1,77,1.322131557,221,0.074747705,0.106527742,0.017441816,3,36.05813338
D115,S015,O015,1,77,1.322131557,209,0.451149983,0.236045833,0.154470026,51,36.05813338
D115,S016,O021,1,77,1.322131557,420,0.48022181,0.187407167,0.359386041,21,36.05813338
D115,S017,O082,1,77,1.322131557,165,0.435076568,0.000913393,0.024702354,3,36.05813338
D115,S018,O066,1,77,1.322131557,494,0.215122594,0.12849833,0.421195428,82,36.05813338
D115,S019,O089,1,77,1.322131557,65,0.160593613,0.12131002,0.43177507,4,36.05813338
D115,S020,O055,1,77,1.322131557,140,0.36567333,0.006141596,0.323833398,34,36.05813338
D115,S021,O019,1,77,1.322131557,346,0.328784836,0.382557414,0.459924272,20,36.05813338
D115,S022,O056,1,77,1.322131557,839,0.314045176,0.146767962,0.097912175,33,36.05813338
D115,S023,O085,1,77,1.322131557,121,0.235238901,0.36680338,0.28802825,18,36.05813338
D115,S024,O075,1,77,1.322131557,157,0.187375651,0.192115859,0.011697982,34,36.05813338
D115,S025,O006,1,77,1.322131557,612,0.351754303,0.257897057,0.260304956,90,36.05813338
D115,S026,O010,1,77,1.322131557,451,0.052883935,0.358161718,0.236761336,42,36.05813338
D115,S027,O080,1,77,1.322131557,42,0.40076867,0.158141091,0.247798621,9,36.05813338
D115,S028,O011,1,77,1.322131557,74,0.144332149,0.165813474,0.385639579,14,36.05813338
D115,S029,O086,1,77,1.322131557,982,0.199347615,0.312135777,0.001921653,110,36.05813338
D115,S030,O049,1,77,1.322131557,167,0.088317626,0.338602146,0.450648463,15,36.05813338
D115,S031,O038,1,77,1.322131557,541,0.023426649,0.269227699,0.314041207,106,36.05813338
D115,S032,O095,1,77,1.322131557,737,0.275444304,0.049819636,0.213727811,96,36.05813338
D116,S001,O040,4,1043,7.936094537,22,0.132312725,0.387023034,0.48640877,1,15.97871383
D116,S002,O081,4,1043,7.936094537,625,0.489155662,0.075116015,0.08373988,87,15.97871383
D116,S003,O024,4,1043,7.936094537,558,0.01340343,0.303476888,0.066234207,102,15.97871383
D116,S004,O048,4,1043,7.936094537,23,0.00021805,0.028031124,0.277887063,4,15.97871383
D116,S005,O061,4,1043,7.936094537,504,0.370505912,0.3328803,0.491272741,97,15.97871383
D116,S006,O045,4,1043,7.936094537,38,0.251921878,0.260723642,0.043585928,1,15.97871383
D116,S007,O069,4,1043,7.936094537,761,0.152114511,0.215299072,0.367977204,1,15.97871383
D116,S008,O092,4,1043,7.936094537,96,0.418898266,0.008705234,0.425829723,10,15.97871383
D116,S009,O074,4,1043,7.936094537,27,0.164642573,0.30767454,0.244719524,6,15.97871383
D116,S010,O043,4,1043,7.936094537,60,0.470149674,0.350184037,0.345788332,1,15.97871383
D116,S011,O054,4,1043,7.936094537,29,0.443915181,0.25137144,0.497993332,6,15.97871383
D116,S012,O002,4,1043,7.936094537,27,0.258752568,0.087770931,0.008640494,5,15.97871383
D116,S013,O001,4,1043,7.936094537,277,0.102604459,0.043442589,0.194317089,68,15.97871383
D116,S014,O008,4,1043,7.936094537,221,0.074747705,0.106527742,0.017441816,3,15.97871383
D116,S015,O015,4,1043,7.936094537,209,0.451149983,0.236045833,0.154470026,51,15.97871383
D116,S016,O021,4,1043,7.936094537,420,0.48022181,0.187407167,0.359386041,21,15.97871383
D116,S017,O082,4,1043,7.936094537,165,0.435076568,0.000913393,0.024702354,3,15.97871383
D116,S018,O066,4,1043,7.936094537,494,0.215122594,0.12849833,0.421195428,82,15.97871383
D116,S019,O089,4,1043,7.936094537,65,0.160593613,0.12131002,0.43177507,4,15.97871383
D116,S020,O055,4,1043,7.936094537,140,0.36567333,0.006141596,0.323833398,34,15.97871383
D116,S021,O019,4,1043,7.936094537,346,0.328784836,0.382557414,0.459924272,20,15.97871383
D116,S022,O056,4,1043,7.936094537,839,0.314045176,0.146767962,0.097912175,33,15.97871383
D116,S023,O085,4,1043,7.936094537,121,0.235238901,0.36680338,0.28802825,18,15.97871383
D116,S024,O075,4,1043,7.936094537,157,0.187375651,0.192115859,0.011697982,34,15.97871383
D116,S025,O006,4,1043,7.936094537,612,0.351754303,0.257897057,0.260304956,90,15.97871383
D116,S026,O010,4,1043,7.936094537,451,0.052883935,0.358161718,0.236761336,42,15.97871383
D116,S027,O080,4,1043,7.936094537,42,0.40076867,0.158141091,0.247798621,9,15.97871383
D116,S028,O011,4,1043,7.936094537,74,0.144332149,0.165813474,0.385639579,14,15.97871383
D116,S029,O086,4,1043,7.936094537,982,0.199347615,0.312135777,0.001921653,110,15.97871383
D116,S030,O049,4,1043,7.936094537,167,0.088317626,0.338602146,0.450648463,15,15.97871383
D116,S031,O038,4,1043,7.936094537,541,0.023426649,0.269227699,0.314041207,106,15.97871383
D116,S032,O095,4,1043,7.936094537,737,0.275444304,0.049819636,0.213727811,96,15.97871383
D117,S001,O040,1,697,7.063418201,22,0.132312725,0.387023034,0.48640877,1,21.28146087
D117,S002,O081,1,697,7.063418201,625,0.489155662,0.075116015,0.08373988,87,21.28146087
D117,S003,O024,1,697,7.063418201,558,0.01340343,0.303476888,0.066234207,102,21.28146087
D117,S004,O048,1,697,7.063418201,23,0.00021805,0.028031124,0.277887063,4,21.28146087
D117,S005,O061,1,697,7.063418201,504,0.370505912,0.3328803,0.491272741,97,21.28146087
D117,S006,O045,1,697,7.063418201,38,0.251921878,0.260723642,0.043585928,1,21.28146087
D117,S007,O069,1,697,7.063418201,761,0.152114511,0.215299072,0.367977204,1,21.28146087
D117,S008,O092,1,697,7.063418201,96,0.418898266,0.008705234,0.425829723,10,21.28146087
D117,S009,O074,1,697,7.063418201,27,0.164642573,0.30767454,0.244719524,6,21.28146087
D117,S010,O043,1,697,7.063418201,60,0.470149674,0.350184037,0.345788332,1,21.28146087
D117,S011,O054,1,697,7.063418201,29,0.443915181,0.25137144,0.497993332,6,21.28146087
D117,S012,O002,1,697,7.063418201,27,0.258752568,0.087770931,0.008640494,5,21.28146087
D117,S013,O001,1,697,7.063418201,277,0.102604459,0.043442589,0.194317089,68,21.28146087
D117,S014,O008,1,697,7.063418201,221,0.074747705,0.106527742,0.017441816,3,21.28146087
D117,S015,O015,1,697,7.063418201,209,0.451149983,0.236045833,0.154470026,51,21.28146087
D117,S016,O021,1,697,7.063418201,420,0.48022181,0.187407167,0.359386041,21,21.28146087
D117,S017,O082,1,697,7.063418201,165,0.435076568,0.000913393,0.024702354,3,21.28146087
D117,S018,O066,1,697,7.063418201,494,0.215122594,0.12849833,0.421195428,82,21.28146087
D117,S019,O089,1,697,7.063418201,65,0.160593613,0.12131002,0.43177507,4,21.28146087
D117,S020,O055,1,697,7.063418201,140,0.36567333,0.006141596,0.323833398,34,21.28146087
D117,S021,O019,1,697,7.063418201,346,0.328784836,0.382557414,0.459924272,20,21.28146087
D117,S022,O056,1,697,7.063418201,839,0.314045176,0.146767962,0.097912175,33,21.28146087
D117,S023,O085,1,697,7.063418201,121,0.235238901,0.36680338,0.28802825,18,21.28146087
D117,S024,O075,1,697,7.063418201,157,0.187375651,0.192115859,0.011697982,34,21.28146087
D117,S025,O006,1,697,7.063418201,612,0.351754303,0.257897057,0.260304956,90,21.28146087
D117,S026,O010,1,697,7.063418201,451,0.052883935,0.358161718,0.236761336,42,21.28146087
D117,S027,O080,1,697,7.063418201,42,0.40076867,0.158141091,0.247798621,9,21.28146087
D117,S028,O011,1,697,7.063418201,74,0.144332149,0.165813474,0.385639579,14,21.28146087
D117,S029,O086,1,697,7.063418201,982,0.199347615,0.312135777,0.001921653,110,21.28146087
D117,S030,O049,1,697,7.063418201,167,0.088317626,0.338602146,0.450648463,15,21.28146087
D117,S031,O038,1,697,7.063418201,541,0.023426649,0.269227699,0.314041207,106,21.28146087
D117,S032,O095,1,697,7.063418201,737,0.275444304,0.049819636,0.213727811,96,21.28146087
D118,S001,O040,4,1114,0.319192161,22,0.132312725,0.387023034,0.48640877,1,0.601708741
D118,S002,O081,4,1114,0.319192161,625,0.489155662,0.075116015,0.08373988,87,0.601708741
D118,S003,O024,4,1114,0.319192161,558,0.01340343,0.303476888,0.066234207,102,0.601708741
D118,S004,O048,4,1114,0.319192161,23,0.00021805,0.028031124,0.277887063,4,0.601708741
D118,S005,O061,4,1114,0.319192161,504,0.370505912,0.3328803,0.491272741,97,0.601708741
D118,S006,O045,4,1114,0.319192161,38,0.251921878,0.260723642,0.043585928,1,0.601708741
D118,S007,O069,4,1114,0.319192161,761,0.152114511,0.215299072,0.367977204,1,0.601708741
D118,S008,O092,4,1114,0.319192161,96,0.418898266,0.008705234,0.425829723,10,0.601708741
D118,S009,O074,4,1114,0.319192161,27,0.164642573,0.30767454,0.244719524,6,0.601708741
D118,S010,O043,4,1114,0.319192161,60,0.470149674,0.350184037,0.345788332,1,0.601708741
D118,S011,O054,4,1114,0.319192161,29,0.443915181,0.25137144,0.497993332,6,0.601708741
D118,S012,O002,4,1114,0.319192161,27,0.258752568,0.087770931,0.008640494,5,0.601708741
D118,S013,O001,4,1114,0.319192161,277,0.102604459,0.043442589,0.194317089,68,0.601708741
D118,S014,O008,4,1114,0.319192161,221,0.074747705,0.106527742,0.017441816,3,0.601708741
D118,S015,O015,4,1114,0.319192161,209,0.451149983,0.236045833,0.154470026,51,0.601708741
D118,S016,O021,4,1114,0.319192161,420,0.48022181,0.187407167,0.359386041,21,0.601708741
D118,S017,O082,4,1114,0.319192161,165,0.435076568,0.000913393,0.024702354,3,0.601708741
D118,S018,O066,4,1114,0.319192161,494,0.215122594,0.12849833,0.421195428,82,0.601708741
D118,S019,O089,4,1114,0.319192161,65,0.160593613,0.12131002,0.43177507,4,0.601708741
D118,S020,O055,4,1114,0.319192161,140,0.36567333,0.006141596,0.323833398,34,0.601708741
D118,S021,O019,4,1114,0.319192161,346,0.328784836,0.382557414,0.459924272,20,0.601708741
D118,S022,O056,4,1114,0.319192161,839,0.314045176,0.146767962,0.097912175,33,0.601708741
D118,S023,O085,4,1114,0.319192161,121,0.235238901,0.36680338,0.28802825,18,0.601708741
D118,S024,O075,4,1114,0.319192161,157,0.187375651,0.192115859,0.011697982,34,0.601708741
D118,S025,O006,4,1114,0.319192161,612,0.351754303,0.257897057,0.260304956,90,0.601708741
D118,S026,O010,4,1114,0.319192161,451,0.052883935,0.358161718,0.236761336,42,0.601708741
D118,S027,O080,4,1114,0.319192161,42,0.40076867,0.158141091,0.247798621,9,0.601708741
D118,S028,O011,4,1114,0.319192161,74,0.144332149,0.165813474,0.385639579,14,0.601708741
D118,S029,O086,4,1114,0.319192161,982,0.199347615,0.312135777,0.001921653,110,0.601708741
D118,S030,O049,4,1114,0.319192161,167,0.088317626,0.338602146,0.450648463,15,0.601708741
D118,S031,O038,4,1114,0.319192161,541,0.023426649,0.269227699,0.314041207,106,0.601708741
D118,S032,O095,4,1114,0.319192161,737,0.275444304,0.049819636,0.213727811,96,0.601708741
D119,S001,O040,8,92,0.389339241,22,0.132312725,0.387023034,0.48640877,1,8.887091375
D119,S002,O081,8,92,0.389339241,625,0.489155662,0.075116015,0.08373988,87,8.887091375
D119,S003,O024,8,92,0.389339241,558,0.01340343,0.303476888,0.066234207,102,8.887091375
D119,S004,O048,8,92,0.389339241,23,0.00021805,0.028031124,0.277887063,4,8.887091375
D119,S005,O061,8,92,0.389339241,504,0.370505912,0.3328803,0.491272741,97,8.887091375
D119,S006,O045,8,92,0.389339241,38,0.251921878,0.260723642,0.043585928,1,8.887091375
D119,S007,O069,8,92,0.389339241,761,0.152114511,0.215299072,0.367977204,1,8.887091375
D119,S008,O092,8,92,0.389339241,96,0.418898266,0.008705234,0.425829723,10,8.887091375
D119,S009,O074,8,92,0.389339241,27,0.164642573,0.30767454,0.244719524,6,8.887091375
D119,S010,O043,8,92,0.389339241,60,0.470149674,0.350184037,0.345788332,1,8.887091375
D119,S011,O054,8,92,0.389339241,29,0.443915181,0.25137144,0.497993332,6,8.887091375
D119,S012,O002,8,92,0.389339241,27,0.258752568,0.087770931,0.008640494,5,8.887091375
D119,S013,O001,8,92,0.389339241,277,0.102604459,0.043442589,0.194317089,68,8.887091375
D119,S014,O008,8,92,0.389339241,221,0.074747705,0.106527742,0.017441816,3,8.887091375
D119,S015,O015,8,92,0.389339241,209,0.451149983,0.236045833,0.154470026,51,8.887091375
D119,S016,O021,8,92,0.389339241,420,0.48022181,0.187407167,0.359386041,21,8.887091375
D119,S017,O082,8,92,0.389339241,165,0.435076568,0.000913393,0.024702354,3,8.887091375
D119,S018,O066,8,92,0.389339241,494,0.215122594,0.12849833,0.421195428,82,8.887091375
D119,S019,O089,8,92,0.389339241,65,0.160593613,0.12131002,0.43177507,4,8.887091375
D119,S020,O055,8,92,0.389339241,140,0.36567333,0.006141596,0.323833398,34,8.887091375
D119,S021,O019,8,92,0.389339241,346,0.328784836,0.382557414,0.459924272,20,8.887091375
D119,S022,O056,8,92,0.389339241,839,0.314045176,0.146767962,0.097912175,33,8.887091375
D119,S023,O085,8,92,0.389339241,121,0.235238901,0.36680338,0.28802825,18,8.887091375
D119,S024,O075,8,92,0.389339241,157,0.187375651,0.192115859,0.011697982,34,8.887091375
D119,S025,O006,8,92,0.389339241,612,0.351754303,0.257897057,0.260304956,90,8.887091375
D119,S026,O010,8,92,0.389339241,451,0.052883935,0.358161718,0.236761336,42,8.887091375
D119,S027,O080,8,92,0.389339241,42,0.40076867,0.158141091,0.247798621,9,8.887091375
D119,S028,O011,8,92,0.389339241,74,0.144332149,0.165813474,0.385639579,14,8.887091375
D119,S029,O086,8,92,0.389339241,982,0.199347615,0.312135777,0.001921653,110,8.887091375
D119,S030,O049,8,92,0.389339241,167,0.088317626,0.338602146,0.450648463,15,8.887091375
D119,S031,O038,8,92,0.389339241,541,0.023426649,0.269227699,0.314041207,106,8.887091375
D119,S032,O095,8,92,0.389339241,737,0.275444304,0.049819636,0.213727811,96,8.887091375
D120,S001,O040,4,221,0.447446783,22,0.132312725,0.387023034,0.48640877,1,4.251756764
D120,S002,O081,4,221,0.447446783,625,0.489155662,0.075116015,0.08373988,87,4.251756764
D120,S003,O024,4,221,0.447446783,558,0.01340343,0.303476888,0.066234207,102,4.251756764
D120,S004,O048,4,221,0.447446783,23,0.00021805,0.028031124,0.277887063,4,4.251756764
D120,S005,O061,4,221,0.447446783,504,0.370505912,0.3328803,0.491272741,97,4.251756764
D120,S006,O045,4,221,0.447446783,38,0.251921878,0.260723642,0.043585928,1,4.251756764
D120,S007,O069,4,221,0.447446783,761,0.152114511,0.215299072,0.367977204,1,4.251756764
D120,S008,O092,4,221,0.447446783,96,0.418898266,0.008705234,0.425829723,10,4.251756764
D120,S009,O074,4,221,0.447446783,27,0.164642573,0.30767454,0.244719524,6,4.251756764
D120,S010,O043,4,221,0.447446783,60,0.470149674,0.350184037,0.345788332,1,4.251756764
D120,S011,O054,4,221,0.447446783,29,0.443915181,0.25137144,0.497993332,6,4.251756764
D120,S012,O002,4,221,0.447446783,27,0.258752568,0.087770931,0.008640494,5,4.251756764
D120,S013,O001,4,221,0.447446783,277,0.102604459,0.043442589,0.194317089,68,4.251756764
D120,S014,O008,4,221,0.447446783,221,0.074747705,0.106527742,0.017441816,3,4.251756764
D120,S015,O015,4,221,0.447446783,209,0.451149983,0.236045833,0.154470026,51,4.251756764
D120,S016,O021,4,221,0.447446783,420,0.48022181,0.187407167,0.359386041,21,4.251756764
D120,S017,O082,4,221,0.447446783,165,0.435076568,0.000913393,0.024702354,3,4.251756764
D120,S018,O066,4,221,0.447446783,494,0.215122594,0.12849833,0.421195428,82,4.251756764
D120,S019,O089,4,221,0.447446783,65,0.160593613,0.12131002,0.43177507,4,4.251756764
D120,S020,O055,4,221,0.447446783,140,0.36567333,0.006141596,0.323833398,34,4.251756764
D120,S021,O019,4,221,0.447446783,346,0.328784836,0.382557414,0.459924272,20,4.251756764
D120,S022,O056,4,221,0.447446783,839,0.314045176,0.146767962,0.097912175,33,4.251756764
D120,S023,O085,4,221,0.447446783,121,0.235238901,0.36680338,0.28802825,18,4.251756764
D120,S024,O075,4,221,0.447446783,157,0.187375651,0.192115859,0.011697982,34,4.251756764
D120,S025,O006,4,221,0.447446783,612,0.351754303,0.257897057,0.260304956,90,4.251756764
D120,S026,O010,4,221,0.447446783,451,0.052883935,0.358161718,0.236761336,42,4.251756764
D120,S027,O080,4,221,0.447446783,42,0.40076867,0.158141091,0.247798621,9,4.251756764
D120,S028,O011,4,221,0.447446783,74,0.144332149,0.165813474,0.385639579,14,4.251756764
D120,S029,O086,4,221,0.447446783,982,0.199347615,0.312135777,0.001921653,110,4.251756764
D120,S030,O049,4,221,0.447446783,167,0.088317626,0.338602146,0.450648463,15,4.251756764
D120,S031,O038,4,221,0.447446783,541,0.023426649,0.269227699,0.314041207,106,4.251756764
D120,S032,O095,4,221,0.447446783,737,0.275444304,0.049819636,0.213727811,96,4.251756764
D121,S001,O040,1,60,0.25,22,0.132312725,0.387023034,0.48640877,1,8.75
D121,S002,O081,1,60,0.25,625,0.489155662,0.075116015,0.08373988,87,8.75
D121,S003,O024,1,60,0.25,558,0.01340343,0.303476888,0.066234207,102,8.75
D121,S004,O048,1,60,0.25,23,0.00021805,0.028031124,0.277887063,4,8.75
D121,S005,O061,1,60,0.25,504,0.370505912,0.3328803,0.491272741,97,8.75
D121,S006,O045,1,60,0.25,38,0.251921878,0.260723642,0.043585928,1,8.75
D121,S007,O069,1,60,0.25,761,0.152114511,0.215299072,0.367977204,1,8.75
D121,S008,O092,1,60,0.25,96,0.418898266,0.008705234,0.425829723,10,8.75
D121,S009,O074,1,60,0.25,27,0.164642573,0.30767454,0.244719524,6,8.75
D121,S010,O043,1,60,0.25,60,0.470149674,0.350184037,0.345788332,1,8.75
D121,S011,O054,1,60,0.25,29,0.443915181,0.25137144,0.497993332,6,8.75
D121,S012,O002,1,60,0.25,27,0.258752568,0.087770931,0.008640494,5,8.75
D121,S013,O001,1,60,0.25,277,0.102604459,0.043442589,0.194317089,68,8.75
D121,S014,O008,1,60,0.25,221,0.074747705,0.106527742,0.017441816,3,8.75
D121,S015,O015,1,60,0.25,209,0.451149983,0.236045833,0.154470026,51,8.75
D121,S016,O021,1,60,0.25,420,0.48022181,0.187407167,0.359386041,21,8.75
D121,S017,O082,1,60,0.25,165,0.435076568,0.000913393,0.024702354,3,8.75
D121,S018,O066,1,60,0.25,494,0.215122594,0.12849833,0.421195428,82,8.75
D121,S019,O089,1,60,0.25,65,0.160593613,0.12131002,0.43177507,4,8.75
D121,S020,O055,1,60,0.25,140,0.36567333,0.006141596,0.323833398,34,8.75
D121,S021,O019,1,60,0.25,346,0.328784836,0.382557414,0.459924272,20,8.75
D121,S022,O056,1,60,0.25,839,0.314045176,0.146767962,0.097912175,33,8.75
D121,S023,O085,1,60,0.25,121,0.235238901,0.36680338,0.28802825,18,8.75
D121,S024,O075,1,60,0.25,157,0.187375651,0.192115859,0.011697982,34,8.75
D121,S025,O006,1,60,0.25,612,0.351754303,0.257897057,0.260304956,90,8.75
D121,S026,O010,1,60,0.25,451,0.052883935,0.358161718,0.236761336,42,8.75
D121,S027,O080,1,60,0.25,42,0.40076867,0.158141091,0.247798621,9,8.75
D121,S028,O011,1,60,0.25,74,0.144332149,0.165813474,0.385639579,14,8.75
D121,S029,O086,1,60,0.25,982,0.199347615,0.312135777,0.001921653,110,8.75
D121,S030,O049,1,60,0.25,167,0.088317626,0.338602146,0.450648463,15,8.75
D121,S031,O038,1,60,0.25,541,0.023426649,0.269227699,0.314041207,106,8.75
D121,S032,O095,1,60,0.25,737,0.275444304,0.049819636,0.213727811,96,8.75
D122,S001,O040,1,60,8,22,0.132312725,0.387023034,0.48640877,1,280
D122,S002,O081,1,60,8,625,0.489155662,0.075116015,0.08373988,87,280
D122,S003,O024,1,60,8,558,0.01340343,0.303476888,0.066234207,102,280
D122,S004,O048,1,60,8,23,0.00021805,0.028031124,0.277887063,4,280
D122,S005,O061,1,60,8,504,0.370505912,0.3328803,0.491272741,97,280
D122,S006,O045,1,60,8,38,0.251921878,0.260723642,0.043585928,1,280
D122,S007,O069,1,60,8,761,0.152114511,0.215299072,0.367977204,1,280
D122,S008,O092,1,60,8,96,0.418898266,0.008705234,0.425829723,10,280
D122,S009,O074,1,60,8,27,0.164642573,0.30767454,0.244719524,6,280
D122,S010,O043,1,60,8,60,0.470149674,0.350184037,0.345788332,1,280
D122,S011,O054,1,60,8,29,0.443915181,0.25137144,0.497993332,6,280
D122,S012,O002,1,60,8,27,0.258752568,0.087770931,0.008640494,5,280
D122,S013,O001,1,60,8,277,0.102604459,0.043442589,0.194317089,68,280
D122,S014,O008,1,60,8,221,0.074747705,0.106527742,0.017441816,3,280
D122,S015,O015,1,60,8,209,0.451149983,0.236045833,0.154470026,51,280
D122,S016,O021,1,60,8,420,0.48022181,0.187407167,0.359386041,21,280
D122,S017,O082,1,60,8,165,0.435076568,0.000913393,0.024702354,3,280
D122,S018,O066,1,60,8,494,0.215122594,0.12849833,0.421195428,82,280
D122,S019,O089,1,60,8,65,0.160593613,0.12131002,0.43177507,4,280
D122,S020,O055,1,60,8,140,0.36567333,0.006141596,0.323833398,34,280
D122,S021,O019,1,60,8,346,0.328784836,0.382557414,0.459924272,20,280
D122,S022,O056,1,60,8,839,0.314045176,0.146767962,0.097912175,33,280
D122,S023,O085,1,60,8,121,0.235238901,0.36680338,0.28802825,18,280
D122,S024,O075,1,60,8,157,0.187375651,0.192115859,0.011697982,34,280
D122,S025,O006,1,60,8,612,0.351754303,0.257897057,0.260304956,90,280
D122,S026,O010,1,60,8,451,0.052883935,0.358161718,0.236761336,42,280
D122,S027,O080,1,60,8,42,0.40076867,0.158141091,0.247798621,9,280
D122,S028,O011,1,60,8,74,0.144332149,0.165813474,0.385639579,14,280
D122,S029,O086,1,60,8,982,0.199347615,0.312135777,0.001921653,110,280
D122,S030,O049,1,60,8,167,0.088317626,0.338602146,0.450648463,15,280
D122,S031,O038,1,60,8,541,0.023426649,0.269227699,0.314041207,106,280
D122,S032,O095,1,60,8,737,0.275444304,0.049819636,0.213727811,96,280
D123,S001,O040,1,1200,0.25,22,0.132312725,0.387023034,0.48640877,1,0.4375
D123,S002,O081,1,1200,0.25,625,0.489155662,0.075116015,0.08373988,87,0.4375
D123,S003,O024,1,1200,0.25,558,0.01340343,0.303476888,0.066234207,102,0.4375
D123,S004,O048,1,1200,0.25,23,0.00021805,0.028031124,0.277887063,4,0.4375
D123,S005,O061,1,1200,0.25,504,0.370505912,0.3328803,0.491272741,97,0.4375
D123,S006,O045,1,1200,0.25,38,0.251921878,0.260723642,0.043585928,1,0.4375
D123,S007,O069,1,1200,0.25,761,0.152114511,0.215299072,0.367977204,1,0.4375
D123,S008,O092,1,1200,0.25,96,0.418898266,0.008705234,0.425829723,10,0.4375
D123,S009,O074,1,1200,0.25,27,0.164642573,0.30767454,0.244719524,6,0.4375
D123,S010,O043,1,1200,0.25,60,0.470149674,0.350184037,0.345788332,1,0.4375
D123,S011,O054,1,1200,0.25,29,0.443915181,0.25137144,0.497993332,6,0.4375
D123,S012,O002,1,1200,0.25,27,0.258752568,0.087770931,0.008640494,5,0.4375
D123,S013,O001,1,1200,0.25,277,0.102604459,0.043442589,0.194317089,68,0.4375
D123,S014,O008,1,1200,0.25,221,0.074747705,0.106527742,0.017441816,3,0.4375
D123,S015,O015,1,1200,0.25,209,0.451149983,0.236045833,0.154470026,51,0.4375
D123,S016,O021,1,1200,0.25,420,0.48022181,0.187407167,0.359386041,21,0.4375
D123,S017,O082,1,1200,0.25,165,0.435076568,0.000913393,0.024702354,3,0.4375
D123,S018,O066,1,1200,0.25,494,0.215122594,0.12849833,0.421195428,82,0.4375
D123,S019,O089,1,1200,0.25,65,0.160593613,0.12131002,0.43177507,4,0.4375
D123,S020,O055,1,1200,0.25,140,0.36567333,0.006141596,0.323833398,34,0.4375
D123,S021,O019,1,1200,0.25,346,0.328784836,0.382557414,0.459924272,20,0.4375
D123,S022,O056,1,1200,0.25,839,0.314045176,0.146767962,0.097912175,33,0.4375
D123,S023,O085,1,1200,0.25,121,0.235238901,0.36680338,0.28802825,18,0.4375
D123,S024,O075,1,1200,0.25,157,0.187375651,0.192115859,0.011697982,34,0.4375
D123,S025,O006,1,1200,0.25,612,0.351754303,0.257897057,0.260304956,90,0.4375
D123,S026,O010,1,1200,0.25,451,0.052883935,0.358161718,0.236761336,42,0.4375
D123,S027,O080,1,1200,0.25,42,0.40076867,0.158141091,0.247798621,9,0.4375
D123,S028,O011,1,1200,0.25,74,0.144332149,0.165813474,0.385639579,14,0.4375
D123,S029,O086,1,1200,0.25,982,0.199347615,0.312135777,0.001921653,110,0.4375
D123,S030,O049,1,1200,0.25,167,0.088317626,0.338602146,0.450648463,15,0.4375
D123,S031,O038,1,1200,0.25,541,0.023426649,0.269227699,0.314041207,106,0.4375
D123,S032,O095,1,1200,0.25,737,0.275444304,0.049819636,0.213727811,96,0.4375
D124,S001,O040,1,1200,8,22,0.132312725,0.387023034,0.48640877,1,14
D124,S002,O081,1,1200,8,625,0.489155662,0.075116015,0.08373988,87,14
D124,S003,O024,1,1200,8,558,0.01340343,0.303476888,0.066234207,102,14
D124,S004,O048,1,1200,8,23,0.00021805,0.028031124,0.277887063,4,14
D124,S005,O061,1,1200,8,504,0.370505912,0.3328803,0.491272741,97,14
D124,S006,O045,1,1200,8,38,0.251921878,0.260723642,0.043585928,1,14
D124,S007,O069,1,1200,8,761,0.152114511,0.215299072,0.367977204,1,14
D124,S008,O092,1,1200,8,96,0.418898266,0.008705234,0.425829723,10,14
D124,S009,O074,1,1200,8,27,0.164642573,0.30767454,0.244719524,6,14
D124,S010,O043,1,1200,8,60,0.470149674,0.350184037,0.345788332,1,14
D124,S011,O054,1,1200,8,29,0.443915181,0.25137144,0.497993332,6,14
D124,S012,O002,1,1200,8,27,0.258752568,0.087770931,0.008640494,5,14
D124,S013,O001,1,1200,8,277,0.102604459,0.043442589,0.194317089,68,14
D124,S014,O008,1,1200,8,221,0.074747705,0.106527742,0.017441816,3,14
D124,S015,O015,1,1200,8,209,0.451149983,0.236045833,0.154470026,51,14
D124,S016,O021,1,1200,8,420,0.48022181,0.187407167,0.359386041,21,14
D124,S017,O082,1,1200,8,165,0.435076568,0.000913393,0.024702354,3,14
D124,S018,O066,1,1200,8,494,0.215122594,0.12849833,0.421195428,82,14
D124,S019,O089,1,1200,8,65,0.160593613,0.12131002,0.43177507,4,14
D124,S020,O055,1,1200,8,140,0.36567333,0.006141596,0.323833398,34,14
D124,S021,O019,1,1200,8,346,0.328784836,0.382557414,0.459924272,20,14
D124,S022,O056,1,1200,8,839,0.314045176,0.146767962,0.097912175,33,14
D124,S023,O085,1,1200,8,121,0.235238901,0.36680338,0.28802825,18,14
D124,S024,O075,1,1200,8,157,0.187375651,0.192115859,0.011697982,34,14
D124,S025,O006,1,1200,8,612,0.351754303,0.257897057,0.260304956,90,14
D124,S026,O010,1,1200,8,451,0.052883935,0.358161718,0.236761336,42,14
D124,S027,O080,1,1200,8,42,0.40076867,0.158141091,0.247798621,9,14
D124,S028,O011,1,1200,8,74,0.144332149,0.165813474,0.385639579,14,14
D124,S029,O086,1,1200,8,982,0.199347615,0.312135777,0.001921653,110,14
D124,S030,O049,1,1200,8,167,0.088317626,0.338602146,0.450648463,15,14
D124,S031,O038,1,1200,8,541,0.023426649,0.269227699,0.314041207,106,14
D124,S032,O095,1,1200,8,737,0.275444304,0.049819636,0.213727811,96,14
D125,S001,O040,8,60,0.25,22,0.132312725,0.387023034,0.48640877,1,8.75
D125,S002,O081,8,60,0.25,625,0.489155662,0.075116015,0.08373988,87,8.75
D125,S003,O024,8,60,0.25,558,0.01340343,0.303476888,0.066234207,102,8.75
D125,S004,O048,8,60,0.25,23,0.00021805,0.028031124,0.277887063,4,8.75
D125,S005,O061,8,60,0.25,504,0.370505912,0.3328803,0.491272741,97,8.75
D125,S006,O045,8,60,0.25,38,0.251921878,0.260723642,0.043585928,1,8.75
D125,S007,O069,8,60,0.25,761,0.152114511,0.215299072,0.367977204,1,8.75
D125,S008,O092,8,60,0.25,96,0.418898266,0.008705234,0.425829723,10,8.75
D125,S009,O074,8,60,0.25,27,0.164642573,0.30767454,0.244719524,6,8.75
D125,S010,O043,8,60,0.25,60,0.470149674,0.350184037,0.345788332,1,8.75
D125,S011,O054,8,60,0.25,29,0.443915181,0.25137144,0.497993332,6,8.75
D125,S012,O002,8,60,0.25,27,0.258752568,0.087770931,0.008640494,5,8.75
D125,S013,O001,8,60,0.25,277,0.102604459,0.043442589,0.194317089,68,8.75
D125,S014,O008,8,60,0.25,221,0.074747705,0.106527742,0.017441816,3,8.75
D125,S015,O015,8,60,0.25,209,0.451149983,0.236045833,0.154470026,51,8.75
D125,S016,O021,8,60,0.25,420,0.48022181,0.187407167,0.359386041,21,8.75
D125,S017,O082,8,60,0.25,165,0.435076568,0.000913393,0.024702354,3,8.75
D125,S018,O066,8,60,0.25,494,0.215122594,0.12849833,0.421195428,82,8.75
D125,S019,O089,8,60,0.25,65,0.160593613,0.12131002,0.43177507,4,8.75
D125,S020,O055,8,60,0.25,140,0.36567333,0.006141596,0.323833398,34,8.75
D125,S021,O019,8,60,0.25,346,0.328784836,0.382557414,0.459924272,20,8.75
D125,S022,O056,8,60,0.25,839,0.314045176,0.146767962,0.097912175,33,8.75
D125,S023,O085,8,60,0.25,121,0.235238901,0.36680338,0.28802825,18,8.75
D125,S024,O075,8,60,0.25,157,0.187375651,0.192115859,0.011697982,34,8.75
D125,S025,O006,8,60,0.25,612,0.351754303,0.257897057,0.260304956,90,8.75
D125,S026,O010,8,60,0.25,451,0.052883935,0.358161718,0.236761336,42,8.75
D125,S027,O080,8,60,0.25,42,0.40076867,0.158141091,0.247798621,9,8.75
D125,S028,O011,8,60,0.25,74,0.144332149,0.165813474,0.385639579,14,8.75
D125,S029,O086,8,60,0.25,982,0.199347615,0.312135777,0.001921653,110,8.75
D125,S030,O049,8,60,0.25,167,0.088317626,0.338602146,0.450648463,15,8.75
D125,S031,O038,8,60,0.25,541,0.023426649,0.269227699,0.314041207,106,8.75
D125,S032,O095,8,60,0.25,737,0.275444304,0.049819636,0.213727811,96,8.75
D126,S001,O040,8,60,8,22,0.132312725,0.387023034,0.48640877,1,280
D126,S002,O081,8,60,8,625,0.489155662,0.075116015,0.08373988,87,280
D126,S003,O024,8,60,8,558,0.01340343,0.303476888,0.066234207,102,280
D126,S004,O048,8,60,8,23,0.00021805,0.028031124,0.277887063,4,280
D126,S005,O061,8,60,8,504,0.370505912,0.3328803,0.491272741,97,280
D126,S006,O045,8,60,8,38,0.251921878,0.260723642,0.043585928,1,280
D126,S007,O069,8,60,8,761,0.152114511,0.215299072,0.367977204,1,280
D126,S008,O092,8,60,8,96,0.418898266,0.008705234,0.425829723,10,280
D126,S009,O074,8,60,8,27,0.164642573,0.30767454,0.244719524,6,280
D126,S010,O043,8,60,8,60,0.470149674,0.350184037,0.345788332,1,280
D126,S011,O054,8,60,8,29,0.443915181,0.25137144,0.497993332,6,280
D126,S012,O002,8,60,8,27,0.258752568,0.087770931,0.008640494,5,280
D126,S013,O001,8,60,8,277,0.102604459,0.043442589,0.194317089,68,280
D126,S014,O008,8,60,8,221,0.074747705,0.106527742,0.017441816,3,280
D126,S015,O015,8,60,8,209,0.451149983,0.236045833,0.154470026,51,280
D126,S016,O021,8,60,8,420,0.48022181,0.187407167,0.359386041,21,280
D126,S017,O082,8,60,8,165,0.435076568,0.000913393,0.024702354,3,280
D126,S018,O066,8,60,8,494,0.215122594,0.12849833,0.421195428,82,280
D126,S019,O089,8,60,8,65,0.160593613,0.12131002,0.43177507,4,280
D126,S020,O055,8,60,8,140,0.36567333,0.006141596,0.323833398,34,280
D126,S021,O019,8,60,8,346,0.328784836,0.382557414,0.459924272,20,280
D126,S022,O056,8,60,8,839,0.314045176,0.146767962,0.097912175,33,280
D126,S023,O085,8,60,8,121,0.235238901,0.36680338,0.28802825,18,280
D126,S024,O075,8,60,8,157,0.187375651,0.192115859,0.011697982,34,280
D126,S025,O006,8,60,8,612,0.351754303,0.257897057,0.260304956,90,280
D126,S026,O010,8,60,8,451,0.052883935,0.358161718,0.236761336,42,280
D126,S027,O080,8,60,8,42,0.40076867,0.158141091,0.247798621,9,280
D126,S028,O011,8,60,8,74,0.144332149,0.165813474,0.385639579,14,280
D126,S029,O086,8,60,8,982,0.199347615,0.312135777,0.001921653,110,280
D126,S030,O049,8,60,8,167,0.088317626,0.338602146,0.450648463,15,280
D126,S031,O038,8,60,8,541,0.023426649,0.269227699,0.314041207,106,280
D126,S032,O095,8,60,8,737,0.275444304,0.049819636,0.213727811,96,280
D127,S001,O040,8,1200,0.25,22,0.132312725,0.387023034,0.48640877,1,0.4375
D127,S002,O081,8,1200,0.25,625,0.489155662,0.075116015,0.08373988,87,0.4375
D127,S003,O024,8,1200,0.25,558,0.01340343,0.303476888,0.066234207,102,0.4375
D127,S004,O048,8,1200,0.25,23,0.00021805,0.028031124,0.277887063,4,0.4375
D127,S005,O061,8,1200,0.25,504,0.370505912,0.3328803,0.491272741,97,0.4375
D127,S006,O045,8,1200,0.25,38,0.251921878,0.260723642,0.043585928,1,0.4375
D127,S007,O069,8,1200,0.25,761,0.152114511,0.215299072,0.367977204,1,0.4375
D127,S008,O092,8,1200,0.25,96,0.418898266,0.008705234,0.425829723,10,0.4375
D127,S009,O074,8,1200,0.25,27,0.164642573,0.30767454,0.244719524,6,0.4375
D127,S010,O043,8,1200,0.25,60,0.470149674,0.350184037,0.345788332,1,0.4375
D127,S011,O054,8,1200,0.25,29,0.443915181,0.25137144,0.497993332,6,0.4375
D127,S012,O002,8,1200,0.25,27,0.258752568,0.087770931,0.008640494,5,0.4375
D127,S013,O001,8,1200,0.25,277,0.102604459,0.043442589,0.194317089,68,0.4375
D127,S014,O008,8,1200,0.25,221,0.074747705,0.106527742,0.017441816,3,0.4375
D127,S015,O015,8,1200,0.25,209,0.451149983,0.236045833,0.154470026,51,0.4375
D127,S016,O021,8,1200,0.25,420,0.48022181,0.187407167,0.359386041,21,0.4375
D127,S017,O082,8,1200,0.25,165,0.435076568,0.000913393,0.024702354,3,0.4375
D127,S018,O066,8,1200,0.25,494,0.215122594,0.12849833,0.421195428,82,0.4375
D127,S019,O089,8,1200,0.25,65,0.160593613,0.12131002,0.43177507,4,0.4375
D127,S020,O055,8,1200,0.25,140,0.36567333,0.006141596,0.323833398,34,0.4375
D127,S021,O019,8,1200,0.25,346,0.328784836,0.382557414,0.459924272,20,0.4375
D127,S022,O056,8,1200,0.25,839,0.314045176,0.146767962,0.097912175,33,0.4375
D127,S023,O085,8,1200,0.25,121,0.235238901,0.36680338,0.28802825,18,0.4375
D127,S024,O075,8,1200,0.25,157,0.187375651,0.192115859,0.011697982,34,0.4375
D127,S025,O006,8,1200,0.25,612,0.351754303,0.257897057,0.260304956,90,0.4375
D127,S026,O010,8,1200,0.25,451,0.052883935,0.358161718,0.236761336,42,0.4375
D127,S027,O080,8,1200,0.25,42,0.40076867,0.158141091,0.247798621,9,0.4375
D127,S028,O011,8,1200,0.25,74,0.144332149,0.165813474,0.385639579,14,0.4375
D127,S029,O086,8,1200,0.25,982,0.199347615,0.312135777,0.001921653,110,0.4375
D127,S030,O049,8,1200,0.25,167,0.088317626,0.338602146,0.450648463,15,0.4375
D127,S031,O038,8,1200,0.25,541,0.023426649,0.269227699,0.314041207,106,0.4375
D127,S032,O095,8,1200,0.25,737,0.275444304,0.049819636,0.213727811,96,0.4375
D128,S001,O040,8,1200,8,22,0.132312725,0.387023034,0.48640877,1,14
D128,S002,O081,8,1200,8,625,0.489155662,0.075116015,0.08373988,87,14
D128,S003,O024,8,1200,8,558,0.01340343,0.303476888,0.066234207,102,14
D128,S004,O048,8,1200,8,23,0.00021805,0.028031124,0.277887063,4,14
D128,S005,O061,8,1200,8,504,0.370505912,0.3328803,0.491272741,97,14
D128,S006,O045,8,1200,8,38,0.251921878,0.260723642,0.043585928,1,14
D128,S007,O069,8,1200,8,761,0.152114511,0.215299072,0.367977204,1,14
D128,S008,O092,8,1200,8,96,0.418898266,0.008705234,0.425829723,10,14
D128,S009,O074,8,1200,8,27,0.164642573,0.30767454,0.244719524,6,14
D128,S010,O043,8,1200,8,60,0.470149674,0.350184037,0.345788332,1,14
D128,S011,O054,8,1200,8,29,0.443915181,0.25137144,0.497993332,6,14
D128,S012,O002,8,1200,8,27,0.258752568,0.087770931,0.008640494,5,14
D128,S013,O001,8,1200,8,277,0.102604459,0.043442589,0.194317089,68,14
D128,S014,O008,8,1200,8,221,0.074747705,0.106527742,0.017441816,3,14
D128,S015,O015,8,1200,8,209,0.451149983,0.236045833,0.154470026,51,14
D128,S016,O021,8,1200,8,420,0.48022181,0.187407167,0.359386041,21,14
D128,S017,O082,8,1200,8,165,0.435076568,0.000913393,0.024702354,3,14
D128,S018,O066,8,1200,8,494,0.215122594,0.12849833,0.421195428,82,14
D128,S019,O089,8,1200,8,65,0.160593613,0.12131002,0.43177507,4,14
D128,S020,O055,8,1200,8,140,0.36567333,0.006141596,0.323833398,34,14
D128,S021,O019,8,1200,8,346,0.328784836,0.382557414,0.459924272,20,14
D128,S022,O056,8,1200,8,839,0.314045176,0.146767962,0.097912175,33,14
D128,S023,O085,8,1200,8,121,0.235238901,0.36680338,0.28802825,18,14
D128,S024,O075,8,1200,8,157,0.187375651,0.192115859,0.011697982,34,14
D128,S025,O006,8,1200,8,612,0.351754303,0.257897057,0.260304956,90,14
D128,S026,O010,8,1200,8,451,0.052883935,0.358161718,0.236761336,42,14
D128,S027,O080,8,1200,8,42,0.40076867,0.158141091,0.247798621,9,14
D128,S028,O011,8,1200,8,74,0.144332149,0.165813474,0.385639579,14,14
D128,S029,O086,8,1200,8,982,0.199347615,0.312135777,0.001921653,110,14
D128,S030,O049,8,1200,8,167,0.088317626,0.338602146,0.450648463,15,14
D128,S031,O038,8,1200,8,541,0.023426649,0.269227699,0.314041207,106,14
D128,S032,O095,8,1200,8,737,0.275444304,0.049819636,0.213727811,96,14
