design_id,overload_condition_id,source_operational_id,connection_count,block_creation_interval,maximum_block_size,validating_node_count,node_bandwidth_heterogeneity,link_bandwidth_heterogeneity,hashing_power_concentration,relative_transaction_load,number_of_attackers
D001,S001,O004,8,474,7.230124069,544,0.015441285,0.39993713,0.047767101,1.05,12
D001,S002,O061,8,474,7.230124069,27,0.381805437,0.01616482,0.491613692,1.05,4
D001,S003,O084,8,474,7.230124069,797,0.372992677,0.000386491,0.00152113,1.05,169
D001,S004,O040,8,474,7.230124069,585,0.392959459,0.39457393,0.498815231,1.05,30
D001,S005,O074,8,474,7.230124069,36,0.042568944,0.004280635,0.087293441,1.05,3
D001,S006,O014,8,474,7.230124069,505,0.055050564,0.385744929,0.323573274,1.05,126
D001,S007,O095,8,474,7.230124069,29,0.365502327,0.314203797,0.177999519,1.05,3
D001,S008,O008,8,474,7.230124069,217,0.118365868,0.010264005,0.438577644,1.05,4
D001,S009,O044,8,474,7.230124069,721,0.432376139,0.324925408,0.144007894,1.05,148
D001,S010,O071,8,474,7.230124069,830,0.025772238,0.059916076,0.006124037,1.05,1
D001,S011,O005,8,474,7.230124069,472,0.458927508,0.08115278,0.018055532,1.05,8
D001,S012,O094,8,474,7.230124069,888,0.302089761,0.091469055,0.358945917,1.05,193
D001,S013,O049,8,474,7.230124069,33,0.068127718,0.327197905,0.351458552,1.05,6
D001,S014,O002,8,474,7.230124069,71,0.386957289,0.33590604,0.423756547,1.05,16
D001,S015,O009,8,474,7.230124069,39,0.272204984,0.243100415,0.446678,1.05,1
D001,S016,O096,8,474,7.230124069,91,0.16170145,0.264353919,0.069555674,1.05,20
D001,S017,O067,8,474,7.230124069,60,0.359928689,0.02076874,0.174232425,1.05,6
D001,S018,O037,8,474,7.230124069,232,0.083660283,0.374766445,0.463420281,1.05,16
D001,S019,O039,8,474,7.230124069,48,0.232718262,0.17994217,0.033136716,1.05,1
D001,S020,O029,8,474,7.230124069,744,0.31398409,0.144642217,0.380464816,1.05,47
D001,S021,O055,8,474,7.230124069,143,0.09821222,0.163666817,0.285033773,1.05,17
D001,S022,O075,8,474,7.230124069,31,0.495260113,0.154710174,0.269857669,1.05,5
D001,S023,O052,8,474,7.230124069,249,0.293109713,0.381495942,0.29384703,1.05,30
D001,S024,O020,8,474,7.230124069,113,0.348269976,0.095285863,0.409466489,1.05,28
D001,S025,O023,8,474,7.230124069,410,0.214451437,0.12789836,0.094002538,1.05,34
D001,S026,O069,8,474,7.230124069,600,0.193256125,0.259153683,0.18565311,1.05,107
D001,S027,O054,8,474,7.230124069,70,0.483939677,0.225369653,0.039302168,1.05,11
D001,S028,O063,8,474,7.230124069,159,0.167777479,0.069957712,0.130372357,1.05,38
D001,S029,O058,8,474,7.230124069,22,0.090722232,0.036785238,0.101049312,1.05,4
D001,S030,O042,8,474,7.230124069,533,0.049123846,0.273615249,0.271891148,1.05,28
D001,S031,O083,8,474,7.230124069,89,0.002629244,0.11891721,0.012340148,1.05,13
D001,S032,O086,8,474,7.230124069,135,0.469888219,0.056365997,0.043821459,1.05,28
D002,S001,O004,3,167,1.576274442,544,0.015441285,0.39993713,0.047767101,1.05,12
D002,S002,O061,3,167,1.576274442,27,0.381805437,0.01616482,0.491613692,1.05,4
D002,S003,O084,3,167,1.576274442,797,0.372992677,0.000386491,0.00152113,1.05,169
D002,S004,O040,3,167,1.576274442,585,0.392959459,0.39457393,0.498815231,1.05,30
D002,S005,O074,3,167,1.576274442,36,0.042568944,0.004280635,0.087293441,1.05,3
D002,S006,O014,3,167,1.576274442,505,0.055050564,0.385744929,0.323573274,1.05,126
D002,S007,O095,3,167,1.576274442,29,0.365502327,0.314203797,0.177999519,1.05,3
D002,S008,O008,3,167,1.576274442,217,0.118365868,0.010264005,0.438577644,1.05,4
D002,S009,O044,3,167,1.576274442,721,0.432376139,0.324925408,0.144007894,1.05,148
D002,S010,O071,3,167,1.576274442,830,0.025772238,0.059916076,0.006124037,1.05,1
D002,S011,O005,3,167,1.576274442,472,0.458927508,0.08115278,0.018055532,1.05,8
D002,S012,O094,3,167,1.576274442,888,0.302089761,0.091469055,0.358945917,1.05,193
D002,S013,O049,3,167,1.576274442,33,0.068127718,0.327197905,0.351458552,1.05,6
D002,S014,O002,3,167,1.576274442,71,0.386957289,0.33590604,0.423756547,1.05,16
D002,S015,O009,3,167,1.576274442,39,0.272204984,0.243100415,0.446678,1.05,1
D002,S016,O096,3,167,1.576274442,91,0.16170145,0.264353919,0.069555674,1.05,20
D002,S017,O067,3,167,1.576274442,60,0.359928689,0.02076874,0.174232425,1.05,6
D002,S018,O037,3,167,1.576274442,232,0.083660283,0.374766445,0.463420281,1.05,16
D002,S019,O039,3,167,1.576274442,48,0.232718262,0.17994217,0.033136716,1.05,1
D002,S020,O029,3,167,1.576274442,744,0.31398409,0.144642217,0.380464816,1.05,47
D002,S021,O055,3,167,1.576274442,143,0.09821222,0.163666817,0.285033773,1.05,17
D002,S022,O075,3,167,1.576274442,31,0.495260113,0.154710174,0.269857669,1.05,5
D002,S023,O052,3,167,1.576274442,249,0.293109713,0.381495942,0.29384703,1.05,30
D002,S024,O020,3,167,1.576274442,113,0.348269976,0.095285863,0.409466489,1.05,28
D002,S025,O023,3,167,1.576274442,410,0.214451437,0.12789836,0.094002538,1.05,34
D002,S026,O069,3,167,1.576274442,600,0.193256125,0.259153683,0.18565311,1.05,107
D002,S027,O054,3,167,1.576274442,70,0.483939677,0.225369653,0.039302168,1.05,11
D002,S028,O063,3,167,1.576274442,159,0.167777479,0.069957712,0.130372357,1.05,38
D002,S029,O058,3,167,1.576274442,22,0.090722232,0.036785238,0.101049312,1.05,4
D002,S030,O042,3,167,1.576274442,533,0.049123846,0.273615249,0.271891148,1.05,28
D002,S031,O083,3,167,1.576274442,89,0.002629244,0.11891721,0.012340148,1.05,13
D002,S032,O086,3,167,1.576274442,135,0.469888219,0.056365997,0.043821459,1.05,28
D003,S001,O004,1,385,1.754386103,544,0.015441285,0.39993713,0.047767101,1.05,12
D003,S002,O061,1,385,1.754386103,27,0.381805437,0.01616482,0.491613692,1.05,4
D003,S003,O084,1,385,1.754386103,797,0.372992677,0.000386491,0.00152113,1.05,169
D003,S004,O040,1,385,1.754386103,585,0.392959459,0.39457393,0.498815231,1.05,30
D003,S005,O074,1,385,1.754386103,36,0.042568944,0.004280635,0.087293441,1.05,3
D003,S006,O014,1,385,1.754386103,505,0.055050564,0.385744929,0.323573274,1.05,126
D003,S007,O095,1,385,1.754386103,29,0.365502327,0.314203797,0.177999519,1.05,3
D003,S008,O008,1,385,1.754386103,217,0.118365868,0.010264005,0.438577644,1.05,4
D003,S009,O044,1,385,1.754386103,721,0.432376139,0.324925408,0.144007894,1.05,148
D003,S010,O071,1,385,1.754386103,830,0.025772238,0.059916076,0.006124037,1.05,1
D003,S011,O005,1,385,1.754386103,472,0.458927508,0.08115278,0.018055532,1.05,8
D003,S012,O094,1,385,1.754386103,888,0.302089761,0.091469055,0.358945917,1.05,193
D003,S013,O049,1,385,1.754386103,33,0.068127718,0.327197905,0.351458552,1.05,6
D003,S014,O002,1,385,1.754386103,71,0.386957289,0.33590604,0.423756547,1.05,16
D003,S015,O009,1,385,1.754386103,39,0.272204984,0.243100415,0.446678,1.05,1
D003,S016,O096,1,385,1.754386103,91,0.16170145,0.264353919,0.069555674,1.05,20
D003,S017,O067,1,385,1.754386103,60,0.359928689,0.02076874,0.174232425,1.05,6
D003,S018,O037,1,385,1.754386103,232,0.083660283,0.374766445,0.463420281,1.05,16
D003,S019,O039,1,385,1.754386103,48,0.232718262,0.17994217,0.033136716,1.05,1
D003,S020,O029,1,385,1.754386103,744,0.31398409,0.144642217,0.380464816,1.05,47
D003,S021,O055,1,385,1.754386103,143,0.09821222,0.163666817,0.285033773,1.05,17
D003,S022,O075,1,385,1.754386103,31,0.495260113,0.154710174,0.269857669,1.05,5
D003,S023,O052,1,385,1.754386103,249,0.293109713,0.381495942,0.29384703,1.05,30
D003,S024,O020,1,385,1.754386103,113,0.348269976,0.095285863,0.409466489,1.05,28
D003,S025,O023,1,385,1.754386103,410,0.214451437,0.12789836,0.094002538,1.05,34
D003,S026,O069,1,385,1.754386103,600,0.193256125,0.259153683,0.18565311,1.05,107
D003,S027,O054,1,385,1.754386103,70,0.483939677,0.225369653,0.039302168,1.05,11
D003,S028,O063,1,385,1.754386103,159,0.167777479,0.069957712,0.130372357,1.05,38
D003,S029,O058,1,385,1.754386103,22,0.090722232,0.036785238,0.101049312,1.05,4
D003,S030,O042,1,385,1.754386103,533,0.049123846,0.273615249,0.271891148,1.05,28
D003,S031,O083,1,385,1.754386103,89,0.002629244,0.11891721,0.012340148,1.05,13
D003,S032,O086,1,385,1.754386103,135,0.469888219,0.056365997,0.043821459,1.05,28
D004,S001,O004,1,144,6.912052408,544,0.015441285,0.39993713,0.047767101,1.05,12
D004,S002,O061,1,144,6.912052408,27,0.381805437,0.01616482,0.491613692,1.05,4
D004,S003,O084,1,144,6.912052408,797,0.372992677,0.000386491,0.00152113,1.05,169
D004,S004,O040,1,144,6.912052408,585,0.392959459,0.39457393,0.498815231,1.05,30
D004,S005,O074,1,144,6.912052408,36,0.042568944,0.004280635,0.087293441,1.05,3
D004,S006,O014,1,144,6.912052408,505,0.055050564,0.385744929,0.323573274,1.05,126
D004,S007,O095,1,144,6.912052408,29,0.365502327,0.314203797,0.177999519,1.05,3
D004,S008,O008,1,144,6.912052408,217,0.118365868,0.010264005,0.438577644,1.05,4
D004,S009,O044,1,144,6.912052408,721,0.432376139,0.324925408,0.144007894,1.05,148
D004,S010,O071,1,144,6.912052408,830,0.025772238,0.059916076,0.006124037,1.05,1
D004,S011,O005,1,144,6.912052408,472,0.458927508,0.08115278,0.018055532,1.05,8
D004,S012,O094,1,144,6.912052408,888,0.302089761,0.091469055,0.358945917,1.05,193
D004,S013,O049,1,144,6.912052408,33,0.068127718,0.327197905,0.351458552,1.05,6
D004,S014,O002,1,144,6.912052408,71,0.386957289,0.33590604,0.423756547,1.05,16
D004,S015,O009,1,144,6.912052408,39,0.272204984,0.243100415,0.446678,1.05,1
D004,S016,O096,1,144,6.912052408,91,0.16170145,0.264353919,0.069555674,1.05,20
D004,S017,O067,1,144,6.912052408,60,0.359928689,0.02076874,0.174232425,1.05,6
D004,S018,O037,1,144,6.912052408,232,0.083660283,0.374766445,0.463420281,1.05,16
D004,S019,O039,1,144,6.912052408,48,0.232718262,0.17994217,0.033136716,1.05,1
D004,S020,O029,1,144,6.912052408,744,0.31398409,0.144642217,0.380464816,1.05,47
D004,S021,O055,1,144,6.912052408,143,0.09821222,0.163666817,0.285033773,1.05,17
D004,S022,O075,1,144,6.912052408,31,0.495260113,0.154710174,0.269857669,1.05,5
D004,S023,O052,1,144,6.912052408,249,0.293109713,0.381495942,0.29384703,1.05,30
D004,S024,O020,1,144,6.912052408,113,0.348269976,0.095285863,0.409466489,1.05,28
D004,S025,O023,1,144,6.912052408,410,0.214451437,0.12789836,0.094002538,1.05,34
D004,S026,O069,1,144,6.912052408,600,0.193256125,0.259153683,0.18565311,1.05,107
D004,S027,O054,1,144,6.912052408,70,0.483939677,0.225369653,0.039302168,1.05,11
D004,S028,O063,1,144,6.912052408,159,0.167777479,0.069957712,0.130372357,1.05,38
D004,S029,O058,1,144,6.912052408,22,0.090722232,0.036785238,0.101049312,1.05,4
D004,S030,O042,1,144,6.912052408,533,0.049123846,0.273615249,0.271891148,1.05,28
D004,S031,O083,1,144,6.912052408,89,0.002629244,0.11891721,0.012340148,1.05,13
D004,S032,O086,1,144,6.912052408,135,0.469888219,0.056365997,0.043821459,1.05,28
D005,S001,O004,4,153,3.501333012,544,0.015441285,0.39993713,0.047767101,1.05,12
D005,S002,O061,4,153,3.501333012,27,0.381805437,0.01616482,0.491613692,1.05,4
D005,S003,O084,4,153,3.501333012,797,0.372992677,0.000386491,0.00152113,1.05,169
D005,S004,O040,4,153,3.501333012,585,0.392959459,0.39457393,0.498815231,1.05,30
D005,S005,O074,4,153,3.501333012,36,0.042568944,0.004280635,0.087293441,1.05,3
D005,S006,O014,4,153,3.501333012,505,0.055050564,0.385744929,0.323573274,1.05,126
D005,S007,O095,4,153,3.501333012,29,0.365502327,0.314203797,0.177999519,1.05,3
D005,S008,O008,4,153,3.501333012,217,0.118365868,0.010264005,0.438577644,1.05,4
D005,S009,O044,4,153,3.501333012,721,0.432376139,0.324925408,0.144007894,1.05,148
D005,S010,O071,4,153,3.501333012,830,0.025772238,0.059916076,0.006124037,1.05,1
D005,S011,O005,4,153,3.501333012,472,0.458927508,0.08115278,0.018055532,1.05,8
D005,S012,O094,4,153,3.501333012,888,0.302089761,0.091469055,0.358945917,1.05,193
D005,S013,O049,4,153,3.501333012,33,0.068127718,0.327197905,0.351458552,1.05,6
D005,S014,O002,4,153,3.501333012,71,0.386957289,0.33590604,0.423756547,1.05,16
D005,S015,O009,4,153,3.501333012,39,0.272204984,0.243100415,0.446678,1.05,1
D005,S016,O096,4,153,3.501333012,91,0.16170145,0.264353919,0.069555674,1.05,20
D005,S017,O067,4,153,3.501333012,60,0.359928689,0.02076874,0.174232425,1.05,6
D005,S018,O037,4,153,3.501333012,232,0.083660283,0.374766445,0.463420281,1.05,16
D005,S019,O039,4,153,3.501333012,48,0.232718262,0.17994217,0.033136716,1.05,1
D005,S020,O029,4,153,3.501333012,744,0.31398409,0.144642217,0.380464816,1.05,47
D005,S021,O055,4,153,3.501333012,143,0.09821222,0.163666817,0.285033773,1.05,17
D005,S022,O075,4,153,3.501333012,31,0.495260113,0.154710174,0.269857669,1.05,5
D005,S023,O052,4,153,3.501333012,249,0.293109713,0.381495942,0.29384703,1.05,30
D005,S024,O020,4,153,3.501333012,113,0.348269976,0.095285863,0.409466489,1.05,28
D005,S025,O023,4,153,3.501333012,410,0.214451437,0.12789836,0.094002538,1.05,34
D005,S026,O069,4,153,3.501333012,600,0.193256125,0.259153683,0.18565311,1.05,107
D005,S027,O054,4,153,3.501333012,70,0.483939677,0.225369653,0.039302168,1.05,11
D005,S028,O063,4,153,3.501333012,159,0.167777479,0.069957712,0.130372357,1.05,38
D005,S029,O058,4,153,3.501333012,22,0.090722232,0.036785238,0.101049312,1.05,4
D005,S030,O042,4,153,3.501333012,533,0.049123846,0.273615249,0.271891148,1.05,28
D005,S031,O083,4,153,3.501333012,89,0.002629244,0.11891721,0.012340148,1.05,13
D005,S032,O086,4,153,3.501333012,135,0.469888219,0.056365997,0.043821459,1.05,28
D006,S001,O004,3,1163,0.340932792,544,0.015441285,0.39993713,0.047767101,1.05,12
D006,S002,O061,3,1163,0.340932792,27,0.381805437,0.01616482,0.491613692,1.05,4
D006,S003,O084,3,1163,0.340932792,797,0.372992677,0.000386491,0.00152113,1.05,169
D006,S004,O040,3,1163,0.340932792,585,0.392959459,0.39457393,0.498815231,1.05,30
D006,S005,O074,3,1163,0.340932792,36,0.042568944,0.004280635,0.087293441,1.05,3
D006,S006,O014,3,1163,0.340932792,505,0.055050564,0.385744929,0.323573274,1.05,126
D006,S007,O095,3,1163,0.340932792,29,0.365502327,0.314203797,0.177999519,1.05,3
D006,S008,O008,3,1163,0.340932792,217,0.118365868,0.010264005,0.438577644,1.05,4
D006,S009,O044,3,1163,0.340932792,721,0.432376139,0.324925408,0.144007894,1.05,148
D006,S010,O071,3,1163,0.340932792,830,0.025772238,0.059916076,0.006124037,1.05,1
D006,S011,O005,3,1163,0.340932792,472,0.458927508,0.08115278,0.018055532,1.05,8
D006,S012,O094,3,1163,0.340932792,888,0.302089761,0.091469055,0.358945917,1.05,193
D006,S013,O049,3,1163,0.340932792,33,0.068127718,0.327197905,0.351458552,1.05,6
D006,S014,O002,3,1163,0.340932792,71,0.386957289,0.33590604,0.423756547,1.05,16
D006,S015,O009,3,1163,0.340932792,39,0.272204984,0.243100415,0.446678,1.05,1
D006,S016,O096,3,1163,0.340932792,91,0.16170145,0.264353919,0.069555674,1.05,20
D006,S017,O067,3,1163,0.340932792,60,0.359928689,0.02076874,0.174232425,1.05,6
D006,S018,O037,3,1163,0.340932792,232,0.083660283,0.374766445,0.463420281,1.05,16
D006,S019,O039,3,1163,0.340932792,48,0.232718262,0.17994217,0.033136716,1.05,1
D006,S020,O029,3,1163,0.340932792,744,0.31398409,0.144642217,0.380464816,1.05,47
D006,S021,O055,3,1163,0.340932792,143,0.09821222,0.163666817,0.285033773,1.05,17
D006,S022,O075,3,1163,0.340932792,31,0.495260113,0.154710174,0.269857669,1.05,5
D006,S023,O052,3,1163,0.340932792,249,0.293109713,0.381495942,0.29384703,1.05,30
D006,S024,O020,3,1163,0.340932792,113,0.348269976,0.095285863,0.409466489,1.05,28
D006,S025,O023,3,1163,0.340932792,410,0.214451437,0.12789836,0.094002538,1.05,34
D006,S026,O069,3,1163,0.340932792,600,0.193256125,0.259153683,0.18565311,1.05,107
D006,S027,O054,3,1163,0.340932792,70,0.483939677,0.225369653,0.039302168,1.05,11
D006,S028,O063,3,1163,0.340932792,159,0.167777479,0.069957712,0.130372357,1.05,38
D006,S029,O058,3,1163,0.340932792,22,0.090722232,0.036785238,0.101049312,1.05,4
D006,S030,O042,3,1163,0.340932792,533,0.049123846,0.273615249,0.271891148,1.05,28
D006,S031,O083,3,1163,0.340932792,89,0.002629244,0.11891721,0.012340148,1.05,13
D006,S032,O086,3,1163,0.340932792,135,0.469888219,0.056365997,0.043821459,1.05,28
D007,S001,O004,7,868,1.337057934,544,0.015441285,0.39993713,0.047767101,1.05,12
D007,S002,O061,7,868,1.337057934,27,0.381805437,0.01616482,0.491613692,1.05,4
D007,S003,O084,7,868,1.337057934,797,0.372992677,0.000386491,0.00152113,1.05,169
D007,S004,O040,7,868,1.337057934,585,0.392959459,0.39457393,0.498815231,1.05,30
D007,S005,O074,7,868,1.337057934,36,0.042568944,0.004280635,0.087293441,1.05,3
D007,S006,O014,7,868,1.337057934,505,0.055050564,0.385744929,0.323573274,1.05,126
D007,S007,O095,7,868,1.337057934,29,0.365502327,0.314203797,0.177999519,1.05,3
D007,S008,O008,7,868,1.337057934,217,0.118365868,0.010264005,0.438577644,1.05,4
D007,S009,O044,7,868,1.337057934,721,0.432376139,0.324925408,0.144007894,1.05,148
D007,S010,O071,7,868,1.337057934,830,0.025772238,0.059916076,0.006124037,1.05,1
D007,S011,O005,7,868,1.337057934,472,0.458927508,0.08115278,0.018055532,1.05,8
D007,S012,O094,7,868,1.337057934,888,0.302089761,0.091469055,0.358945917,1.05,193
D007,S013,O049,7,868,1.337057934,33,0.068127718,0.327197905,0.351458552,1.05,6
D007,S014,O002,7,868,1.337057934,71,0.386957289,0.33590604,0.423756547,1.05,16
D007,S015,O009,7,868,1.337057934,39,0.272204984,0.243100415,0.446678,1.05,1
D007,S016,O096,7,868,1.337057934,91,0.16170145,0.264353919,0.069555674,1.05,20
D007,S017,O067,7,868,1.337057934,60,0.359928689,0.02076874,0.174232425,1.05,6
D007,S018,O037,7,868,1.337057934,232,0.083660283,0.374766445,0.463420281,1.05,16
D007,S019,O039,7,868,1.337057934,48,0.232718262,0.17994217,0.033136716,1.05,1
D007,S020,O029,7,868,1.337057934,744,0.31398409,0.144642217,0.380464816,1.05,47
D007,S021,O055,7,868,1.337057934,143,0.09821222,0.163666817,0.285033773,1.05,17
D007,S022,O075,7,868,1.337057934,31,0.495260113,0.154710174,0.269857669,1.05,5
D007,S023,O052,7,868,1.337057934,249,0.293109713,0.381495942,0.29384703,1.05,30
D007,S024,O020,7,868,1.337057934,113,0.348269976,0.095285863,0.409466489,1.05,28
D007,S025,O023,7,868,1.337057934,410,0.214451437,0.12789836,0.094002538,1.05,34
D007,S026,O069,7,868,1.337057934,600,0.193256125,0.259153683,0.18565311,1.05,107
D007,S027,O054,7,868,1.337057934,70,0.483939677,0.225369653,0.039302168,1.05,11
D007,S028,O063,7,868,1.337057934,159,0.167777479,0.069957712,0.130372357,1.05,38
D007,S029,O058,7,868,1.337057934,22,0.090722232,0.036785238,0.101049312,1.05,4
D007,S030,O042,7,868,1.337057934,533,0.049123846,0.273615249,0.271891148,1.05,28
D007,S031,O083,7,868,1.337057934,89,0.002629244,0.11891721,0.012340148,1.05,13
D007,S032,O086,7,868,1.337057934,135,0.469888219,0.056365997,0.043821459,1.05,28
D008,S001,O004,4,350,2.821334593,544,0.015441285,0.39993713,0.047767101,1.05,12
D008,S002,O061,4,350,2.821334593,27,0.381805437,0.01616482,0.491613692,1.05,4
D008,S003,O084,4,350,2.821334593,797,0.372992677,0.000386491,0.00152113,1.05,169
D008,S004,O040,4,350,2.821334593,585,0.392959459,0.39457393,0.498815231,1.05,30
D008,S005,O074,4,350,2.821334593,36,0.042568944,0.004280635,0.087293441,1.05,3
D008,S006,O014,4,350,2.821334593,505,0.055050564,0.385744929,0.323573274,1.05,126
D008,S007,O095,4,350,2.821334593,29,0.365502327,0.314203797,0.177999519,1.05,3
D008,S008,O008,4,350,2.821334593,217,0.118365868,0.010264005,0.438577644,1.05,4
D008,S009,O044,4,350,2.821334593,721,0.432376139,0.324925408,0.144007894,1.05,148
D008,S010,O071,4,350,2.821334593,830,0.025772238,0.059916076,0.006124037,1.05,1
D008,S011,O005,4,350,2.821334593,472,0.458927508,0.08115278,0.018055532,1.05,8
D008,S012,O094,4,350,2.821334593,888,0.302089761,0.091469055,0.358945917,1.05,193
D008,S013,O049,4,350,2.821334593,33,0.068127718,0.327197905,0.351458552,1.05,6
D008,S014,O002,4,350,2.821334593,71,0.386957289,0.33590604,0.423756547,1.05,16
D008,S015,O009,4,350,2.821334593,39,0.272204984,0.243100415,0.446678,1.05,1
D008,S016,O096,4,350,2.821334593,91,0.16170145,0.264353919,0.069555674,1.05,20
D008,S017,O067,4,350,2.821334593,60,0.359928689,0.02076874,0.174232425,1.05,6
D008,S018,O037,4,350,2.821334593,232,0.083660283,0.374766445,0.463420281,1.05,16
D008,S019,O039,4,350,2.821334593,48,0.232718262,0.17994217,0.033136716,1.05,1
D008,S020,O029,4,350,2.821334593,744,0.31398409,0.144642217,0.380464816,1.05,47
D008,S021,O055,4,350,2.821334593,143,0.09821222,0.163666817,0.285033773,1.05,17
D008,S022,O075,4,350,2.821334593,31,0.495260113,0.154710174,0.269857669,1.05,5
D008,S023,O052,4,350,2.821334593,249,0.293109713,0.381495942,0.29384703,1.05,30
D008,S024,O020,4,350,2.821334593,113,0.348269976,0.095285863,0.409466489,1.05,28
D008,S025,O023,4,350,2.821334593,410,0.214451437,0.12789836,0.094002538,1.05,34
D008,S026,O069,4,350,2.821334593,600,0.193256125,0.259153683,0.18565311,1.05,107
D008,S027,O054,4,350,2.821334593,70,0.483939677,0.225369653,0.039302168,1.05,11
D008,S028,O063,4,350,2.821334593,159,0.167777479,0.069957712,0.130372357,1.05,38
D008,S029,O058,4,350,2.821334593,22,0.090722232,0.036785238,0.101049312,1.05,4
D008,S030,O042,4,350,2.821334593,533,0.049123846,0.273615249,0.271891148,1.05,28
D008,S031,O083,4,350,2.821334593,89,0.002629244,0.11891721,0.012340148,1.05,13
D008,S032,O086,4,350,2.821334593,135,0.469888219,0.056365997,0.043821459,1.05,28
D009,S001,O004,2,423,1.163860334,544,0.015441285,0.39993713,0.047767101,1.05,12
D009,S002,O061,2,423,1.163860334,27,0.381805437,0.01616482,0.491613692,1.05,4
D009,S003,O084,2,423,1.163860334,797,0.372992677,0.000386491,0.00152113,1.05,169
D009,S004,O040,2,423,1.163860334,585,0.392959459,0.39457393,0.498815231,1.05,30
D009,S005,O074,2,423,1.163860334,36,0.042568944,0.004280635,0.087293441,1.05,3
D009,S006,O014,2,423,1.163860334,505,0.055050564,0.385744929,0.323573274,1.05,126
D009,S007,O095,2,423,1.163860334,29,0.365502327,0.314203797,0.177999519,1.05,3
D009,S008,O008,2,423,1.163860334,217,0.118365868,0.010264005,0.438577644,1.05,4
D009,S009,O044,2,423,1.163860334,721,0.432376139,0.324925408,0.144007894,1.05,148
D009,S010,O071,2,423,1.163860334,830,0.025772238,0.059916076,0.006124037,1.05,1
D009,S011,O005,2,423,1.163860334,472,0.458927508,0.08115278,0.018055532,1.05,8
D009,S012,O094,2,423,1.163860334,888,0.302089761,0.091469055,0.358945917,1.05,193
D009,S013,O049,2,423,1.163860334,33,0.068127718,0.327197905,0.351458552,1.05,6
D009,S014,O002,2,423,1.163860334,71,0.386957289,0.33590604,0.423756547,1.05,16
D009,S015,O009,2,423,1.163860334,39,0.272204984,0.243100415,0.446678,1.05,1
D009,S016,O096,2,423,1.163860334,91,0.16170145,0.264353919,0.069555674,1.05,20
D009,S017,O067,2,423,1.163860334,60,0.359928689,0.02076874,0.174232425,1.05,6
D009,S018,O037,2,423,1.163860334,232,0.083660283,0.374766445,0.463420281,1.05,16
D009,S019,O039,2,423,1.163860334,48,0.232718262,0.17994217,0.033136716,1.05,1
D009,S020,O029,2,423,1.163860334,744,0.31398409,0.144642217,0.380464816,1.05,47
D009,S021,O055,2,423,1.163860334,143,0.09821222,0.163666817,0.285033773,1.05,17
D009,S022,O075,2,423,1.163860334,31,0.495260113,0.154710174,0.269857669,1.05,5
D009,S023,O052,2,423,1.163860334,249,0.293109713,0.381495942,0.29384703,1.05,30
D009,S024,O020,2,423,1.163860334,113,0.348269976,0.095285863,0.409466489,1.05,28
D009,S025,O023,2,423,1.163860334,410,0.214451437,0.12789836,0.094002538,1.05,34
D009,S026,O069,2,423,1.163860334,600,0.193256125,0.259153683,0.18565311,1.05,107
D009,S027,O054,2,423,1.163860334,70,0.483939677,0.225369653,0.039302168,1.05,11
D009,S028,O063,2,423,1.163860334,159,0.167777479,0.069957712,0.130372357,1.05,38
D009,S029,O058,2,423,1.163860334,22,0.090722232,0.036785238,0.101049312,1.05,4
D009,S030,O042,2,423,1.163860334,533,0.049123846,0.273615249,0.271891148,1.05,28
D009,S031,O083,2,423,1.163860334,89,0.002629244,0.11891721,0.012340148,1.05,13
D009,S032,O086,2,423,1.163860334,135,0.469888219,0.056365997,0.043821459,1.05,28
D010,S001,O004,3,320,3.385100809,544,0.015441285,0.39993713,0.047767101,1.05,12
D010,S002,O061,3,320,3.385100809,27,0.381805437,0.01616482,0.491613692,1.05,4
D010,S003,O084,3,320,3.385100809,797,0.372992677,0.000386491,0.00152113,1.05,169
D010,S004,O040,3,320,3.385100809,585,0.392959459,0.39457393,0.498815231,1.05,30
D010,S005,O074,3,320,3.385100809,36,0.042568944,0.004280635,0.087293441,1.05,3
D010,S006,O014,3,320,3.385100809,505,0.055050564,0.385744929,0.323573274,1.05,126
D010,S007,O095,3,320,3.385100809,29,0.365502327,0.314203797,0.177999519,1.05,3
D010,S008,O008,3,320,3.385100809,217,0.118365868,0.010264005,0.438577644,1.05,4
D010,S009,O044,3,320,3.385100809,721,0.432376139,0.324925408,0.144007894,1.05,148
D010,S010,O071,3,320,3.385100809,830,0.025772238,0.059916076,0.006124037,1.05,1
D010,S011,O005,3,320,3.385100809,472,0.458927508,0.08115278,0.018055532,1.05,8
D010,S012,O094,3,320,3.385100809,888,0.302089761,0.091469055,0.358945917,1.05,193
D010,S013,O049,3,320,3.385100809,33,0.068127718,0.327197905,0.351458552,1.05,6
D010,S014,O002,3,320,3.385100809,71,0.386957289,0.33590604,0.423756547,1.05,16
D010,S015,O009,3,320,3.385100809,39,0.272204984,0.243100415,0.446678,1.05,1
D010,S016,O096,3,320,3.385100809,91,0.16170145,0.264353919,0.069555674,1.05,20
D010,S017,O067,3,320,3.385100809,60,0.359928689,0.02076874,0.174232425,1.05,6
D010,S018,O037,3,320,3.385100809,232,0.083660283,0.374766445,0.463420281,1.05,16
D010,S019,O039,3,320,3.385100809,48,0.232718262,0.17994217,0.033136716,1.05,1
D010,S020,O029,3,320,3.385100809,744,0.31398409,0.144642217,0.380464816,1.05,47
D010,S021,O055,3,320,3.385100809,143,0.09821222,0.163666817,0.285033773,1.05,17
D010,S022,O075,3,320,3.385100809,31,0.495260113,0.154710174,0.269857669,1.05,5
D010,S023,O052,3,320,3.385100809,249,0.293109713,0.381495942,0.29384703,1.05,30
D010,S024,O020,3,320,3.385100809,113,0.348269976,0.095285863,0.409466489,1.05,28
D010,S025,O023,3,320,3.385100809,410,0.214451437,0.12789836,0.094002538,1.05,34
D010,S026,O069,3,320,3.385100809,600,0.193256125,0.259153683,0.18565311,1.05,107
D010,S027,O054,3,320,3.385100809,70,0.483939677,0.225369653,0.039302168,1.05,11
D010,S028,O063,3,320,3.385100809,159,0.167777479,0.069957712,0.130372357,1.05,38
D010,S029,O058,3,320,3.385100809,22,0.090722232,0.036785238,0.101049312,1.05,4
D010,S030,O042,3,320,3.385100809,533,0.049123846,0.273615249,0.271891148,1.05,28
D010,S031,O083,3,320,3.385100809,89,0.002629244,0.11891721,0.012340148,1.05,13
D010,S032,O086,3,320,3.385100809,135,0.469888219,0.056365997,0.043821459,1.05,28
D011,S001,O004,4,490,0.794044452,544,0.015441285,0.39993713,0.047767101,1.05,12
D011,S002,O061,4,490,0.794044452,27,0.381805437,0.01616482,0.491613692,1.05,4
D011,S003,O084,4,490,0.794044452,797,0.372992677,0.000386491,0.00152113,1.05,169
D011,S004,O040,4,490,0.794044452,585,0.392959459,0.39457393,0.498815231,1.05,30
D011,S005,O074,4,490,0.794044452,36,0.042568944,0.004280635,0.087293441,1.05,3
D011,S006,O014,4,490,0.794044452,505,0.055050564,0.385744929,0.323573274,1.05,126
D011,S007,O095,4,490,0.794044452,29,0.365502327,0.314203797,0.177999519,1.05,3
D011,S008,O008,4,490,0.794044452,217,0.118365868,0.010264005,0.438577644,1.05,4
D011,S009,O044,4,490,0.794044452,721,0.432376139,0.324925408,0.144007894,1.05,148
D011,S010,O071,4,490,0.794044452,830,0.025772238,0.059916076,0.006124037,1.05,1
D011,S011,O005,4,490,0.794044452,472,0.458927508,0.08115278,0.018055532,1.05,8
D011,S012,O094,4,490,0.794044452,888,0.302089761,0.091469055,0.358945917,1.05,193
D011,S013,O049,4,490,0.794044452,33,0.068127718,0.327197905,0.351458552,1.05,6
D011,S014,O002,4,490,0.794044452,71,0.386957289,0.33590604,0.423756547,1.05,16
D011,S015,O009,4,490,0.794044452,39,0.272204984,0.243100415,0.446678,1.05,1
D011,S016,O096,4,490,0.794044452,91,0.16170145,0.264353919,0.069555674,1.05,20
D011,S017,O067,4,490,0.794044452,60,0.359928689,0.02076874,0.174232425,1.05,6
D011,S018,O037,4,490,0.794044452,232,0.083660283,0.374766445,0.463420281,1.05,16
D011,S019,O039,4,490,0.794044452,48,0.232718262,0.17994217,0.033136716,1.05,1
D011,S020,O029,4,490,0.794044452,744,0.31398409,0.144642217,0.380464816,1.05,47
D011,S021,O055,4,490,0.794044452,143,0.09821222,0.163666817,0.285033773,1.05,17
D011,S022,O075,4,490,0.794044452,31,0.495260113,0.154710174,0.269857669,1.05,5
D011,S023,O052,4,490,0.794044452,249,0.293109713,0.381495942,0.29384703,1.05,30
D011,S024,O020,4,490,0.794044452,113,0.348269976,0.095285863,0.409466489,1.05,28
D011,S025,O023,4,490,0.794044452,410,0.214451437,0.12789836,0.094002538,1.05,34
D011,S026,O069,4,490,0.794044452,600,0.193256125,0.259153683,0.18565311,1.05,107
D011,S027,O054,4,490,0.794044452,70,0.483939677,0.225369653,0.039302168,1.05,11
D011,S028,O063,4,490,0.794044452,159,0.167777479,0.069957712,0.130372357,1.05,38
D011,S029,O058,4,490,0.794044452,22,0.090722232,0.036785238,0.101049312,1.05,4
D011,S030,O042,4,490,0.794044452,533,0.049123846,0.273615249,0.271891148,1.05,28
D011,S031,O083,4,490,0.794044452,89,0.002629244,0.11891721,0.012340148,1.05,13
D011,S032,O086,4,490,0.794044452,135,0.469888219,0.056365997,0.043821459,1.05,28
D012,S001,O004,6,271,0.558762734,544,0.015441285,0.39993713,0.047767101,1.05,12
D012,S002,O061,6,271,0.558762734,27,0.381805437,0.01616482,0.491613692,1.05,4
D012,S003,O084,6,271,0.558762734,797,0.372992677,0.000386491,0.00152113,1.05,169
D012,S004,O040,6,271,0.558762734,585,0.392959459,0.39457393,0.498815231,1.05,30
D012,S005,O074,6,271,0.558762734,36,0.042568944,0.004280635,0.087293441,1.05,3
D012,S006,O014,6,271,0.558762734,505,0.055050564,0.385744929,0.323573274,1.05,126
D012,S007,O095,6,271,0.558762734,29,0.365502327,0.314203797,0.177999519,1.05,3
D012,S008,O008,6,271,0.558762734,217,0.118365868,0.010264005,0.438577644,1.05,4
D012,S009,O044,6,271,0.558762734,721,0.432376139,0.324925408,0.144007894,1.05,148
D012,S010,O071,6,271,0.558762734,830,0.025772238,0.059916076,0.006124037,1.05,1
D012,S011,O005,6,271,0.558762734,472,0.458927508,0.08115278,0.018055532,1.05,8
D012,S012,O094,6,271,0.558762734,888,0.302089761,0.091469055,0.358945917,1.05,193
D012,S013,O049,6,271,0.558762734,33,0.068127718,0.327197905,0.351458552,1.05,6
D012,S014,O002,6,271,0.558762734,71,0.386957289,0.33590604,0.423756547,1.05,16
D012,S015,O009,6,271,0.558762734,39,0.272204984,0.243100415,0.446678,1.05,1
D012,S016,O096,6,271,0.558762734,91,0.16170145,0.264353919,0.069555674,1.05,20
D012,S017,O067,6,271,0.558762734,60,0.359928689,0.02076874,0.174232425,1.05,6
D012,S018,O037,6,271,0.558762734,232,0.083660283,0.374766445,0.463420281,1.05,16
D012,S019,O039,6,271,0.558762734,48,0.232718262,0.17994217,0.033136716,1.05,1
D012,S020,O029,6,271,0.558762734,744,0.31398409,0.144642217,0.380464816,1.05,47
D012,S021,O055,6,271,0.558762734,143,0.09821222,0.163666817,0.285033773,1.05,17
D012,S022,O075,6,271,0.558762734,31,0.495260113,0.154710174,0.269857669,1.05,5
D012,S023,O052,6,271,0.558762734,249,0.293109713,0.381495942,0.29384703,1.05,30
D012,S024,O020,6,271,0.558762734,113,0.348269976,0.095285863,0.409466489,1.05,28
D012,S025,O023,6,271,0.558762734,410,0.214451437,0.12789836,0.094002538,1.05,34
D012,S026,O069,6,271,0.558762734,600,0.193256125,0.259153683,0.18565311,1.05,107
D012,S027,O054,6,271,0.558762734,70,0.483939677,0.225369653,0.039302168,1.05,11
D012,S028,O063,6,271,0.558762734,159,0.167777479,0.069957712,0.130372357,1.05,38
D012,S029,O058,6,271,0.558762734,22,0.090722232,0.036785238,0.101049312,1.05,4
D012,S030,O042,6,271,0.558762734,533,0.049123846,0.273615249,0.271891148,1.05,28
D012,S031,O083,6,271,0.558762734,89,0.002629244,0.11891721,0.012340148,1.05,13
D012,S032,O086,6,271,0.558762734,135,0.469888219,0.056365997,0.043821459,1.05,28
D013,S001,O004,3,199,0.306535686,544,0.015441285,0.39993713,0.047767101,1.05,12
D013,S002,O061,3,199,0.306535686,27,0.381805437,0.01616482,0.491613692,1.05,4
D013,S003,O084,3,199,0.306535686,797,0.372992677,0.000386491,0.00152113,1.05,169
D013,S004,O040,3,199,0.306535686,585,0.392959459,0.39457393,0.498815231,1.05,30
D013,S005,O074,3,199,0.306535686,36,0.042568944,0.004280635,0.087293441,1.05,3
D013,S006,O014,3,199,0.306535686,505,0.055050564,0.385744929,0.323573274,1.05,126
D013,S007,O095,3,199,0.306535686,29,0.365502327,0.314203797,0.177999519,1.05,3
D013,S008,O008,3,199,0.306535686,217,0.118365868,0.010264005,0.438577644,1.05,4
D013,S009,O044,3,199,0.306535686,721,0.432376139,0.324925408,0.144007894,1.05,148
D013,S010,O071,3,199,0.306535686,830,0.025772238,0.059916076,0.006124037,1.05,1
D013,S011,O005,3,199,0.306535686,472,0.458927508,0.08115278,0.018055532,1.05,8
D013,S012,O094,3,199,0.306535686,888,0.302089761,0.091469055,0.358945917,1.05,193
D013,S013,O049,3,199,0.306535686,33,0.068127718,0.327197905,0.351458552,1.05,6
D013,S014,O002,3,199,0.306535686,71,0.386957289,0.33590604,0.423756547,1.05,16
D013,S015,O009,3,199,0.306535686,39,0.272204984,0.243100415,0.446678,1.05,1
D013,S016,O096,3,199,0.306535686,91,0.16170145,0.264353919,0.069555674,1.05,20
D013,S017,O067,3,199,0.306535686,60,0.359928689,0.02076874,0.174232425,1.05,6
D013,S018,O037,3,199,0.306535686,232,0.083660283,0.374766445,0.463420281,1.05,16
D013,S019,O039,3,199,0.306535686,48,0.232718262,0.17994217,0.033136716,1.05,1
D013,S020,O029,3,199,0.306535686,744,0.31398409,0.144642217,0.380464816,1.05,47
D013,S021,O055,3,199,0.306535686,143,0.09821222,0.163666817,0.285033773,1.05,17
D013,S022,O075,3,199,0.306535686,31,0.495260113,0.154710174,0.269857669,1.05,5
D013,S023,O052,3,199,0.306535686,249,0.293109713,0.381495942,0.29384703,1.05,30
D013,S024,O020,3,199,0.306535686,113,0.348269976,0.095285863,0.409466489,1.05,28
D013,S025,O023,3,199,0.306535686,410,0.214451437,0.12789836,0.094002538,1.05,34
D013,S026,O069,3,199,0.306535686,600,0.193256125,0.259153683,0.18565311,1.05,107
D013,S027,O054,3,199,0.306535686,70,0.483939677,0.225369653,0.039302168,1.05,11
D013,S028,O063,3,199,0.306535686,159,0.167777479,0.069957712,0.130372357,1.05,38
D013,S029,O058,3,199,0.306535686,22,0.090722232,0.036785238,0.101049312,1.05,4
D013,S030,O042,3,199,0.306535686,533,0.049123846,0.273615249,0.271891148,1.05,28
D013,S031,O083,3,199,0.306535686,89,0.002629244,0.11891721,0.012340148,1.05,13
D013,S032,O086,3,199,0.306535686,135,0.469888219,0.056365997,0.043821459,1.05,28
D014,S001,O004,7,749,0.675783574,544,0.015441285,0.39993713,0.047767101,1.05,12
D014,S002,O061,7,749,0.675783574,27,0.381805437,0.01616482,0.491613692,1.05,4
D014,S003,O084,7,749,0.675783574,797,0.372992677,0.000386491,0.00152113,1.05,169
D014,S004,O040,7,749,0.675783574,585,0.392959459,0.39457393,0.498815231,1.05,30
D014,S005,O074,7,749,0.675783574,36,0.042568944,0.004280635,0.087293441,1.05,3
D014,S006,O014,7,749,0.675783574,505,0.055050564,0.385744929,0.323573274,1.05,126
D014,S007,O095,7,749,0.675783574,29,0.365502327,0.314203797,0.177999519,1.05,3
D014,S008,O008,7,749,0.675783574,217,0.118365868,0.010264005,0.438577644,1.05,4
D014,S009,O044,7,749,0.675783574,721,0.432376139,0.324925408,0.144007894,1.05,148
D014,S010,O071,7,749,0.675783574,830,0.025772238,0.059916076,0.006124037,1.05,1
D014,S011,O005,7,749,0.675783574,472,0.458927508,0.08115278,0.018055532,1.05,8
D014,S012,O094,7,749,0.675783574,888,0.302089761,0.091469055,0.358945917,1.05,193
D014,S013,O049,7,749,0.675783574,33,0.068127718,0.327197905,0.351458552,1.05,6
D014,S014,O002,7,749,0.675783574,71,0.386957289,0.33590604,0.423756547,1.05,16
D014,S015,O009,7,749,0.675783574,39,0.272204984,0.243100415,0.446678,1.05,1
D014,S016,O096,7,749,0.675783574,91,0.16170145,0.264353919,0.069555674,1.05,20
D014,S017,O067,7,749,0.675783574,60,0.359928689,0.02076874,0.174232425,1.05,6
D014,S018,O037,7,749,0.675783574,232,0.083660283,0.374766445,0.463420281,1.05,16
D014,S019,O039,7,749,0.675783574,48,0.232718262,0.17994217,0.033136716,1.05,1
D014,S020,O029,7,749,0.675783574,744,0.31398409,0.144642217,0.380464816,1.05,47
D014,S021,O055,7,749,0.675783574,143,0.09821222,0.163666817,0.285033773,1.05,17
D014,S022,O075,7,749,0.675783574,31,0.495260113,0.154710174,0.269857669,1.05,5
D014,S023,O052,7,749,0.675783574,249,0.293109713,0.381495942,0.29384703,1.05,30
D014,S024,O020,7,749,0.675783574,113,0.348269976,0.095285863,0.409466489,1.05,28
D014,S025,O023,7,749,0.675783574,410,0.214451437,0.12789836,0.094002538,1.05,34
D014,S026,O069,7,749,0.675783574,600,0.193256125,0.259153683,0.18565311,1.05,107
D014,S027,O054,7,749,0.675783574,70,0.483939677,0.225369653,0.039302168,1.05,11
D014,S028,O063,7,749,0.675783574,159,0.167777479,0.069957712,0.130372357,1.05,38
D014,S029,O058,7,749,0.675783574,22,0.090722232,0.036785238,0.101049312,1.05,4
D014,S030,O042,7,749,0.675783574,533,0.049123846,0.273615249,0.271891148,1.05,28
D014,S031,O083,7,749,0.675783574,89,0.002629244,0.11891721,0.012340148,1.05,13
D014,S032,O086,7,749,0.675783574,135,0.469888219,0.056365997,0.043821459,1.05,28
D015,S001,O004,8,297,0.769641294,544,0.015441285,0.39993713,0.047767101,1.05,12
D015,S002,O061,8,297,0.769641294,27,0.381805437,0.01616482,0.491613692,1.05,4
D015,S003,O084,8,297,0.769641294,797,0.372992677,0.000386491,0.00152113,1.05,169
D015,S004,O040,8,297,0.769641294,585,0.392959459,0.39457393,0.498815231,1.05,30
D015,S005,O074,8,297,0.769641294,36,0.042568944,0.004280635,0.087293441,1.05,3
D015,S006,O014,8,297,0.769641294,505,0.055050564,0.385744929,0.323573274,1.05,126
D015,S007,O095,8,297,0.769641294,29,0.365502327,0.314203797,0.177999519,1.05,3
D015,S008,O008,8,297,0.769641294,217,0.118365868,0.010264005,0.438577644,1.05,4
D015,S009,O044,8,297,0.769641294,721,0.432376139,0.324925408,0.144007894,1.05,148
D015,S010,O071,8,297,0.769641294,830,0.025772238,0.059916076,0.006124037,1.05,1
D015,S011,O005,8,297,0.769641294,472,0.458927508,0.08115278,0.018055532,1.05,8
D015,S012,O094,8,297,0.769641294,888,0.302089761,0.091469055,0.358945917,1.05,193
D015,S013,O049,8,297,0.769641294,33,0.068127718,0.327197905,0.351458552,1.05,6
D015,S014,O002,8,297,0.769641294,71,0.386957289,0.33590604,0.423756547,1.05,16
D015,S015,O009,8,297,0.769641294,39,0.272204984,0.243100415,0.446678,1.05,1
D015,S016,O096,8,297,0.769641294,91,0.16170145,0.264353919,0.069555674,1.05,20
D015,S017,O067,8,297,0.769641294,60,0.359928689,0.02076874,0.174232425,1.05,6
D015,S018,O037,8,297,0.769641294,232,0.083660283,0.374766445,0.463420281,1.05,16
D015,S019,O039,8,297,0.769641294,48,0.232718262,0.17994217,0.033136716,1.05,1
D015,S020,O029,8,297,0.769641294,744,0.31398409,0.144642217,0.380464816,1.05,47
D015,S021,O055,8,297,0.769641294,143,0.09821222,0.163666817,0.285033773,1.05,17
D015,S022,O075,8,297,0.769641294,31,0.495260113,0.154710174,0.269857669,1.05,5
D015,S023,O052,8,297,0.769641294,249,0.293109713,0.381495942,0.29384703,1.05,30
D015,S024,O020,8,297,0.769641294,113,0.348269976,0.095285863,0.409466489,1.05,28
D015,S025,O023,8,297,0.769641294,410,0.214451437,0.12789836,0.094002538,1.05,34
D015,S026,O069,8,297,0.769641294,600,0.193256125,0.259153683,0.18565311,1.05,107
D015,S027,O054,8,297,0.769641294,70,0.483939677,0.225369653,0.039302168,1.05,11
D015,S028,O063,8,297,0.769641294,159,0.167777479,0.069957712,0.130372357,1.05,38
D015,S029,O058,8,297,0.769641294,22,0.090722232,0.036785238,0.101049312,1.05,4
D015,S030,O042,8,297,0.769641294,533,0.049123846,0.273615249,0.271891148,1.05,28
D015,S031,O083,8,297,0.769641294,89,0.002629244,0.11891721,0.012340148,1.05,13
D015,S032,O086,8,297,0.769641294,135,0.469888219,0.056365997,0.043821459,1.05,28
D016,S001,O004,5,172,1.125620781,544,0.015441285,0.39993713,0.047767101,1.05,12
D016,S002,O061,5,172,1.125620781,27,0.381805437,0.01616482,0.491613692,1.05,4
D016,S003,O084,5,172,1.125620781,797,0.372992677,0.000386491,0.00152113,1.05,169
D016,S004,O040,5,172,1.125620781,585,0.392959459,0.39457393,0.498815231,1.05,30
D016,S005,O074,5,172,1.125620781,36,0.042568944,0.004280635,0.087293441,1.05,3
D016,S006,O014,5,172,1.125620781,505,0.055050564,0.385744929,0.323573274,1.05,126
D016,S007,O095,5,172,1.125620781,29,0.365502327,0.314203797,0.177999519,1.05,3
D016,S008,O008,5,172,1.125620781,217,0.118365868,0.010264005,0.438577644,1.05,4
D016,S009,O044,5,172,1.125620781,721,0.432376139,0.324925408,0.144007894,1.05,148
D016,S010,O071,5,172,1.125620781,830,0.025772238,0.059916076,0.006124037,1.05,1
D016,S011,O005,5,172,1.125620781,472,0.458927508,0.08115278,0.018055532,1.05,8
D016,S012,O094,5,172,1.125620781,888,0.302089761,0.091469055,0.358945917,1.05,193
D016,S013,O049,5,172,1.125620781,33,0.068127718,0.327197905,0.351458552,1.05,6
D016,S014,O002,5,172,1.125620781,71,0.386957289,0.33590604,0.423756547,1.05,16
D016,S015,O009,5,172,1.125620781,39,0.272204984,0.243100415,0.446678,1.05,1
D016,S016,O096,5,172,1.125620781,91,0.16170145,0.264353919,0.069555674,1.05,20
D016,S017,O067,5,172,1.125620781,60,0.359928689,0.02076874,0.174232425,1.05,6
D016,S018,O037,5,172,1.125620781,232,0.083660283,0.374766445,0.463420281,1.05,16
D016,S019,O039,5,172,1.125620781,48,0.232718262,0.17994217,0.033136716,1.05,1
D016,S020,O029,5,172,1.125620781,744,0.31398409,0.144642217,0.380464816,1.05,47
D016,S021,O055,5,172,1.125620781,143,0.09821222,0.163666817,0.285033773,1.05,17
D016,S022,O075,5,172,1.125620781,31,0.495260113,0.154710174,0.269857669,1.05,5
D016,S023,O052,5,172,1.125620781,249,0.293109713,0.381495942,0.29384703,1.05,30
D016,S024,O020,5,172,1.125620781,113,0.348269976,0.095285863,0.409466489,1.05,28
D016,S025,O023,5,172,1.125620781,410,0.214451437,0.12789836,0.094002538,1.05,34
D016,S026,O069,5,172,1.125620781,600,0.193256125,0.259153683,0.18565311,1.05,107
D016,S027,O054,5,172,1.125620781,70,0.483939677,0.225369653,0.039302168,1.05,11
D016,S028,O063,5,172,1.125620781,159,0.167777479,0.069957712,0.130372357,1.05,38
D016,S029,O058,5,172,1.125620781,22,0.090722232,0.036785238,0.101049312,1.05,4
D016,S030,O042,5,172,1.125620781,533,0.049123846,0.273615249,0.271891148,1.05,28
D016,S031,O083,5,172,1.125620781,89,0.002629244,0.11891721,0.012340148,1.05,13
D016,S032,O086,5,172,1.125620781,135,0.469888219,0.056365997,0.043821459,1.05,28
D017,S001,O004,1,264,0.535990306,544,0.015441285,0.39993713,0.047767101,1.05,12
D017,S002,O061,1,264,0.535990306,27,0.381805437,0.01616482,0.491613692,1.05,4
D017,S003,O084,1,264,0.535990306,797,0.372992677,0.000386491,0.00152113,1.05,169
D017,S004,O040,1,264,0.535990306,585,0.392959459,0.39457393,0.498815231,1.05,30
D017,S005,O074,1,264,0.535990306,36,0.042568944,0.004280635,0.087293441,1.05,3
D017,S006,O014,1,264,0.535990306,505,0.055050564,0.385744929,0.323573274,1.05,126
D017,S007,O095,1,264,0.535990306,29,0.365502327,0.314203797,0.177999519,1.05,3
D017,S008,O008,1,264,0.535990306,217,0.118365868,0.010264005,0.438577644,1.05,4
D017,S009,O044,1,264,0.535990306,721,0.432376139,0.324925408,0.144007894,1.05,148
D017,S010,O071,1,264,0.535990306,830,0.025772238,0.059916076,0.006124037,1.05,1
D017,S011,O005,1,264,0.535990306,472,0.458927508,0.08115278,0.018055532,1.05,8
D017,S012,O094,1,264,0.535990306,888,0.302089761,0.091469055,0.358945917,1.05,193
D017,S013,O049,1,264,0.535990306,33,0.068127718,0.327197905,0.351458552,1.05,6
D017,S014,O002,1,264,0.535990306,71,0.386957289,0.33590604,0.423756547,1.05,16
D017,S015,O009,1,264,0.535990306,39,0.272204984,0.243100415,0.446678,1.05,1
D017,S016,O096,1,264,0.535990306,91,0.16170145,0.264353919,0.069555674,1.05,20
D017,S017,O067,1,264,0.535990306,60,0.359928689,0.02076874,0.174232425,1.05,6
D017,S018,O037,1,264,0.535990306,232,0.083660283,0.374766445,0.463420281,1.05,16
D017,S019,O039,1,264,0.535990306,48,0.232718262,0.17994217,0.033136716,1.05,1
D017,S020,O029,1,264,0.535990306,744,0.31398409,0.144642217,0.380464816,1.05,47
D017,S021,O055,1,264,0.535990306,143,0.09821222,0.163666817,0.285033773,1.05,17
D017,S022,O075,1,264,0.535990306,31,0.495260113,0.154710174,0.269857669,1.05,5
D017,S023,O052,1,264,0.535990306,249,0.293109713,0.381495942,0.29384703,1.05,30
D017,S024,O020,1,264,0.535990306,113,0.348269976,0.095285863,0.409466489,1.05,28
D017,S025,O023,1,264,0.535990306,410,0.214451437,0.12789836,0.094002538,1.05,34
D017,S026,O069,1,264,0.535990306,600,0.193256125,0.259153683,0.18565311,1.05,107
D017,S027,O054,1,264,0.535990306,70,0.483939677,0.225369653,0.039302168,1.05,11
D017,S028,O063,1,264,0.535990306,159,0.167777479,0.069957712,0.130372357,1.05,38
D017,S029,O058,1,264,0.535990306,22,0.090722232,0.036785238,0.101049312,1.05,4
D017,S030,O042,1,264,0.535990306,533,0.049123846,0.273615249,0.271891148,1.05,28
D017,S031,O083,1,264,0.535990306,89,0.002629244,0.11891721,0.012340148,1.05,13
D017,S032,O086,1,264,0.535990306,135,0.469888219,0.056365997,0.043821459,1.05,28
D018,S001,O004,2,309,2.478705756,544,0.015441285,0.39993713,0.047767101,1.05,12
D018,S002,O061,2,309,2.478705756,27,0.381805437,0.01616482,0.491613692,1.05,4
D018,S003,O084,2,309,2.478705756,797,0.372992677,0.000386491,0.00152113,1.05,169
D018,S004,O040,2,309,2.478705756,585,0.392959459,0.39457393,0.498815231,1.05,30
D018,S005,O074,2,309,2.478705756,36,0.042568944,0.004280635,0.087293441,1.05,3
D018,S006,O014,2,309,2.478705756,505,0.055050564,0.385744929,0.323573274,1.05,126
D018,S007,O095,2,309,2.478705756,29,0.365502327,0.314203797,0.177999519,1.05,3
D018,S008,O008,2,309,2.478705756,217,0.118365868,0.010264005,0.438577644,1.05,4
D018,S009,O044,2,309,2.478705756,721,0.432376139,0.324925408,0.144007894,1.05,148
D018,S010,O071,2,309,2.478705756,830,0.025772238,0.059916076,0.006124037,1.05,1
D018,S011,O005,2,309,2.478705756,472,0.458927508,0.08115278,0.018055532,1.05,8
D018,S012,O094,2,309,2.478705756,888,0.302089761,0.091469055,0.358945917,1.05,193
D018,S013,O049,2,309,2.478705756,33,0.068127718,0.327197905,0.351458552,1.05,6
D018,S014,O002,2,309,2.478705756,71,0.386957289,0.33590604,0.423756547,1.05,16
D018,S015,O009,2,309,2.478705756,39,0.272204984,0.243100415,0.446678,1.05,1
D018,S016,O096,2,309,2.478705756,91,0.16170145,0.264353919,0.069555674,1.05,20
D018,S017,O067,2,309,2.478705756,60,0.359928689,0.02076874,0.174232425,1.05,6
D018,S018,O037,2,309,2.478705756,232,0.083660283,0.374766445,0.463420281,1.05,16
D018,S019,O039,2,309,2.478705756,48,0.232718262,0.17994217,0.033136716,1.05,1
D018,S020,O029,2,309,2.478705756,744,0.31398409,0.144642217,0.380464816,1.05,47
D018,S021,O055,2,309,2.478705756,143,0.09821222,0.163666817,0.285033773,1.05,17
D018,S022,O075,2,309,2.478705756,31,0.495260113,0.154710174,0.269857669,1.05,5
D018,S023,O052,2,309,2.478705756,249,0.293109713,0.381495942,0.29384703,1.05,30
D018,S024,O020,2,309,2.478705756,113,0.348269976,0.095285863,0.409466489,1.05,28
D018,S025,O023,2,309,2.478705756,410,0.214451437,0.12789836,0.094002538,1.05,34
D018,S026,O069,2,309,2.478705756,600,0.193256125,0.259153683,0.18565311,1.05,107
D018,S027,O054,2,309,2.478705756,70,0.483939677,0.225369653,0.039302168,1.05,11
D018,S028,O063,2,309,2.478705756,159,0.167777479,0.069957712,0.130372357,1.05,38
D018,S029,O058,2,309,2.478705756,22,0.090722232,0.036785238,0.101049312,1.05,4
D018,S030,O042,2,309,2.478705756,533,0.049123846,0.273615249,0.271891148,1.05,28
D018,S031,O083,2,309,2.478705756,89,0.002629244,0.11891721,0.012340148,1.05,13
D018,S032,O086,2,309,2.478705756,135,0.469888219,0.056365997,0.043821459,1.05,28
D019,S001,O004,3,893,0.725912767,544,0.015441285,0.39993713,0.047767101,1.05,12
D019,S002,O061,3,893,0.725912767,27,0.381805437,0.01616482,0.491613692,1.05,4
D019,S003,O084,3,893,0.725912767,797,0.372992677,0.000386491,0.00152113,1.05,169
D019,S004,O040,3,893,0.725912767,585,0.392959459,0.39457393,0.498815231,1.05,30
D019,S005,O074,3,893,0.725912767,36,0.042568944,0.004280635,0.087293441,1.05,3
D019,S006,O014,3,893,0.725912767,505,0.055050564,0.385744929,0.323573274,1.05,126
D019,S007,O095,3,893,0.725912767,29,0.365502327,0.314203797,0.177999519,1.05,3
D019,S008,O008,3,893,0.725912767,217,0.118365868,0.010264005,0.438577644,1.05,4
D019,S009,O044,3,893,0.725912767,721,0.432376139,0.324925408,0.144007894,1.05,148
D019,S010,O071,3,893,0.725912767,830,0.025772238,0.059916076,0.006124037,1.05,1
D019,S011,O005,3,893,0.725912767,472,0.458927508,0.08115278,0.018055532,1.05,8
D019,S012,O094,3,893,0.725912767,888,0.302089761,0.091469055,0.358945917,1.05,193
D019,S013,O049,3,893,0.725912767,33,0.068127718,0.327197905,0.351458552,1.05,6
D019,S014,O002,3,893,0.725912767,71,0.386957289,0.33590604,0.423756547,1.05,16
D019,S015,O009,3,893,0.725912767,39,0.272204984,0.243100415,0.446678,1.05,1
D019,S016,O096,3,893,0.725912767,91,0.16170145,0.264353919,0.069555674,1.05,20
D019,S017,O067,3,893,0.725912767,60,0.359928689,0.02076874,0.174232425,1.05,6
D019,S018,O037,3,893,0.725912767,232,0.083660283,0.374766445,0.463420281,1.05,16
D019,S019,O039,3,893,0.725912767,48,0.232718262,0.17994217,0.033136716,1.05,1
D019,S020,O029,3,893,0.725912767,744,0.31398409,0.144642217,0.380464816,1.05,47
D019,S021,O055,3,893,0.725912767,143,0.09821222,0.163666817,0.285033773,1.05,17
D019,S022,O075,3,893,0.725912767,31,0.495260113,0.154710174,0.269857669,1.05,5
D019,S023,O052,3,893,0.725912767,249,0.293109713,0.381495942,0.29384703,1.05,30
D019,S024,O020,3,893,0.725912767,113,0.348269976,0.095285863,0.409466489,1.05,28
D019,S025,O023,3,893,0.725912767,410,0.214451437,0.12789836,0.094002538,1.05,34
D019,S026,O069,3,893,0.725912767,600,0.193256125,0.259153683,0.18565311,1.05,107
D019,S027,O054,3,893,0.725912767,70,0.483939677,0.225369653,0.039302168,1.05,11
D019,S028,O063,3,893,0.725912767,159,0.167777479,0.069957712,0.130372357,1.05,38
D019,S029,O058,3,893,0.725912767,22,0.090722232,0.036785238,0.101049312,1.05,4
D019,S030,O042,3,893,0.725912767,533,0.049123846,0.273615249,0.271891148,1.05,28
D019,S031,O083,3,893,0.725912767,89,0.002629244,0.11891721,0.012340148,1.05,13
D019,S032,O086,3,893,0.725912767,135,0.469888219,0.056365997,0.043821459,1.05,28
D020,S001,O004,6,186,1.119170373,544,0.015441285,0.39993713,0.047767101,1.05,12
D020,S002,O061,6,186,1.119170373,27,0.381805437,0.01616482,0.491613692,1.05,4
D020,S003,O084,6,186,1.119170373,797,0.372992677,0.000386491,0.00152113,1.05,169
D020,S004,O040,6,186,1.119170373,585,0.392959459,0.39457393,0.498815231,1.05,30
D020,S005,O074,6,186,1.119170373,36,0.042568944,0.004280635,0.087293441,1.05,3
D020,S006,O014,6,186,1.119170373,505,0.055050564,0.385744929,0.323573274,1.05,126
D020,S007,O095,6,186,1.119170373,29,0.365502327,0.314203797,0.177999519,1.05,3
D020,S008,O008,6,186,1.119170373,217,0.118365868,0.010264005,0.438577644,1.05,4
D020,S009,O044,6,186,1.119170373,721,0.432376139,0.324925408,0.144007894,1.05,148
D020,S010,O071,6,186,1.119170373,830,0.025772238,0.059916076,0.006124037,1.05,1
D020,S011,O005,6,186,1.119170373,472,0.458927508,0.08115278,0.018055532,1.05,8
D020,S012,O094,6,186,1.119170373,888,0.302089761,0.091469055,0.358945917,1.05,193
D020,S013,O049,6,186,1.119170373,33,0.068127718,0.327197905,0.351458552,1.05,6
D020,S014,O002,6,186,1.119170373,71,0.386957289,0.33590604,0.423756547,1.05,16
D020,S015,O009,6,186,1.119170373,39,0.272204984,0.243100415,0.446678,1.05,1
D020,S016,O096,6,186,1.119170373,91,0.16170145,0.264353919,0.069555674,1.05,20
D020,S017,O067,6,186,1.119170373,60,0.359928689,0.02076874,0.174232425,1.05,6
D020,S018,O037,6,186,1.119170373,232,0.083660283,0.374766445,0.463420281,1.05,16
D020,S019,O039,6,186,1.119170373,48,0.232718262,0.17994217,0.033136716,1.05,1
D020,S020,O029,6,186,1.119170373,744,0.31398409,0.144642217,0.380464816,1.05,47
D020,S021,O055,6,186,1.119170373,143,0.09821222,0.163666817,0.285033773,1.05,17
D020,S022,O075,6,186,1.119170373,31,0.495260113,0.154710174,0.269857669,1.05,5
D020,S023,O052,6,186,1.119170373,249,0.293109713,0.381495942,0.29384703,1.05,30
D020,S024,O020,6,186,1.119170373,113,0.348269976,0.095285863,0.409466489,1.05,28
D020,S025,O023,6,186,1.119170373,410,0.214451437,0.12789836,0.094002538,1.05,34
D020,S026,O069,6,186,1.119170373,600,0.193256125,0.259153683,0.18565311,1.05,107
D020,S027,O054,6,186,1.119170373,70,0.483939677,0.225369653,0.039302168,1.05,11
D020,S028,O063,6,186,1.119170373,159,0.167777479,0.069957712,0.130372357,1.05,38
D020,S029,O058,6,186,1.119170373,22,0.090722232,0.036785238,0.101049312,1.05,4
D020,S030,O042,6,186,1.119170373,533,0.049123846,0.273615249,0.271891148,1.05,28
D020,S031,O083,6,186,1.119170373,89,0.002629244,0.11891721,0.012340148,1.05,13
D020,S032,O086,6,186,1.119170373,135,0.469888219,0.056365997,0.043821459,1.05,28
D021,S001,O004,3,997,1.249089371,544,0.015441285,0.39993713,0.047767101,1.05,12
D021,S002,O061,3,997,1.249089371,27,0.381805437,0.01616482,0.491613692,1.05,4
D021,S003,O084,3,997,1.249089371,797,0.372992677,0.000386491,0.00152113,1.05,169
D021,S004,O040,3,997,1.249089371,585,0.392959459,0.39457393,0.498815231,1.05,30
D021,S005,O074,3,997,1.249089371,36,0.042568944,0.004280635,0.087293441,1.05,3
D021,S006,O014,3,997,1.249089371,505,0.055050564,0.385744929,0.323573274,1.05,126
D021,S007,O095,3,997,1.249089371,29,0.365502327,0.314203797,0.177999519,1.05,3
D021,S008,O008,3,997,1.249089371,217,0.118365868,0.010264005,0.438577644,1.05,4
D021,S009,O044,3,997,1.249089371,721,0.432376139,0.324925408,0.144007894,1.05,148
D021,S010,O071,3,997,1.249089371,830,0.025772238,0.059916076,0.006124037,1.05,1
D021,S011,O005,3,997,1.249089371,472,0.458927508,0.08115278,0.018055532,1.05,8
D021,S012,O094,3,997,1.249089371,888,0.302089761,0.091469055,0.358945917,1.05,193
D021,S013,O049,3,997,1.249089371,33,0.068127718,0.327197905,0.351458552,1.05,6
D021,S014,O002,3,997,1.249089371,71,0.386957289,0.33590604,0.423756547,1.05,16
D021,S015,O009,3,997,1.249089371,39,0.272204984,0.243100415,0.446678,1.05,1
D021,S016,O096,3,997,1.249089371,91,0.16170145,0.264353919,0.069555674,1.05,20
D021,S017,O067,3,997,1.249089371,60,0.359928689,0.02076874,0.174232425,1.05,6
D021,S018,O037,3,997,1.249089371,232,0.083660283,0.374766445,0.463420281,1.05,16
D021,S019,O039,3,997,1.249089371,48,0.232718262,0.17994217,0.033136716,1.05,1
D021,S020,O029,3,997,1.249089371,744,0.31398409,0.144642217,0.380464816,1.05,47
D021,S021,O055,3,997,1.249089371,143,0.09821222,0.163666817,0.285033773,1.05,17
D021,S022,O075,3,997,1.249089371,31,0.495260113,0.154710174,0.269857669,1.05,5
D021,S023,O052,3,997,1.249089371,249,0.293109713,0.381495942,0.29384703,1.05,30
D021,S024,O020,3,997,1.249089371,113,0.348269976,0.095285863,0.409466489,1.05,28
D021,S025,O023,3,997,1.249089371,410,0.214451437,0.12789836,0.094002538,1.05,34
D021,S026,O069,3,997,1.249089371,600,0.193256125,0.259153683,0.18565311,1.05,107
D021,S027,O054,3,997,1.249089371,70,0.483939677,0.225369653,0.039302168,1.05,11
D021,S028,O063,3,997,1.249089371,159,0.167777479,0.069957712,0.130372357,1.05,38
D021,S029,O058,3,997,1.249089371,22,0.090722232,0.036785238,0.101049312,1.05,4
D021,S030,O042,3,997,1.249089371,533,0.049123846,0.273615249,0.271891148,1.05,28
D021,S031,O083,3,997,1.249089371,89,0.002629244,0.11891721,0.012340148,1.05,13
D021,S032,O086,3,997,1.249089371,135,0.469888219,0.056365997,0.043821459,1.05,28
D022,S001,O004,7,488,1.596864304,544,0.015441285,0.39993713,0.047767101,1.05,12
D022,S002,O061,7,488,1.596864304,27,0.381805437,0.01616482,0.491613692,1.05,4
D022,S003,O084,7,488,1.596864304,797,0.372992677,0.000386491,0.00152113,1.05,169
D022,S004,O040,7,488,1.596864304,585,0.392959459,0.39457393,0.498815231,1.05,30
D022,S005,O074,7,488,1.596864304,36,0.042568944,0.004280635,0.087293441,1.05,3
D022,S006,O014,7,488,1.596864304,505,0.055050564,0.385744929,0.323573274,1.05,126
D022,S007,O095,7,488,1.596864304,29,0.365502327,0.314203797,0.177999519,1.05,3
D022,S008,O008,7,488,1.596864304,217,0.118365868,0.010264005,0.438577644,1.05,4
D022,S009,O044,7,488,1.596864304,721,0.432376139,0.324925408,0.144007894,1.05,148
D022,S010,O071,7,488,1.596864304,830,0.025772238,0.059916076,0.006124037,1.05,1
D022,S011,O005,7,488,1.596864304,472,0.458927508,0.08115278,0.018055532,1.05,8
D022,S012,O094,7,488,1.596864304,888,0.302089761,0.091469055,0.358945917,1.05,193
D022,S013,O049,7,488,1.596864304,33,0.068127718,0.327197905,0.351458552,1.05,6
D022,S014,O002,7,488,1.596864304,71,0.386957289,0.33590604,0.423756547,1.05,16
D022,S015,O009,7,488,1.596864304,39,0.272204984,0.243100415,0.446678,1.05,1
D022,S016,O096,7,488,1.596864304,91,0.16170145,0.264353919,0.069555674,1.05,20
D022,S017,O067,7,488,1.596864304,60,0.359928689,0.02076874,0.174232425,1.05,6
D022,S018,O037,7,488,1.596864304,232,0.083660283,0.374766445,0.463420281,1.05,16
D022,S019,O039,7,488,1.596864304,48,0.232718262,0.17994217,0.033136716,1.05,1
D022,S020,O029,7,488,1.596864304,744,0.31398409,0.144642217,0.380464816,1.05,47
D022,S021,O055,7,488,1.596864304,143,0.09821222,0.163666817,0.285033773,1.05,17
D022,S022,O075,7,488,1.596864304,31,0.495260113,0.154710174,0.269857669,1.05,5
D022,S023,O052,7,488,1.596864304,249,0.293109713,0.381495942,0.29384703,1.05,30
D022,S024,O020,7,488,1.596864304,113,0.348269976,0.095285863,0.409466489,1.05,28
D022,S025,O023,7,488,1.596864304,410,0.214451437,0.12789836,0.094002538,1.05,34
D022,S026,O069,7,488,1.596864304,600,0.193256125,0.259153683,0.18565311,1.05,107
D022,S027,O054,7,488,1.596864304,70,0.483939677,0.225369653,0.039302168,1.05,11
D022,S028,O063,7,488,1.596864304,159,0.167777479,0.069957712,0.130372357,1.05,38
D022,S029,O058,7,488,1.596864304,22,0.090722232,0.036785238,0.101049312,1.05,4
D022,S030,O042,7,488,1.596864304,533,0.049123846,0.273615249,0.271891148,1.05,28
D022,S031,O083,7,488,1.596864304,89,0.002629244,0.11891721,0.012340148,1.05,13
D022,S032,O086,7,488,1.596864304,135,0.469888219,0.056365997,0.043821459,1.05,28
D023,S001,O004,5,134,6.115431566,544,0.015441285,0.39993713,0.047767101,1.05,12
D023,S002,O061,5,134,6.115431566,27,0.381805437,0.01616482,0.491613692,1.05,4
D023,S003,O084,5,134,6.115431566,797,0.372992677,0.000386491,0.00152113,1.05,169
D023,S004,O040,5,134,6.115431566,585,0.392959459,0.39457393,0.498815231,1.05,30
D023,S005,O074,5,134,6.115431566,36,0.042568944,0.004280635,0.087293441,1.05,3
D023,S006,O014,5,134,6.115431566,505,0.055050564,0.385744929,0.323573274,1.05,126
D023,S007,O095,5,134,6.115431566,29,0.365502327,0.314203797,0.177999519,1.05,3
D023,S008,O008,5,134,6.115431566,217,0.118365868,0.010264005,0.438577644,1.05,4
D023,S009,O044,5,134,6.115431566,721,0.432376139,0.324925408,0.144007894,1.05,148
D023,S010,O071,5,134,6.115431566,830,0.025772238,0.059916076,0.006124037,1.05,1
D023,S011,O005,5,134,6.115431566,472,0.458927508,0.08115278,0.018055532,1.05,8
D023,S012,O094,5,134,6.115431566,888,0.302089761,0.091469055,0.358945917,1.05,193
D023,S013,O049,5,134,6.115431566,33,0.068127718,0.327197905,0.351458552,1.05,6
D023,S014,O002,5,134,6.115431566,71,0.386957289,0.33590604,0.423756547,1.05,16
D023,S015,O009,5,134,6.115431566,39,0.272204984,0.243100415,0.446678,1.05,1
D023,S016,O096,5,134,6.115431566,91,0.16170145,0.264353919,0.069555674,1.05,20
D023,S017,O067,5,134,6.115431566,60,0.359928689,0.02076874,0.174232425,1.05,6
D023,S018,O037,5,134,6.115431566,232,0.083660283,0.374766445,0.463420281,1.05,16
D023,S019,O039,5,134,6.115431566,48,0.232718262,0.17994217,0.033136716,1.05,1
D023,S020,O029,5,134,6.115431566,744,0.31398409,0.144642217,0.380464816,1.05,47
D023,S021,O055,5,134,6.115431566,143,0.09821222,0.163666817,0.285033773,1.05,17
D023,S022,O075,5,134,6.115431566,31,0.495260113,0.154710174,0.269857669,1.05,5
D023,S023,O052,5,134,6.115431566,249,0.293109713,0.381495942,0.29384703,1.05,30
D023,S024,O020,5,134,6.115431566,113,0.348269976,0.095285863,0.409466489,1.05,28
D023,S025,O023,5,134,6.115431566,410,0.214451437,0.12789836,0.094002538,1.05,34
D023,S026,O069,5,134,6.115431566,600,0.193256125,0.259153683,0.18565311,1.05,107
D023,S027,O054,5,134,6.115431566,70,0.483939677,0.225369653,0.039302168,1.05,11
D023,S028,O063,5,134,6.115431566,159,0.167777479,0.069957712,0.130372357,1.05,38
D023,S029,O058,5,134,6.115431566,22,0.090722232,0.036785238,0.101049312,1.05,4
D023,S030,O042,5,134,6.115431566,533,0.049123846,0.273615249,0.271891148,1.05,28
D023,S031,O083,5,134,6.115431566,89,0.002629244,0.11891721,0.012340148,1.05,13
D023,S032,O086,5,134,6.115431566,135,0.469888219,0.056365997,0.043821459,1.05,28
D024,S001,O004,8,72,0.946451147,544,0.015441285,0.39993713,0.047767101,1.05,12
D024,S002,O061,8,72,0.946451147,27,0.381805437,0.01616482,0.491613692,1.05,4
D024,S003,O084,8,72,0.946451147,797,0.372992677,0.000386491,0.00152113,1.05,169
D024,S004,O040,8,72,0.946451147,585,0.392959459,0.39457393,0.498815231,1.05,30
D024,S005,O074,8,72,0.946451147,36,0.042568944,0.004280635,0.087293441,1.05,3
D024,S006,O014,8,72,0.946451147,505,0.055050564,0.385744929,0.323573274,1.05,126
D024,S007,O095,8,72,0.946451147,29,0.365502327,0.314203797,0.177999519,1.05,3
D024,S008,O008,8,72,0.946451147,217,0.118365868,0.010264005,0.438577644,1.05,4
D024,S009,O044,8,72,0.946451147,721,0.432376139,0.324925408,0.144007894,1.05,148
D024,S010,O071,8,72,0.946451147,830,0.025772238,0.059916076,0.006124037,1.05,1
D024,S011,O005,8,72,0.946451147,472,0.458927508,0.08115278,0.018055532,1.05,8
D024,S012,O094,8,72,0.946451147,888,0.302089761,0.091469055,0.358945917,1.05,193
D024,S013,O049,8,72,0.946451147,33,0.068127718,0.327197905,0.351458552,1.05,6
D024,S014,O002,8,72,0.946451147,71,0.386957289,0.33590604,0.423756547,1.05,16
D024,S015,O009,8,72,0.946451147,39,0.272204984,0.243100415,0.446678,1.05,1
D024,S016,O096,8,72,0.946451147,91,0.16170145,0.264353919,0.069555674,1.05,20
D024,S017,O067,8,72,0.946451147,60,0.359928689,0.02076874,0.174232425,1.05,6
D024,S018,O037,8,72,0.946451147,232,0.083660283,0.374766445,0.463420281,1.05,16
D024,S019,O039,8,72,0.946451147,48,0.232718262,0.17994217,0.033136716,1.05,1
D024,S020,O029,8,72,0.946451147,744,0.31398409,0.144642217,0.380464816,1.05,47
D024,S021,O055,8,72,0.946451147,143,0.09821222,0.163666817,0.285033773,1.05,17
D024,S022,O075,8,72,0.946451147,31,0.495260113,0.154710174,0.269857669,1.05,5
D024,S023,O052,8,72,0.946451147,249,0.293109713,0.381495942,0.29384703,1.05,30
D024,S024,O020,8,72,0.946451147,113,0.348269976,0.095285863,0.409466489,1.05,28
D024,S025,O023,8,72,0.946451147,410,0.214451437,0.12789836,0.094002538,1.05,34
D024,S026,O069,8,72,0.946451147,600,0.193256125,0.259153683,0.18565311,1.05,107
D024,S027,O054,8,72,0.946451147,70,0.483939677,0.225369653,0.039302168,1.05,11
D024,S028,O063,8,72,0.946451147,159,0.167777479,0.069957712,0.130372357,1.05,38
D024,S029,O058,8,72,0.946451147,22,0.090722232,0.036785238,0.101049312,1.05,4
D024,S030,O042,8,72,0.946451147,533,0.049123846,0.273615249,0.271891148,1.05,28
D024,S031,O083,8,72,0.946451147,89,0.002629244,0.11891721,0.012340148,1.05,13
D024,S032,O086,8,72,0.946451147,135,0.469888219,0.056365997,0.043821459,1.05,28
D025,S001,O004,6,105,0.353875492,544,0.015441285,0.39993713,0.047767101,1.05,12
D025,S002,O061,6,105,0.353875492,27,0.381805437,0.01616482,0.491613692,1.05,4
D025,S003,O084,6,105,0.353875492,797,0.372992677,0.000386491,0.00152113,1.05,169
D025,S004,O040,6,105,0.353875492,585,0.392959459,0.39457393,0.498815231,1.05,30
D025,S005,O074,6,105,0.353875492,36,0.042568944,0.004280635,0.087293441,1.05,3
D025,S006,O014,6,105,0.353875492,505,0.055050564,0.385744929,0.323573274,1.05,126
D025,S007,O095,6,105,0.353875492,29,0.365502327,0.314203797,0.177999519,1.05,3
D025,S008,O008,6,105,0.353875492,217,0.118365868,0.010264005,0.438577644,1.05,4
D025,S009,O044,6,105,0.353875492,721,0.432376139,0.324925408,0.144007894,1.05,148
D025,S010,O071,6,105,0.353875492,830,0.025772238,0.059916076,0.006124037,1.05,1
D025,S011,O005,6,105,0.353875492,472,0.458927508,0.08115278,0.018055532,1.05,8
D025,S012,O094,6,105,0.353875492,888,0.302089761,0.091469055,0.358945917,1.05,193
D025,S013,O049,6,105,0.353875492,33,0.068127718,0.327197905,0.351458552,1.05,6
D025,S014,O002,6,105,0.353875492,71,0.386957289,0.33590604,0.423756547,1.05,16
D025,S015,O009,6,105,0.353875492,39,0.272204984,0.243100415,0.446678,1.05,1
D025,S016,O096,6,105,0.353875492,91,0.16170145,0.264353919,0.069555674,1.05,20
D025,S017,O067,6,105,0.353875492,60,0.359928689,0.02076874,0.174232425,1.05,6
D025,S018,O037,6,105,0.353875492,232,0.083660283,0.374766445,0.463420281,1.05,16
D025,S019,O039,6,105,0.353875492,48,0.232718262,0.17994217,0.033136716,1.05,1
D025,S020,O029,6,105,0.353875492,744,0.31398409,0.144642217,0.380464816,1.05,47
D025,S021,O055,6,105,0.353875492,143,0.09821222,0.163666817,0.285033773,1.05,17
D025,S022,O075,6,105,0.353875492,31,0.495260113,0.154710174,0.269857669,1.05,5
D025,S023,O052,6,105,0.353875492,249,0.293109713,0.381495942,0.29384703,1.05,30
D025,S024,O020,6,105,0.353875492,113,0.348269976,0.095285863,0.409466489,1.05,28
D025,S025,O023,6,105,0.353875492,410,0.214451437,0.12789836,0.094002538,1.05,34
D025,S026,O069,6,105,0.353875492,600,0.193256125,0.259153683,0.18565311,1.05,107
D025,S027,O054,6,105,0.353875492,70,0.483939677,0.225369653,0.039302168,1.05,11
D025,S028,O063,6,105,0.353875492,159,0.167777479,0.069957712,0.130372357,1.05,38
D025,S029,O058,6,105,0.353875492,22,0.090722232,0.036785238,0.101049312,1.05,4
D025,S030,O042,6,105,0.353875492,533,0.049123846,0.273615249,0.271891148,1.05,28
D025,S031,O083,6,105,0.353875492,89,0.002629244,0.11891721,0.012340148,1.05,13
D025,S032,O086,6,105,0.353875492,135,0.469888219,0.056365997,0.043821459,1.05,28
D026,S001,O004,7,296,0.346738461,544,0.015441285,0.39993713,0.047767101,1.05,12
D026,S002,O061,7,296,0.346738461,27,0.381805437,0.01616482,0.491613692,1.05,4
D026,S003,O084,7,296,0.346738461,797,0.372992677,0.000386491,0.00152113,1.05,169
D026,S004,O040,7,296,0.346738461,585,0.392959459,0.39457393,0.498815231,1.05,30
D026,S005,O074,7,296,0.346738461,36,0.042568944,0.004280635,0.087293441,1.05,3
D026,S006,O014,7,296,0.346738461,505,0.055050564,0.385744929,0.323573274,1.05,126
D026,S007,O095,7,296,0.346738461,29,0.365502327,0.314203797,0.177999519,1.05,3
D026,S008,O008,7,296,0.346738461,217,0.118365868,0.010264005,0.438577644,1.05,4
D026,S009,O044,7,296,0.346738461,721,0.432376139,0.324925408,0.144007894,1.05,148
D026,S010,O071,7,296,0.346738461,830,0.025772238,0.059916076,0.006124037,1.05,1
D026,S011,O005,7,296,0.346738461,472,0.458927508,0.08115278,0.018055532,1.05,8
D026,S012,O094,7,296,0.346738461,888,0.302089761,0.091469055,0.358945917,1.05,193
D026,S013,O049,7,296,0.346738461,33,0.068127718,0.327197905,0.351458552,1.05,6
D026,S014,O002,7,296,0.346738461,71,0.386957289,0.33590604,0.423756547,1.05,16
D026,S015,O009,7,296,0.346738461,39,0.272204984,0.243100415,0.446678,1.05,1
D026,S016,O096,7,296,0.346738461,91,0.16170145,0.264353919,0.069555674,1.05,20
D026,S017,O067,7,296,0.346738461,60,0.359928689,0.02076874,0.174232425,1.05,6
D026,S018,O037,7,296,0.346738461,232,0.083660283,0.374766445,0.463420281,1.05,16
D026,S019,O039,7,296,0.346738461,48,0.232718262,0.17994217,0.033136716,1.05,1
D026,S020,O029,7,296,0.346738461,744,0.31398409,0.144642217,0.380464816,1.05,47
D026,S021,O055,7,296,0.346738461,143,0.09821222,0.163666817,0.285033773,1.05,17
D026,S022,O075,7,296,0.346738461,31,0.495260113,0.154710174,0.269857669,1.05,5
D026,S023,O052,7,296,0.346738461,249,0.293109713,0.381495942,0.29384703,1.05,30
D026,S024,O020,7,296,0.346738461,113,0.348269976,0.095285863,0.409466489,1.05,28
D026,S025,O023,7,296,0.346738461,410,0.214451437,0.12789836,0.094002538,1.05,34
D026,S026,O069,7,296,0.346738461,600,0.193256125,0.259153683,0.18565311,1.05,107
D026,S027,O054,7,296,0.346738461,70,0.483939677,0.225369653,0.039302168,1.05,11
D026,S028,O063,7,296,0.346738461,159,0.167777479,0.069957712,0.130372357,1.05,38
D026,S029,O058,7,296,0.346738461,22,0.090722232,0.036785238,0.101049312,1.05,4
D026,S030,O042,7,296,0.346738461,533,0.049123846,0.273615249,0.271891148,1.05,28
D026,S031,O083,7,296,0.346738461,89,0.002629244,0.11891721,0.012340148,1.05,13
D026,S032,O086,7,296,0.346738461,135,0.469888219,0.056365997,0.043821459,1.05,28
D027,S001,O004,3,76,2.340604359,544,0.015441285,0.39993713,0.047767101,1.05,12
D027,S002,O061,3,76,2.340604359,27,0.381805437,0.01616482,0.491613692,1.05,4
D027,S003,O084,3,76,2.340604359,797,0.372992677,0.000386491,0.00152113,1.05,169
D027,S004,O040,3,76,2.340604359,585,0.392959459,0.39457393,0.498815231,1.05,30
D027,S005,O074,3,76,2.340604359,36,0.042568944,0.004280635,0.087293441,1.05,3
D027,S006,O014,3,76,2.340604359,505,0.055050564,0.385744929,0.323573274,1.05,126
D027,S007,O095,3,76,2.340604359,29,0.365502327,0.314203797,0.177999519,1.05,3
D027,S008,O008,3,76,2.340604359,217,0.118365868,0.010264005,0.438577644,1.05,4
D027,S009,O044,3,76,2.340604359,721,0.432376139,0.324925408,0.144007894,1.05,148
D027,S010,O071,3,76,2.340604359,830,0.025772238,0.059916076,0.006124037,1.05,1
D027,S011,O005,3,76,2.340604359,472,0.458927508,0.08115278,0.018055532,1.05,8
D027,S012,O094,3,76,2.340604359,888,0.302089761,0.091469055,0.358945917,1.05,193
D027,S013,O049,3,76,2.340604359,33,0.068127718,0.327197905,0.351458552,1.05,6
D027,S014,O002,3,76,2.340604359,71,0.386957289,0.33590604,0.423756547,1.05,16
D027,S015,O009,3,76,2.340604359,39,0.272204984,0.243100415,0.446678,1.05,1
D027,S016,O096,3,76,2.340604359,91,0.16170145,0.264353919,0.069555674,1.05,20
D027,S017,O067,3,76,2.340604359,60,0.359928689,0.02076874,0.174232425,1.05,6
D027,S018,O037,3,76,2.340604359,232,0.083660283,0.374766445,0.463420281,1.05,16
D027,S019,O039,3,76,2.340604359,48,0.232718262,0.17994217,0.033136716,1.05,1
D027,S020,O029,3,76,2.340604359,744,0.31398409,0.144642217,0.380464816,1.05,47
D027,S021,O055,3,76,2.340604359,143,0.09821222,0.163666817,0.285033773,1.05,17
D027,S022,O075,3,76,2.340604359,31,0.495260113,0.154710174,0.269857669,1.05,5
D027,S023,O052,3,76,2.340604359,249,0.293109713,0.381495942,0.29384703,1.05,30
D027,S024,O020,3,76,2.340604359,113,0.348269976,0.095285863,0.409466489,1.05,28
D027,S025,O023,3,76,2.340604359,410,0.214451437,0.12789836,0.094002538,1.05,34
D027,S026,O069,3,76,2.340604359,600,0.193256125,0.259153683,0.18565311,1.05,107
D027,S027,O054,3,76,2.340604359,70,0.483939677,0.225369653,0.039302168,1.05,11
D027,S028,O063,3,76,2.340604359,159,0.167777479,0.069957712,0.130372357,1.05,38
D027,S029,O058,3,76,2.340604359,22,0.090722232,0.036785238,0.101049312,1.05,4
D027,S030,O042,3,76,2.340604359,533,0.049123846,0.273615249,0.271891148,1.05,28
D027,S031,O083,3,76,2.340604359,89,0.002629244,0.11891721,0.012340148,1.05,13
D027,S032,O086,3,76,2.340604359,135,0.469888219,0.056365997,0.043821459,1.05,28
D028,S001,O004,8,95,2.954209362,544,0.015441285,0.39993713,0.047767101,1.05,12
D028,S002,O061,8,95,2.954209362,27,0.381805437,0.01616482,0.491613692,1.05,4
D028,S003,O084,8,95,2.954209362,797,0.372992677,0.000386491,0.00152113,1.05,169
D028,S004,O040,8,95,2.954209362,585,0.392959459,0.39457393,0.498815231,1.05,30
D028,S005,O074,8,95,2.954209362,36,0.042568944,0.004280635,0.087293441,1.05,3
D028,S006,O014,8,95,2.954209362,505,0.055050564,0.385744929,0.323573274,1.05,126
D028,S007,O095,8,95,2.954209362,29,0.365502327,0.314203797,0.177999519,1.05,3
D028,S008,O008,8,95,2.954209362,217,0.118365868,0.010264005,0.438577644,1.05,4
D028,S009,O044,8,95,2.954209362,721,0.432376139,0.324925408,0.144007894,1.05,148
D028,S010,O071,8,95,2.954209362,830,0.025772238,0.059916076,0.006124037,1.05,1
D028,S011,O005,8,95,2.954209362,472,0.458927508,0.08115278,0.018055532,1.05,8
D028,S012,O094,8,95,2.954209362,888,0.302089761,0.091469055,0.358945917,1.05,193
D028,S013,O049,8,95,2.954209362,33,0.068127718,0.327197905,0.351458552,1.05,6
D028,S014,O002,8,95,2.954209362,71,0.386957289,0.33590604,0.423756547,1.05,16
D028,S015,O009,8,95,2.954209362,39,0.272204984,0.243100415,0.446678,1.05,1
D028,S016,O096,8,95,2.954209362,91,0.16170145,0.264353919,0.069555674,1.05,20
D028,S017,O067,8,95,2.954209362,60,0.359928689,0.02076874,0.174232425,1.05,6
D028,S018,O037,8,95,2.954209362,232,0.083660283,0.374766445,0.463420281,1.05,16
D028,S019,O039,8,95,2.954209362,48,0.232718262,0.17994217,0.033136716,1.05,1
D028,S020,O029,8,95,2.954209362,744,0.31398409,0.144642217,0.380464816,1.05,47
D028,S021,O055,8,95,2.954209362,143,0.09821222,0.163666817,0.285033773,1.05,17
D028,S022,O075,8,95,2.954209362,31,0.495260113,0.154710174,0.269857669,1.05,5
D028,S023,O052,8,95,2.954209362,249,0.293109713,0.381495942,0.29384703,1.05,30
D028,S024,O020,8,95,2.954209362,113,0.348269976,0.095285863,0.409466489,1.05,28
D028,S025,O023,8,95,2.954209362,410,0.214451437,0.12789836,0.094002538,1.05,34
D028,S026,O069,8,95,2.954209362,600,0.193256125,0.259153683,0.18565311,1.05,107
D028,S027,O054,8,95,2.954209362,70,0.483939677,0.225369653,0.039302168,1.05,11
D028,S028,O063,8,95,2.954209362,159,0.167777479,0.069957712,0.130372357,1.05,38
D028,S029,O058,8,95,2.954209362,22,0.090722232,0.036785238,0.101049312,1.05,4
D028,S030,O042,8,95,2.954209362,533,0.049123846,0.273615249,0.271891148,1.05,28
D028,S031,O083,8,95,2.954209362,89,0.002629244,0.11891721,0.012340148,1.05,13
D028,S032,O086,8,95,2.954209362,135,0.469888219,0.056365997,0.043821459,1.05,28
D029,S001,O004,6,1106,1.215069684,544,0.015441285,0.39993713,0.047767101,1.05,12
D029,S002,O061,6,1106,1.215069684,27,0.381805437,0.01616482,0.491613692,1.05,4
D029,S003,O084,6,1106,1.215069684,797,0.372992677,0.000386491,0.00152113,1.05,169
D029,S004,O040,6,1106,1.215069684,585,0.392959459,0.39457393,0.498815231,1.05,30
D029,S005,O074,6,1106,1.215069684,36,0.042568944,0.004280635,0.087293441,1.05,3
D029,S006,O014,6,1106,1.215069684,505,0.055050564,0.385744929,0.323573274,1.05,126
D029,S007,O095,6,1106,1.215069684,29,0.365502327,0.314203797,0.177999519,1.05,3
D029,S008,O008,6,1106,1.215069684,217,0.118365868,0.010264005,0.438577644,1.05,4
D029,S009,O044,6,1106,1.215069684,721,0.432376139,0.324925408,0.144007894,1.05,148
D029,S010,O071,6,1106,1.215069684,830,0.025772238,0.059916076,0.006124037,1.05,1
D029,S011,O005,6,1106,1.215069684,472,0.458927508,0.08115278,0.018055532,1.05,8
D029,S012,O094,6,1106,1.215069684,888,0.302089761,0.091469055,0.358945917,1.05,193
D029,S013,O049,6,1106,1.215069684,33,0.068127718,0.327197905,0.351458552,1.05,6
D029,S014,O002,6,1106,1.215069684,71,0.386957289,0.33590604,0.423756547,1.05,16
D029,S015,O009,6,1106,1.215069684,39,0.272204984,0.243100415,0.446678,1.05,1
D029,S016,O096,6,1106,1.215069684,91,0.16170145,0.264353919,0.069555674,1.05,20
D029,S017,O067,6,1106,1.215069684,60,0.359928689,0.02076874,0.174232425,1.05,6
D029,S018,O037,6,1106,1.215069684,232,0.083660283,0.374766445,0.463420281,1.05,16
D029,S019,O039,6,1106,1.215069684,48,0.232718262,0.17994217,0.033136716,1.05,1
D029,S020,O029,6,1106,1.215069684,744,0.31398409,0.144642217,0.380464816,1.05,47
D029,S021,O055,6,1106,1.215069684,143,0.09821222,0.163666817,0.285033773,1.05,17
D029,S022,O075,6,1106,1.215069684,31,0.495260113,0.154710174,0.269857669,1.05,5
D029,S023,O052,6,1106,1.215069684,249,0.293109713,0.381495942,0.29384703,1.05,30
D029,S024,O020,6,1106,1.215069684,113,0.348269976,0.095285863,0.409466489,1.05,28
D029,S025,O023,6,1106,1.215069684,410,0.214451437,0.12789836,0.094002538,1.05,34
D029,S026,O069,6,1106,1.215069684,600,0.193256125,0.259153683,0.18565311,1.05,107
D029,S027,O054,6,1106,1.215069684,70,0.483939677,0.225369653,0.039302168,1.05,11
D029,S028,O063,6,1106,1.215069684,159,0.167777479,0.069957712,0.130372357,1.05,38
D029,S029,O058,6,1106,1.215069684,22,0.090722232,0.036785238,0.101049312,1.05,4
D029,S030,O042,6,1106,1.215069684,533,0.049123846,0.273615249,0.271891148,1.05,28
D029,S031,O083,6,1106,1.215069684,89,0.002629244,0.11891721,0.012340148,1.05,13
D029,S032,O086,6,1106,1.215069684,135,0.469888219,0.056365997,0.043821459,1.05,28
D030,S001,O004,3,921,3.850160423,544,0.015441285,0.39993713,0.047767101,1.05,12
D030,S002,O061,3,921,3.850160423,27,0.381805437,0.01616482,0.491613692,1.05,4
D030,S003,O084,3,921,3.850160423,797,0.372992677,0.000386491,0.00152113,1.05,169
D030,S004,O040,3,921,3.850160423,585,0.392959459,0.39457393,0.498815231,1.05,30
D030,S005,O074,3,921,3.850160423,36,0.042568944,0.004280635,0.087293441,1.05,3
D030,S006,O014,3,921,3.850160423,505,0.055050564,0.385744929,0.323573274,1.05,126
D030,S007,O095,3,921,3.850160423,29,0.365502327,0.314203797,0.177999519,1.05,3
D030,S008,O008,3,921,3.850160423,217,0.118365868,0.010264005,0.438577644,1.05,4
D030,S009,O044,3,921,3.850160423,721,0.432376139,0.324925408,0.144007894,1.05,148
D030,S010,O071,3,921,3.850160423,830,0.025772238,0.059916076,0.006124037,1.05,1
D030,S011,O005,3,921,3.850160423,472,0.458927508,0.08115278,0.018055532,1.05,8
D030,S012,O094,3,921,3.850160423,888,0.302089761,0.091469055,0.358945917,1.05,193
D030,S013,O049,3,921,3.850160423,33,0.068127718,0.327197905,0.351458552,1.05,6
D030,S014,O002,3,921,3.850160423,71,0.386957289,0.33590604,0.423756547,1.05,16
D030,S015,O009,3,921,3.850160423,39,0.272204984,0.243100415,0.446678,1.05,1
D030,S016,O096,3,921,3.850160423,91,0.16170145,0.264353919,0.069555674,1.05,20
D030,S017,O067,3,921,3.850160423,60,0.359928689,0.02076874,0.174232425,1.05,6
D030,S018,O037,3,921,3.850160423,232,0.083660283,0.374766445,0.463420281,1.05,16
D030,S019,O039,3,921,3.850160423,48,0.232718262,0.17994217,0.033136716,1.05,1
D030,S020,O029,3,921,3.850160423,744,0.31398409,0.144642217,0.380464816,1.05,47
D030,S021,O055,3,921,3.850160423,143,0.09821222,0.163666817,0.285033773,1.05,17
D030,S022,O075,3,921,3.850160423,31,0.495260113,0.154710174,0.269857669,1.05,5
D030,S023,O052,3,921,3.850160423,249,0.293109713,0.381495942,0.29384703,1.05,30
D030,S024,O020,3,921,3.850160423,113,0.348269976,0.095285863,0.409466489,1.05,28
D030,S025,O023,3,921,3.850160423,410,0.214451437,0.12789836,0.094002538,1.05,34
D030,S026,O069,3,921,3.850160423,600,0.193256125,0.259153683,0.18565311,1.05,107
D030,S027,O054,3,921,3.850160423,70,0.483939677,0.225369653,0.039302168,1.05,11
D030,S028,O063,3,921,3.850160423,159,0.167777479,0.069957712,0.130372357,1.05,38
D030,S029,O058,3,921,3.850160423,22,0.090722232,0.036785238,0.101049312,1.05,4
D030,S030,O042,3,921,3.850160423,533,0.049123846,0.273615249,0.271891148,1.05,28
D030,S031,O083,3,921,3.850160423,89,0.002629244,0.11891721,0.012340148,1.05,13
D030,S032,O086,3,921,3.850160423,135,0.469888219,0.056365997,0.043821459,1.05,28
D031,S001,O004,2,330,5.500368216,544,0.015441285,0.39993713,0.047767101,1.05,12
D031,S002,O061,2,330,5.500368216,27,0.381805437,0.01616482,0.491613692,1.05,4
D031,S003,O084,2,330,5.500368216,797,0.372992677,0.000386491,0.00152113,1.05,169
D031,S004,O040,2,330,5.500368216,585,0.392959459,0.39457393,0.498815231,1.05,30
D031,S005,O074,2,330,5.500368216,36,0.042568944,0.004280635,0.087293441,1.05,3
D031,S006,O014,2,330,5.500368216,505,0.055050564,0.385744929,0.323573274,1.05,126
D031,S007,O095,2,330,5.500368216,29,0.365502327,0.314203797,0.177999519,1.05,3
D031,S008,O008,2,330,5.500368216,217,0.118365868,0.010264005,0.438577644,1.05,4
D031,S009,O044,2,330,5.500368216,721,0.432376139,0.324925408,0.144007894,1.05,148
D031,S010,O071,2,330,5.500368216,830,0.025772238,0.059916076,0.006124037,1.05,1
D031,S011,O005,2,330,5.500368216,472,0.458927508,0.08115278,0.018055532,1.05,8
D031,S012,O094,2,330,5.500368216,888,0.302089761,0.091469055,0.358945917,1.05,193
D031,S013,O049,2,330,5.500368216,33,0.068127718,0.327197905,0.351458552,1.05,6
D031,S014,O002,2,330,5.500368216,71,0.386957289,0.33590604,0.423756547,1.05,16
D031,S015,O009,2,330,5.500368216,39,0.272204984,0.243100415,0.446678,1.05,1
D031,S016,O096,2,330,5.500368216,91,0.16170145,0.264353919,0.069555674,1.05,20
D031,S017,O067,2,330,5.500368216,60,0.359928689,0.02076874,0.174232425,1.05,6
D031,S018,O037,2,330,5.500368216,232,0.083660283,0.374766445,0.463420281,1.05,16
D031,S019,O039,2,330,5.500368216,48,0.232718262,0.17994217,0.033136716,1.05,1
D031,S020,O029,2,330,5.500368216,744,0.31398409,0.144642217,0.380464816,1.05,47
D031,S021,O055,2,330,5.500368216,143,0.09821222,0.163666817,0.285033773,1.05,17
D031,S022,O075,2,330,5.500368216,31,0.495260113,0.154710174,0.269857669,1.05,5
D031,S023,O052,2,330,5.500368216,249,0.293109713,0.381495942,0.29384703,1.05,30
D031,S024,O020,2,330,5.500368216,113,0.348269976,0.095285863,0.409466489,1.05,28
D031,S025,O023,2,330,5.500368216,410,0.214451437,0.12789836,0.094002538,1.05,34
D031,S026,O069,2,330,5.500368216,600,0.193256125,0.259153683,0.18565311,1.05,107
D031,S027,O054,2,330,5.500368216,70,0.483939677,0.225369653,0.039302168,1.05,11
D031,S028,O063,2,330,5.500368216,159,0.167777479,0.069957712,0.130372357,1.05,38
D031,S029,O058,2,330,5.500368216,22,0.090722232,0.036785238,0.101049312,1.05,4
D031,S030,O042,2,330,5.500368216,533,0.049123846,0.273615249,0.271891148,1.05,28
D031,S031,O083,2,330,5.500368216,89,0.002629244,0.11891721,0.012340148,1.05,13
D031,S032,O086,2,330,5.500368216,135,0.469888219,0.056365997,0.043821459,1.05,28
D032,S001,O004,8,69,0.62871001,544,0.015441285,0.39993713,0.047767101,1.05,12
D032,S002,O061,8,69,0.62871001,27,0.381805437,0.01616482,0.491613692,1.05,4
D032,S003,O084,8,69,0.62871001,797,0.372992677,0.000386491,0.00152113,1.05,169
D032,S004,O040,8,69,0.62871001,585,0.392959459,0.39457393,0.498815231,1.05,30
D032,S005,O074,8,69,0.62871001,36,0.042568944,0.004280635,0.087293441,1.05,3
D032,S006,O014,8,69,0.62871001,505,0.055050564,0.385744929,0.323573274,1.05,126
D032,S007,O095,8,69,0.62871001,29,0.365502327,0.314203797,0.177999519,1.05,3
D032,S008,O008,8,69,0.62871001,217,0.118365868,0.010264005,0.438577644,1.05,4
D032,S009,O044,8,69,0.62871001,721,0.432376139,0.324925408,0.144007894,1.05,148
D032,S010,O071,8,69,0.62871001,830,0.025772238,0.059916076,0.006124037,1.05,1
D032,S011,O005,8,69,0.62871001,472,0.458927508,0.08115278,0.018055532,1.05,8
D032,S012,O094,8,69,0.62871001,888,0.302089761,0.091469055,0.358945917,1.05,193
D032,S013,O049,8,69,0.62871001,33,0.068127718,0.327197905,0.351458552,1.05,6
D032,S014,O002,8,69,0.62871001,71,0.386957289,0.33590604,0.423756547,1.05,16
D032,S015,O009,8,69,0.62871001,39,0.272204984,0.243100415,0.446678,1.05,1
D032,S016,O096,8,69,0.62871001,91,0.16170145,0.264353919,0.069555674,1.05,20
D032,S017,O067,8,69,0.62871001,60,0.359928689,0.02076874,0.174232425,1.05,6
D032,S018,O037,8,69,0.62871001,232,0.083660283,0.374766445,0.463420281,1.05,16
D032,S019,O039,8,69,0.62871001,48,0.232718262,0.17994217,0.033136716,1.05,1
D032,S020,O029,8,69,0.62871001,744,0.31398409,0.144642217,0.380464816,1.05,47
D032,S021,O055,8,69,0.62871001,143,0.09821222,0.163666817,0.285033773,1.05,17
D032,S022,O075,8,69,0.62871001,31,0.495260113,0.154710174,0.269857669,1.05,5
D032,S023,O052,8,69,0.62871001,249,0.293109713,0.381495942,0.29384703,1.05,30
D032,S024,O020,8,69,0.62871001,113,0.348269976,0.095285863,0.409466489,1.05,28
D032,S025,O023,8,69,0.62871001,410,0.214451437,0.12789836,0.094002538,1.05,34
D032,S026,O069,8,69,0.62871001,600,0.193256125,0.259153683,0.18565311,1.05,107
D032,S027,O054,8,69,0.62871001,70,0.483939677,0.225369653,0.039302168,1.05,11
D032,S028,O063,8,69,0.62871001,159,0.167777479,0.069957712,0.130372357,1.05,38
D032,S029,O058,8,69,0.62871001,22,0.090722232,0.036785238,0.101049312,1.05,4
D032,S030,O042,8,69,0.62871001,533,0.049123846,0.273615249,0.271891148,1.05,28
D032,S031,O083,8,69,0.62871001,89,0.002629244,0.11891721,0.012340148,1.05,13
D032,S032,O086,8,69,0.62871001,135,0.469888219,0.056365997,0.043821459,1.05,28
D033,S001,O004,7,91,2.174956508,544,0.015441285,0.39993713,0.047767101,1.05,12
D033,S002,O061,7,91,2.174956508,27,0.381805437,0.01616482,0.491613692,1.05,4
D033,S003,O084,7,91,2.174956508,797,0.372992677,0.000386491,0.00152113,1.05,169
D033,S004,O040,7,91,2.174956508,585,0.392959459,0.39457393,0.498815231,1.05,30
D033,S005,O074,7,91,2.174956508,36,0.042568944,0.004280635,0.087293441,1.05,3
D033,S006,O014,7,91,2.174956508,505,0.055050564,0.385744929,0.323573274,1.05,126
D033,S007,O095,7,91,2.174956508,29,0.365502327,0.314203797,0.177999519,1.05,3
D033,S008,O008,7,91,2.174956508,217,0.118365868,0.010264005,0.438577644,1.05,4
D033,S009,O044,7,91,2.174956508,721,0.432376139,0.324925408,0.144007894,1.05,148
D033,S010,O071,7,91,2.174956508,830,0.025772238,0.059916076,0.006124037,1.05,1
D033,S011,O005,7,91,2.174956508,472,0.458927508,0.08115278,0.018055532,1.05,8
D033,S012,O094,7,91,2.174956508,888,0.302089761,0.091469055,0.358945917,1.05,193
D033,S013,O049,7,91,2.174956508,33,0.068127718,0.327197905,0.351458552,1.05,6
D033,S014,O002,7,91,2.174956508,71,0.386957289,0.33590604,0.423756547,1.05,16
D033,S015,O009,7,91,2.174956508,39,0.272204984,0.243100415,0.446678,1.05,1
D033,S016,O096,7,91,2.174956508,91,0.16170145,0.264353919,0.069555674,1.05,20
D033,S017,O067,7,91,2.174956508,60,0.359928689,0.02076874,0.174232425,1.05,6
D033,S018,O037,7,91,2.174956508,232,0.083660283,0.374766445,0.463420281,1.05,16
D033,S019,O039,7,91,2.174956508,48,0.232718262,0.17994217,0.033136716,1.05,1
D033,S020,O029,7,91,2.174956508,744,0.31398409,0.144642217,0.380464816,1.05,47
D033,S021,O055,7,91,2.174956508,143,0.09821222,0.163666817,0.285033773,1.05,17
D033,S022,O075,7,91,2.174956508,31,0.495260113,0.154710174,0.269857669,1.05,5
D033,S023,O052,7,91,2.174956508,249,0.293109713,0.381495942,0.29384703,1.05,30
D033,S024,O020,7,91,2.174956508,113,0.348269976,0.095285863,0.409466489,1.05,28
D033,S025,O023,7,91,2.174956508,410,0.214451437,0.12789836,0.094002538,1.05,34
D033,S026,O069,7,91,2.174956508,600,0.193256125,0.259153683,0.18565311,1.05,107
D033,S027,O054,7,91,2.174956508,70,0.483939677,0.225369653,0.039302168,1.05,11
D033,S028,O063,7,91,2.174956508,159,0.167777479,0.069957712,0.130372357,1.05,38
D033,S029,O058,7,91,2.174956508,22,0.090722232,0.036785238,0.101049312,1.05,4
D033,S030,O042,7,91,2.174956508,533,0.049123846,0.273615249,0.271891148,1.05,28
D033,S031,O083,7,91,2.174956508,89,0.002629244,0.11891721,0.012340148,1.05,13
D033,S032,O086,7,91,2.174956508,135,0.469888219,0.056365997,0.043821459,1.05,28
D034,S001,O004,4,123,0.496955863,544,0.015441285,0.39993713,0.047767101,1.05,12
D034,S002,O061,4,123,0.496955863,27,0.381805437,0.01616482,0.491613692,1.05,4
D034,S003,O084,4,123,0.496955863,797,0.372992677,0.000386491,0.00152113,1.05,169
D034,S004,O040,4,123,0.496955863,585,0.392959459,0.39457393,0.498815231,1.05,30
D034,S005,O074,4,123,0.496955863,36,0.042568944,0.004280635,0.087293441,1.05,3
D034,S006,O014,4,123,0.496955863,505,0.055050564,0.385744929,0.323573274,1.05,126
D034,S007,O095,4,123,0.496955863,29,0.365502327,0.314203797,0.177999519,1.05,3
D034,S008,O008,4,123,0.496955863,217,0.118365868,0.010264005,0.438577644,1.05,4
D034,S009,O044,4,123,0.496955863,721,0.432376139,0.324925408,0.144007894,1.05,148
D034,S010,O071,4,123,0.496955863,830,0.025772238,0.059916076,0.006124037,1.05,1
D034,S011,O005,4,123,0.496955863,472,0.458927508,0.08115278,0.018055532,1.05,8
D034,S012,O094,4,123,0.496955863,888,0.302089761,0.091469055,0.358945917,1.05,193
D034,S013,O049,4,123,0.496955863,33,0.068127718,0.327197905,0.351458552,1.05,6
D034,S014,O002,4,123,0.496955863,71,0.386957289,0.33590604,0.423756547,1.05,16
D034,S015,O009,4,123,0.496955863,39,0.272204984,0.243100415,0.446678,1.05,1
D034,S016,O096,4,123,0.496955863,91,0.16170145,0.264353919,0.069555674,1.05,20
D034,S017,O067,4,123,0.496955863,60,0.359928689,0.02076874,0.174232425,1.05,6
D034,S018,O037,4,123,0.496955863,232,0.083660283,0.374766445,0.463420281,1.05,16
D034,S019,O039,4,123,0.496955863,48,0.232718262,0.17994217,0.033136716,1.05,1
D034,S020,O029,4,123,0.496955863,744,0.31398409,0.144642217,0.380464816,1.05,47
D034,S021,O055,4,123,0.496955863,143,0.09821222,0.163666817,0.285033773,1.05,17
D034,S022,O075,4,123,0.496955863,31,0.495260113,0.154710174,0.269857669,1.05,5
D034,S023,O052,4,123,0.496955863,249,0.293109713,0.381495942,0.29384703,1.05,30
D034,S024,O020,4,123,0.496955863,113,0.348269976,0.095285863,0.409466489,1.05,28
D034,S025,O023,4,123,0.496955863,410,0.214451437,0.12789836,0.094002538,1.05,34
D034,S026,O069,4,123,0.496955863,600,0.193256125,0.259153683,0.18565311,1.05,107
D034,S027,O054,4,123,0.496955863,70,0.483939677,0.225369653,0.039302168,1.05,11
D034,S028,O063,4,123,0.496955863,159,0.167777479,0.069957712,0.130372357,1.05,38
D034,S029,O058,4,123,0.496955863,22,0.090722232,0.036785238,0.101049312,1.05,4
D034,S030,O042,4,123,0.496955863,533,0.049123846,0.273615249,0.271891148,1.05,28
D034,S031,O083,4,123,0.496955863,89,0.002629244,0.11891721,0.012340148,1.05,13
D034,S032,O086,4,123,0.496955863,135,0.469888219,0.056365997,0.043821459,1.05,28
D035,S001,O004,1,62,0.375666448,544,0.015441285,0.39993713,0.047767101,1.05,12
D035,S002,O061,1,62,0.375666448,27,0.381805437,0.01616482,0.491613692,1.05,4
D035,S003,O084,1,62,0.375666448,797,0.372992677,0.000386491,0.00152113,1.05,169
D035,S004,O040,1,62,0.375666448,585,0.392959459,0.39457393,0.498815231,1.05,30
D035,S005,O074,1,62,0.375666448,36,0.042568944,0.004280635,0.087293441,1.05,3
D035,S006,O014,1,62,0.375666448,505,0.055050564,0.385744929,0.323573274,1.05,126
D035,S007,O095,1,62,0.375666448,29,0.365502327,0.314203797,0.177999519,1.05,3
D035,S008,O008,1,62,0.375666448,217,0.118365868,0.010264005,0.438577644,1.05,4
D035,S009,O044,1,62,0.375666448,721,0.432376139,0.324925408,0.144007894,1.05,148
D035,S010,O071,1,62,0.375666448,830,0.025772238,0.059916076,0.006124037,1.05,1
D035,S011,O005,1,62,0.375666448,472,0.458927508,0.08115278,0.018055532,1.05,8
D035,S012,O094,1,62,0.375666448,888,0.302089761,0.091469055,0.358945917,1.05,193
D035,S013,O049,1,62,0.375666448,33,0.068127718,0.327197905,0.351458552,1.05,6
D035,S014,O002,1,62,0.375666448,71,0.386957289,0.33590604,0.423756547,1.05,16
D035,S015,O009,1,62,0.375666448,39,0.272204984,0.243100415,0.446678,1.05,1
D035,S016,O096,1,62,0.375666448,91,0.16170145,0.264353919,0.069555674,1.05,20
D035,S017,O067,1,62,0.375666448,60,0.359928689,0.02076874,0.174232425,1.05,6
D035,S018,O037,1,62,0.375666448,232,0.083660283,0.374766445,0.463420281,1.05,16
D035,S019,O039,1,62,0.375666448,48,0.232718262,0.17994217,0.033136716,1.05,1
D035,S020,O029,1,62,0.375666448,744,0.31398409,0.144642217,0.380464816,1.05,47
D035,S021,O055,1,62,0.375666448,143,0.09821222,0.163666817,0.285033773,1.05,17
D035,S022,O075,1,62,0.375666448,31,0.495260113,0.154710174,0.269857669,1.05,5
D035,S023,O052,1,62,0.375666448,249,0.293109713,0.381495942,0.29384703,1.05,30
D035,S024,O020,1,62,0.375666448,113,0.348269976,0.095285863,0.409466489,1.05,28
D035,S025,O023,1,62,0.375666448,410,0.214451437,0.12789836,0.094002538,1.05,34
D035,S026,O069,1,62,0.375666448,600,0.193256125,0.259153683,0.18565311,1.05,107
D035,S027,O054,1,62,0.375666448,70,0.483939677,0.225369653,0.039302168,1.05,11
D035,S028,O063,1,62,0.375666448,159,0.167777479,0.069957712,0.130372357,1.05,38
D035,S029,O058,1,62,0.375666448,22,0.090722232,0.036785238,0.101049312,1.05,4
D035,S030,O042,1,62,0.375666448,533,0.049123846,0.273615249,0.271891148,1.05,28
D035,S031,O083,1,62,0.375666448,89,0.002629244,0.11891721,0.012340148,1.05,13
D035,S032,O086,1,62,0.375666448,135,0.469888219,0.056365997,0.043821459,1.05,28
D036,S001,O004,6,138,1.948187769,544,0.015441285,0.39993713,0.047767101,1.05,12
D036,S002,O061,6,138,1.948187769,27,0.381805437,0.01616482,0.491613692,1.05,4
D036,S003,O084,6,138,1.948187769,797,0.372992677,0.000386491,0.00152113,1.05,169
D036,S004,O040,6,138,1.948187769,585,0.392959459,0.39457393,0.498815231,1.05,30
D036,S005,O074,6,138,1.948187769,36,0.042568944,0.004280635,0.087293441,1.05,3
D036,S006,O014,6,138,1.948187769,505,0.055050564,0.385744929,0.323573274,1.05,126
D036,S007,O095,6,138,1.948187769,29,0.365502327,0.314203797,0.177999519,1.05,3
D036,S008,O008,6,138,1.948187769,217,0.118365868,0.010264005,0.438577644,1.05,4
D036,S009,O044,6,138,1.948187769,721,0.432376139,0.324925408,0.144007894,1.05,148
D036,S010,O071,6,138,1.948187769,830,0.025772238,0.059916076,0.006124037,1.05,1
D036,S011,O005,6,138,1.948187769,472,0.458927508,0.08115278,0.018055532,1.05,8
D036,S012,O094,6,138,1.948187769,888,0.302089761,0.091469055,0.358945917,1.05,193
D036,S013,O049,6,138,1.948187769,33,0.068127718,0.327197905,0.351458552,1.05,6
D036,S014,O002,6,138,1.948187769,71,0.386957289,0.33590604,0.423756547,1.05,16
D036,S015,O009,6,138,1.948187769,39,0.272204984,0.243100415,0.446678,1.05,1
D036,S016,O096,6,138,1.948187769,91,0.16170145,0.264353919,0.069555674,1.05,20
D036,S017,O067,6,138,1.948187769,60,0.359928689,0.02076874,0.174232425,1.05,6
D036,S018,O037,6,138,1.948187769,232,0.083660283,0.374766445,0.463420281,1.05,16
D036,S019,O039,6,138,1.948187769,48,0.232718262,0.17994217,0.033136716,1.05,1
D036,S020,O029,6,138,1.948187769,744,0.31398409,0.144642217,0.380464816,1.05,47
D036,S021,O055,6,138,1.948187769,143,0.09821222,0.163666817,0.285033773,1.05,17
D036,S022,O075,6,138,1.948187769,31,0.495260113,0.154710174,0.269857669,1.05,5
D036,S023,O052,6,138,1.948187769,249,0.293109713,0.381495942,0.29384703,1.05,30
D036,S024,O020,6,138,1.948187769,113,0.348269976,0.095285863,0.409466489,1.05,28
D036,S025,O023,6,138,1.948187769,410,0.214451437,0.12789836,0.094002538,1.05,34
D036,S026,O069,6,138,1.948187769,600,0.193256125,0.259153683,0.18565311,1.05,107
D036,S027,O054,6,138,1.948187769,70,0.483939677,0.225369653,0.039302168,1.05,11
D036,S028,O063,6,138,1.948187769,159,0.167777479,0.069957712,0.130372357,1.05,38
D036,S029,O058,6,138,1.948187769,22,0.090722232,0.036785238,0.101049312,1.05,4
D036,S030,O042,6,138,1.948187769,533,0.049123846,0.273615249,0.271891148,1.05,28
D036,S031,O083,6,138,1.948187769,89,0.002629244,0.11891721,0.012340148,1.05,13
D036,S032,O086,6,138,1.948187769,135,0.469888219,0.056365997,0.043821459,1.05,28
D037,S001,O004,2,436,3.335577859,544,0.015441285,0.39993713,0.047767101,1.05,12
D037,S002,O061,2,436,3.335577859,27,0.381805437,0.01616482,0.491613692,1.05,4
D037,S003,O084,2,436,3.335577859,797,0.372992677,0.000386491,0.00152113,1.05,169
D037,S004,O040,2,436,3.335577859,585,0.392959459,0.39457393,0.498815231,1.05,30
D037,S005,O074,2,436,3.335577859,36,0.042568944,0.004280635,0.087293441,1.05,3
D037,S006,O014,2,436,3.335577859,505,0.055050564,0.385744929,0.323573274,1.05,126
D037,S007,O095,2,436,3.335577859,29,0.365502327,0.314203797,0.177999519,1.05,3
D037,S008,O008,2,436,3.335577859,217,0.118365868,0.010264005,0.438577644,1.05,4
D037,S009,O044,2,436,3.335577859,721,0.432376139,0.324925408,0.144007894,1.05,148
D037,S010,O071,2,436,3.335577859,830,0.025772238,0.059916076,0.006124037,1.05,1
D037,S011,O005,2,436,3.335577859,472,0.458927508,0.08115278,0.018055532,1.05,8
D037,S012,O094,2,436,3.335577859,888,0.302089761,0.091469055,0.358945917,1.05,193
D037,S013,O049,2,436,3.335577859,33,0.068127718,0.327197905,0.351458552,1.05,6
D037,S014,O002,2,436,3.335577859,71,0.386957289,0.33590604,0.423756547,1.05,16
D037,S015,O009,2,436,3.335577859,39,0.272204984,0.243100415,0.446678,1.05,1
D037,S016,O096,2,436,3.335577859,91,0.16170145,0.264353919,0.069555674,1.05,20
D037,S017,O067,2,436,3.335577859,60,0.359928689,0.02076874,0.174232425,1.05,6
D037,S018,O037,2,436,3.335577859,232,0.083660283,0.374766445,0.463420281,1.05,16
D037,S019,O039,2,436,3.335577859,48,0.232718262,0.17994217,0.033136716,1.05,1
D037,S020,O029,2,436,3.335577859,744,0.31398409,0.144642217,0.380464816,1.05,47
D037,S021,O055,2,436,3.335577859,143,0.09821222,0.163666817,0.285033773,1.05,17
D037,S022,O075,2,436,3.335577859,31,0.495260113,0.154710174,0.269857669,1.05,5
D037,S023,O052,2,436,3.335577859,249,0.293109713,0.381495942,0.29384703,1.05,30
D037,S024,O020,2,436,3.335577859,113,0.348269976,0.095285863,0.409466489,1.05,28
D037,S025,O023,2,436,3.335577859,410,0.214451437,0.12789836,0.094002538,1.05,34
D037,S026,O069,2,436,3.335577859,600,0.193256125,0.259153683,0.18565311,1.05,107
D037,S027,O054,2,436,3.335577859,70,0.483939677,0.225369653,0.039302168,1.05,11
D037,S028,O063,2,436,3.335577859,159,0.167777479,0.069957712,0.130372357,1.05,38
D037,S029,O058,2,436,3.335577859,22,0.090722232,0.036785238,0.101049312,1.05,4
D037,S030,O042,2,436,3.335577859,533,0.049123846,0.273615249,0.271891148,1.05,28
D037,S031,O083,2,436,3.335577859,89,0.002629244,0.11891721,0.012340148,1.05,13
D037,S032,O086,2,436,3.335577859,135,0.469888219,0.056365997,0.043821459,1.05,28
D038,S001,O004,1,86,1.467773761,544,0.015441285,0.39993713,0.047767101,1.05,12
D038,S002,O061,1,86,1.467773761,27,0.381805437,0.01616482,0.491613692,1.05,4
D038,S003,O084,1,86,1.467773761,797,0.372992677,0.000386491,0.00152113,1.05,169
D038,S004,O040,1,86,1.467773761,585,0.392959459,0.39457393,0.498815231,1.05,30
D038,S005,O074,1,86,1.467773761,36,0.042568944,0.004280635,0.087293441,1.05,3
D038,S006,O014,1,86,1.467773761,505,0.055050564,0.385744929,0.323573274,1.05,126
D038,S007,O095,1,86,1.467773761,29,0.365502327,0.314203797,0.177999519,1.05,3
D038,S008,O008,1,86,1.467773761,217,0.118365868,0.010264005,0.438577644,1.05,4
D038,S009,O044,1,86,1.467773761,721,0.432376139,0.324925408,0.144007894,1.05,148
D038,S010,O071,1,86,1.467773761,830,0.025772238,0.059916076,0.006124037,1.05,1
D038,S011,O005,1,86,1.467773761,472,0.458927508,0.08115278,0.018055532,1.05,8
D038,S012,O094,1,86,1.467773761,888,0.302089761,0.091469055,0.358945917,1.05,193
D038,S013,O049,1,86,1.467773761,33,0.068127718,0.327197905,0.351458552,1.05,6
D038,S014,O002,1,86,1.467773761,71,0.386957289,0.33590604,0.423756547,1.05,16
D038,S015,O009,1,86,1.467773761,39,0.272204984,0.243100415,0.446678,1.05,1
D038,S016,O096,1,86,1.467773761,91,0.16170145,0.264353919,0.069555674,1.05,20
D038,S017,O067,1,86,1.467773761,60,0.359928689,0.02076874,0.174232425,1.05,6
D038,S018,O037,1,86,1.467773761,232,0.083660283,0.374766445,0.463420281,1.05,16
D038,S019,O039,1,86,1.467773761,48,0.232718262,0.17994217,0.033136716,1.05,1
D038,S020,O029,1,86,1.467773761,744,0.31398409,0.144642217,0.380464816,1.05,47
D038,S021,O055,1,86,1.467773761,143,0.09821222,0.163666817,0.285033773,1.05,17
D038,S022,O075,1,86,1.467773761,31,0.495260113,0.154710174,0.269857669,1.05,5
D038,S023,O052,1,86,1.467773761,249,0.293109713,0.381495942,0.29384703,1.05,30
D038,S024,O020,1,86,1.467773761,113,0.348269976,0.095285863,0.409466489,1.05,28
D038,S025,O023,1,86,1.467773761,410,0.214451437,0.12789836,0.094002538,1.05,34
D038,S026,O069,1,86,1.467773761,600,0.193256125,0.259153683,0.18565311,1.05,107
D038,S027,O054,1,86,1.467773761,70,0.483939677,0.225369653,0.039302168,1.05,11
D038,S028,O063,1,86,1.467773761,159,0.167777479,0.069957712,0.130372357,1.05,38
D038,S029,O058,1,86,1.467773761,22,0.090722232,0.036785238,0.101049312,1.05,4
D038,S030,O042,1,86,1.467773761,533,0.049123846,0.273615249,0.271891148,1.05,28
D038,S031,O083,1,86,1.467773761,89,0.002629244,0.11891721,0.012340148,1.05,13
D038,S032,O086,1,86,1.467773761,135,0.469888219,0.056365997,0.043821459,1.05,28
D039,S001,O004,7,767,6.727002821,544,0.015441285,0.39993713,0.047767101,1.05,12
D039,S002,O061,7,767,6.727002821,27,0.381805437,0.01616482,0.491613692,1.05,4
D039,S003,O084,7,767,6.727002821,797,0.372992677,0.000386491,0.00152113,1.05,169
D039,S004,O040,7,767,6.727002821,585,0.392959459,0.39457393,0.498815231,1.05,30
D039,S005,O074,7,767,6.727002821,36,0.042568944,0.004280635,0.087293441,1.05,3
D039,S006,O014,7,767,6.727002821,505,0.055050564,0.385744929,0.323573274,1.05,126
D039,S007,O095,7,767,6.727002821,29,0.365502327,0.314203797,0.177999519,1.05,3
D039,S008,O008,7,767,6.727002821,217,0.118365868,0.010264005,0.438577644,1.05,4
D039,S009,O044,7,767,6.727002821,721,0.432376139,0.324925408,0.144007894,1.05,148
D039,S010,O071,7,767,6.727002821,830,0.025772238,0.059916076,0.006124037,1.05,1
D039,S011,O005,7,767,6.727002821,472,0.458927508,0.08115278,0.018055532,1.05,8
D039,S012,O094,7,767,6.727002821,888,0.302089761,0.091469055,0.358945917,1.05,193
D039,S013,O049,7,767,6.727002821,33,0.068127718,0.327197905,0.351458552,1.05,6
D039,S014,O002,7,767,6.727002821,71,0.386957289,0.33590604,0.423756547,1.05,16
D039,S015,O009,7,767,6.727002821,39,0.272204984,0.243100415,0.446678,1.05,1
D039,S016,O096,7,767,6.727002821,91,0.16170145,0.264353919,0.069555674,1.05,20
D039,S017,O067,7,767,6.727002821,60,0.359928689,0.02076874,0.174232425,1.05,6
D039,S018,O037,7,767,6.727002821,232,0.083660283,0.374766445,0.463420281,1.05,16
D039,S019,O039,7,767,6.727002821,48,0.232718262,0.17994217,0.033136716,1.05,1
D039,S020,O029,7,767,6.727002821,744,0.31398409,0.144642217,0.380464816,1.05,47
D039,S021,O055,7,767,6.727002821,143,0.09821222,0.163666817,0.285033773,1.05,17
D039,S022,O075,7,767,6.727002821,31,0.495260113,0.154710174,0.269857669,1.05,5
D039,S023,O052,7,767,6.727002821,249,0.293109713,0.381495942,0.29384703,1.05,30
D039,S024,O020,7,767,6.727002821,113,0.348269976,0.095285863,0.409466489,1.05,28
D039,S025,O023,7,767,6.727002821,410,0.214451437,0.12789836,0.094002538,1.05,34
D039,S026,O069,7,767,6.727002821,600,0.193256125,0.259153683,0.18565311,1.05,107
D039,S027,O054,7,767,6.727002821,70,0.483939677,0.225369653,0.039302168,1.05,11
D039,S028,O063,7,767,6.727002821,159,0.167777479,0.069957712,0.130372357,1.05,38
D039,S029,O058,7,767,6.727002821,22,0.090722232,0.036785238,0.101049312,1.05,4
D039,S030,O042,7,767,6.727002821,533,0.049123846,0.273615249,0.271891148,1.05,28
D039,S031,O083,7,767,6.727002821,89,0.002629244,0.11891721,0.012340148,1.05,13
D039,S032,O086,7,767,6.727002821,135,0.469888219,0.056365997,0.043821459,1.05,28
D040,S001,O004,3,866,0.26404988,544,0.015441285,0.39993713,0.047767101,1.05,12
D040,S002,O061,3,866,0.26404988,27,0.381805437,0.01616482,0.491613692,1.05,4
D040,S003,O084,3,866,0.26404988,797,0.372992677,0.000386491,0.00152113,1.05,169
D040,S004,O040,3,866,0.26404988,585,0.392959459,0.39457393,0.498815231,1.05,30
D040,S005,O074,3,866,0.26404988,36,0.042568944,0.004280635,0.087293441,1.05,3
D040,S006,O014,3,866,0.26404988,505,0.055050564,0.385744929,0.323573274,1.05,126
D040,S007,O095,3,866,0.26404988,29,0.365502327,0.314203797,0.177999519,1.05,3
D040,S008,O008,3,866,0.26404988,217,0.118365868,0.010264005,0.438577644,1.05,4
D040,S009,O044,3,866,0.26404988,721,0.432376139,0.324925408,0.144007894,1.05,148
D040,S010,O071,3,866,0.26404988,830,0.025772238,0.059916076,0.006124037,1.05,1
D040,S011,O005,3,866,0.26404988,472,0.458927508,0.08115278,0.018055532,1.05,8
D040,S012,O094,3,866,0.26404988,888,0.302089761,0.091469055,0.358945917,1.05,193
D040,S013,O049,3,866,0.26404988,33,0.068127718,0.327197905,0.351458552,1.05,6
D040,S014,O002,3,866,0.26404988,71,0.386957289,0.33590604,0.423756547,1.05,16
D040,S015,O009,3,866,0.26404988,39,0.272204984,0.243100415,0.446678,1.05,1
D040,S016,O096,3,866,0.26404988,91,0.16170145,0.264353919,0.069555674,1.05,20
D040,S017,O067,3,866,0.26404988,60,0.359928689,0.02076874,0.174232425,1.05,6
D040,S018,O037,3,866,0.26404988,232,0.083660283,0.374766445,0.463420281,1.05,16
D040,S019,O039,3,866,0.26404988,48,0.232718262,0.17994217,0.033136716,1.05,1
D040,S020,O029,3,866,0.26404988,744,0.31398409,0.144642217,0.380464816,1.05,47
D040,S021,O055,3,866,0.26404988,143,0.09821222,0.163666817,0.285033773,1.05,17
D040,S022,O075,3,866,0.26404988,31,0.495260113,0.154710174,0.269857669,1.05,5
D040,S023,O052,3,866,0.26404988,249,0.293109713,0.381495942,0.29384703,1.05,30
D040,S024,O020,3,866,0.26404988,113,0.348269976,0.095285863,0.409466489,1.05,28
D040,S025,O023,3,866,0.26404988,410,0.214451437,0.12789836,0.094002538,1.05,34
D040,S026,O069,3,866,0.26404988,600,0.193256125,0.259153683,0.18565311,1.05,107
D040,S027,O054,3,866,0.26404988,70,0.483939677,0.225369653,0.039302168,1.05,11
D040,S028,O063,3,866,0.26404988,159,0.167777479,0.069957712,0.130372357,1.05,38
D040,S029,O058,3,866,0.26404988,22,0.090722232,0.036785238,0.101049312,1.05,4
D040,S030,O042,3,866,0.26404988,533,0.049123846,0.273615249,0.271891148,1.05,28
D040,S031,O083,3,866,0.26404988,89,0.002629244,0.11891721,0.012340148,1.05,13
D040,S032,O086,3,866,0.26404988,135,0.469888219,0.056365997,0.043821459,1.05,28
D041,S001,O004,8,148,0.63676512,544,0.015441285,0.39993713,0.047767101,1.05,12
D041,S002,O061,8,148,0.63676512,27,0.381805437,0.01616482,0.491613692,1.05,4
D041,S003,O084,8,148,0.63676512,797,0.372992677,0.000386491,0.00152113,1.05,169
D041,S004,O040,8,148,0.63676512,585,0.392959459,0.39457393,0.498815231,1.05,30
D041,S005,O074,8,148,0.63676512,36,0.042568944,0.004280635,0.087293441,1.05,3
D041,S006,O014,8,148,0.63676512,505,0.055050564,0.385744929,0.323573274,1.05,126
D041,S007,O095,8,148,0.63676512,29,0.365502327,0.314203797,0.177999519,1.05,3
D041,S008,O008,8,148,0.63676512,217,0.118365868,0.010264005,0.438577644,1.05,4
D041,S009,O044,8,148,0.63676512,721,0.432376139,0.324925408,0.144007894,1.05,148
D041,S010,O071,8,148,0.63676512,830,0.025772238,0.059916076,0.006124037,1.05,1
D041,S011,O005,8,148,0.63676512,472,0.458927508,0.08115278,0.018055532,1.05,8
D041,S012,O094,8,148,0.63676512,888,0.302089761,0.091469055,0.358945917,1.05,193
D041,S013,O049,8,148,0.63676512,33,0.068127718,0.327197905,0.351458552,1.05,6
D041,S014,O002,8,148,0.63676512,71,0.386957289,0.33590604,0.423756547,1.05,16
D041,S015,O009,8,148,0.63676512,39,0.272204984,0.243100415,0.446678,1.05,1
D041,S016,O096,8,148,0.63676512,91,0.16170145,0.264353919,0.069555674,1.05,20
D041,S017,O067,8,148,0.63676512,60,0.359928689,0.02076874,0.174232425,1.05,6
D041,S018,O037,8,148,0.63676512,232,0.083660283,0.374766445,0.463420281,1.05,16
D041,S019,O039,8,148,0.63676512,48,0.232718262,0.17994217,0.033136716,1.05,1
D041,S020,O029,8,148,0.63676512,744,0.31398409,0.144642217,0.380464816,1.05,47
D041,S021,O055,8,148,0.63676512,143,0.09821222,0.163666817,0.285033773,1.05,17
D041,S022,O075,8,148,0.63676512,31,0.495260113,0.154710174,0.269857669,1.05,5
D041,S023,O052,8,148,0.63676512,249,0.293109713,0.381495942,0.29384703,1.05,30
D041,S024,O020,8,148,0.63676512,113,0.348269976,0.095285863,0.409466489,1.05,28
D041,S025,O023,8,148,0.63676512,410,0.214451437,0.12789836,0.094002538,1.05,34
D041,S026,O069,8,148,0.63676512,600,0.193256125,0.259153683,0.18565311,1.05,107
D041,S027,O054,8,148,0.63676512,70,0.483939677,0.225369653,0.039302168,1.05,11
D041,S028,O063,8,148,0.63676512,159,0.167777479,0.069957712,0.130372357,1.05,38
D041,S029,O058,8,148,0.63676512,22,0.090722232,0.036785238,0.101049312,1.05,4
D041,S030,O042,8,148,0.63676512,533,0.049123846,0.273615249,0.271891148,1.05,28
D041,S031,O083,8,148,0.63676512,89,0.002629244,0.11891721,0.012340148,1.05,13
D041,S032,O086,8,148,0.63676512,135,0.469888219,0.056365997,0.043821459,1.05,28
D042,S001,O004,1,1019,4.517436841,544,0.015441285,0.39993713,0.047767101,1.05,12
D042,S002,O061,1,1019,4.517436841,27,0.381805437,0.01616482,0.491613692,1.05,4
D042,S003,O084,1,1019,4.517436841,797,0.372992677,0.000386491,0.00152113,1.05,169
D042,S004,O040,1,1019,4.517436841,585,0.392959459,0.39457393,0.498815231,1.05,30
D042,S005,O074,1,1019,4.517436841,36,0.042568944,0.004280635,0.087293441,1.05,3
D042,S006,O014,1,1019,4.517436841,505,0.055050564,0.385744929,0.323573274,1.05,126
D042,S007,O095,1,1019,4.517436841,29,0.365502327,0.314203797,0.177999519,1.05,3
D042,S008,O008,1,1019,4.517436841,217,0.118365868,0.010264005,0.438577644,1.05,4
D042,S009,O044,1,1019,4.517436841,721,0.432376139,0.324925408,0.144007894,1.05,148
D042,S010,O071,1,1019,4.517436841,830,0.025772238,0.059916076,0.006124037,1.05,1
D042,S011,O005,1,1019,4.517436841,472,0.458927508,0.08115278,0.018055532,1.05,8
D042,S012,O094,1,1019,4.517436841,888,0.302089761,0.091469055,0.358945917,1.05,193
D042,S013,O049,1,1019,4.517436841,33,0.068127718,0.327197905,0.351458552,1.05,6
D042,S014,O002,1,1019,4.517436841,71,0.386957289,0.33590604,0.423756547,1.05,16
D042,S015,O009,1,1019,4.517436841,39,0.272204984,0.243100415,0.446678,1.05,1
D042,S016,O096,1,1019,4.517436841,91,0.16170145,0.264353919,0.069555674,1.05,20
D042,S017,O067,1,1019,4.517436841,60,0.359928689,0.02076874,0.174232425,1.05,6
D042,S018,O037,1,1019,4.517436841,232,0.083660283,0.374766445,0.463420281,1.05,16
D042,S019,O039,1,1019,4.517436841,48,0.232718262,0.17994217,0.033136716,1.05,1
D042,S020,O029,1,1019,4.517436841,744,0.31398409,0.144642217,0.380464816,1.05,47
D042,S021,O055,1,1019,4.517436841,143,0.09821222,0.163666817,0.285033773,1.05,17
D042,S022,O075,1,1019,4.517436841,31,0.495260113,0.154710174,0.269857669,1.05,5
D042,S023,O052,1,1019,4.517436841,249,0.293109713,0.381495942,0.29384703,1.05,30
D042,S024,O020,1,1019,4.517436841,113,0.348269976,0.095285863,0.409466489,1.05,28
D042,S025,O023,1,1019,4.517436841,410,0.214451437,0.12789836,0.094002538,1.05,34
D042,S026,O069,1,1019,4.517436841,600,0.193256125,0.259153683,0.18565311,1.05,107
D042,S027,O054,1,1019,4.517436841,70,0.483939677,0.225369653,0.039302168,1.05,11
D042,S028,O063,1,1019,4.517436841,159,0.167777479,0.069957712,0.130372357,1.05,38
D042,S029,O058,1,1019,4.517436841,22,0.090722232,0.036785238,0.101049312,1.05,4
D042,S030,O042,1,1019,4.517436841,533,0.049123846,0.273615249,0.271891148,1.05,28
D042,S031,O083,1,1019,4.517436841,89,0.002629244,0.11891721,0.012340148,1.05,13
D042,S032,O086,1,1019,4.517436841,135,0.469888219,0.056365997,0.043821459,1.05,28
D043,S001,O004,7,1175,2.004291591,544,0.015441285,0.39993713,0.047767101,1.05,12
D043,S002,O061,7,1175,2.004291591,27,0.381805437,0.01616482,0.491613692,1.05,4
D043,S003,O084,7,1175,2.004291591,797,0.372992677,0.000386491,0.00152113,1.05,169
D043,S004,O040,7,1175,2.004291591,585,0.392959459,0.39457393,0.498815231,1.05,30
D043,S005,O074,7,1175,2.004291591,36,0.042568944,0.004280635,0.087293441,1.05,3
D043,S006,O014,7,1175,2.004291591,505,0.055050564,0.385744929,0.323573274,1.05,126
D043,S007,O095,7,1175,2.004291591,29,0.365502327,0.314203797,0.177999519,1.05,3
D043,S008,O008,7,1175,2.004291591,217,0.118365868,0.010264005,0.438577644,1.05,4
D043,S009,O044,7,1175,2.004291591,721,0.432376139,0.324925408,0.144007894,1.05,148
D043,S010,O071,7,1175,2.004291591,830,0.025772238,0.059916076,0.006124037,1.05,1
D043,S011,O005,7,1175,2.004291591,472,0.458927508,0.08115278,0.018055532,1.05,8
D043,S012,O094,7,1175,2.004291591,888,0.302089761,0.091469055,0.358945917,1.05,193
D043,S013,O049,7,1175,2.004291591,33,0.068127718,0.327197905,0.351458552,1.05,6
D043,S014,O002,7,1175,2.004291591,71,0.386957289,0.33590604,0.423756547,1.05,16
D043,S015,O009,7,1175,2.004291591,39,0.272204984,0.243100415,0.446678,1.05,1
D043,S016,O096,7,1175,2.004291591,91,0.16170145,0.264353919,0.069555674,1.05,20
D043,S017,O067,7,1175,2.004291591,60,0.359928689,0.02076874,0.174232425,1.05,6
D043,S018,O037,7,1175,2.004291591,232,0.083660283,0.374766445,0.463420281,1.05,16
D043,S019,O039,7,1175,2.004291591,48,0.232718262,0.17994217,0.033136716,1.05,1
D043,S020,O029,7,1175,2.004291591,744,0.31398409,0.144642217,0.380464816,1.05,47
D043,S021,O055,7,1175,2.004291591,143,0.09821222,0.163666817,0.285033773,1.05,17
D043,S022,O075,7,1175,2.004291591,31,0.495260113,0.154710174,0.269857669,1.05,5
D043,S023,O052,7,1175,2.004291591,249,0.293109713,0.381495942,0.29384703,1.05,30
D043,S024,O020,7,1175,2.004291591,113,0.348269976,0.095285863,0.409466489,1.05,28
D043,S025,O023,7,1175,2.004291591,410,0.214451437,0.12789836,0.094002538,1.05,34
D043,S026,O069,7,1175,2.004291591,600,0.193256125,0.259153683,0.18565311,1.05,107
D043,S027,O054,7,1175,2.004291591,70,0.483939677,0.225369653,0.039302168,1.05,11
D043,S028,O063,7,1175,2.004291591,159,0.167777479,0.069957712,0.130372357,1.05,38
D043,S029,O058,7,1175,2.004291591,22,0.090722232,0.036785238,0.101049312,1.05,4
D043,S030,O042,7,1175,2.004291591,533,0.049123846,0.273615249,0.271891148,1.05,28
D043,S031,O083,7,1175,2.004291591,89,0.002629244,0.11891721,0.012340148,1.05,13
D043,S032,O086,7,1175,2.004291591,135,0.469888219,0.056365997,0.043821459,1.05,28
D044,S001,O004,5,668,0.860780966,544,0.015441285,0.39993713,0.047767101,1.05,12
D044,S002,O061,5,668,0.860780966,27,0.381805437,0.01616482,0.491613692,1.05,4
D044,S003,O084,5,668,0.860780966,797,0.372992677,0.000386491,0.00152113,1.05,169
D044,S004,O040,5,668,0.860780966,585,0.392959459,0.39457393,0.498815231,1.05,30
D044,S005,O074,5,668,0.860780966,36,0.042568944,0.004280635,0.087293441,1.05,3
D044,S006,O014,5,668,0.860780966,505,0.055050564,0.385744929,0.323573274,1.05,126
D044,S007,O095,5,668,0.860780966,29,0.365502327,0.314203797,0.177999519,1.05,3
D044,S008,O008,5,668,0.860780966,217,0.118365868,0.010264005,0.438577644,1.05,4
D044,S009,O044,5,668,0.860780966,721,0.432376139,0.324925408,0.144007894,1.05,148
D044,S010,O071,5,668,0.860780966,830,0.025772238,0.059916076,0.006124037,1.05,1
D044,S011,O005,5,668,0.860780966,472,0.458927508,0.08115278,0.018055532,1.05,8
D044,S012,O094,5,668,0.860780966,888,0.302089761,0.091469055,0.358945917,1.05,193
D044,S013,O049,5,668,0.860780966,33,0.068127718,0.327197905,0.351458552,1.05,6
D044,S014,O002,5,668,0.860780966,71,0.386957289,0.33590604,0.423756547,1.05,16
D044,S015,O009,5,668,0.860780966,39,0.272204984,0.243100415,0.446678,1.05,1
D044,S016,O096,5,668,0.860780966,91,0.16170145,0.264353919,0.069555674,1.05,20
D044,S017,O067,5,668,0.860780966,60,0.359928689,0.02076874,0.174232425,1.05,6
D044,S018,O037,5,668,0.860780966,232,0.083660283,0.374766445,0.463420281,1.05,16
D044,S019,O039,5,668,0.860780966,48,0.232718262,0.17994217,0.033136716,1.05,1
D044,S020,O029,5,668,0.860780966,744,0.31398409,0.144642217,0.380464816,1.05,47
D044,S021,O055,5,668,0.860780966,143,0.09821222,0.163666817,0.285033773,1.05,17
D044,S022,O075,5,668,0.860780966,31,0.495260113,0.154710174,0.269857669,1.05,5
D044,S023,O052,5,668,0.860780966,249,0.293109713,0.381495942,0.29384703,1.05,30
D044,S024,O020,5,668,0.860780966,113,0.348269976,0.095285863,0.409466489,1.05,28
D044,S025,O023,5,668,0.860780966,410,0.214451437,0.12789836,0.094002538,1.05,34
D044,S026,O069,5,668,0.860780966,600,0.193256125,0.259153683,0.18565311,1.05,107
D044,S027,O054,5,668,0.860780966,70,0.483939677,0.225369653,0.039302168,1.05,11
D044,S028,O063,5,668,0.860780966,159,0.167777479,0.069957712,0.130372357,1.05,38
D044,S029,O058,5,668,0.860780966,22,0.090722232,0.036785238,0.101049312,1.05,4
D044,S030,O042,5,668,0.860780966,533,0.049123846,0.273615249,0.271891148,1.05,28
D044,S031,O083,5,668,0.860780966,89,0.002629244,0.11891721,0.012340148,1.05,13
D044,S032,O086,5,668,0.860780966,135,0.469888219,0.056365997,0.043821459,1.05,28
D045,S001,O004,2,646,3.630358007,544,0.015441285,0.39993713,0.047767101,1.05,12
D045,S002,O061,2,646,3.630358007,27,0.381805437,0.01616482,0.491613692,1.05,4
D045,S003,O084,2,646,3.630358007,797,0.372992677,0.000386491,0.00152113,1.05,169
D045,S004,O040,2,646,3.630358007,585,0.392959459,0.39457393,0.498815231,1.05,30
D045,S005,O074,2,646,3.630358007,36,0.042568944,0.004280635,0.087293441,1.05,3
D045,S006,O014,2,646,3.630358007,505,0.055050564,0.385744929,0.323573274,1.05,126
D045,S007,O095,2,646,3.630358007,29,0.365502327,0.314203797,0.177999519,1.05,3
D045,S008,O008,2,646,3.630358007,217,0.118365868,0.010264005,0.438577644,1.05,4
D045,S009,O044,2,646,3.630358007,721,0.432376139,0.324925408,0.144007894,1.05,148
D045,S010,O071,2,646,3.630358007,830,0.025772238,0.059916076,0.006124037,1.05,1
D045,S011,O005,2,646,3.630358007,472,0.458927508,0.08115278,0.018055532,1.05,8
D045,S012,O094,2,646,3.630358007,888,0.302089761,0.091469055,0.358945917,1.05,193
D045,S013,O049,2,646,3.630358007,33,0.068127718,0.327197905,0.351458552,1.05,6
D045,S014,O002,2,646,3.630358007,71,0.386957289,0.33590604,0.423756547,1.05,16
D045,S015,O009,2,646,3.630358007,39,0.272204984,0.243100415,0.446678,1.05,1
D045,S016,O096,2,646,3.630358007,91,0.16170145,0.264353919,0.069555674,1.05,20
D045,S017,O067,2,646,3.630358007,60,0.359928689,0.02076874,0.174232425,1.05,6
D045,S018,O037,2,646,3.630358007,232,0.083660283,0.374766445,0.463420281,1.05,16
D045,S019,O039,2,646,3.630358007,48,0.232718262,0.17994217,0.033136716,1.05,1
D045,S020,O029,2,646,3.630358007,744,0.31398409,0.144642217,0.380464816,1.05,47
D045,S021,O055,2,646,3.630358007,143,0.09821222,0.163666817,0.285033773,1.05,17
D045,S022,O075,2,646,3.630358007,31,0.495260113,0.154710174,0.269857669,1.05,5
D045,S023,O052,2,646,3.630358007,249,0.293109713,0.381495942,0.29384703,1.05,30
D045,S024,O020,2,646,3.630358007,113,0.348269976,0.095285863,0.409466489,1.05,28
D045,S025,O023,2,646,3.630358007,410,0.214451437,0.12789836,0.094002538,1.05,34
D045,S026,O069,2,646,3.630358007,600,0.193256125,0.259153683,0.18565311,1.05,107
D045,S027,O054,2,646,3.630358007,70,0.483939677,0.225369653,0.039302168,1.05,11
D045,S028,O063,2,646,3.630358007,159,0.167777479,0.069957712,0.130372357,1.05,38
D045,S029,O058,2,646,3.630358007,22,0.090722232,0.036785238,0.101049312,1.05,4
D045,S030,O042,2,646,3.630358007,533,0.049123846,0.273615249,0.271891148,1.05,28
D045,S031,O083,2,646,3.630358007,89,0.002629244,0.11891721,0.012340148,1.05,13
D045,S032,O086,2,646,3.630358007,135,0.469888219,0.056365997,0.043821459,1.05,28
D046,S001,O004,2,64,0.689220512,544,0.015441285,0.39993713,0.047767101,1.05,12
D046,S002,O061,2,64,0.689220512,27,0.381805437,0.01616482,0.491613692,1.05,4
D046,S003,O084,2,64,0.689220512,797,0.372992677,0.000386491,0.00152113,1.05,169
D046,S004,O040,2,64,0.689220512,585,0.392959459,0.39457393,0.498815231,1.05,30
D046,S005,O074,2,64,0.689220512,36,0.042568944,0.004280635,0.087293441,1.05,3
D046,S006,O014,2,64,0.689220512,505,0.055050564,0.385744929,0.323573274,1.05,126
D046,S007,O095,2,64,0.689220512,29,0.365502327,0.314203797,0.177999519,1.05,3
D046,S008,O008,2,64,0.689220512,217,0.118365868,0.010264005,0.438577644,1.05,4
D046,S009,O044,2,64,0.689220512,721,0.432376139,0.324925408,0.144007894,1.05,148
D046,S010,O071,2,64,0.689220512,830,0.025772238,0.059916076,0.006124037,1.05,1
D046,S011,O005,2,64,0.689220512,472,0.458927508,0.08115278,0.018055532,1.05,8
D046,S012,O094,2,64,0.689220512,888,0.302089761,0.091469055,0.358945917,1.05,193
D046,S013,O049,2,64,0.689220512,33,0.068127718,0.327197905,0.351458552,1.05,6
D046,S014,O002,2,64,0.689220512,71,0.386957289,0.33590604,0.423756547,1.05,16
D046,S015,O009,2,64,0.689220512,39,0.272204984,0.243100415,0.446678,1.05,1
D046,S016,O096,2,64,0.689220512,91,0.16170145,0.264353919,0.069555674,1.05,20
D046,S017,O067,2,64,0.689220512,60,0.359928689,0.02076874,0.174232425,1.05,6
D046,S018,O037,2,64,0.689220512,232,0.083660283,0.374766445,0.463420281,1.05,16
D046,S019,O039,2,64,0.689220512,48,0.232718262,0.17994217,0.033136716,1.05,1
D046,S020,O029,2,64,0.689220512,744,0.31398409,0.144642217,0.380464816,1.05,47
D046,S021,O055,2,64,0.689220512,143,0.09821222,0.163666817,0.285033773,1.05,17
D046,S022,O075,2,64,0.689220512,31,0.495260113,0.154710174,0.269857669,1.05,5
D046,S023,O052,2,64,0.689220512,249,0.293109713,0.381495942,0.29384703,1.05,30
D046,S024,O020,2,64,0.689220512,113,0.348269976,0.095285863,0.409466489,1.05,28
D046,S025,O023,2,64,0.689220512,410,0.214451437,0.12789836,0.094002538,1.05,34
D046,S026,O069,2,64,0.689220512,600,0.193256125,0.259153683,0.18565311,1.05,107
D046,S027,O054,2,64,0.689220512,70,0.483939677,0.225369653,0.039302168,1.05,11
D046,S028,O063,2,64,0.689220512,159,0.167777479,0.069957712,0.130372357,1.05,38
D046,S029,O058,2,64,0.689220512,22,0.090722232,0.036785238,0.101049312,1.05,4
D046,S030,O042,2,64,0.689220512,533,0.049123846,0.273615249,0.271891148,1.05,28
D046,S031,O083,2,64,0.689220512,89,0.002629244,0.11891721,0.012340148,1.05,13
D046,S032,O086,2,64,0.689220512,135,0.469888219,0.056365997,0.043821459,1.05,28
D047,S001,O004,7,115,7.623590142,544,0.015441285,0.39993713,0.047767101,1.05,12
D047,S002,O061,7,115,7.623590142,27,0.381805437,0.01616482,0.491613692,1.05,4
D047,S003,O084,7,115,7.623590142,797,0.372992677,0.000386491,0.00152113,1.05,169
D047,S004,O040,7,115,7.623590142,585,0.392959459,0.39457393,0.498815231,1.05,30
D047,S005,O074,7,115,7.623590142,36,0.042568944,0.004280635,0.087293441,1.05,3
D047,S006,O014,7,115,7.623590142,505,0.055050564,0.385744929,0.323573274,1.05,126
D047,S007,O095,7,115,7.623590142,29,0.365502327,0.314203797,0.177999519,1.05,3
D047,S008,O008,7,115,7.623590142,217,0.118365868,0.010264005,0.438577644,1.05,4
D047,S009,O044,7,115,7.623590142,721,0.432376139,0.324925408,0.144007894,1.05,148
D047,S010,O071,7,115,7.623590142,830,0.025772238,0.059916076,0.006124037,1.05,1
D047,S011,O005,7,115,7.623590142,472,0.458927508,0.08115278,0.018055532,1.05,8
D047,S012,O094,7,115,7.623590142,888,0.302089761,0.091469055,0.358945917,1.05,193
D047,S013,O049,7,115,7.623590142,33,0.068127718,0.327197905,0.351458552,1.05,6
D047,S014,O002,7,115,7.623590142,71,0.386957289,0.33590604,0.423756547,1.05,16
D047,S015,O009,7,115,7.623590142,39,0.272204984,0.243100415,0.446678,1.05,1
D047,S016,O096,7,115,7.623590142,91,0.16170145,0.264353919,0.069555674,1.05,20
D047,S017,O067,7,115,7.623590142,60,0.359928689,0.02076874,0.174232425,1.05,6
D047,S018,O037,7,115,7.623590142,232,0.083660283,0.374766445,0.463420281,1.05,16
D047,S019,O039,7,115,7.623590142,48,0.232718262,0.17994217,0.033136716,1.05,1
D047,S020,O029,7,115,7.623590142,744,0.31398409,0.144642217,0.380464816,1.05,47
D047,S021,O055,7,115,7.623590142,143,0.09821222,0.163666817,0.285033773,1.05,17
D047,S022,O075,7,115,7.623590142,31,0.495260113,0.154710174,0.269857669,1.05,5
D047,S023,O052,7,115,7.623590142,249,0.293109713,0.381495942,0.29384703,1.05,30
D047,S024,O020,7,115,7.623590142,113,0.348269976,0.095285863,0.409466489,1.05,28
D047,S025,O023,7,115,7.623590142,410,0.214451437,0.12789836,0.094002538,1.05,34
D047,S026,O069,7,115,7.623590142,600,0.193256125,0.259153683,0.18565311,1.05,107
D047,S027,O054,7,115,7.623590142,70,0.483939677,0.225369653,0.039302168,1.05,11
D047,S028,O063,7,115,7.623590142,159,0.167777479,0.069957712,0.130372357,1.05,38
D047,S029,O058,7,115,7.623590142,22,0.090722232,0.036785238,0.101049312,1.05,4
D047,S030,O042,7,115,7.623590142,533,0.049123846,0.273615249,0.271891148,1.05,28
D047,S031,O083,7,115,7.623590142,89,0.002629244,0.11891721,0.012340148,1.05,13
D047,S032,O086,7,115,7.623590142,135,0.469888219,0.056365997,0.043821459,1.05,28
D048,S001,O004,7,580,0.508987326,544,0.015441285,0.39993713,0.047767101,1.05,12
D048,S002,O061,7,580,0.508987326,27,0.381805437,0.01616482,0.491613692,1.05,4
D048,S003,O084,7,580,0.508987326,797,0.372992677,0.000386491,0.00152113,1.05,169
D048,S004,O040,7,580,0.508987326,585,0.392959459,0.39457393,0.498815231,1.05,30
D048,S005,O074,7,580,0.508987326,36,0.042568944,0.004280635,0.087293441,1.05,3
D048,S006,O014,7,580,0.508987326,505,0.055050564,0.385744929,0.323573274,1.05,126
D048,S007,O095,7,580,0.508987326,29,0.365502327,0.314203797,0.177999519,1.05,3
D048,S008,O008,7,580,0.508987326,217,0.118365868,0.010264005,0.438577644,1.05,4
D048,S009,O044,7,580,0.508987326,721,0.432376139,0.324925408,0.144007894,1.05,148
D048,S010,O071,7,580,0.508987326,830,0.025772238,0.059916076,0.006124037,1.05,1
D048,S011,O005,7,580,0.508987326,472,0.458927508,0.08115278,0.018055532,1.05,8
D048,S012,O094,7,580,0.508987326,888,0.302089761,0.091469055,0.358945917,1.05,193
D048,S013,O049,7,580,0.508987326,33,0.068127718,0.327197905,0.351458552,1.05,6
D048,S014,O002,7,580,0.508987326,71,0.386957289,0.33590604,0.423756547,1.05,16
D048,S015,O009,7,580,0.508987326,39,0.272204984,0.243100415,0.446678,1.05,1
D048,S016,O096,7,580,0.508987326,91,0.16170145,0.264353919,0.069555674,1.05,20
D048,S017,O067,7,580,0.508987326,60,0.359928689,0.02076874,0.174232425,1.05,6
D048,S018,O037,7,580,0.508987326,232,0.083660283,0.374766445,0.463420281,1.05,16
D048,S019,O039,7,580,0.508987326,48,0.232718262,0.17994217,0.033136716,1.05,1
D048,S020,O029,7,580,0.508987326,744,0.31398409,0.144642217,0.380464816,1.05,47
D048,S021,O055,7,580,0.508987326,143,0.09821222,0.163666817,0.285033773,1.05,17
D048,S022,O075,7,580,0.508987326,31,0.495260113,0.154710174,0.269857669,1.05,5
D048,S023,O052,7,580,0.508987326,249,0.293109713,0.381495942,0.29384703,1.05,30
D048,S024,O020,7,580,0.508987326,113,0.348269976,0.095285863,0.409466489,1.05,28
D048,S025,O023,7,580,0.508987326,410,0.214451437,0.12789836,0.094002538,1.05,34
D048,S026,O069,7,580,0.508987326,600,0.193256125,0.259153683,0.18565311,1.05,107
D048,S027,O054,7,580,0.508987326,70,0.483939677,0.225369653,0.039302168,1.05,11
D048,S028,O063,7,580,0.508987326,159,0.167777479,0.069957712,0.130372357,1.05,38
D048,S029,O058,7,580,0.508987326,22,0.090722232,0.036785238,0.101049312,1.05,4
D048,S030,O042,7,580,0.508987326,533,0.049123846,0.273615249,0.271891148,1.05,28
D048,S031,O083,7,580,0.508987326,89,0.002629244,0.11891721,0.012340148,1.05,13
D048,S032,O086,7,580,0.508987326,135,0.469888219,0.056365997,0.043821459,1.05,28
D049,S001,O004,3,728,5.019002325,544,0.015441285,0.39993713,0.047767101,1.05,12
D049,S002,O061,3,728,5.019002325,27,0.381805437,0.01616482,0.491613692,1.05,4
D049,S003,O084,3,728,5.019002325,797,0.372992677,0.000386491,0.00152113,1.05,169
D049,S004,O040,3,728,5.019002325,585,0.392959459,0.39457393,0.498815231,1.05,30
D049,S005,O074,3,728,5.019002325,36,0.042568944,0.004280635,0.087293441,1.05,3
D049,S006,O014,3,728,5.019002325,505,0.055050564,0.385744929,0.323573274,1.05,126
D049,S007,O095,3,728,5.019002325,29,0.365502327,0.314203797,0.177999519,1.05,3
D049,S008,O008,3,728,5.019002325,217,0.118365868,0.010264005,0.438577644,1.05,4
D049,S009,O044,3,728,5.019002325,721,0.432376139,0.324925408,0.144007894,1.05,148
D049,S010,O071,3,728,5.019002325,830,0.025772238,0.059916076,0.006124037,1.05,1
D049,S011,O005,3,728,5.019002325,472,0.458927508,0.08115278,0.018055532,1.05,8
D049,S012,O094,3,728,5.019002325,888,0.302089761,0.091469055,0.358945917,1.05,193
D049,S013,O049,3,728,5.019002325,33,0.068127718,0.327197905,0.351458552,1.05,6
D049,S014,O002,3,728,5.019002325,71,0.386957289,0.33590604,0.423756547,1.05,16
D049,S015,O009,3,728,5.019002325,39,0.272204984,0.243100415,0.446678,1.05,1
D049,S016,O096,3,728,5.019002325,91,0.16170145,0.264353919,0.069555674,1.05,20
D049,S017,O067,3,728,5.019002325,60,0.359928689,0.02076874,0.174232425,1.05,6
D049,S018,O037,3,728,5.019002325,232,0.083660283,0.374766445,0.463420281,1.05,16
D049,S019,O039,3,728,5.019002325,48,0.232718262,0.17994217,0.033136716,1.05,1
D049,S020,O029,3,728,5.019002325,744,0.31398409,0.144642217,0.380464816,1.05,47
D049,S021,O055,3,728,5.019002325,143,0.09821222,0.163666817,0.285033773,1.05,17
D049,S022,O075,3,728,5.019002325,31,0.495260113,0.154710174,0.269857669,1.05,5
D049,S023,O052,3,728,5.019002325,249,0.293109713,0.381495942,0.29384703,1.05,30
D049,S024,O020,3,728,5.019002325,113,0.348269976,0.095285863,0.409466489,1.05,28
D049,S025,O023,3,728,5.019002325,410,0.214451437,0.12789836,0.094002538,1.05,34
D049,S026,O069,3,728,5.019002325,600,0.193256125,0.259153683,0.18565311,1.05,107
D049,S027,O054,3,728,5.019002325,70,0.483939677,0.225369653,0.039302168,1.05,11
D049,S028,O063,3,728,5.019002325,159,0.167777479,0.069957712,0.130372357,1.05,38
D049,S029,O058,3,728,5.019002325,22,0.090722232,0.036785238,0.101049312,1.05,4
D049,S030,O042,3,728,5.019002325,533,0.049123846,0.273615249,0.271891148,1.05,28
D049,S031,O083,3,728,5.019002325,89,0.002629244,0.11891721,0.012340148,1.05,13
D049,S032,O086,3,728,5.019002325,135,0.469888219,0.056365997,0.043821459,1.05,28
D050,S001,O004,2,156,0.897034845,544,0.015441285,0.39993713,0.047767101,1.05,12
D050,S002,O061,2,156,0.897034845,27,0.381805437,0.01616482,0.491613692,1.05,4
D050,S003,O084,2,156,0.897034845,797,0.372992677,0.000386491,0.00152113,1.05,169
D050,S004,O040,2,156,0.897034845,585,0.392959459,0.39457393,0.498815231,1.05,30
D050,S005,O074,2,156,0.897034845,36,0.042568944,0.004280635,0.087293441,1.05,3
D050,S006,O014,2,156,0.897034845,505,0.055050564,0.385744929,0.323573274,1.05,126
D050,S007,O095,2,156,0.897034845,29,0.365502327,0.314203797,0.177999519,1.05,3
D050,S008,O008,2,156,0.897034845,217,0.118365868,0.010264005,0.438577644,1.05,4
D050,S009,O044,2,156,0.897034845,721,0.432376139,0.324925408,0.144007894,1.05,148
D050,S010,O071,2,156,0.897034845,830,0.025772238,0.059916076,0.006124037,1.05,1
D050,S011,O005,2,156,0.897034845,472,0.458927508,0.08115278,0.018055532,1.05,8
D050,S012,O094,2,156,0.897034845,888,0.302089761,0.091469055,0.358945917,1.05,193
D050,S013,O049,2,156,0.897034845,33,0.068127718,0.327197905,0.351458552,1.05,6
D050,S014,O002,2,156,0.897034845,71,0.386957289,0.33590604,0.423756547,1.05,16
D050,S015,O009,2,156,0.897034845,39,0.272204984,0.243100415,0.446678,1.05,1
D050,S016,O096,2,156,0.897034845,91,0.16170145,0.264353919,0.069555674,1.05,20
D050,S017,O067,2,156,0.897034845,60,0.359928689,0.02076874,0.174232425,1.05,6
D050,S018,O037,2,156,0.897034845,232,0.083660283,0.374766445,0.463420281,1.05,16
D050,S019,O039,2,156,0.897034845,48,0.232718262,0.17994217,0.033136716,1.05,1
D050,S020,O029,2,156,0.897034845,744,0.31398409,0.144642217,0.380464816,1.05,47
D050,S021,O055,2,156,0.897034845,143,0.09821222,0.163666817,0.285033773,1.05,17
D050,S022,O075,2,156,0.897034845,31,0.495260113,0.154710174,0.269857669,1.05,5
D050,S023,O052,2,156,0.897034845,249,0.293109713,0.381495942,0.29384703,1.05,30
D050,S024,O020,2,156,0.897034845,113,0.348269976,0.095285863,0.409466489,1.05,28
D050,S025,O023,2,156,0.897034845,410,0.214451437,0.12789836,0.094002538,1.05,34
D050,S026,O069,2,156,0.897034845,600,0.193256125,0.259153683,0.18565311,1.05,107
D050,S027,O054,2,156,0.897034845,70,0.483939677,0.225369653,0.039302168,1.05,11
D050,S028,O063,2,156,0.897034845,159,0.167777479,0.069957712,0.130372357,1.05,38
D050,S029,O058,2,156,0.897034845,22,0.090722232,0.036785238,0.101049312,1.05,4
D050,S030,O042,2,156,0.897034845,533,0.049123846,0.273615249,0.271891148,1.05,28
D050,S031,O083,2,156,0.897034845,89,0.002629244,0.11891721,0.012340148,1.05,13
D050,S032,O086,2,156,0.897034845,135,0.469888219,0.056365997,0.043821459,1.05,28
D051,S001,O004,7,279,0.289512522,544,0.015441285,0.39993713,0.047767101,1.05,12
D051,S002,O061,7,279,0.289512522,27,0.381805437,0.01616482,0.491613692,1.05,4
D051,S003,O084,7,279,0.289512522,797,0.372992677,0.000386491,0.00152113,1.05,169
D051,S004,O040,7,279,0.289512522,585,0.392959459,0.39457393,0.498815231,1.05,30
D051,S005,O074,7,279,0.289512522,36,0.042568944,0.004280635,0.087293441,1.05,3
D051,S006,O014,7,279,0.289512522,505,0.055050564,0.385744929,0.323573274,1.05,126
D051,S007,O095,7,279,0.289512522,29,0.365502327,0.314203797,0.177999519,1.05,3
D051,S008,O008,7,279,0.289512522,217,0.118365868,0.010264005,0.438577644,1.05,4
D051,S009,O044,7,279,0.289512522,721,0.432376139,0.324925408,0.144007894,1.05,148
D051,S010,O071,7,279,0.289512522,830,0.025772238,0.059916076,0.006124037,1.05,1
D051,S011,O005,7,279,0.289512522,472,0.458927508,0.08115278,0.018055532,1.05,8
D051,S012,O094,7,279,0.289512522,888,0.302089761,0.091469055,0.358945917,1.05,193
D051,S013,O049,7,279,0.289512522,33,0.068127718,0.327197905,0.351458552,1.05,6
D051,S014,O002,7,279,0.289512522,71,0.386957289,0.33590604,0.423756547,1.05,16
D051,S015,O009,7,279,0.289512522,39,0.272204984,0.243100415,0.446678,1.05,1
D051,S016,O096,7,279,0.289512522,91,0.16170145,0.264353919,0.069555674,1.05,20
D051,S017,O067,7,279,0.289512522,60,0.359928689,0.02076874,0.174232425,1.05,6
D051,S018,O037,7,279,0.289512522,232,0.083660283,0.374766445,0.463420281,1.05,16
D051,S019,O039,7,279,0.289512522,48,0.232718262,0.17994217,0.033136716,1.05,1
D051,S020,O029,7,279,0.289512522,744,0.31398409,0.144642217,0.380464816,1.05,47
D051,S021,O055,7,279,0.289512522,143,0.09821222,0.163666817,0.285033773,1.05,17
D051,S022,O075,7,279,0.289512522,31,0.495260113,0.154710174,0.269857669,1.05,5
D051,S023,O052,7,279,0.289512522,249,0.293109713,0.381495942,0.29384703,1.05,30
D051,S024,O020,7,279,0.289512522,113,0.348269976,0.095285863,0.409466489,1.05,28
D051,S025,O023,7,279,0.289512522,410,0.214451437,0.12789836,0.094002538,1.05,34
D051,S026,O069,7,279,0.289512522,600,0.193256125,0.259153683,0.18565311,1.05,107
D051,S027,O054,7,279,0.289512522,70,0.483939677,0.225369653,0.039302168,1.05,11
D051,S028,O063,7,279,0.289512522,159,0.167777479,0.069957712,0.130372357,1.05,38
D051,S029,O058,7,279,0.289512522,22,0.090722232,0.036785238,0.101049312,1.05,4
D051,S030,O042,7,279,0.289512522,533,0.049123846,0.273615249,0.271891148,1.05,28
D051,S031,O083,7,279,0.289512522,89,0.002629244,0.11891721,0.012340148,1.05,13
D051,S032,O086,7,279,0.289512522,135,0.469888219,0.056365997,0.043821459,1.05,28
D052,S001,O004,2,65,3.950760673,544,0.015441285,0.39993713,0.047767101,1.05,12
D052,S002,O061,2,65,3.950760673,27,0.381805437,0.01616482,0.491613692,1.05,4
D052,S003,O084,2,65,3.950760673,797,0.372992677,0.000386491,0.00152113,1.05,169
D052,S004,O040,2,65,3.950760673,585,0.392959459,0.39457393,0.498815231,1.05,30
D052,S005,O074,2,65,3.950760673,36,0.042568944,0.004280635,0.087293441,1.05,3
D052,S006,O014,2,65,3.950760673,505,0.055050564,0.385744929,0.323573274,1.05,126
D052,S007,O095,2,65,3.950760673,29,0.365502327,0.314203797,0.177999519,1.05,3
D052,S008,O008,2,65,3.950760673,217,0.118365868,0.010264005,0.438577644,1.05,4
D052,S009,O044,2,65,3.950760673,721,0.432376139,0.324925408,0.144007894,1.05,148
D052,S010,O071,2,65,3.950760673,830,0.025772238,0.059916076,0.006124037,1.05,1
D052,S011,O005,2,65,3.950760673,472,0.458927508,0.08115278,0.018055532,1.05,8
D052,S012,O094,2,65,3.950760673,888,0.302089761,0.091469055,0.358945917,1.05,193
D052,S013,O049,2,65,3.950760673,33,0.068127718,0.327197905,0.351458552,1.05,6
D052,S014,O002,2,65,3.950760673,71,0.386957289,0.33590604,0.423756547,1.05,16
D052,S015,O009,2,65,3.950760673,39,0.272204984,0.243100415,0.446678,1.05,1
D052,S016,O096,2,65,3.950760673,91,0.16170145,0.264353919,0.069555674,1.05,20
D052,S017,O067,2,65,3.950760673,60,0.359928689,0.02076874,0.174232425,1.05,6
D052,S018,O037,2,65,3.950760673,232,0.083660283,0.374766445,0.463420281,1.05,16
D052,S019,O039,2,65,3.950760673,48,0.232718262,0.17994217,0.033136716,1.05,1
D052,S020,O029,2,65,3.950760673,744,0.31398409,0.144642217,0.380464816,1.05,47
D052,S021,O055,2,65,3.950760673,143,0.09821222,0.163666817,0.285033773,1.05,17
D052,S022,O075,2,65,3.950760673,31,0.495260113,0.154710174,0.269857669,1.05,5
D052,S023,O052,2,65,3.950760673,249,0.293109713,0.381495942,0.29384703,1.05,30
D052,S024,O020,2,65,3.950760673,113,0.348269976,0.095285863,0.409466489,1.05,28
D052,S025,O023,2,65,3.950760673,410,0.214451437,0.12789836,0.094002538,1.05,34
D052,S026,O069,2,65,3.950760673,600,0.193256125,0.259153683,0.18565311,1.05,107
D052,S027,O054,2,65,3.950760673,70,0.483939677,0.225369653,0.039302168,1.05,11
D052,S028,O063,2,65,3.950760673,159,0.167777479,0.069957712,0.130372357,1.05,38
D052,S029,O058,2,65,3.950760673,22,0.090722232,0.036785238,0.101049312,1.05,4
D052,S030,O042,2,65,3.950760673,533,0.049123846,0.273615249,0.271891148,1.05,28
D052,S031,O083,2,65,3.950760673,89,0.002629244,0.11891721,0.012340148,1.05,13
D052,S032,O086,2,65,3.950760673,135,0.469888219,0.056365997,0.043821459,1.05,28
D053,S001,O004,3,97,4.67155745,544,0.015441285,0.39993713,0.047767101,1.05,12
D053,S002,O061,3,97,4.67155745,27,0.381805437,0.01616482,0.491613692,1.05,4
D053,S003,O084,3,97,4.67155745,797,0.372992677,0.000386491,0.00152113,1.05,169
D053,S004,O040,3,97,4.67155745,585,0.392959459,0.39457393,0.498815231,1.05,30
D053,S005,O074,3,97,4.67155745,36,0.042568944,0.004280635,0.087293441,1.05,3
D053,S006,O014,3,97,4.67155745,505,0.055050564,0.385744929,0.323573274,1.05,126
D053,S007,O095,3,97,4.67155745,29,0.365502327,0.314203797,0.177999519,1.05,3
D053,S008,O008,3,97,4.67155745,217,0.118365868,0.010264005,0.438577644,1.05,4
D053,S009,O044,3,97,4.67155745,721,0.432376139,0.324925408,0.144007894,1.05,148
D053,S010,O071,3,97,4.67155745,830,0.025772238,0.059916076,0.006124037,1.05,1
D053,S011,O005,3,97,4.67155745,472,0.458927508,0.08115278,0.018055532,1.05,8
D053,S012,O094,3,97,4.67155745,888,0.302089761,0.091469055,0.358945917,1.05,193
D053,S013,O049,3,97,4.67155745,33,0.068127718,0.327197905,0.351458552,1.05,6
D053,S014,O002,3,97,4.67155745,71,0.386957289,0.33590604,0.423756547,1.05,16
D053,S015,O009,3,97,4.67155745,39,0.272204984,0.243100415,0.446678,1.05,1
D053,S016,O096,3,97,4.67155745,91,0.16170145,0.264353919,0.069555674,1.05,20
D053,S017,O067,3,97,4.67155745,60,0.359928689,0.02076874,0.174232425,1.05,6
D053,S018,O037,3,97,4.67155745,232,0.083660283,0.374766445,0.463420281,1.05,16
D053,S019,O039,3,97,4.67155745,48,0.232718262,0.17994217,0.033136716,1.05,1
D053,S020,O029,3,97,4.67155745,744,0.31398409,0.144642217,0.380464816,1.05,47
D053,S021,O055,3,97,4.67155745,143,0.09821222,0.163666817,0.285033773,1.05,17
D053,S022,O075,3,97,4.67155745,31,0.495260113,0.154710174,0.269857669,1.05,5
D053,S023,O052,3,97,4.67155745,249,0.293109713,0.381495942,0.29384703,1.05,30
D053,S024,O020,3,97,4.67155745,113,0.348269976,0.095285863,0.409466489,1.05,28
D053,S025,O023,3,97,4.67155745,410,0.214451437,0.12789836,0.094002538,1.05,34
D053,S026,O069,3,97,4.67155745,600,0.193256125,0.259153683,0.18565311,1.05,107
D053,S027,O054,3,97,4.67155745,70,0.483939677,0.225369653,0.039302168,1.05,11
D053,S028,O063,3,97,4.67155745,159,0.167777479,0.069957712,0.130372357,1.05,38
D053,S029,O058,3,97,4.67155745,22,0.090722232,0.036785238,0.101049312,1.05,4
D053,S030,O042,3,97,4.67155745,533,0.049123846,0.273615249,0.271891148,1.05,28
D053,S031,O083,3,97,4.67155745,89,0.002629244,0.11891721,0.012340148,1.05,13
D053,S032,O086,3,97,4.67155745,135,0.469888219,0.056365997,0.043821459,1.05,28
D054,S001,O004,2,596,4.175058529,544,0.015441285,0.39993713,0.047767101,1.05,12
D054,S002,O061,2,596,4.175058529,27,0.381805437,0.01616482,0.491613692,1.05,4
D054,S003,O084,2,596,4.175058529,797,0.372992677,0.000386491,0.00152113,1.05,169
D054,S004,O040,2,596,4.175058529,585,0.392959459,0.39457393,0.498815231,1.05,30
D054,S005,O074,2,596,4.175058529,36,0.042568944,0.004280635,0.087293441,1.05,3
D054,S006,O014,2,596,4.175058529,505,0.055050564,0.385744929,0.323573274,1.05,126
D054,S007,O095,2,596,4.175058529,29,0.365502327,0.314203797,0.177999519,1.05,3
D054,S008,O008,2,596,4.175058529,217,0.118365868,0.010264005,0.438577644,1.05,4
D054,S009,O044,2,596,4.175058529,721,0.432376139,0.324925408,0.144007894,1.05,148
D054,S010,O071,2,596,4.175058529,830,0.025772238,0.059916076,0.006124037,1.05,1
D054,S011,O005,2,596,4.175058529,472,0.458927508,0.08115278,0.018055532,1.05,8
D054,S012,O094,2,596,4.175058529,888,0.302089761,0.091469055,0.358945917,1.05,193
D054,S013,O049,2,596,4.175058529,33,0.068127718,0.327197905,0.351458552,1.05,6
D054,S014,O002,2,596,4.175058529,71,0.386957289,0.33590604,0.423756547,1.05,16
D054,S015,O009,2,596,4.175058529,39,0.272204984,0.243100415,0.446678,1.05,1
D054,S016,O096,2,596,4.175058529,91,0.16170145,0.264353919,0.069555674,1.05,20
D054,S017,O067,2,596,4.175058529,60,0.359928689,0.02076874,0.174232425,1.05,6
D054,S018,O037,2,596,4.175058529,232,0.083660283,0.374766445,0.463420281,1.05,16
D054,S019,O039,2,596,4.175058529,48,0.232718262,0.17994217,0.033136716,1.05,1
D054,S020,O029,2,596,4.175058529,744,0.31398409,0.144642217,0.380464816,1.05,47
D054,S021,O055,2,596,4.175058529,143,0.09821222,0.163666817,0.285033773,1.05,17
D054,S022,O075,2,596,4.175058529,31,0.495260113,0.154710174,0.269857669,1.05,5
D054,S023,O052,2,596,4.175058529,249,0.293109713,0.381495942,0.29384703,1.05,30
D054,S024,O020,2,596,4.175058529,113,0.348269976,0.095285863,0.409466489,1.05,28
D054,S025,O023,2,596,4.175058529,410,0.214451437,0.12789836,0.094002538,1.05,34
D054,S026,O069,2,596,4.175058529,600,0.193256125,0.259153683,0.18565311,1.05,107
D054,S027,O054,2,596,4.175058529,70,0.483939677,0.225369653,0.039302168,1.05,11
D054,S028,O063,2,596,4.175058529,159,0.167777479,0.069957712,0.130372357,1.05,38
D054,S029,O058,2,596,4.175058529,22,0.090722232,0.036785238,0.101049312,1.05,4
D054,S030,O042,2,596,4.175058529,533,0.049123846,0.273615249,0.271891148,1.05,28
D054,S031,O083,2,596,4.175058529,89,0.002629244,0.11891721,0.012340148,1.05,13
D054,S032,O086,2,596,4.175058529,135,0.469888219,0.056365997,0.043821459,1.05,28
D055,S001,O004,5,813,0.369960103,544,0.015441285,0.39993713,0.047767101,1.05,12
D055,S002,O061,5,813,0.369960103,27,0.381805437,0.01616482,0.491613692,1.05,4
D055,S003,O084,5,813,0.369960103,797,0.372992677,0.000386491,0.00152113,1.05,169
D055,S004,O040,5,813,0.369960103,585,0.392959459,0.39457393,0.498815231,1.05,30
D055,S005,O074,5,813,0.369960103,36,0.042568944,0.004280635,0.087293441,1.05,3
D055,S006,O014,5,813,0.369960103,505,0.055050564,0.385744929,0.323573274,1.05,126
D055,S007,O095,5,813,0.369960103,29,0.365502327,0.314203797,0.177999519,1.05,3
D055,S008,O008,5,813,0.369960103,217,0.118365868,0.010264005,0.438577644,1.05,4
D055,S009,O044,5,813,0.369960103,721,0.432376139,0.324925408,0.144007894,1.05,148
D055,S010,O071,5,813,0.369960103,830,0.025772238,0.059916076,0.006124037,1.05,1
D055,S011,O005,5,813,0.369960103,472,0.458927508,0.08115278,0.018055532,1.05,8
D055,S012,O094,5,813,0.369960103,888,0.302089761,0.091469055,0.358945917,1.05,193
D055,S013,O049,5,813,0.369960103,33,0.068127718,0.327197905,0.351458552,1.05,6
D055,S014,O002,5,813,0.369960103,71,0.386957289,0.33590604,0.423756547,1.05,16
D055,S015,O009,5,813,0.369960103,39,0.272204984,0.243100415,0.446678,1.05,1
D055,S016,O096,5,813,0.369960103,91,0.16170145,0.264353919,0.069555674,1.05,20
D055,S017,O067,5,813,0.369960103,60,0.359928689,0.02076874,0.174232425,1.05,6
D055,S018,O037,5,813,0.369960103,232,0.083660283,0.374766445,0.463420281,1.05,16
D055,S019,O039,5,813,0.369960103,48,0.232718262,0.17994217,0.033136716,1.05,1
D055,S020,O029,5,813,0.369960103,744,0.31398409,0.144642217,0.380464816,1.05,47
D055,S021,O055,5,813,0.369960103,143,0.09821222,0.163666817,0.285033773,1.05,17
D055,S022,O075,5,813,0.369960103,31,0.495260113,0.154710174,0.269857669,1.05,5
D055,S023,O052,5,813,0.369960103,249,0.293109713,0.381495942,0.29384703,1.05,30
D055,S024,O020,5,813,0.369960103,113,0.348269976,0.095285863,0.409466489,1.05,28
D055,S025,O023,5,813,0.369960103,410,0.214451437,0.12789836,0.094002538,1.05,34
D055,S026,O069,5,813,0.369960103,600,0.193256125,0.259153683,0.18565311,1.05,107
D055,S027,O054,5,813,0.369960103,70,0.483939677,0.225369653,0.039302168,1.05,11
D055,S028,O063,5,813,0.369960103,159,0.167777479,0.069957712,0.130372357,1.05,38
D055,S029,O058,5,813,0.369960103,22,0.090722232,0.036785238,0.101049312,1.05,4
D055,S030,O042,5,813,0.369960103,533,0.049123846,0.273615249,0.271891148,1.05,28
D055,S031,O083,5,813,0.369960103,89,0.002629244,0.11891721,0.012340148,1.05,13
D055,S032,O086,5,813,0.369960103,135,0.469888219,0.056365997,0.043821459,1.05,28
D056,S001,O004,8,119,4.76031618,544,0.015441285,0.39993713,0.047767101,1.05,12
D056,S002,O061,8,119,4.76031618,27,0.381805437,0.01616482,0.491613692,1.05,4
D056,S003,O084,8,119,4.76031618,797,0.372992677,0.000386491,0.00152113,1.05,169
D056,S004,O040,8,119,4.76031618,585,0.392959459,0.39457393,0.498815231,1.05,30
D056,S005,O074,8,119,4.76031618,36,0.042568944,0.004280635,0.087293441,1.05,3
D056,S006,O014,8,119,4.76031618,505,0.055050564,0.385744929,0.323573274,1.05,126
D056,S007,O095,8,119,4.76031618,29,0.365502327,0.314203797,0.177999519,1.05,3
D056,S008,O008,8,119,4.76031618,217,0.118365868,0.010264005,0.438577644,1.05,4
D056,S009,O044,8,119,4.76031618,721,0.432376139,0.324925408,0.144007894,1.05,148
D056,S010,O071,8,119,4.76031618,830,0.025772238,0.059916076,0.006124037,1.05,1
D056,S011,O005,8,119,4.76031618,472,0.458927508,0.08115278,0.018055532,1.05,8
D056,S012,O094,8,119,4.76031618,888,0.302089761,0.091469055,0.358945917,1.05,193
D056,S013,O049,8,119,4.76031618,33,0.068127718,0.327197905,0.351458552,1.05,6
D056,S014,O002,8,119,4.76031618,71,0.386957289,0.33590604,0.423756547,1.05,16
D056,S015,O009,8,119,4.76031618,39,0.272204984,0.243100415,0.446678,1.05,1
D056,S016,O096,8,119,4.76031618,91,0.16170145,0.264353919,0.069555674,1.05,20
D056,S017,O067,8,119,4.76031618,60,0.359928689,0.02076874,0.174232425,1.05,6
D056,S018,O037,8,119,4.76031618,232,0.083660283,0.374766445,0.463420281,1.05,16
D056,S019,O039,8,119,4.76031618,48,0.232718262,0.17994217,0.033136716,1.05,1
D056,S020,O029,8,119,4.76031618,744,0.31398409,0.144642217,0.380464816,1.05,47
D056,S021,O055,8,119,4.76031618,143,0.09821222,0.163666817,0.285033773,1.05,17
D056,S022,O075,8,119,4.76031618,31,0.495260113,0.154710174,0.269857669,1.05,5
D056,S023,O052,8,119,4.76031618,249,0.293109713,0.381495942,0.29384703,1.05,30
D056,S024,O020,8,119,4.76031618,113,0.348269976,0.095285863,0.409466489,1.05,28
D056,S025,O023,8,119,4.76031618,410,0.214451437,0.12789836,0.094002538,1.05,34
D056,S026,O069,8,119,4.76031618,600,0.193256125,0.259153683,0.18565311,1.05,107
D056,S027,O054,8,119,4.76031618,70,0.483939677,0.225369653,0.039302168,1.05,11
D056,S028,O063,8,119,4.76031618,159,0.167777479,0.069957712,0.130372357,1.05,38
D056,S029,O058,8,119,4.76031618,22,0.090722232,0.036785238,0.101049312,1.05,4
D056,S030,O042,8,119,4.76031618,533,0.049123846,0.273615249,0.271891148,1.05,28
D056,S031,O083,8,119,4.76031618,89,0.002629244,0.11891721,0.012340148,1.05,13
D056,S032,O086,8,119,4.76031618,135,0.469888219,0.056365997,0.043821459,1.05,28
D057,S001,O004,6,245,0.458656858,544,0.015441285,0.39993713,0.047767101,1.05,12
D057,S002,O061,6,245,0.458656858,27,0.381805437,0.01616482,0.491613692,1.05,4
D057,S003,O084,6,245,0.458656858,797,0.372992677,0.000386491,0.00152113,1.05,169
D057,S004,O040,6,245,0.458656858,585,0.392959459,0.39457393,0.498815231,1.05,30
D057,S005,O074,6,245,0.458656858,36,0.042568944,0.004280635,0.087293441,1.05,3
D057,S006,O014,6,245,0.458656858,505,0.055050564,0.385744929,0.323573274,1.05,126
D057,S007,O095,6,245,0.458656858,29,0.365502327,0.314203797,0.177999519,1.05,3
D057,S008,O008,6,245,0.458656858,217,0.118365868,0.010264005,0.438577644,1.05,4
D057,S009,O044,6,245,0.458656858,721,0.432376139,0.324925408,0.144007894,1.05,148
D057,S010,O071,6,245,0.458656858,830,0.025772238,0.059916076,0.006124037,1.05,1
D057,S011,O005,6,245,0.458656858,472,0.458927508,0.08115278,0.018055532,1.05,8
D057,S012,O094,6,245,0.458656858,888,0.302089761,0.091469055,0.358945917,1.05,193
D057,S013,O049,6,245,0.458656858,33,0.068127718,0.327197905,0.351458552,1.05,6
D057,S014,O002,6,245,0.458656858,71,0.386957289,0.33590604,0.423756547,1.05,16
D057,S015,O009,6,245,0.458656858,39,0.272204984,0.243100415,0.446678,1.05,1
D057,S016,O096,6,245,0.458656858,91,0.16170145,0.264353919,0.069555674,1.05,20
D057,S017,O067,6,245,0.458656858,60,0.359928689,0.02076874,0.174232425,1.05,6
D057,S018,O037,6,245,0.458656858,232,0.083660283,0.374766445,0.463420281,1.05,16
D057,S019,O039,6,245,0.458656858,48,0.232718262,0.17994217,0.033136716,1.05,1
D057,S020,O029,6,245,0.458656858,744,0.31398409,0.144642217,0.380464816,1.05,47
D057,S021,O055,6,245,0.458656858,143,0.09821222,0.163666817,0.285033773,1.05,17
D057,S022,O075,6,245,0.458656858,31,0.495260113,0.154710174,0.269857669,1.05,5
D057,S023,O052,6,245,0.458656858,249,0.293109713,0.381495942,0.29384703,1.05,30
D057,S024,O020,6,245,0.458656858,113,0.348269976,0.095285863,0.409466489,1.05,28
D057,S025,O023,6,245,0.458656858,410,0.214451437,0.12789836,0.094002538,1.05,34
D057,S026,O069,6,245,0.458656858,600,0.193256125,0.259153683,0.18565311,1.05,107
D057,S027,O054,6,245,0.458656858,70,0.483939677,0.225369653,0.039302168,1.05,11
D057,S028,O063,6,245,0.458656858,159,0.167777479,0.069957712,0.130372357,1.05,38
D057,S029,O058,6,245,0.458656858,22,0.090722232,0.036785238,0.101049312,1.05,4
D057,S030,O042,6,245,0.458656858,533,0.049123846,0.273615249,0.271891148,1.05,28
D057,S031,O083,6,245,0.458656858,89,0.002629244,0.11891721,0.012340148,1.05,13
D057,S032,O086,6,245,0.458656858,135,0.469888219,0.056365997,0.043821459,1.05,28
D058,S001,O004,5,730,0.523579254,544,0.015441285,0.39993713,0.047767101,1.05,12
D058,S002,O061,5,730,0.523579254,27,0.381805437,0.01616482,0.491613692,1.05,4
D058,S003,O084,5,730,0.523579254,797,0.372992677,0.000386491,0.00152113,1.05,169
D058,S004,O040,5,730,0.523579254,585,0.392959459,0.39457393,0.498815231,1.05,30
D058,S005,O074,5,730,0.523579254,36,0.042568944,0.004280635,0.087293441,1.05,3
D058,S006,O014,5,730,0.523579254,505,0.055050564,0.385744929,0.323573274,1.05,126
D058,S007,O095,5,730,0.523579254,29,0.365502327,0.314203797,0.177999519,1.05,3
D058,S008,O008,5,730,0.523579254,217,0.118365868,0.010264005,0.438577644,1.05,4
D058,S009,O044,5,730,0.523579254,721,0.432376139,0.324925408,0.144007894,1.05,148
D058,S010,O071,5,730,0.523579254,830,0.025772238,0.059916076,0.006124037,1.05,1
D058,S011,O005,5,730,0.523579254,472,0.458927508,0.08115278,0.018055532,1.05,8
D058,S012,O094,5,730,0.523579254,888,0.302089761,0.091469055,0.358945917,1.05,193
D058,S013,O049,5,730,0.523579254,33,0.068127718,0.327197905,0.351458552,1.05,6
D058,S014,O002,5,730,0.523579254,71,0.386957289,0.33590604,0.423756547,1.05,16
D058,S015,O009,5,730,0.523579254,39,0.272204984,0.243100415,0.446678,1.05,1
D058,S016,O096,5,730,0.523579254,91,0.16170145,0.264353919,0.069555674,1.05,20
D058,S017,O067,5,730,0.523579254,60,0.359928689,0.02076874,0.174232425,1.05,6
D058,S018,O037,5,730,0.523579254,232,0.083660283,0.374766445,0.463420281,1.05,16
D058,S019,O039,5,730,0.523579254,48,0.232718262,0.17994217,0.033136716,1.05,1
D058,S020,O029,5,730,0.523579254,744,0.31398409,0.144642217,0.380464816,1.05,47
D058,S021,O055,5,730,0.523579254,143,0.09821222,0.163666817,0.285033773,1.05,17
D058,S022,O075,5,730,0.523579254,31,0.495260113,0.154710174,0.269857669,1.05,5
D058,S023,O052,5,730,0.523579254,249,0.293109713,0.381495942,0.29384703,1.05,30
D058,S024,O020,5,730,0.523579254,113,0.348269976,0.095285863,0.409466489,1.05,28
D058,S025,O023,5,730,0.523579254,410,0.214451437,0.12789836,0.094002538,1.05,34
D058,S026,O069,5,730,0.523579254,600,0.193256125,0.259153683,0.18565311,1.05,107
D058,S027,O054,5,730,0.523579254,70,0.483939677,0.225369653,0.039302168,1.05,11
D058,S028,O063,5,730,0.523579254,159,0.167777479,0.069957712,0.130372357,1.05,38
D058,S029,O058,5,730,0.523579254,22,0.090722232,0.036785238,0.101049312,1.05,4
D058,S030,O042,5,730,0.523579254,533,0.049123846,0.273615249,0.271891148,1.05,28
D058,S031,O083,5,730,0.523579254,89,0.002629244,0.11891721,0.012340148,1.05,13
D058,S032,O086,5,730,0.523579254,135,0.469888219,0.056365997,0.043821459,1.05,28
D059,S001,O004,4,449,5.169287775,544,0.015441285,0.39993713,0.047767101,1.05,12
D059,S002,O061,4,449,5.169287775,27,0.381805437,0.01616482,0.491613692,1.05,4
D059,S003,O084,4,449,5.169287775,797,0.372992677,0.000386491,0.00152113,1.05,169
D059,S004,O040,4,449,5.169287775,585,0.392959459,0.39457393,0.498815231,1.05,30
D059,S005,O074,4,449,5.169287775,36,0.042568944,0.004280635,0.087293441,1.05,3
D059,S006,O014,4,449,5.169287775,505,0.055050564,0.385744929,0.323573274,1.05,126
D059,S007,O095,4,449,5.169287775,29,0.365502327,0.314203797,0.177999519,1.05,3
D059,S008,O008,4,449,5.169287775,217,0.118365868,0.010264005,0.438577644,1.05,4
D059,S009,O044,4,449,5.169287775,721,0.432376139,0.324925408,0.144007894,1.05,148
D059,S010,O071,4,449,5.169287775,830,0.025772238,0.059916076,0.006124037,1.05,1
D059,S011,O005,4,449,5.169287775,472,0.458927508,0.08115278,0.018055532,1.05,8
D059,S012,O094,4,449,5.169287775,888,0.302089761,0.091469055,0.358945917,1.05,193
D059,S013,O049,4,449,5.169287775,33,0.068127718,0.327197905,0.351458552,1.05,6
D059,S014,O002,4,449,5.169287775,71,0.386957289,0.33590604,0.423756547,1.05,16
D059,S015,O009,4,449,5.169287775,39,0.272204984,0.243100415,0.446678,1.05,1
D059,S016,O096,4,449,5.169287775,91,0.16170145,0.264353919,0.069555674,1.05,20
D059,S017,O067,4,449,5.169287775,60,0.359928689,0.02076874,0.174232425,1.05,6
D059,S018,O037,4,449,5.169287775,232,0.083660283,0.374766445,0.463420281,1.05,16
D059,S019,O039,4,449,5.169287775,48,0.232718262,0.17994217,0.033136716,1.05,1
D059,S020,O029,4,449,5.169287775,744,0.31398409,0.144642217,0.380464816,1.05,47
D059,S021,O055,4,449,5.169287775,143,0.09821222,0.163666817,0.285033773,1.05,17
D059,S022,O075,4,449,5.169287775,31,0.495260113,0.154710174,0.269857669,1.05,5
D059,S023,O052,4,449,5.169287775,249,0.293109713,0.381495942,0.29384703,1.05,30
D059,S024,O020,4,449,5.169287775,113,0.348269976,0.095285863,0.409466489,1.05,28
D059,S025,O023,4,449,5.169287775,410,0.214451437,0.12789836,0.094002538,1.05,34
D059,S026,O069,4,449,5.169287775,600,0.193256125,0.259153683,0.18565311,1.05,107
D059,S027,O054,4,449,5.169287775,70,0.483939677,0.225369653,0.039302168,1.05,11
D059,S028,O063,4,449,5.169287775,159,0.167777479,0.069957712,0.130372357,1.05,38
D059,S029,O058,4,449,5.169287775,22,0.090722232,0.036785238,0.101049312,1.05,4
D059,S030,O042,4,449,5.169287775,533,0.049123846,0.273615249,0.271891148,1.05,28
D059,S031,O083,4,449,5.169287775,89,0.002629244,0.11891721,0.012340148,1.05,13
D059,S032,O086,4,449,5.169287775,135,0.469888219,0.056365997,0.043821459,1.05,28
D060,S001,O004,4,126,0.278788784,544,0.015441285,0.39993713,0.047767101,1.05,12
D060,S002,O061,4,126,0.278788784,27,0.381805437,0.01616482,0.491613692,1.05,4
D060,S003,O084,4,126,0.278788784,797,0.372992677,0.000386491,0.00152113,1.05,169
D060,S004,O040,4,126,0.278788784,585,0.392959459,0.39457393,0.498815231,1.05,30
D060,S005,O074,4,126,0.278788784,36,0.042568944,0.004280635,0.087293441,1.05,3
D060,S006,O014,4,126,0.278788784,505,0.055050564,0.385744929,0.323573274,1.05,126
D060,S007,O095,4,126,0.278788784,29,0.365502327,0.314203797,0.177999519,1.05,3
D060,S008,O008,4,126,0.278788784,217,0.118365868,0.010264005,0.438577644,1.05,4
D060,S009,O044,4,126,0.278788784,721,0.432376139,0.324925408,0.144007894,1.05,148
D060,S010,O071,4,126,0.278788784,830,0.025772238,0.059916076,0.006124037,1.05,1
D060,S011,O005,4,126,0.278788784,472,0.458927508,0.08115278,0.018055532,1.05,8
D060,S012,O094,4,126,0.278788784,888,0.302089761,0.091469055,0.358945917,1.05,193
D060,S013,O049,4,126,0.278788784,33,0.068127718,0.327197905,0.351458552,1.05,6
D060,S014,O002,4,126,0.278788784,71,0.386957289,0.33590604,0.423756547,1.05,16
D060,S015,O009,4,126,0.278788784,39,0.272204984,0.243100415,0.446678,1.05,1
D060,S016,O096,4,126,0.278788784,91,0.16170145,0.264353919,0.069555674,1.05,20
D060,S017,O067,4,126,0.278788784,60,0.359928689,0.02076874,0.174232425,1.05,6
D060,S018,O037,4,126,0.278788784,232,0.083660283,0.374766445,0.463420281,1.05,16
D060,S019,O039,4,126,0.278788784,48,0.232718262,0.17994217,0.033136716,1.05,1
D060,S020,O029,4,126,0.278788784,744,0.31398409,0.144642217,0.380464816,1.05,47
D060,S021,O055,4,126,0.278788784,143,0.09821222,0.163666817,0.285033773,1.05,17
D060,S022,O075,4,126,0.278788784,31,0.495260113,0.154710174,0.269857669,1.05,5
D060,S023,O052,4,126,0.278788784,249,0.293109713,0.381495942,0.29384703,1.05,30
D060,S024,O020,4,126,0.278788784,113,0.348269976,0.095285863,0.409466489,1.05,28
D060,S025,O023,4,126,0.278788784,410,0.214451437,0.12789836,0.094002538,1.05,34
D060,S026,O069,4,126,0.278788784,600,0.193256125,0.259153683,0.18565311,1.05,107
D060,S027,O054,4,126,0.278788784,70,0.483939677,0.225369653,0.039302168,1.05,11
D060,S028,O063,4,126,0.278788784,159,0.167777479,0.069957712,0.130372357,1.05,38
D060,S029,O058,4,126,0.278788784,22,0.090722232,0.036785238,0.101049312,1.05,4
D060,S030,O042,4,126,0.278788784,533,0.049123846,0.273615249,0.271891148,1.05,28
D060,S031,O083,4,126,0.278788784,89,0.002629244,0.11891721,0.012340148,1.05,13
D060,S032,O086,4,126,0.278788784,135,0.469888219,0.056365997,0.043821459,1.05,28
D061,S001,O004,6,82,5.483340062,544,0.015441285,0.39993713,0.047767101,1.05,12
D061,S002,O061,6,82,5.483340062,27,0.381805437,0.01616482,0.491613692,1.05,4
D061,S003,O084,6,82,5.483340062,797,0.372992677,0.000386491,0.00152113,1.05,169
D061,S004,O040,6,82,5.483340062,585,0.392959459,0.39457393,0.498815231,1.05,30
D061,S005,O074,6,82,5.483340062,36,0.042568944,0.004280635,0.087293441,1.05,3
D061,S006,O014,6,82,5.483340062,505,0.055050564,0.385744929,0.323573274,1.05,126
D061,S007,O095,6,82,5.483340062,29,0.365502327,0.314203797,0.177999519,1.05,3
D061,S008,O008,6,82,5.483340062,217,0.118365868,0.010264005,0.438577644,1.05,4
D061,S009,O044,6,82,5.483340062,721,0.432376139,0.324925408,0.144007894,1.05,148
D061,S010,O071,6,82,5.483340062,830,0.025772238,0.059916076,0.006124037,1.05,1
D061,S011,O005,6,82,5.483340062,472,0.458927508,0.08115278,0.018055532,1.05,8
D061,S012,O094,6,82,5.483340062,888,0.302089761,0.091469055,0.358945917,1.05,193
D061,S013,O049,6,82,5.483340062,33,0.068127718,0.327197905,0.351458552,1.05,6
D061,S014,O002,6,82,5.483340062,71,0.386957289,0.33590604,0.423756547,1.05,16
D061,S015,O009,6,82,5.483340062,39,0.272204984,0.243100415,0.446678,1.05,1
D061,S016,O096,6,82,5.483340062,91,0.16170145,0.264353919,0.069555674,1.05,20
D061,S017,O067,6,82,5.483340062,60,0.359928689,0.02076874,0.174232425,1.05,6
D061,S018,O037,6,82,5.483340062,232,0.083660283,0.374766445,0.463420281,1.05,16
D061,S019,O039,6,82,5.483340062,48,0.232718262,0.17994217,0.033136716,1.05,1
D061,S020,O029,6,82,5.483340062,744,0.31398409,0.144642217,0.380464816,1.05,47
D061,S021,O055,6,82,5.483340062,143,0.09821222,0.163666817,0.285033773,1.05,17
D061,S022,O075,6,82,5.483340062,31,0.495260113,0.154710174,0.269857669,1.05,5
D061,S023,O052,6,82,5.483340062,249,0.293109713,0.381495942,0.29384703,1.05,30
D061,S024,O020,6,82,5.483340062,113,0.348269976,0.095285863,0.409466489,1.05,28
D061,S025,O023,6,82,5.483340062,410,0.214451437,0.12789836,0.094002538,1.05,34
D061,S026,O069,6,82,5.483340062,600,0.193256125,0.259153683,0.18565311,1.05,107
D061,S027,O054,6,82,5.483340062,70,0.483939677,0.225369653,0.039302168,1.05,11
D061,S028,O063,6,82,5.483340062,159,0.167777479,0.069957712,0.130372357,1.05,38
D061,S029,O058,6,82,5.483340062,22,0.090722232,0.036785238,0.101049312,1.05,4
D061,S030,O042,6,82,5.483340062,533,0.049123846,0.273615249,0.271891148,1.05,28
D061,S031,O083,6,82,5.483340062,89,0.002629244,0.11891721,0.012340148,1.05,13
D061,S032,O086,6,82,5.483340062,135,0.469888219,0.056365997,0.043821459,1.05,28
D062,S001,O004,6,235,4.003175576,544,0.015441285,0.39993713,0.047767101,1.05,12
D062,S002,O061,6,235,4.003175576,27,0.381805437,0.01616482,0.491613692,1.05,4
D062,S003,O084,6,235,4.003175576,797,0.372992677,0.000386491,0.00152113,1.05,169
D062,S004,O040,6,235,4.003175576,585,0.392959459,0.39457393,0.498815231,1.05,30
D062,S005,O074,6,235,4.003175576,36,0.042568944,0.004280635,0.087293441,1.05,3
D062,S006,O014,6,235,4.003175576,505,0.055050564,0.385744929,0.323573274,1.05,126
D062,S007,O095,6,235,4.003175576,29,0.365502327,0.314203797,0.177999519,1.05,3
D062,S008,O008,6,235,4.003175576,217,0.118365868,0.010264005,0.438577644,1.05,4
D062,S009,O044,6,235,4.003175576,721,0.432376139,0.324925408,0.144007894,1.05,148
D062,S010,O071,6,235,4.003175576,830,0.025772238,0.059916076,0.006124037,1.05,1
D062,S011,O005,6,235,4.003175576,472,0.458927508,0.08115278,0.018055532,1.05,8
D062,S012,O094,6,235,4.003175576,888,0.302089761,0.091469055,0.358945917,1.05,193
D062,S013,O049,6,235,4.003175576,33,0.068127718,0.327197905,0.351458552,1.05,6
D062,S014,O002,6,235,4.003175576,71,0.386957289,0.33590604,0.423756547,1.05,16
D062,S015,O009,6,235,4.003175576,39,0.272204984,0.243100415,0.446678,1.05,1
D062,S016,O096,6,235,4.003175576,91,0.16170145,0.264353919,0.069555674,1.05,20
D062,S017,O067,6,235,4.003175576,60,0.359928689,0.02076874,0.174232425,1.05,6
D062,S018,O037,6,235,4.003175576,232,0.083660283,0.374766445,0.463420281,1.05,16
D062,S019,O039,6,235,4.003175576,48,0.232718262,0.17994217,0.033136716,1.05,1
D062,S020,O029,6,235,4.003175576,744,0.31398409,0.144642217,0.380464816,1.05,47
D062,S021,O055,6,235,4.003175576,143,0.09821222,0.163666817,0.285033773,1.05,17
D062,S022,O075,6,235,4.003175576,31,0.495260113,0.154710174,0.269857669,1.05,5
D062,S023,O052,6,235,4.003175576,249,0.293109713,0.381495942,0.29384703,1.05,30
D062,S024,O020,6,235,4.003175576,113,0.348269976,0.095285863,0.409466489,1.05,28
D062,S025,O023,6,235,4.003175576,410,0.214451437,0.12789836,0.094002538,1.05,34
D062,S026,O069,6,235,4.003175576,600,0.193256125,0.259153683,0.18565311,1.05,107
D062,S027,O054,6,235,4.003175576,70,0.483939677,0.225369653,0.039302168,1.05,11
D062,S028,O063,6,235,4.003175576,159,0.167777479,0.069957712,0.130372357,1.05,38
D062,S029,O058,6,235,4.003175576,22,0.090722232,0.036785238,0.101049312,1.05,4
D062,S030,O042,6,235,4.003175576,533,0.049123846,0.273615249,0.271891148,1.05,28
D062,S031,O083,6,235,4.003175576,89,0.002629244,0.11891721,0.012340148,1.05,13
D062,S032,O086,6,235,4.003175576,135,0.469888219,0.056365997,0.043821459,1.05,28
D063,S001,O004,3,176,0.420336327,544,0.015441285,0.39993713,0.047767101,1.05,12
D063,S002,O061,3,176,0.420336327,27,0.381805437,0.01616482,0.491613692,1.05,4
D063,S003,O084,3,176,0.420336327,797,0.372992677,0.000386491,0.00152113,1.05,169
D063,S004,O040,3,176,0.420336327,585,0.392959459,0.39457393,0.498815231,1.05,30
D063,S005,O074,3,176,0.420336327,36,0.042568944,0.004280635,0.087293441,1.05,3
D063,S006,O014,3,176,0.420336327,505,0.055050564,0.385744929,0.323573274,1.05,126
D063,S007,O095,3,176,0.420336327,29,0.365502327,0.314203797,0.177999519,1.05,3
D063,S008,O008,3,176,0.420336327,217,0.118365868,0.010264005,0.438577644,1.05,4
D063,S009,O044,3,176,0.420336327,721,0.432376139,0.324925408,0.144007894,1.05,148
D063,S010,O071,3,176,0.420336327,830,0.025772238,0.059916076,0.006124037,1.05,1
D063,S011,O005,3,176,0.420336327,472,0.458927508,0.08115278,0.018055532,1.05,8
D063,S012,O094,3,176,0.420336327,888,0.302089761,0.091469055,0.358945917,1.05,193
D063,S013,O049,3,176,0.420336327,33,0.068127718,0.327197905,0.351458552,1.05,6
D063,S014,O002,3,176,0.420336327,71,0.386957289,0.33590604,0.423756547,1.05,16
D063,S015,O009,3,176,0.420336327,39,0.272204984,0.243100415,0.446678,1.05,1
D063,S016,O096,3,176,0.420336327,91,0.16170145,0.264353919,0.069555674,1.05,20
D063,S017,O067,3,176,0.420336327,60,0.359928689,0.02076874,0.174232425,1.05,6
D063,S018,O037,3,176,0.420336327,232,0.083660283,0.374766445,0.463420281,1.05,16
D063,S019,O039,3,176,0.420336327,48,0.232718262,0.17994217,0.033136716,1.05,1
D063,S020,O029,3,176,0.420336327,744,0.31398409,0.144642217,0.380464816,1.05,47
D063,S021,O055,3,176,0.420336327,143,0.09821222,0.163666817,0.285033773,1.05,17
D063,S022,O075,3,176,0.420336327,31,0.495260113,0.154710174,0.269857669,1.05,5
D063,S023,O052,3,176,0.420336327,249,0.293109713,0.381495942,0.29384703,1.05,30
D063,S024,O020,3,176,0.420336327,113,0.348269976,0.095285863,0.409466489,1.05,28
D063,S025,O023,3,176,0.420336327,410,0.214451437,0.12789836,0.094002538,1.05,34
D063,S026,O069,3,176,0.420336327,600,0.193256125,0.259153683,0.18565311,1.05,107
D063,S027,O054,3,176,0.420336327,70,0.483939677,0.225369653,0.039302168,1.05,11
D063,S028,O063,3,176,0.420336327,159,0.167777479,0.069957712,0.130372357,1.05,38
D063,S029,O058,3,176,0.420336327,22,0.090722232,0.036785238,0.101049312,1.05,4
D063,S030,O042,3,176,0.420336327,533,0.049123846,0.273615249,0.271891148,1.05,28
D063,S031,O083,3,176,0.420336327,89,0.002629244,0.11891721,0.012340148,1.05,13
D063,S032,O086,3,176,0.420336327,135,0.469888219,0.056365997,0.043821459,1.05,28
D064,S001,O004,8,192,2.239817071,544,0.015441285,0.39993713,0.047767101,1.05,12
D064,S002,O061,8,192,2.239817071,27,0.381805437,0.01616482,0.491613692,1.05,4
D064,S003,O084,8,192,2.239817071,797,0.372992677,0.000386491,0.00152113,1.05,169
D064,S004,O040,8,192,2.239817071,585,0.392959459,0.39457393,0.498815231,1.05,30
D064,S005,O074,8,192,2.239817071,36,0.042568944,0.004280635,0.087293441,1.05,3
D064,S006,O014,8,192,2.239817071,505,0.055050564,0.385744929,0.323573274,1.05,126
D064,S007,O095,8,192,2.239817071,29,0.365502327,0.314203797,0.177999519,1.05,3
D064,S008,O008,8,192,2.239817071,217,0.118365868,0.010264005,0.438577644,1.05,4
D064,S009,O044,8,192,2.239817071,721,0.432376139,0.324925408,0.144007894,1.05,148
D064,S010,O071,8,192,2.239817071,830,0.025772238,0.059916076,0.006124037,1.05,1
D064,S011,O005,8,192,2.239817071,472,0.458927508,0.08115278,0.018055532,1.05,8
D064,S012,O094,8,192,2.239817071,888,0.302089761,0.091469055,0.358945917,1.05,193
D064,S013,O049,8,192,2.239817071,33,0.068127718,0.327197905,0.351458552,1.05,6
D064,S014,O002,8,192,2.239817071,71,0.386957289,0.33590604,0.423756547,1.05,16
D064,S015,O009,8,192,2.239817071,39,0.272204984,0.243100415,0.446678,1.05,1
D064,S016,O096,8,192,2.239817071,91,0.16170145,0.264353919,0.069555674,1.05,20
D064,S017,O067,8,192,2.239817071,60,0.359928689,0.02076874,0.174232425,1.05,6
D064,S018,O037,8,192,2.239817071,232,0.083660283,0.374766445,0.463420281,1.05,16
D064,S019,O039,8,192,2.239817071,48,0.232718262,0.17994217,0.033136716,1.05,1
D064,S020,O029,8,192,2.239817071,744,0.31398409,0.144642217,0.380464816,1.05,47
D064,S021,O055,8,192,2.239817071,143,0.09821222,0.163666817,0.285033773,1.05,17
D064,S022,O075,8,192,2.239817071,31,0.495260113,0.154710174,0.269857669,1.05,5
D064,S023,O052,8,192,2.239817071,249,0.293109713,0.381495942,0.29384703,1.05,30
D064,S024,O020,8,192,2.239817071,113,0.348269976,0.095285863,0.409466489,1.05,28
D064,S025,O023,8,192,2.239817071,410,0.214451437,0.12789836,0.094002538,1.05,34
D064,S026,O069,8,192,2.239817071,600,0.193256125,0.259153683,0.18565311,1.05,107
D064,S027,O054,8,192,2.239817071,70,0.483939677,0.225369653,0.039302168,1.05,11
D064,S028,O063,8,192,2.239817071,159,0.167777479,0.069957712,0.130372357,1.05,38
D064,S029,O058,8,192,2.239817071,22,0.090722232,0.036785238,0.101049312,1.05,4
D064,S030,O042,8,192,2.239817071,533,0.049123846,0.273615249,0.271891148,1.05,28
D064,S031,O083,8,192,2.239817071,89,0.002629244,0.11891721,0.012340148,1.05,13
D064,S032,O086,8,192,2.239817071,135,0.469888219,0.056365997,0.043821459,1.05,28
D065,S001,O004,3,404,0.482111277,544,0.015441285,0.39993713,0.047767101,1.05,12
D065,S002,O061,3,404,0.482111277,27,0.381805437,0.01616482,0.491613692,1.05,4
D065,S003,O084,3,404,0.482111277,797,0.372992677,0.000386491,0.00152113,1.05,169
D065,S004,O040,3,404,0.482111277,585,0.392959459,0.39457393,0.498815231,1.05,30
D065,S005,O074,3,404,0.482111277,36,0.042568944,0.004280635,0.087293441,1.05,3
D065,S006,O014,3,404,0.482111277,505,0.055050564,0.385744929,0.323573274,1.05,126
D065,S007,O095,3,404,0.482111277,29,0.365502327,0.314203797,0.177999519,1.05,3
D065,S008,O008,3,404,0.482111277,217,0.118365868,0.010264005,0.438577644,1.05,4
D065,S009,O044,3,404,0.482111277,721,0.432376139,0.324925408,0.144007894,1.05,148
D065,S010,O071,3,404,0.482111277,830,0.025772238,0.059916076,0.006124037,1.05,1
D065,S011,O005,3,404,0.482111277,472,0.458927508,0.08115278,0.018055532,1.05,8
D065,S012,O094,3,404,0.482111277,888,0.302089761,0.091469055,0.358945917,1.05,193
D065,S013,O049,3,404,0.482111277,33,0.068127718,0.327197905,0.351458552,1.05,6
D065,S014,O002,3,404,0.482111277,71,0.386957289,0.33590604,0.423756547,1.05,16
D065,S015,O009,3,404,0.482111277,39,0.272204984,0.243100415,0.446678,1.05,1
D065,S016,O096,3,404,0.482111277,91,0.16170145,0.264353919,0.069555674,1.05,20
D065,S017,O067,3,404,0.482111277,60,0.359928689,0.02076874,0.174232425,1.05,6
D065,S018,O037,3,404,0.482111277,232,0.083660283,0.374766445,0.463420281,1.05,16
D065,S019,O039,3,404,0.482111277,48,0.232718262,0.17994217,0.033136716,1.05,1
D065,S020,O029,3,404,0.482111277,744,0.31398409,0.144642217,0.380464816,1.05,47
D065,S021,O055,3,404,0.482111277,143,0.09821222,0.163666817,0.285033773,1.05,17
D065,S022,O075,3,404,0.482111277,31,0.495260113,0.154710174,0.269857669,1.05,5
D065,S023,O052,3,404,0.482111277,249,0.293109713,0.381495942,0.29384703,1.05,30
D065,S024,O020,3,404,0.482111277,113,0.348269976,0.095285863,0.409466489,1.05,28
D065,S025,O023,3,404,0.482111277,410,0.214451437,0.12789836,0.094002538,1.05,34
D065,S026,O069,3,404,0.482111277,600,0.193256125,0.259153683,0.18565311,1.05,107
D065,S027,O054,3,404,0.482111277,70,0.483939677,0.225369653,0.039302168,1.05,11
D065,S028,O063,3,404,0.482111277,159,0.167777479,0.069957712,0.130372357,1.05,38
D065,S029,O058,3,404,0.482111277,22,0.090722232,0.036785238,0.101049312,1.05,4
D065,S030,O042,3,404,0.482111277,533,0.049123846,0.273615249,0.271891148,1.05,28
D065,S031,O083,3,404,0.482111277,89,0.002629244,0.11891721,0.012340148,1.05,13
D065,S032,O086,3,404,0.482111277,135,0.469888219,0.056365997,0.043821459,1.05,28
D066,S001,O004,8,692,5.932701376,544,0.015441285,0.39993713,0.047767101,1.05,12
D066,S002,O061,8,692,5.932701376,27,0.381805437,0.01616482,0.491613692,1.05,4
D066,S003,O084,8,692,5.932701376,797,0.372992677,0.000386491,0.00152113,1.05,169
D066,S004,O040,8,692,5.932701376,585,0.392959459,0.39457393,0.498815231,1.05,30
D066,S005,O074,8,692,5.932701376,36,0.042568944,0.004280635,0.087293441,1.05,3
D066,S006,O014,8,692,5.932701376,505,0.055050564,0.385744929,0.323573274,1.05,126
D066,S007,O095,8,692,5.932701376,29,0.365502327,0.314203797,0.177999519,1.05,3
D066,S008,O008,8,692,5.932701376,217,0.118365868,0.010264005,0.438577644,1.05,4
D066,S009,O044,8,692,5.932701376,721,0.432376139,0.324925408,0.144007894,1.05,148
D066,S010,O071,8,692,5.932701376,830,0.025772238,0.059916076,0.006124037,1.05,1
D066,S011,O005,8,692,5.932701376,472,0.458927508,0.08115278,0.018055532,1.05,8
D066,S012,O094,8,692,5.932701376,888,0.302089761,0.091469055,0.358945917,1.05,193
D066,S013,O049,8,692,5.932701376,33,0.068127718,0.327197905,0.351458552,1.05,6
D066,S014,O002,8,692,5.932701376,71,0.386957289,0.33590604,0.423756547,1.05,16
D066,S015,O009,8,692,5.932701376,39,0.272204984,0.243100415,0.446678,1.05,1
D066,S016,O096,8,692,5.932701376,91,0.16170145,0.264353919,0.069555674,1.05,20
D066,S017,O067,8,692,5.932701376,60,0.359928689,0.02076874,0.174232425,1.05,6
D066,S018,O037,8,692,5.932701376,232,0.083660283,0.374766445,0.463420281,1.05,16
D066,S019,O039,8,692,5.932701376,48,0.232718262,0.17994217,0.033136716,1.05,1
D066,S020,O029,8,692,5.932701376,744,0.31398409,0.144642217,0.380464816,1.05,47
D066,S021,O055,8,692,5.932701376,143,0.09821222,0.163666817,0.285033773,1.05,17
D066,S022,O075,8,692,5.932701376,31,0.495260113,0.154710174,0.269857669,1.05,5
D066,S023,O052,8,692,5.932701376,249,0.293109713,0.381495942,0.29384703,1.05,30
D066,S024,O020,8,692,5.932701376,113,0.348269976,0.095285863,0.409466489,1.05,28
D066,S025,O023,8,692,5.932701376,410,0.214451437,0.12789836,0.094002538,1.05,34
D066,S026,O069,8,692,5.932701376,600,0.193256125,0.259153683,0.18565311,1.05,107
D066,S027,O054,8,692,5.932701376,70,0.483939677,0.225369653,0.039302168,1.05,11
D066,S028,O063,8,692,5.932701376,159,0.167777479,0.069957712,0.130372357,1.05,38
D066,S029,O058,8,692,5.932701376,22,0.090722232,0.036785238,0.101049312,1.05,4
D066,S030,O042,8,692,5.932701376,533,0.049123846,0.273615249,0.271891148,1.05,28
D066,S031,O083,8,692,5.932701376,89,0.002629244,0.11891721,0.012340148,1.05,13
D066,S032,O086,8,692,5.932701376,135,0.469888219,0.056365997,0.043821459,1.05,28
D067,S001,O004,2,129,6.295891122,544,0.015441285,0.39993713,0.047767101,1.05,12
D067,S002,O061,2,129,6.295891122,27,0.381805437,0.01616482,0.491613692,1.05,4
D067,S003,O084,2,129,6.295891122,797,0.372992677,0.000386491,0.00152113,1.05,169
D067,S004,O040,2,129,6.295891122,585,0.392959459,0.39457393,0.498815231,1.05,30
D067,S005,O074,2,129,6.295891122,36,0.042568944,0.004280635,0.087293441,1.05,3
D067,S006,O014,2,129,6.295891122,505,0.055050564,0.385744929,0.323573274,1.05,126
D067,S007,O095,2,129,6.295891122,29,0.365502327,0.314203797,0.177999519,1.05,3
D067,S008,O008,2,129,6.295891122,217,0.118365868,0.010264005,0.438577644,1.05,4
D067,S009,O044,2,129,6.295891122,721,0.432376139,0.324925408,0.144007894,1.05,148
D067,S010,O071,2,129,6.295891122,830,0.025772238,0.059916076,0.006124037,1.05,1
D067,S011,O005,2,129,6.295891122,472,0.458927508,0.08115278,0.018055532,1.05,8
D067,S012,O094,2,129,6.295891122,888,0.302089761,0.091469055,0.358945917,1.05,193
D067,S013,O049,2,129,6.295891122,33,0.068127718,0.327197905,0.351458552,1.05,6
D067,S014,O002,2,129,6.295891122,71,0.386957289,0.33590604,0.423756547,1.05,16
D067,S015,O009,2,129,6.295891122,39,0.272204984,0.243100415,0.446678,1.05,1
D067,S016,O096,2,129,6.295891122,91,0.16170145,0.264353919,0.069555674,1.05,20
D067,S017,O067,2,129,6.295891122,60,0.359928689,0.02076874,0.174232425,1.05,6
D067,S018,O037,2,129,6.295891122,232,0.083660283,0.374766445,0.463420281,1.05,16
D067,S019,O039,2,129,6.295891122,48,0.232718262,0.17994217,0.033136716,1.05,1
D067,S020,O029,2,129,6.295891122,744,0.31398409,0.144642217,0.380464816,1.05,47
D067,S021,O055,2,129,6.295891122,143,0.09821222,0.163666817,0.285033773,1.05,17
D067,S022,O075,2,129,6.295891122,31,0.495260113,0.154710174,0.269857669,1.05,5
D067,S023,O052,2,129,6.295891122,249,0.293109713,0.381495942,0.29384703,1.05,30
D067,S024,O020,2,129,6.295891122,113,0.348269976,0.095285863,0.409466489,1.05,28
D067,S025,O023,2,129,6.295891122,410,0.214451437,0.12789836,0.094002538,1.05,34
D067,S026,O069,2,129,6.295891122,600,0.193256125,0.259153683,0.18565311,1.05,107
D067,S027,O054,2,129,6.295891122,70,0.483939677,0.225369653,0.039302168,1.05,11
D067,S028,O063,2,129,6.295891122,159,0.167777479,0.069957712,0.130372357,1.05,38
D067,S029,O058,2,129,6.295891122,22,0.090722232,0.036785238,0.101049312,1.05,4
D067,S030,O042,2,129,6.295891122,533,0.049123846,0.273615249,0.271891148,1.05,28
D067,S031,O083,2,129,6.295891122,89,0.002629244,0.11891721,0.012340148,1.05,13
D067,S032,O086,2,129,6.295891122,135,0.469888219,0.056365997,0.043821459,1.05,28
D068,S001,O004,7,1076,3.074594771,544,0.015441285,0.39993713,0.047767101,1.05,12
D068,S002,O061,7,1076,3.074594771,27,0.381805437,0.01616482,0.491613692,1.05,4
D068,S003,O084,7,1076,3.074594771,797,0.372992677,0.000386491,0.00152113,1.05,169
D068,S004,O040,7,1076,3.074594771,585,0.392959459,0.39457393,0.498815231,1.05,30
D068,S005,O074,7,1076,3.074594771,36,0.042568944,0.004280635,0.087293441,1.05,3
D068,S006,O014,7,1076,3.074594771,505,0.055050564,0.385744929,0.323573274,1.05,126
D068,S007,O095,7,1076,3.074594771,29,0.365502327,0.314203797,0.177999519,1.05,3
D068,S008,O008,7,1076,3.074594771,217,0.118365868,0.010264005,0.438577644,1.05,4
D068,S009,O044,7,1076,3.074594771,721,0.432376139,0.324925408,0.144007894,1.05,148
D068,S010,O071,7,1076,3.074594771,830,0.025772238,0.059916076,0.006124037,1.05,1
D068,S011,O005,7,1076,3.074594771,472,0.458927508,0.08115278,0.018055532,1.05,8
D068,S012,O094,7,1076,3.074594771,888,0.302089761,0.091469055,0.358945917,1.05,193
D068,S013,O049,7,1076,3.074594771,33,0.068127718,0.327197905,0.351458552,1.05,6
D068,S014,O002,7,1076,3.074594771,71,0.386957289,0.33590604,0.423756547,1.05,16
D068,S015,O009,7,1076,3.074594771,39,0.272204984,0.243100415,0.446678,1.05,1
D068,S016,O096,7,1076,3.074594771,91,0.16170145,0.264353919,0.069555674,1.05,20
D068,S017,O067,7,1076,3.074594771,60,0.359928689,0.02076874,0.174232425,1.05,6
D068,S018,O037,7,1076,3.074594771,232,0.083660283,0.374766445,0.463420281,1.05,16
D068,S019,O039,7,1076,3.074594771,48,0.232718262,0.17994217,0.033136716,1.05,1
D068,S020,O029,7,1076,3.074594771,744,0.31398409,0.144642217,0.380464816,1.05,47
D068,S021,O055,7,1076,3.074594771,143,0.09821222,0.163666817,0.285033773,1.05,17
D068,S022,O075,7,1076,3.074594771,31,0.495260113,0.154710174,0.269857669,1.05,5
D068,S023,O052,7,1076,3.074594771,249,0.293109713,0.381495942,0.29384703,1.05,30
D068,S024,O020,7,1076,3.074594771,113,0.348269976,0.095285863,0.409466489,1.05,28
D068,S025,O023,7,1076,3.074594771,410,0.214451437,0.12789836,0.094002538,1.05,34
D068,S026,O069,7,1076,3.074594771,600,0.193256125,0.259153683,0.18565311,1.05,107
D068,S027,O054,7,1076,3.074594771,70,0.483939677,0.225369653,0.039302168,1.05,11
D068,S028,O063,7,1076,3.074594771,159,0.167777479,0.069957712,0.130372357,1.05,38
D068,S029,O058,7,1076,3.074594771,22,0.090722232,0.036785238,0.101049312,1.05,4
D068,S030,O042,7,1076,3.074594771,533,0.049123846,0.273615249,0.271891148,1.05,28
D068,S031,O083,7,1076,3.074594771,89,0.002629244,0.11891721,0.012340148,1.05,13
D068,S032,O086,7,1076,3.074594771,135,0.469888219,0.056365997,0.043821459,1.05,28
D069,S001,O004,8,548,1.270476056,544,0.015441285,0.39993713,0.047767101,1.05,12
D069,S002,O061,8,548,1.270476056,27,0.381805437,0.01616482,0.491613692,1.05,4
D069,S003,O084,8,548,1.270476056,797,0.372992677,0.000386491,0.00152113,1.05,169
D069,S004,O040,8,548,1.270476056,585,0.392959459,0.39457393,0.498815231,1.05,30
D069,S005,O074,8,548,1.270476056,36,0.042568944,0.004280635,0.087293441,1.05,3
D069,S006,O014,8,548,1.270476056,505,0.055050564,0.385744929,0.323573274,1.05,126
D069,S007,O095,8,548,1.270476056,29,0.365502327,0.314203797,0.177999519,1.05,3
D069,S008,O008,8,548,1.270476056,217,0.118365868,0.010264005,0.438577644,1.05,4
D069,S009,O044,8,548,1.270476056,721,0.432376139,0.324925408,0.144007894,1.05,148
D069,S010,O071,8,548,1.270476056,830,0.025772238,0.059916076,0.006124037,1.05,1
D069,S011,O005,8,548,1.270476056,472,0.458927508,0.08115278,0.018055532,1.05,8
D069,S012,O094,8,548,1.270476056,888,0.302089761,0.091469055,0.358945917,1.05,193
D069,S013,O049,8,548,1.270476056,33,0.068127718,0.327197905,0.351458552,1.05,6
D069,S014,O002,8,548,1.270476056,71,0.386957289,0.33590604,0.423756547,1.05,16
D069,S015,O009,8,548,1.270476056,39,0.272204984,0.243100415,0.446678,1.05,1
D069,S016,O096,8,548,1.270476056,91,0.16170145,0.264353919,0.069555674,1.05,20
D069,S017,O067,8,548,1.270476056,60,0.359928689,0.02076874,0.174232425,1.05,6
D069,S018,O037,8,548,1.270476056,232,0.083660283,0.374766445,0.463420281,1.05,16
D069,S019,O039,8,548,1.270476056,48,0.232718262,0.17994217,0.033136716,1.05,1
D069,S020,O029,8,548,1.270476056,744,0.31398409,0.144642217,0.380464816,1.05,47
D069,S021,O055,8,548,1.270476056,143,0.09821222,0.163666817,0.285033773,1.05,17
D069,S022,O075,8,548,1.270476056,31,0.495260113,0.154710174,0.269857669,1.05,5
D069,S023,O052,8,548,1.270476056,249,0.293109713,0.381495942,0.29384703,1.05,30
D069,S024,O020,8,548,1.270476056,113,0.348269976,0.095285863,0.409466489,1.05,28
D069,S025,O023,8,548,1.270476056,410,0.214451437,0.12789836,0.094002538,1.05,34
D069,S026,O069,8,548,1.270476056,600,0.193256125,0.259153683,0.18565311,1.05,107
D069,S027,O054,8,548,1.270476056,70,0.483939677,0.225369653,0.039302168,1.05,11
D069,S028,O063,8,548,1.270476056,159,0.167777479,0.069957712,0.130372357,1.05,38
D069,S029,O058,8,548,1.270476056,22,0.090722232,0.036785238,0.101049312,1.05,4
D069,S030,O042,8,548,1.270476056,533,0.049123846,0.273615249,0.271891148,1.05,28
D069,S031,O083,8,548,1.270476056,89,0.002629244,0.11891721,0.012340148,1.05,13
D069,S032,O086,8,548,1.270476056,135,0.469888219,0.056365997,0.043821459,1.05,28
D070,S001,O004,1,289,0.887279194,544,0.015441285,0.39993713,0.047767101,1.05,12
D070,S002,O061,1,289,0.887279194,27,0.381805437,0.01616482,0.491613692,1.05,4
D070,S003,O084,1,289,0.887279194,797,0.372992677,0.000386491,0.00152113,1.05,169
D070,S004,O040,1,289,0.887279194,585,0.392959459,0.39457393,0.498815231,1.05,30
D070,S005,O074,1,289,0.887279194,36,0.042568944,0.004280635,0.087293441,1.05,3
D070,S006,O014,1,289,0.887279194,505,0.055050564,0.385744929,0.323573274,1.05,126
D070,S007,O095,1,289,0.887279194,29,0.365502327,0.314203797,0.177999519,1.05,3
D070,S008,O008,1,289,0.887279194,217,0.118365868,0.010264005,0.438577644,1.05,4
D070,S009,O044,1,289,0.887279194,721,0.432376139,0.324925408,0.144007894,1.05,148
D070,S010,O071,1,289,0.887279194,830,0.025772238,0.059916076,0.006124037,1.05,1
D070,S011,O005,1,289,0.887279194,472,0.458927508,0.08115278,0.018055532,1.05,8
D070,S012,O094,1,289,0.887279194,888,0.302089761,0.091469055,0.358945917,1.05,193
D070,S013,O049,1,289,0.887279194,33,0.068127718,0.327197905,0.351458552,1.05,6
D070,S014,O002,1,289,0.887279194,71,0.386957289,0.33590604,0.423756547,1.05,16
D070,S015,O009,1,289,0.887279194,39,0.272204984,0.243100415,0.446678,1.05,1
D070,S016,O096,1,289,0.887279194,91,0.16170145,0.264353919,0.069555674,1.05,20
D070,S017,O067,1,289,0.887279194,60,0.359928689,0.02076874,0.174232425,1.05,6
D070,S018,O037,1,289,0.887279194,232,0.083660283,0.374766445,0.463420281,1.05,16
D070,S019,O039,1,289,0.887279194,48,0.232718262,0.17994217,0.033136716,1.05,1
D070,S020,O029,1,289,0.887279194,744,0.31398409,0.144642217,0.380464816,1.05,47
D070,S021,O055,1,289,0.887279194,143,0.09821222,0.163666817,0.285033773,1.05,17
D070,S022,O075,1,289,0.887279194,31,0.495260113,0.154710174,0.269857669,1.05,5
D070,S023,O052,1,289,0.887279194,249,0.293109713,0.381495942,0.29384703,1.05,30
D070,S024,O020,1,289,0.887279194,113,0.348269976,0.095285863,0.409466489,1.05,28
D070,S025,O023,1,289,0.887279194,410,0.214451437,0.12789836,0.094002538,1.05,34
D070,S026,O069,1,289,0.887279194,600,0.193256125,0.259153683,0.18565311,1.05,107
D070,S027,O054,1,289,0.887279194,70,0.483939677,0.225369653,0.039302168,1.05,11
D070,S028,O063,1,289,0.887279194,159,0.167777479,0.069957712,0.130372357,1.05,38
D070,S029,O058,1,289,0.887279194,22,0.090722232,0.036785238,0.101049312,1.05,4
D070,S030,O042,1,289,0.887279194,533,0.049123846,0.273615249,0.271891148,1.05,28
D070,S031,O083,1,289,0.887279194,89,0.002629244,0.11891721,0.012340148,1.05,13
D070,S032,O086,1,289,0.887279194,135,0.469888219,0.056365997,0.043821459,1.05,28
D071,S001,O004,1,110,1.885408793,544,0.015441285,0.39993713,0.047767101,1.05,12
D071,S002,O061,1,110,1.885408793,27,0.381805437,0.01616482,0.491613692,1.05,4
D071,S003,O084,1,110,1.885408793,797,0.372992677,0.000386491,0.00152113,1.05,169
D071,S004,O040,1,110,1.885408793,585,0.392959459,0.39457393,0.498815231,1.05,30
D071,S005,O074,1,110,1.885408793,36,0.042568944,0.004280635,0.087293441,1.05,3
D071,S006,O014,1,110,1.885408793,505,0.055050564,0.385744929,0.323573274,1.05,126
D071,S007,O095,1,110,1.885408793,29,0.365502327,0.314203797,0.177999519,1.05,3
D071,S008,O008,1,110,1.885408793,217,0.118365868,0.010264005,0.438577644,1.05,4
D071,S009,O044,1,110,1.885408793,721,0.432376139,0.324925408,0.144007894,1.05,148
D071,S010,O071,1,110,1.885408793,830,0.025772238,0.059916076,0.006124037,1.05,1
D071,S011,O005,1,110,1.885408793,472,0.458927508,0.08115278,0.018055532,1.05,8
D071,S012,O094,1,110,1.885408793,888,0.302089761,0.091469055,0.358945917,1.05,193
D071,S013,O049,1,110,1.885408793,33,0.068127718,0.327197905,0.351458552,1.05,6
D071,S014,O002,1,110,1.885408793,71,0.386957289,0.33590604,0.423756547,1.05,16
D071,S015,O009,1,110,1.885408793,39,0.272204984,0.243100415,0.446678,1.05,1
D071,S016,O096,1,110,1.885408793,91,0.16170145,0.264353919,0.069555674,1.05,20
D071,S017,O067,1,110,1.885408793,60,0.359928689,0.02076874,0.174232425,1.05,6
D071,S018,O037,1,110,1.885408793,232,0.083660283,0.374766445,0.463420281,1.05,16
D071,S019,O039,1,110,1.885408793,48,0.232718262,0.17994217,0.033136716,1.05,1
D071,S020,O029,1,110,1.885408793,744,0.31398409,0.144642217,0.380464816,1.05,47
D071,S021,O055,1,110,1.885408793,143,0.09821222,0.163666817,0.285033773,1.05,17
D071,S022,O075,1,110,1.885408793,31,0.495260113,0.154710174,0.269857669,1.05,5
D071,S023,O052,1,110,1.885408793,249,0.293109713,0.381495942,0.29384703,1.05,30
D071,S024,O020,1,110,1.885408793,113,0.348269976,0.095285863,0.409466489,1.05,28
D071,S025,O023,1,110,1.885408793,410,0.214451437,0.12789836,0.094002538,1.05,34
D071,S026,O069,1,110,1.885408793,600,0.193256125,0.259153683,0.18565311,1.05,107
D071,S027,O054,1,110,1.885408793,70,0.483939677,0.225369653,0.039302168,1.05,11
D071,S028,O063,1,110,1.885408793,159,0.167777479,0.069957712,0.130372357,1.05,38
D071,S029,O058,1,110,1.885408793,22,0.090722232,0.036785238,0.101049312,1.05,4
D071,S030,O042,1,110,1.885408793,533,0.049123846,0.273615249,0.271891148,1.05,28
D071,S031,O083,1,110,1.885408793,89,0.002629244,0.11891721,0.012340148,1.05,13
D071,S032,O086,1,110,1.885408793,135,0.469888219,0.056365997,0.043821459,1.05,28
D072,S001,O004,2,70,1.415804904,544,0.015441285,0.39993713,0.047767101,1.05,12
D072,S002,O061,2,70,1.415804904,27,0.381805437,0.01616482,0.491613692,1.05,4
D072,S003,O084,2,70,1.415804904,797,0.372992677,0.000386491,0.00152113,1.05,169
D072,S004,O040,2,70,1.415804904,585,0.392959459,0.39457393,0.498815231,1.05,30
D072,S005,O074,2,70,1.415804904,36,0.042568944,0.004280635,0.087293441,1.05,3
D072,S006,O014,2,70,1.415804904,505,0.055050564,0.385744929,0.323573274,1.05,126
D072,S007,O095,2,70,1.415804904,29,0.365502327,0.314203797,0.177999519,1.05,3
D072,S008,O008,2,70,1.415804904,217,0.118365868,0.010264005,0.438577644,1.05,4
D072,S009,O044,2,70,1.415804904,721,0.432376139,0.324925408,0.144007894,1.05,148
D072,S010,O071,2,70,1.415804904,830,0.025772238,0.059916076,0.006124037,1.05,1
D072,S011,O005,2,70,1.415804904,472,0.458927508,0.08115278,0.018055532,1.05,8
D072,S012,O094,2,70,1.415804904,888,0.302089761,0.091469055,0.358945917,1.05,193
D072,S013,O049,2,70,1.415804904,33,0.068127718,0.327197905,0.351458552,1.05,6
D072,S014,O002,2,70,1.415804904,71,0.386957289,0.33590604,0.423756547,1.05,16
D072,S015,O009,2,70,1.415804904,39,0.272204984,0.243100415,0.446678,1.05,1
D072,S016,O096,2,70,1.415804904,91,0.16170145,0.264353919,0.069555674,1.05,20
D072,S017,O067,2,70,1.415804904,60,0.359928689,0.02076874,0.174232425,1.05,6
D072,S018,O037,2,70,1.415804904,232,0.083660283,0.374766445,0.463420281,1.05,16
D072,S019,O039,2,70,1.415804904,48,0.232718262,0.17994217,0.033136716,1.05,1
D072,S020,O029,2,70,1.415804904,744,0.31398409,0.144642217,0.380464816,1.05,47
D072,S021,O055,2,70,1.415804904,143,0.09821222,0.163666817,0.285033773,1.05,17
D072,S022,O075,2,70,1.415804904,31,0.495260113,0.154710174,0.269857669,1.05,5
D072,S023,O052,2,70,1.415804904,249,0.293109713,0.381495942,0.29384703,1.05,30
D072,S024,O020,2,70,1.415804904,113,0.348269976,0.095285863,0.409466489,1.05,28
D072,S025,O023,2,70,1.415804904,410,0.214451437,0.12789836,0.094002538,1.05,34
D072,S026,O069,2,70,1.415804904,600,0.193256125,0.259153683,0.18565311,1.05,107
D072,S027,O054,2,70,1.415804904,70,0.483939677,0.225369653,0.039302168,1.05,11
D072,S028,O063,2,70,1.415804904,159,0.167777479,0.069957712,0.130372357,1.05,38
D072,S029,O058,2,70,1.415804904,22,0.090722232,0.036785238,0.101049312,1.05,4
D072,S030,O042,2,70,1.415804904,533,0.049123846,0.273615249,0.271891148,1.05,28
D072,S031,O083,2,70,1.415804904,89,0.002629244,0.11891721,0.012340148,1.05,13
D072,S032,O086,2,70,1.415804904,135,0.469888219,0.056365997,0.043821459,1.05,28
D073,S001,O004,5,251,0.657304491,544,0.015441285,0.39993713,0.047767101,1.05,12
D073,S002,O061,5,251,0.657304491,27,0.381805437,0.01616482,0.491613692,1.05,4
D073,S003,O084,5,251,0.657304491,797,0.372992677,0.000386491,0.00152113,1.05,169
D073,S004,O040,5,251,0.657304491,585,0.392959459,0.39457393,0.498815231,1.05,30
D073,S005,O074,5,251,0.657304491,36,0.042568944,0.004280635,0.087293441,1.05,3
D073,S006,O014,5,251,0.657304491,505,0.055050564,0.385744929,0.323573274,1.05,126
D073,S007,O095,5,251,0.657304491,29,0.365502327,0.314203797,0.177999519,1.05,3
D073,S008,O008,5,251,0.657304491,217,0.118365868,0.010264005,0.438577644,1.05,4
D073,S009,O044,5,251,0.657304491,721,0.432376139,0.324925408,0.144007894,1.05,148
D073,S010,O071,5,251,0.657304491,830,0.025772238,0.059916076,0.006124037,1.05,1
D073,S011,O005,5,251,0.657304491,472,0.458927508,0.08115278,0.018055532,1.05,8
D073,S012,O094,5,251,0.657304491,888,0.302089761,0.091469055,0.358945917,1.05,193
D073,S013,O049,5,251,0.657304491,33,0.068127718,0.327197905,0.351458552,1.05,6
D073,S014,O002,5,251,0.657304491,71,0.386957289,0.33590604,0.423756547,1.05,16
D073,S015,O009,5,251,0.657304491,39,0.272204984,0.243100415,0.446678,1.05,1
D073,S016,O096,5,251,0.657304491,91,0.16170145,0.264353919,0.069555674,1.05,20
D073,S017,O067,5,251,0.657304491,60,0.359928689,0.02076874,0.174232425,1.05,6
D073,S018,O037,5,251,0.657304491,232,0.083660283,0.374766445,0.463420281,1.05,16
D073,S019,O039,5,251,0.657304491,48,0.232718262,0.17994217,0.033136716,1.05,1
D073,S020,O029,5,251,0.657304491,744,0.31398409,0.144642217,0.380464816,1.05,47
D073,S021,O055,5,251,0.657304491,143,0.09821222,0.163666817,0.285033773,1.05,17
D073,S022,O075,5,251,0.657304491,31,0.495260113,0.154710174,0.269857669,1.05,5
D073,S023,O052,5,251,0.657304491,249,0.293109713,0.381495942,0.29384703,1.05,30
D073,S024,O020,5,251,0.657304491,113,0.348269976,0.095285863,0.409466489,1.05,28
D073,S025,O023,5,251,0.657304491,410,0.214451437,0.12789836,0.094002538,1.05,34
D073,S026,O069,5,251,0.657304491,600,0.193256125,0.259153683,0.18565311,1.05,107
D073,S027,O054,5,251,0.657304491,70,0.483939677,0.225369653,0.039302168,1.05,11
D073,S028,O063,5,251,0.657304491,159,0.167777479,0.069957712,0.130372357,1.05,38
D073,S029,O058,5,251,0.657304491,22,0.090722232,0.036785238,0.101049312,1.05,4
D073,S030,O042,5,251,0.657304491,533,0.049123846,0.273615249,0.271891148,1.05,28
D073,S031,O083,5,251,0.657304491,89,0.002629244,0.11891721,0.012340148,1.05,13
D073,S032,O086,5,251,0.657304491,135,0.469888219,0.056365997,0.043821459,1.05,28
D074,S001,O004,7,793,2.602048873,544,0.015441285,0.39993713,0.047767101,1.05,12
D074,S002,O061,7,793,2.602048873,27,0.381805437,0.01616482,0.491613692,1.05,4
D074,S003,O084,7,793,2.602048873,797,0.372992677,0.000386491,0.00152113,1.05,169
D074,S004,O040,7,793,2.602048873,585,0.392959459,0.39457393,0.498815231,1.05,30
D074,S005,O074,7,793,2.602048873,36,0.042568944,0.004280635,0.087293441,1.05,3
D074,S006,O014,7,793,2.602048873,505,0.055050564,0.385744929,0.323573274,1.05,126
D074,S007,O095,7,793,2.602048873,29,0.365502327,0.314203797,0.177999519,1.05,3
D074,S008,O008,7,793,2.602048873,217,0.118365868,0.010264005,0.438577644,1.05,4
D074,S009,O044,7,793,2.602048873,721,0.432376139,0.324925408,0.144007894,1.05,148
D074,S010,O071,7,793,2.602048873,830,0.025772238,0.059916076,0.006124037,1.05,1
D074,S011,O005,7,793,2.602048873,472,0.458927508,0.08115278,0.018055532,1.05,8
D074,S012,O094,7,793,2.602048873,888,0.302089761,0.091469055,0.358945917,1.05,193
D074,S013,O049,7,793,2.602048873,33,0.068127718,0.327197905,0.351458552,1.05,6
D074,S014,O002,7,793,2.602048873,71,0.386957289,0.33590604,0.423756547,1.05,16
D074,S015,O009,7,793,2.602048873,39,0.272204984,0.243100415,0.446678,1.05,1
D074,S016,O096,7,793,2.602048873,91,0.16170145,0.264353919,0.069555674,1.05,20
D074,S017,O067,7,793,2.602048873,60,0.359928689,0.02076874,0.174232425,1.05,6
D074,S018,O037,7,793,2.602048873,232,0.083660283,0.374766445,0.463420281,1.05,16
D074,S019,O039,7,793,2.602048873,48,0.232718262,0.17994217,0.033136716,1.05,1
D074,S020,O029,7,793,2.602048873,744,0.31398409,0.144642217,0.380464816,1.05,47
D074,S021,O055,7,793,2.602048873,143,0.09821222,0.163666817,0.285033773,1.05,17
D074,S022,O075,7,793,2.602048873,31,0.495260113,0.154710174,0.269857669,1.05,5
D074,S023,O052,7,793,2.602048873,249,0.293109713,0.381495942,0.29384703,1.05,30
D074,S024,O020,7,793,2.602048873,113,0.348269976,0.095285863,0.409466489,1.05,28
D074,S025,O023,7,793,2.602048873,410,0.214451437,0.12789836,0.094002538,1.05,34
D074,S026,O069,7,793,2.602048873,600,0.193256125,0.259153683,0.18565311,1.05,107
D074,S027,O054,7,793,2.602048873,70,0.483939677,0.225369653,0.039302168,1.05,11
D074,S028,O063,7,793,2.602048873,159,0.167777479,0.069957712,0.130372357,1.05,38
D074,S029,O058,7,793,2.602048873,22,0.090722232,0.036785238,0.101049312,1.05,4
D074,S030,O042,7,793,2.602048873,533,0.049123846,0.273615249,0.271891148,1.05,28
D074,S031,O083,7,793,2.602048873,89,0.002629244,0.11891721,0.012340148,1.05,13
D074,S032,O086,7,793,2.602048873,135,0.469888219,0.056365997,0.043821459,1.05,28
D075,S001,O004,5,214,0.400344705,544,0.015441285,0.39993713,0.047767101,1.05,12
D075,S002,O061,5,214,0.400344705,27,0.381805437,0.01616482,0.491613692,1.05,4
D075,S003,O084,5,214,0.400344705,797,0.372992677,0.000386491,0.00152113,1.05,169
D075,S004,O040,5,214,0.400344705,585,0.392959459,0.39457393,0.498815231,1.05,30
D075,S005,O074,5,214,0.400344705,36,0.042568944,0.004280635,0.087293441,1.05,3
D075,S006,O014,5,214,0.400344705,505,0.055050564,0.385744929,0.323573274,1.05,126
D075,S007,O095,5,214,0.400344705,29,0.365502327,0.314203797,0.177999519,1.05,3
D075,S008,O008,5,214,0.400344705,217,0.118365868,0.010264005,0.438577644,1.05,4
D075,S009,O044,5,214,0.400344705,721,0.432376139,0.324925408,0.144007894,1.05,148
D075,S010,O071,5,214,0.400344705,830,0.025772238,0.059916076,0.006124037,1.05,1
D075,S011,O005,5,214,0.400344705,472,0.458927508,0.08115278,0.018055532,1.05,8
D075,S012,O094,5,214,0.400344705,888,0.302089761,0.091469055,0.358945917,1.05,193
D075,S013,O049,5,214,0.400344705,33,0.068127718,0.327197905,0.351458552,1.05,6
D075,S014,O002,5,214,0.400344705,71,0.386957289,0.33590604,0.423756547,1.05,16
D075,S015,O009,5,214,0.400344705,39,0.272204984,0.243100415,0.446678,1.05,1
D075,S016,O096,5,214,0.400344705,91,0.16170145,0.264353919,0.069555674,1.05,20
D075,S017,O067,5,214,0.400344705,60,0.359928689,0.02076874,0.174232425,1.05,6
D075,S018,O037,5,214,0.400344705,232,0.083660283,0.374766445,0.463420281,1.05,16
D075,S019,O039,5,214,0.400344705,48,0.232718262,0.17994217,0.033136716,1.05,1
D075,S020,O029,5,214,0.400344705,744,0.31398409,0.144642217,0.380464816,1.05,47
D075,S021,O055,5,214,0.400344705,143,0.09821222,0.163666817,0.285033773,1.05,17
D075,S022,O075,5,214,0.400344705,31,0.495260113,0.154710174,0.269857669,1.05,5
D075,S023,O052,5,214,0.400344705,249,0.293109713,0.381495942,0.29384703,1.05,30
D075,S024,O020,5,214,0.400344705,113,0.348269976,0.095285863,0.409466489,1.05,28
D075,S025,O023,5,214,0.400344705,410,0.214451437,0.12789836,0.094002538,1.05,34
D075,S026,O069,5,214,0.400344705,600,0.193256125,0.259153683,0.18565311,1.05,107
D075,S027,O054,5,214,0.400344705,70,0.483939677,0.225369653,0.039302168,1.05,11
D075,S028,O063,5,214,0.400344705,159,0.167777479,0.069957712,0.130372357,1.05,38
D075,S029,O058,5,214,0.400344705,22,0.090722232,0.036785238,0.101049312,1.05,4
D075,S030,O042,5,214,0.400344705,533,0.049123846,0.273615249,0.271891148,1.05,28
D075,S031,O083,5,214,0.400344705,89,0.002629244,0.11891721,0.012340148,1.05,13
D075,S032,O086,5,214,0.400344705,135,0.469888219,0.056365997,0.043821459,1.05,28
D076,S001,O004,6,605,0.427761656,544,0.015441285,0.39993713,0.047767101,1.05,12
D076,S002,O061,6,605,0.427761656,27,0.381805437,0.01616482,0.491613692,1.05,4
D076,S003,O084,6,605,0.427761656,797,0.372992677,0.000386491,0.00152113,1.05,169
D076,S004,O040,6,605,0.427761656,585,0.392959459,0.39457393,0.498815231,1.05,30
D076,S005,O074,6,605,0.427761656,36,0.042568944,0.004280635,0.087293441,1.05,3
D076,S006,O014,6,605,0.427761656,505,0.055050564,0.385744929,0.323573274,1.05,126
D076,S007,O095,6,605,0.427761656,29,0.365502327,0.314203797,0.177999519,1.05,3
D076,S008,O008,6,605,0.427761656,217,0.118365868,0.010264005,0.438577644,1.05,4
D076,S009,O044,6,605,0.427761656,721,0.432376139,0.324925408,0.144007894,1.05,148
D076,S010,O071,6,605,0.427761656,830,0.025772238,0.059916076,0.006124037,1.05,1
D076,S011,O005,6,605,0.427761656,472,0.458927508,0.08115278,0.018055532,1.05,8
D076,S012,O094,6,605,0.427761656,888,0.302089761,0.091469055,0.358945917,1.05,193
D076,S013,O049,6,605,0.427761656,33,0.068127718,0.327197905,0.351458552,1.05,6
D076,S014,O002,6,605,0.427761656,71,0.386957289,0.33590604,0.423756547,1.05,16
D076,S015,O009,6,605,0.427761656,39,0.272204984,0.243100415,0.446678,1.05,1
D076,S016,O096,6,605,0.427761656,91,0.16170145,0.264353919,0.069555674,1.05,20
D076,S017,O067,6,605,0.427761656,60,0.359928689,0.02076874,0.174232425,1.05,6
D076,S018,O037,6,605,0.427761656,232,0.083660283,0.374766445,0.463420281,1.05,16
D076,S019,O039,6,605,0.427761656,48,0.232718262,0.17994217,0.033136716,1.05,1
D076,S020,O029,6,605,0.427761656,744,0.31398409,0.144642217,0.380464816,1.05,47
D076,S021,O055,6,605,0.427761656,143,0.09821222,0.163666817,0.285033773,1.05,17
D076,S022,O075,6,605,0.427761656,31,0.495260113,0.154710174,0.269857669,1.05,5
D076,S023,O052,6,605,0.427761656,249,0.293109713,0.381495942,0.29384703,1.05,30
D076,S024,O020,6,605,0.427761656,113,0.348269976,0.095285863,0.409466489,1.05,28
D076,S025,O023,6,605,0.427761656,410,0.214451437,0.12789836,0.094002538,1.05,34
D076,S026,O069,6,605,0.427761656,600,0.193256125,0.259153683,0.18565311,1.05,107
D076,S027,O054,6,605,0.427761656,70,0.483939677,0.225369653,0.039302168,1.05,11
D076,S028,O063,6,605,0.427761656,159,0.167777479,0.069957712,0.130372357,1.05,38
D076,S029,O058,6,605,0.427761656,22,0.090722232,0.036785238,0.101049312,1.05,4
D076,S030,O042,6,605,0.427761656,533,0.049123846,0.273615249,0.271891148,1.05,28
D076,S031,O083,6,605,0.427761656,89,0.002629244,0.11891721,0.012340148,1.05,13
D076,S032,O086,6,605,0.427761656,135,0.469888219,0.056365997,0.043821459,1.05,28
D077,S001,O004,2,230,2.845107804,544,0.015441285,0.39993713,0.047767101,1.05,12
D077,S002,O061,2,230,2.845107804,27,0.381805437,0.01616482,0.491613692,1.05,4
D077,S003,O084,2,230,2.845107804,797,0.372992677,0.000386491,0.00152113,1.05,169
D077,S004,O040,2,230,2.845107804,585,0.392959459,0.39457393,0.498815231,1.05,30
D077,S005,O074,2,230,2.845107804,36,0.042568944,0.004280635,0.087293441,1.05,3
D077,S006,O014,2,230,2.845107804,505,0.055050564,0.385744929,0.323573274,1.05,126
D077,S007,O095,2,230,2.845107804,29,0.365502327,0.314203797,0.177999519,1.05,3
D077,S008,O008,2,230,2.845107804,217,0.118365868,0.010264005,0.438577644,1.05,4
D077,S009,O044,2,230,2.845107804,721,0.432376139,0.324925408,0.144007894,1.05,148
D077,S010,O071,2,230,2.845107804,830,0.025772238,0.059916076,0.006124037,1.05,1
D077,S011,O005,2,230,2.845107804,472,0.458927508,0.08115278,0.018055532,1.05,8
D077,S012,O094,2,230,2.845107804,888,0.302089761,0.091469055,0.358945917,1.05,193
D077,S013,O049,2,230,2.845107804,33,0.068127718,0.327197905,0.351458552,1.05,6
D077,S014,O002,2,230,2.845107804,71,0.386957289,0.33590604,0.423756547,1.05,16
D077,S015,O009,2,230,2.845107804,39,0.272204984,0.243100415,0.446678,1.05,1
D077,S016,O096,2,230,2.845107804,91,0.16170145,0.264353919,0.069555674,1.05,20
D077,S017,O067,2,230,2.845107804,60,0.359928689,0.02076874,0.174232425,1.05,6
D077,S018,O037,2,230,2.845107804,232,0.083660283,0.374766445,0.463420281,1.05,16
D077,S019,O039,2,230,2.845107804,48,0.232718262,0.17994217,0.033136716,1.05,1
D077,S020,O029,2,230,2.845107804,744,0.31398409,0.144642217,0.380464816,1.05,47
D077,S021,O055,2,230,2.845107804,143,0.09821222,0.163666817,0.285033773,1.05,17
D077,S022,O075,2,230,2.845107804,31,0.495260113,0.154710174,0.269857669,1.05,5
D077,S023,O052,2,230,2.845107804,249,0.293109713,0.381495942,0.29384703,1.05,30
D077,S024,O020,2,230,2.845107804,113,0.348269976,0.095285863,0.409466489,1.05,28
D077,S025,O023,2,230,2.845107804,410,0.214451437,0.12789836,0.094002538,1.05,34
D077,S026,O069,2,230,2.845107804,600,0.193256125,0.259153683,0.18565311,1.05,107
D077,S027,O054,2,230,2.845107804,70,0.483939677,0.225369653,0.039302168,1.05,11
D077,S028,O063,2,230,2.845107804,159,0.167777479,0.069957712,0.130372357,1.05,38
D077,S029,O058,2,230,2.845107804,22,0.090722232,0.036785238,0.101049312,1.05,4
D077,S030,O042,2,230,2.845107804,533,0.049123846,0.273615249,0.271891148,1.05,28
D077,S031,O083,2,230,2.845107804,89,0.002629244,0.11891721,0.012340148,1.05,13
D077,S032,O086,2,230,2.845107804,135,0.469888219,0.056365997,0.043821459,1.05,28
D078,S001,O004,8,257,1.020754365,544,0.015441285,0.39993713,0.047767101,1.05,12
D078,S002,O061,8,257,1.020754365,27,0.381805437,0.01616482,0.491613692,1.05,4
D078,S003,O084,8,257,1.020754365,797,0.372992677,0.000386491,0.00152113,1.05,169
D078,S004,O040,8,257,1.020754365,585,0.392959459,0.39457393,0.498815231,1.05,30
D078,S005,O074,8,257,1.020754365,36,0.042568944,0.004280635,0.087293441,1.05,3
D078,S006,O014,8,257,1.020754365,505,0.055050564,0.385744929,0.323573274,1.05,126
D078,S007,O095,8,257,1.020754365,29,0.365502327,0.314203797,0.177999519,1.05,3
D078,S008,O008,8,257,1.020754365,217,0.118365868,0.010264005,0.438577644,1.05,4
D078,S009,O044,8,257,1.020754365,721,0.432376139,0.324925408,0.144007894,1.05,148
D078,S010,O071,8,257,1.020754365,830,0.025772238,0.059916076,0.006124037,1.05,1
D078,S011,O005,8,257,1.020754365,472,0.458927508,0.08115278,0.018055532,1.05,8
D078,S012,O094,8,257,1.020754365,888,0.302089761,0.091469055,0.358945917,1.05,193
D078,S013,O049,8,257,1.020754365,33,0.068127718,0.327197905,0.351458552,1.05,6
D078,S014,O002,8,257,1.020754365,71,0.386957289,0.33590604,0.423756547,1.05,16
D078,S015,O009,8,257,1.020754365,39,0.272204984,0.243100415,0.446678,1.05,1
D078,S016,O096,8,257,1.020754365,91,0.16170145,0.264353919,0.069555674,1.05,20
D078,S017,O067,8,257,1.020754365,60,0.359928689,0.02076874,0.174232425,1.05,6
D078,S018,O037,8,257,1.020754365,232,0.083660283,0.374766445,0.463420281,1.05,16
D078,S019,O039,8,257,1.020754365,48,0.232718262,0.17994217,0.033136716,1.05,1
D078,S020,O029,8,257,1.020754365,744,0.31398409,0.144642217,0.380464816,1.05,47
D078,S021,O055,8,257,1.020754365,143,0.09821222,0.163666817,0.285033773,1.05,17
D078,S022,O075,8,257,1.020754365,31,0.495260113,0.154710174,0.269857669,1.05,5
D078,S023,O052,8,257,1.020754365,249,0.293109713,0.381495942,0.29384703,1.05,30
D078,S024,O020,8,257,1.020754365,113,0.348269976,0.095285863,0.409466489,1.05,28
D078,S025,O023,8,257,1.020754365,410,0.214451437,0.12789836,0.094002538,1.05,34
D078,S026,O069,8,257,1.020754365,600,0.193256125,0.259153683,0.18565311,1.05,107
D078,S027,O054,8,257,1.020754365,70,0.483939677,0.225369653,0.039302168,1.05,11
D078,S028,O063,8,257,1.020754365,159,0.167777479,0.069957712,0.130372357,1.05,38
D078,S029,O058,8,257,1.020754365,22,0.090722232,0.036785238,0.101049312,1.05,4
D078,S030,O042,8,257,1.020754365,533,0.049123846,0.273615249,0.271891148,1.05,28
D078,S031,O083,8,257,1.020754365,89,0.002629244,0.11891721,0.012340148,1.05,13
D078,S032,O086,8,257,1.020754365,135,0.469888219,0.056365997,0.043821459,1.05,28
D079,S001,O004,4,505,6.501816197,544,0.015441285,0.39993713,0.047767101,1.05,12
D079,S002,O061,4,505,6.501816197,27,0.381805437,0.01616482,0.491613692,1.05,4
D079,S003,O084,4,505,6.501816197,797,0.372992677,0.000386491,0.00152113,1.05,169
D079,S004,O040,4,505,6.501816197,585,0.392959459,0.39457393,0.498815231,1.05,30
D079,S005,O074,4,505,6.501816197,36,0.042568944,0.004280635,0.087293441,1.05,3
D079,S006,O014,4,505,6.501816197,505,0.055050564,0.385744929,0.323573274,1.05,126
D079,S007,O095,4,505,6.501816197,29,0.365502327,0.314203797,0.177999519,1.05,3
D079,S008,O008,4,505,6.501816197,217,0.118365868,0.010264005,0.438577644,1.05,4
D079,S009,O044,4,505,6.501816197,721,0.432376139,0.324925408,0.144007894,1.05,148
D079,S010,O071,4,505,6.501816197,830,0.025772238,0.059916076,0.006124037,1.05,1
D079,S011,O005,4,505,6.501816197,472,0.458927508,0.08115278,0.018055532,1.05,8
D079,S012,O094,4,505,6.501816197,888,0.302089761,0.091469055,0.358945917,1.05,193
D079,S013,O049,4,505,6.501816197,33,0.068127718,0.327197905,0.351458552,1.05,6
D079,S014,O002,4,505,6.501816197,71,0.386957289,0.33590604,0.423756547,1.05,16
D079,S015,O009,4,505,6.501816197,39,0.272204984,0.243100415,0.446678,1.05,1
D079,S016,O096,4,505,6.501816197,91,0.16170145,0.264353919,0.069555674,1.05,20
D079,S017,O067,4,505,6.501816197,60,0.359928689,0.02076874,0.174232425,1.05,6
D079,S018,O037,4,505,6.501816197,232,0.083660283,0.374766445,0.463420281,1.05,16
D079,S019,O039,4,505,6.501816197,48,0.232718262,0.17994217,0.033136716,1.05,1
D079,S020,O029,4,505,6.501816197,744,0.31398409,0.144642217,0.380464816,1.05,47
D079,S021,O055,4,505,6.501816197,143,0.09821222,0.163666817,0.285033773,1.05,17
D079,S022,O075,4,505,6.501816197,31,0.495260113,0.154710174,0.269857669,1.05,5
D079,S023,O052,4,505,6.501816197,249,0.293109713,0.381495942,0.29384703,1.05,30
D079,S024,O020,4,505,6.501816197,113,0.348269976,0.095285863,0.409466489,1.05,28
D079,S025,O023,4,505,6.501816197,410,0.214451437,0.12789836,0.094002538,1.05,34
D079,S026,O069,4,505,6.501816197,600,0.193256125,0.259153683,0.18565311,1.05,107
D079,S027,O054,4,505,6.501816197,70,0.483939677,0.225369653,0.039302168,1.05,11
D079,S028,O063,4,505,6.501816197,159,0.167777479,0.069957712,0.130372357,1.05,38
D079,S029,O058,4,505,6.501816197,22,0.090722232,0.036785238,0.101049312,1.05,4
D079,S030,O042,4,505,6.501816197,533,0.049123846,0.273615249,0.271891148,1.05,28
D079,S031,O083,4,505,6.501816197,89,0.002629244,0.11891721,0.012340148,1.05,13
D079,S032,O086,4,505,6.501816197,135,0.469888219,0.056365997,0.043821459,1.05,28
D080,S001,O004,6,108,0.83511476,544,0.015441285,0.39993713,0.047767101,1.05,12
D080,S002,O061,6,108,0.83511476,27,0.381805437,0.01616482,0.491613692,1.05,4
D080,S003,O084,6,108,0.83511476,797,0.372992677,0.000386491,0.00152113,1.05,169
D080,S004,O040,6,108,0.83511476,585,0.392959459,0.39457393,0.498815231,1.05,30
D080,S005,O074,6,108,0.83511476,36,0.042568944,0.004280635,0.087293441,1.05,3
D080,S006,O014,6,108,0.83511476,505,0.055050564,0.385744929,0.323573274,1.05,126
D080,S007,O095,6,108,0.83511476,29,0.365502327,0.314203797,0.177999519,1.05,3
D080,S008,O008,6,108,0.83511476,217,0.118365868,0.010264005,0.438577644,1.05,4
D080,S009,O044,6,108,0.83511476,721,0.432376139,0.324925408,0.144007894,1.05,148
D080,S010,O071,6,108,0.83511476,830,0.025772238,0.059916076,0.006124037,1.05,1
D080,S011,O005,6,108,0.83511476,472,0.458927508,0.08115278,0.018055532,1.05,8
D080,S012,O094,6,108,0.83511476,888,0.302089761,0.091469055,0.358945917,1.05,193
D080,S013,O049,6,108,0.83511476,33,0.068127718,0.327197905,0.351458552,1.05,6
D080,S014,O002,6,108,0.83511476,71,0.386957289,0.33590604,0.423756547,1.05,16
D080,S015,O009,6,108,0.83511476,39,0.272204984,0.243100415,0.446678,1.05,1
D080,S016,O096,6,108,0.83511476,91,0.16170145,0.264353919,0.069555674,1.05,20
D080,S017,O067,6,108,0.83511476,60,0.359928689,0.02076874,0.174232425,1.05,6
D080,S018,O037,6,108,0.83511476,232,0.083660283,0.374766445,0.463420281,1.05,16
D080,S019,O039,6,108,0.83511476,48,0.232718262,0.17994217,0.033136716,1.05,1
D080,S020,O029,6,108,0.83511476,744,0.31398409,0.144642217,0.380464816,1.05,47
D080,S021,O055,6,108,0.83511476,143,0.09821222,0.163666817,0.285033773,1.05,17
D080,S022,O075,6,108,0.83511476,31,0.495260113,0.154710174,0.269857669,1.05,5
D080,S023,O052,6,108,0.83511476,249,0.293109713,0.381495942,0.29384703,1.05,30
D080,S024,O020,6,108,0.83511476,113,0.348269976,0.095285863,0.409466489,1.05,28
D080,S025,O023,6,108,0.83511476,410,0.214451437,0.12789836,0.094002538,1.05,34
D080,S026,O069,6,108,0.83511476,600,0.193256125,0.259153683,0.18565311,1.05,107
D080,S027,O054,6,108,0.83511476,70,0.483939677,0.225369653,0.039302168,1.05,11
D080,S028,O063,6,108,0.83511476,159,0.167777479,0.069957712,0.130372357,1.05,38
D080,S029,O058,6,108,0.83511476,22,0.090722232,0.036785238,0.101049312,1.05,4
D080,S030,O042,6,108,0.83511476,533,0.049123846,0.273615249,0.271891148,1.05,28
D080,S031,O083,6,108,0.83511476,89,0.002629244,0.11891721,0.012340148,1.05,13
D080,S032,O086,6,108,0.83511476,135,0.469888219,0.056365997,0.043821459,1.05,28
D081,S001,O004,6,342,3.186301733,544,0.015441285,0.39993713,0.047767101,1.05,12
D081,S002,O061,6,342,3.186301733,27,0.381805437,0.01616482,0.491613692,1.05,4
D081,S003,O084,6,342,3.186301733,797,0.372992677,0.000386491,0.00152113,1.05,169
D081,S004,O040,6,342,3.186301733,585,0.392959459,0.39457393,0.498815231,1.05,30
D081,S005,O074,6,342,3.186301733,36,0.042568944,0.004280635,0.087293441,1.05,3
D081,S006,O014,6,342,3.186301733,505,0.055050564,0.385744929,0.323573274,1.05,126
D081,S007,O095,6,342,3.186301733,29,0.365502327,0.314203797,0.177999519,1.05,3
D081,S008,O008,6,342,3.186301733,217,0.118365868,0.010264005,0.438577644,1.05,4
D081,S009,O044,6,342,3.186301733,721,0.432376139,0.324925408,0.144007894,1.05,148
D081,S010,O071,6,342,3.186301733,830,0.025772238,0.059916076,0.006124037,1.05,1
D081,S011,O005,6,342,3.186301733,472,0.458927508,0.08115278,0.018055532,1.05,8
D081,S012,O094,6,342,3.186301733,888,0.302089761,0.091469055,0.358945917,1.05,193
D081,S013,O049,6,342,3.186301733,33,0.068127718,0.327197905,0.351458552,1.05,6
D081,S014,O002,6,342,3.186301733,71,0.386957289,0.33590604,0.423756547,1.05,16
D081,S015,O009,6,342,3.186301733,39,0.272204984,0.243100415,0.446678,1.05,1
D081,S016,O096,6,342,3.186301733,91,0.16170145,0.264353919,0.069555674,1.05,20
D081,S017,O067,6,342,3.186301733,60,0.359928689,0.02076874,0.174232425,1.05,6
D081,S018,O037,6,342,3.186301733,232,0.083660283,0.374766445,0.463420281,1.05,16
D081,S019,O039,6,342,3.186301733,48,0.232718262,0.17994217,0.033136716,1.05,1
D081,S020,O029,6,342,3.186301733,744,0.31398409,0.144642217,0.380464816,1.05,47
D081,S021,O055,6,342,3.186301733,143,0.09821222,0.163666817,0.285033773,1.05,17
D081,S022,O075,6,342,3.186301733,31,0.495260113,0.154710174,0.269857669,1.05,5
D081,S023,O052,6,342,3.186301733,249,0.293109713,0.381495942,0.29384703,1.05,30
D081,S024,O020,6,342,3.186301733,113,0.348269976,0.095285863,0.409466489,1.05,28
D081,S025,O023,6,342,3.186301733,410,0.214451437,0.12789836,0.094002538,1.05,34
D081,S026,O069,6,342,3.186301733,600,0.193256125,0.259153683,0.18565311,1.05,107
D081,S027,O054,6,342,3.186301733,70,0.483939677,0.225369653,0.039302168,1.05,11
D081,S028,O063,6,342,3.186301733,159,0.167777479,0.069957712,0.130372357,1.05,38
D081,S029,O058,6,342,3.186301733,22,0.090722232,0.036785238,0.101049312,1.05,4
D081,S030,O042,6,342,3.186301733,533,0.049123846,0.273615249,0.271891148,1.05,28
D081,S031,O083,6,342,3.186301733,89,0.002629244,0.11891721,0.012340148,1.05,13
D081,S032,O086,6,342,3.186301733,135,0.469888219,0.056365997,0.043821459,1.05,28
D082,S001,O004,1,199,0.575265255,544,0.015441285,0.39993713,0.047767101,1.05,12
D082,S002,O061,1,199,0.575265255,27,0.381805437,0.01616482,0.491613692,1.05,4
D082,S003,O084,1,199,0.575265255,797,0.372992677,0.000386491,0.00152113,1.05,169
D082,S004,O040,1,199,0.575265255,585,0.392959459,0.39457393,0.498815231,1.05,30
D082,S005,O074,1,199,0.575265255,36,0.042568944,0.004280635,0.087293441,1.05,3
D082,S006,O014,1,199,0.575265255,505,0.055050564,0.385744929,0.323573274,1.05,126
D082,S007,O095,1,199,0.575265255,29,0.365502327,0.314203797,0.177999519,1.05,3
D082,S008,O008,1,199,0.575265255,217,0.118365868,0.010264005,0.438577644,1.05,4
D082,S009,O044,1,199,0.575265255,721,0.432376139,0.324925408,0.144007894,1.05,148
D082,S010,O071,1,199,0.575265255,830,0.025772238,0.059916076,0.006124037,1.05,1
D082,S011,O005,1,199,0.575265255,472,0.458927508,0.08115278,0.018055532,1.05,8
D082,S012,O094,1,199,0.575265255,888,0.302089761,0.091469055,0.358945917,1.05,193
D082,S013,O049,1,199,0.575265255,33,0.068127718,0.327197905,0.351458552,1.05,6
D082,S014,O002,1,199,0.575265255,71,0.386957289,0.33590604,0.423756547,1.05,16
D082,S015,O009,1,199,0.575265255,39,0.272204984,0.243100415,0.446678,1.05,1
D082,S016,O096,1,199,0.575265255,91,0.16170145,0.264353919,0.069555674,1.05,20
D082,S017,O067,1,199,0.575265255,60,0.359928689,0.02076874,0.174232425,1.05,6
D082,S018,O037,1,199,0.575265255,232,0.083660283,0.374766445,0.463420281,1.05,16
D082,S019,O039,1,199,0.575265255,48,0.232718262,0.17994217,0.033136716,1.05,1
D082,S020,O029,1,199,0.575265255,744,0.31398409,0.144642217,0.380464816,1.05,47
D082,S021,O055,1,199,0.575265255,143,0.09821222,0.163666817,0.285033773,1.05,17
D082,S022,O075,1,199,0.575265255,31,0.495260113,0.154710174,0.269857669,1.05,5
D082,S023,O052,1,199,0.575265255,249,0.293109713,0.381495942,0.29384703,1.05,30
D082,S024,O020,1,199,0.575265255,113,0.348269976,0.095285863,0.409466489,1.05,28
D082,S025,O023,1,199,0.575265255,410,0.214451437,0.12789836,0.094002538,1.05,34
D082,S026,O069,1,199,0.575265255,600,0.193256125,0.259153683,0.18565311,1.05,107
D082,S027,O054,1,199,0.575265255,70,0.483939677,0.225369653,0.039302168,1.05,11
D082,S028,O063,1,199,0.575265255,159,0.167777479,0.069957712,0.130372357,1.05,38
D082,S029,O058,1,199,0.575265255,22,0.090722232,0.036785238,0.101049312,1.05,4
D082,S030,O042,1,199,0.575265255,533,0.049123846,0.273615249,0.271891148,1.05,28
D082,S031,O083,1,199,0.575265255,89,0.002629244,0.11891721,0.012340148,1.05,13
D082,S032,O086,1,199,0.575265255,135,0.469888219,0.056365997,0.043821459,1.05,28
D083,S001,O004,1,318,0.283282758,544,0.015441285,0.39993713,0.047767101,1.05,12
D083,S002,O061,1,318,0.283282758,27,0.381805437,0.01616482,0.491613692,1.05,4
D083,S003,O084,1,318,0.283282758,797,0.372992677,0.000386491,0.00152113,1.05,169
D083,S004,O040,1,318,0.283282758,585,0.392959459,0.39457393,0.498815231,1.05,30
D083,S005,O074,1,318,0.283282758,36,0.042568944,0.004280635,0.087293441,1.05,3
D083,S006,O014,1,318,0.283282758,505,0.055050564,0.385744929,0.323573274,1.05,126
D083,S007,O095,1,318,0.283282758,29,0.365502327,0.314203797,0.177999519,1.05,3
D083,S008,O008,1,318,0.283282758,217,0.118365868,0.010264005,0.438577644,1.05,4
D083,S009,O044,1,318,0.283282758,721,0.432376139,0.324925408,0.144007894,1.05,148
D083,S010,O071,1,318,0.283282758,830,0.025772238,0.059916076,0.006124037,1.05,1
D083,S011,O005,1,318,0.283282758,472,0.458927508,0.08115278,0.018055532,1.05,8
D083,S012,O094,1,318,0.283282758,888,0.302089761,0.091469055,0.358945917,1.05,193
D083,S013,O049,1,318,0.283282758,33,0.068127718,0.327197905,0.351458552,1.05,6
D083,S014,O002,1,318,0.283282758,71,0.386957289,0.33590604,0.423756547,1.05,16
D083,S015,O009,1,318,0.283282758,39,0.272204984,0.243100415,0.446678,1.05,1
D083,S016,O096,1,318,0.283282758,91,0.16170145,0.264353919,0.069555674,1.05,20
D083,S017,O067,1,318,0.283282758,60,0.359928689,0.02076874,0.174232425,1.05,6
D083,S018,O037,1,318,0.283282758,232,0.083660283,0.374766445,0.463420281,1.05,16
D083,S019,O039,1,318,0.283282758,48,0.232718262,0.17994217,0.033136716,1.05,1
D083,S020,O029,1,318,0.283282758,744,0.31398409,0.144642217,0.380464816,1.05,47
D083,S021,O055,1,318,0.283282758,143,0.09821222,0.163666817,0.285033773,1.05,17
D083,S022,O075,1,318,0.283282758,31,0.495260113,0.154710174,0.269857669,1.05,5
D083,S023,O052,1,318,0.283282758,249,0.293109713,0.381495942,0.29384703,1.05,30
D083,S024,O020,1,318,0.283282758,113,0.348269976,0.095285863,0.409466489,1.05,28
D083,S025,O023,1,318,0.283282758,410,0.214451437,0.12789836,0.094002538,1.05,34
D083,S026,O069,1,318,0.283282758,600,0.193256125,0.259153683,0.18565311,1.05,107
D083,S027,O054,1,318,0.283282758,70,0.483939677,0.225369653,0.039302168,1.05,11
D083,S028,O063,1,318,0.283282758,159,0.167777479,0.069957712,0.130372357,1.05,38
D083,S029,O058,1,318,0.283282758,22,0.090722232,0.036785238,0.101049312,1.05,4
D083,S030,O042,1,318,0.283282758,533,0.049123846,0.273615249,0.271891148,1.05,28
D083,S031,O083,1,318,0.283282758,89,0.002629244,0.11891721,0.012340148,1.05,13
D083,S032,O086,1,318,0.283282758,135,0.469888219,0.056365997,0.043821459,1.05,28
D084,S001,O004,5,417,1.070664925,544,0.015441285,0.39993713,0.047767101,1.05,12
D084,S002,O061,5,417,1.070664925,27,0.381805437,0.01616482,0.491613692,1.05,4
D084,S003,O084,5,417,1.070664925,797,0.372992677,0.000386491,0.00152113,1.05,169
D084,S004,O040,5,417,1.070664925,585,0.392959459,0.39457393,0.498815231,1.05,30
D084,S005,O074,5,417,1.070664925,36,0.042568944,0.004280635,0.087293441,1.05,3
D084,S006,O014,5,417,1.070664925,505,0.055050564,0.385744929,0.323573274,1.05,126
D084,S007,O095,5,417,1.070664925,29,0.365502327,0.314203797,0.177999519,1.05,3
D084,S008,O008,5,417,1.070664925,217,0.118365868,0.010264005,0.438577644,1.05,4
D084,S009,O044,5,417,1.070664925,721,0.432376139,0.324925408,0.144007894,1.05,148
D084,S010,O071,5,417,1.070664925,830,0.025772238,0.059916076,0.006124037,1.05,1
D084,S011,O005,5,417,1.070664925,472,0.458927508,0.08115278,0.018055532,1.05,8
D084,S012,O094,5,417,1.070664925,888,0.302089761,0.091469055,0.358945917,1.05,193
D084,S013,O049,5,417,1.070664925,33,0.068127718,0.327197905,0.351458552,1.05,6
D084,S014,O002,5,417,1.070664925,71,0.386957289,0.33590604,0.423756547,1.05,16
D084,S015,O009,5,417,1.070664925,39,0.272204984,0.243100415,0.446678,1.05,1
D084,S016,O096,5,417,1.070664925,91,0.16170145,0.264353919,0.069555674,1.05,20
D084,S017,O067,5,417,1.070664925,60,0.359928689,0.02076874,0.174232425,1.05,6
D084,S018,O037,5,417,1.070664925,232,0.083660283,0.374766445,0.463420281,1.05,16
D084,S019,O039,5,417,1.070664925,48,0.232718262,0.17994217,0.033136716,1.05,1
D084,S020,O029,5,417,1.070664925,744,0.31398409,0.144642217,0.380464816,1.05,47
D084,S021,O055,5,417,1.070664925,143,0.09821222,0.163666817,0.285033773,1.05,17
D084,S022,O075,5,417,1.070664925,31,0.495260113,0.154710174,0.269857669,1.05,5
D084,S023,O052,5,417,1.070664925,249,0.293109713,0.381495942,0.29384703,1.05,30
D084,S024,O020,5,417,1.070664925,113,0.348269976,0.095285863,0.409466489,1.05,28
D084,S025,O023,5,417,1.070664925,410,0.214451437,0.12789836,0.094002538,1.05,34
D084,S026,O069,5,417,1.070664925,600,0.193256125,0.259153683,0.18565311,1.05,107
D084,S027,O054,5,417,1.070664925,70,0.483939677,0.225369653,0.039302168,1.05,11
D084,S028,O063,5,417,1.070664925,159,0.167777479,0.069957712,0.130372357,1.05,38
D084,S029,O058,5,417,1.070664925,22,0.090722232,0.036785238,0.101049312,1.05,4
D084,S030,O042,5,417,1.070664925,533,0.049123846,0.273615249,0.271891148,1.05,28
D084,S031,O083,5,417,1.070664925,89,0.002629244,0.11891721,0.012340148,1.05,13
D084,S032,O086,5,417,1.070664925,135,0.469888219,0.056365997,0.043821459,1.05,28
D085,S001,O004,5,457,2.740595231,544,0.015441285,0.39993713,0.047767101,1.05,12
D085,S002,O061,5,457,2.740595231,27,0.381805437,0.01616482,0.491613692,1.05,4
D085,S003,O084,5,457,2.740595231,797,0.372992677,0.000386491,0.00152113,1.05,169
D085,S004,O040,5,457,2.740595231,585,0.392959459,0.39457393,0.498815231,1.05,30
D085,S005,O074,5,457,2.740595231,36,0.042568944,0.004280635,0.087293441,1.05,3
D085,S006,O014,5,457,2.740595231,505,0.055050564,0.385744929,0.323573274,1.05,126
D085,S007,O095,5,457,2.740595231,29,0.365502327,0.314203797,0.177999519,1.05,3
D085,S008,O008,5,457,2.740595231,217,0.118365868,0.010264005,0.438577644,1.05,4
D085,S009,O044,5,457,2.740595231,721,0.432376139,0.324925408,0.144007894,1.05,148
D085,S010,O071,5,457,2.740595231,830,0.025772238,0.059916076,0.006124037,1.05,1
D085,S011,O005,5,457,2.740595231,472,0.458927508,0.08115278,0.018055532,1.05,8
D085,S012,O094,5,457,2.740595231,888,0.302089761,0.091469055,0.358945917,1.05,193
D085,S013,O049,5,457,2.740595231,33,0.068127718,0.327197905,0.351458552,1.05,6
D085,S014,O002,5,457,2.740595231,71,0.386957289,0.33590604,0.423756547,1.05,16
D085,S015,O009,5,457,2.740595231,39,0.272204984,0.243100415,0.446678,1.05,1
D085,S016,O096,5,457,2.740595231,91,0.16170145,0.264353919,0.069555674,1.05,20
D085,S017,O067,5,457,2.740595231,60,0.359928689,0.02076874,0.174232425,1.05,6
D085,S018,O037,5,457,2.740595231,232,0.083660283,0.374766445,0.463420281,1.05,16
D085,S019,O039,5,457,2.740595231,48,0.232718262,0.17994217,0.033136716,1.05,1
D085,S020,O029,5,457,2.740595231,744,0.31398409,0.144642217,0.380464816,1.05,47
D085,S021,O055,5,457,2.740595231,143,0.09821222,0.163666817,0.285033773,1.05,17
D085,S022,O075,5,457,2.740595231,31,0.495260113,0.154710174,0.269857669,1.05,5
D085,S023,O052,5,457,2.740595231,249,0.293109713,0.381495942,0.29384703,1.05,30
D085,S024,O020,5,457,2.740595231,113,0.348269976,0.095285863,0.409466489,1.05,28
D085,S025,O023,5,457,2.740595231,410,0.214451437,0.12789836,0.094002538,1.05,34
D085,S026,O069,5,457,2.740595231,600,0.193256125,0.259153683,0.18565311,1.05,107
D085,S027,O054,5,457,2.740595231,70,0.483939677,0.225369653,0.039302168,1.05,11
D085,S028,O063,5,457,2.740595231,159,0.167777479,0.069957712,0.130372357,1.05,38
D085,S029,O058,5,457,2.740595231,22,0.090722232,0.036785238,0.101049312,1.05,4
D085,S030,O042,5,457,2.740595231,533,0.049123846,0.273615249,0.271891148,1.05,28
D085,S031,O083,5,457,2.740595231,89,0.002629244,0.11891721,0.012340148,1.05,13
D085,S032,O086,5,457,2.740595231,135,0.469888219,0.056365997,0.043821459,1.05,28
D086,S001,O004,5,80,4.426479844,544,0.015441285,0.39993713,0.047767101,1.05,12
D086,S002,O061,5,80,4.426479844,27,0.381805437,0.01616482,0.491613692,1.05,4
D086,S003,O084,5,80,4.426479844,797,0.372992677,0.000386491,0.00152113,1.05,169
D086,S004,O040,5,80,4.426479844,585,0.392959459,0.39457393,0.498815231,1.05,30
D086,S005,O074,5,80,4.426479844,36,0.042568944,0.004280635,0.087293441,1.05,3
D086,S006,O014,5,80,4.426479844,505,0.055050564,0.385744929,0.323573274,1.05,126
D086,S007,O095,5,80,4.426479844,29,0.365502327,0.314203797,0.177999519,1.05,3
D086,S008,O008,5,80,4.426479844,217,0.118365868,0.010264005,0.438577644,1.05,4
D086,S009,O044,5,80,4.426479844,721,0.432376139,0.324925408,0.144007894,1.05,148
D086,S010,O071,5,80,4.426479844,830,0.025772238,0.059916076,0.006124037,1.05,1
D086,S011,O005,5,80,4.426479844,472,0.458927508,0.08115278,0.018055532,1.05,8
D086,S012,O094,5,80,4.426479844,888,0.302089761,0.091469055,0.358945917,1.05,193
D086,S013,O049,5,80,4.426479844,33,0.068127718,0.327197905,0.351458552,1.05,6
D086,S014,O002,5,80,4.426479844,71,0.386957289,0.33590604,0.423756547,1.05,16
D086,S015,O009,5,80,4.426479844,39,0.272204984,0.243100415,0.446678,1.05,1
D086,S016,O096,5,80,4.426479844,91,0.16170145,0.264353919,0.069555674,1.05,20
D086,S017,O067,5,80,4.426479844,60,0.359928689,0.02076874,0.174232425,1.05,6
D086,S018,O037,5,80,4.426479844,232,0.083660283,0.374766445,0.463420281,1.05,16
D086,S019,O039,5,80,4.426479844,48,0.232718262,0.17994217,0.033136716,1.05,1
D086,S020,O029,5,80,4.426479844,744,0.31398409,0.144642217,0.380464816,1.05,47
D086,S021,O055,5,80,4.426479844,143,0.09821222,0.163666817,0.285033773,1.05,17
D086,S022,O075,5,80,4.426479844,31,0.495260113,0.154710174,0.269857669,1.05,5
D086,S023,O052,5,80,4.426479844,249,0.293109713,0.381495942,0.29384703,1.05,30
D086,S024,O020,5,80,4.426479844,113,0.348269976,0.095285863,0.409466489,1.05,28
D086,S025,O023,5,80,4.426479844,410,0.214451437,0.12789836,0.094002538,1.05,34
D086,S026,O069,5,80,4.426479844,600,0.193256125,0.259153683,0.18565311,1.05,107
D086,S027,O054,5,80,4.426479844,70,0.483939677,0.225369653,0.039302168,1.05,11
D086,S028,O063,5,80,4.426479844,159,0.167777479,0.069957712,0.130372357,1.05,38
D086,S029,O058,5,80,4.426479844,22,0.090722232,0.036785238,0.101049312,1.05,4
D086,S030,O042,5,80,4.426479844,533,0.049123846,0.273615249,0.271891148,1.05,28
D086,S031,O083,5,80,4.426479844,89,0.002629244,0.11891721,0.012340148,1.05,13
D086,S032,O086,5,80,4.426479844,135,0.469888219,0.056365997,0.043821459,1.05,28
D087,S001,O004,4,633,3.727721851,544,0.015441285,0.39993713,0.047767101,1.05,12
D087,S002,O061,4,633,3.727721851,27,0.381805437,0.01616482,0.491613692,1.05,4
D087,S003,O084,4,633,3.727721851,797,0.372992677,0.000386491,0.00152113,1.05,169
D087,S004,O040,4,633,3.727721851,585,0.392959459,0.39457393,0.498815231,1.05,30
D087,S005,O074,4,633,3.727721851,36,0.042568944,0.004280635,0.087293441,1.05,3
D087,S006,O014,4,633,3.727721851,505,0.055050564,0.385744929,0.323573274,1.05,126
D087,S007,O095,4,633,3.727721851,29,0.365502327,0.314203797,0.177999519,1.05,3
D087,S008,O008,4,633,3.727721851,217,0.118365868,0.010264005,0.438577644,1.05,4
D087,S009,O044,4,633,3.727721851,721,0.432376139,0.324925408,0.144007894,1.05,148
D087,S010,O071,4,633,3.727721851,830,0.025772238,0.059916076,0.006124037,1.05,1
D087,S011,O005,4,633,3.727721851,472,0.458927508,0.08115278,0.018055532,1.05,8
D087,S012,O094,4,633,3.727721851,888,0.302089761,0.091469055,0.358945917,1.05,193
D087,S013,O049,4,633,3.727721851,33,0.068127718,0.327197905,0.351458552,1.05,6
D087,S014,O002,4,633,3.727721851,71,0.386957289,0.33590604,0.423756547,1.05,16
D087,S015,O009,4,633,3.727721851,39,0.272204984,0.243100415,0.446678,1.05,1
D087,S016,O096,4,633,3.727721851,91,0.16170145,0.264353919,0.069555674,1.05,20
D087,S017,O067,4,633,3.727721851,60,0.359928689,0.02076874,0.174232425,1.05,6
D087,S018,O037,4,633,3.727721851,232,0.083660283,0.374766445,0.463420281,1.05,16
D087,S019,O039,4,633,3.727721851,48,0.232718262,0.17994217,0.033136716,1.05,1
D087,S020,O029,4,633,3.727721851,744,0.31398409,0.144642217,0.380464816,1.05,47
D087,S021,O055,4,633,3.727721851,143,0.09821222,0.163666817,0.285033773,1.05,17
D087,S022,O075,4,633,3.727721851,31,0.495260113,0.154710174,0.269857669,1.05,5
D087,S023,O052,4,633,3.727721851,249,0.293109713,0.381495942,0.29384703,1.05,30
D087,S024,O020,4,633,3.727721851,113,0.348269976,0.095285863,0.409466489,1.05,28
D087,S025,O023,4,633,3.727721851,410,0.214451437,0.12789836,0.094002538,1.05,34
D087,S026,O069,4,633,3.727721851,600,0.193256125,0.259153683,0.18565311,1.05,107
D087,S027,O054,4,633,3.727721851,70,0.483939677,0.225369653,0.039302168,1.05,11
D087,S028,O063,4,633,3.727721851,159,0.167777479,0.069957712,0.130372357,1.05,38
D087,S029,O058,4,633,3.727721851,22,0.090722232,0.036785238,0.101049312,1.05,4
D087,S030,O042,4,633,3.727721851,533,0.049123846,0.273615249,0.271891148,1.05,28
D087,S031,O083,4,633,3.727721851,89,0.002629244,0.11891721,0.012340148,1.05,13
D087,S032,O086,4,633,3.727721851,135,0.469888219,0.056365997,0.043821459,1.05,28
D088,S001,O004,4,367,1.377776964,544,0.015441285,0.39993713,0.047767101,1.05,12
D088,S002,O061,4,367,1.377776964,27,0.381805437,0.01616482,0.491613692,1.05,4
D088,S003,O084,4,367,1.377776964,797,0.372992677,0.000386491,0.00152113,1.05,169
D088,S004,O040,4,367,1.377776964,585,0.392959459,0.39457393,0.498815231,1.05,30
D088,S005,O074,4,367,1.377776964,36,0.042568944,0.004280635,0.087293441,1.05,3
D088,S006,O014,4,367,1.377776964,505,0.055050564,0.385744929,0.323573274,1.05,126
D088,S007,O095,4,367,1.377776964,29,0.365502327,0.314203797,0.177999519,1.05,3
D088,S008,O008,4,367,1.377776964,217,0.118365868,0.010264005,0.438577644,1.05,4
D088,S009,O044,4,367,1.377776964,721,0.432376139,0.324925408,0.144007894,1.05,148
D088,S010,O071,4,367,1.377776964,830,0.025772238,0.059916076,0.006124037,1.05,1
D088,S011,O005,4,367,1.377776964,472,0.458927508,0.08115278,0.018055532,1.05,8
D088,S012,O094,4,367,1.377776964,888,0.302089761,0.091469055,0.358945917,1.05,193
D088,S013,O049,4,367,1.377776964,33,0.068127718,0.327197905,0.351458552,1.05,6
D088,S014,O002,4,367,1.377776964,71,0.386957289,0.33590604,0.423756547,1.05,16
D088,S015,O009,4,367,1.377776964,39,0.272204984,0.243100415,0.446678,1.05,1
D088,S016,O096,4,367,1.377776964,91,0.16170145,0.264353919,0.069555674,1.05,20
D088,S017,O067,4,367,1.377776964,60,0.359928689,0.02076874,0.174232425,1.05,6
D088,S018,O037,4,367,1.377776964,232,0.083660283,0.374766445,0.463420281,1.05,16
D088,S019,O039,4,367,1.377776964,48,0.232718262,0.17994217,0.033136716,1.05,1
D088,S020,O029,4,367,1.377776964,744,0.31398409,0.144642217,0.380464816,1.05,47
D088,S021,O055,4,367,1.377776964,143,0.09821222,0.163666817,0.285033773,1.05,17
D088,S022,O075,4,367,1.377776964,31,0.495260113,0.154710174,0.269857669,1.05,5
D088,S023,O052,4,367,1.377776964,249,0.293109713,0.381495942,0.29384703,1.05,30
D088,S024,O020,4,367,1.377776964,113,0.348269976,0.095285863,0.409466489,1.05,28
D088,S025,O023,4,367,1.377776964,410,0.214451437,0.12789836,0.094002538,1.05,34
D088,S026,O069,4,367,1.377776964,600,0.193256125,0.259153683,0.18565311,1.05,107
D088,S027,O054,4,367,1.377776964,70,0.483939677,0.225369653,0.039302168,1.05,11
D088,S028,O063,4,367,1.377776964,159,0.167777479,0.069957712,0.130372357,1.05,38
D088,S029,O058,4,367,1.377776964,22,0.090722232,0.036785238,0.101049312,1.05,4
D088,S030,O042,4,367,1.377776964,533,0.049123846,0.273615249,0.271891148,1.05,28
D088,S031,O083,4,367,1.377776964,89,0.002629244,0.11891721,0.012340148,1.05,13
D088,S032,O086,4,367,1.377776964,135,0.469888219,0.056365997,0.043821459,1.05,28
D089,S001,O004,1,68,2.535965625,544,0.015441285,0.39993713,0.047767101,1.05,12
D089,S002,O061,1,68,2.535965625,27,0.381805437,0.01616482,0.491613692,1.05,4
D089,S003,O084,1,68,2.535965625,797,0.372992677,0.000386491,0.00152113,1.05,169
D089,S004,O040,1,68,2.535965625,585,0.392959459,0.39457393,0.498815231,1.05,30
D089,S005,O074,1,68,2.535965625,36,0.042568944,0.004280635,0.087293441,1.05,3
D089,S006,O014,1,68,2.535965625,505,0.055050564,0.385744929,0.323573274,1.05,126
D089,S007,O095,1,68,2.535965625,29,0.365502327,0.314203797,0.177999519,1.05,3
D089,S008,O008,1,68,2.535965625,217,0.118365868,0.010264005,0.438577644,1.05,4
D089,S009,O044,1,68,2.535965625,721,0.432376139,0.324925408,0.144007894,1.05,148
D089,S010,O071,1,68,2.535965625,830,0.025772238,0.059916076,0.006124037,1.05,1
D089,S011,O005,1,68,2.535965625,472,0.458927508,0.08115278,0.018055532,1.05,8
D089,S012,O094,1,68,2.535965625,888,0.302089761,0.091469055,0.358945917,1.05,193
D089,S013,O049,1,68,2.535965625,33,0.068127718,0.327197905,0.351458552,1.05,6
D089,S014,O002,1,68,2.535965625,71,0.386957289,0.33590604,0.423756547,1.05,16
D089,S015,O009,1,68,2.535965625,39,0.272204984,0.243100415,0.446678,1.05,1
D089,S016,O096,1,68,2.535965625,91,0.16170145,0.264353919,0.069555674,1.05,20
D089,S017,O067,1,68,2.535965625,60,0.359928689,0.02076874,0.174232425,1.05,6
D089,S018,O037,1,68,2.535965625,232,0.083660283,0.374766445,0.463420281,1.05,16
D089,S019,O039,1,68,2.535965625,48,0.232718262,0.17994217,0.033136716,1.05,1
D089,S020,O029,1,68,2.535965625,744,0.31398409,0.144642217,0.380464816,1.05,47
D089,S021,O055,1,68,2.535965625,143,0.09821222,0.163666817,0.285033773,1.05,17
D089,S022,O075,1,68,2.535965625,31,0.495260113,0.154710174,0.269857669,1.05,5
D089,S023,O052,1,68,2.535965625,249,0.293109713,0.381495942,0.29384703,1.05,30
D089,S024,O020,1,68,2.535965625,113,0.348269976,0.095285863,0.409466489,1.05,28
D089,S025,O023,1,68,2.535965625,410,0.214451437,0.12789836,0.094002538,1.05,34
D089,S026,O069,1,68,2.535965625,600,0.193256125,0.259153683,0.18565311,1.05,107
D089,S027,O054,1,68,2.535965625,70,0.483939677,0.225369653,0.039302168,1.05,11
D089,S028,O063,1,68,2.535965625,159,0.167777479,0.069957712,0.130372357,1.05,38
D089,S029,O058,1,68,2.535965625,22,0.090722232,0.036785238,0.101049312,1.05,4
D089,S030,O042,1,68,2.535965625,533,0.049123846,0.273615249,0.271891148,1.05,28
D089,S031,O083,1,68,2.535965625,89,0.002629244,0.11891721,0.012340148,1.05,13
D089,S032,O086,1,68,2.535965625,135,0.469888219,0.056365997,0.043821459,1.05,28
D090,S001,O004,1,163,2.413144468,544,0.015441285,0.39993713,0.047767101,1.05,12
D090,S002,O061,1,163,2.413144468,27,0.381805437,0.01616482,0.491613692,1.05,4
D090,S003,O084,1,163,2.413144468,797,0.372992677,0.000386491,0.00152113,1.05,169
D090,S004,O040,1,163,2.413144468,585,0.392959459,0.39457393,0.498815231,1.05,30
D090,S005,O074,1,163,2.413144468,36,0.042568944,0.004280635,0.087293441,1.05,3
D090,S006,O014,1,163,2.413144468,505,0.055050564,0.385744929,0.323573274,1.05,126
D090,S007,O095,1,163,2.413144468,29,0.365502327,0.314203797,0.177999519,1.05,3
D090,S008,O008,1,163,2.413144468,217,0.118365868,0.010264005,0.438577644,1.05,4
D090,S009,O044,1,163,2.413144468,721,0.432376139,0.324925408,0.144007894,1.05,148
D090,S010,O071,1,163,2.413144468,830,0.025772238,0.059916076,0.006124037,1.05,1
D090,S011,O005,1,163,2.413144468,472,0.458927508,0.08115278,0.018055532,1.05,8
D090,S012,O094,1,163,2.413144468,888,0.302089761,0.091469055,0.358945917,1.05,193
D090,S013,O049,1,163,2.413144468,33,0.068127718,0.327197905,0.351458552,1.05,6
D090,S014,O002,1,163,2.413144468,71,0.386957289,0.33590604,0.423756547,1.05,16
D090,S015,O009,1,163,2.413144468,39,0.272204984,0.243100415,0.446678,1.05,1
D090,S016,O096,1,163,2.413144468,91,0.16170145,0.264353919,0.069555674,1.05,20
D090,S017,O067,1,163,2.413144468,60,0.359928689,0.02076874,0.174232425,1.05,6
D090,S018,O037,1,163,2.413144468,232,0.083660283,0.374766445,0.463420281,1.05,16
D090,S019,O039,1,163,2.413144468,48,0.232718262,0.17994217,0.033136716,1.05,1
D090,S020,O029,1,163,2.413144468,744,0.31398409,0.144642217,0.380464816,1.05,47
D090,S021,O055,1,163,2.413144468,143,0.09821222,0.163666817,0.285033773,1.05,17
D090,S022,O075,1,163,2.413144468,31,0.495260113,0.154710174,0.269857669,1.05,5
D090,S023,O052,1,163,2.413144468,249,0.293109713,0.381495942,0.29384703,1.05,30
D090,S024,O020,1,163,2.413144468,113,0.348269976,0.095285863,0.409466489,1.05,28
D090,S025,O023,1,163,2.413144468,410,0.214451437,0.12789836,0.094002538,1.05,34
D090,S026,O069,1,163,2.413144468,600,0.193256125,0.259153683,0.18565311,1.05,107
D090,S027,O054,1,163,2.413144468,70,0.483939677,0.225369653,0.039302168,1.05,11
D090,S028,O063,1,163,2.413144468,159,0.167777479,0.069957712,0.130372357,1.05,38
D090,S029,O058,1,163,2.413144468,22,0.090722232,0.036785238,0.101049312,1.05,4
D090,S030,O042,1,163,2.413144468,533,0.049123846,0.273615249,0.271891148,1.05,28
D090,S031,O083,1,163,2.413144468,89,0.002629244,0.11891721,0.012340148,1.05,13
D090,S032,O086,1,163,2.413144468,135,0.469888219,0.056365997,0.043821459,1.05,28
D091,S001,O004,7,101,0.773146718,544,0.015441285,0.39993713,0.047767101,1.05,12
D091,S002,O061,7,101,0.773146718,27,0.381805437,0.01616482,0.491613692,1.05,4
D091,S003,O084,7,101,0.773146718,797,0.372992677,0.000386491,0.00152113,1.05,169
D091,S004,O040,7,101,0.773146718,585,0.392959459,0.39457393,0.498815231,1.05,30
D091,S005,O074,7,101,0.773146718,36,0.042568944,0.004280635,0.087293441,1.05,3
D091,S006,O014,7,101,0.773146718,505,0.055050564,0.385744929,0.323573274,1.05,126
D091,S007,O095,7,101,0.773146718,29,0.365502327,0.314203797,0.177999519,1.05,3
D091,S008,O008,7,101,0.773146718,217,0.118365868,0.010264005,0.438577644,1.05,4
D091,S009,O044,7,101,0.773146718,721,0.432376139,0.324925408,0.144007894,1.05,148
D091,S010,O071,7,101,0.773146718,830,0.025772238,0.059916076,0.006124037,1.05,1
D091,S011,O005,7,101,0.773146718,472,0.458927508,0.08115278,0.018055532,1.05,8
D091,S012,O094,7,101,0.773146718,888,0.302089761,0.091469055,0.358945917,1.05,193
D091,S013,O049,7,101,0.773146718,33,0.068127718,0.327197905,0.351458552,1.05,6
D091,S014,O002,7,101,0.773146718,71,0.386957289,0.33590604,0.423756547,1.05,16
D091,S015,O009,7,101,0.773146718,39,0.272204984,0.243100415,0.446678,1.05,1
D091,S016,O096,7,101,0.773146718,91,0.16170145,0.264353919,0.069555674,1.05,20
D091,S017,O067,7,101,0.773146718,60,0.359928689,0.02076874,0.174232425,1.05,6
D091,S018,O037,7,101,0.773146718,232,0.083660283,0.374766445,0.463420281,1.05,16
D091,S019,O039,7,101,0.773146718,48,0.232718262,0.17994217,0.033136716,1.05,1
D091,S020,O029,7,101,0.773146718,744,0.31398409,0.144642217,0.380464816,1.05,47
D091,S021,O055,7,101,0.773146718,143,0.09821222,0.163666817,0.285033773,1.05,17
D091,S022,O075,7,101,0.773146718,31,0.495260113,0.154710174,0.269857669,1.05,5
D091,S023,O052,7,101,0.773146718,249,0.293109713,0.381495942,0.29384703,1.05,30
D091,S024,O020,7,101,0.773146718,113,0.348269976,0.095285863,0.409466489,1.05,28
D091,S025,O023,7,101,0.773146718,410,0.214451437,0.12789836,0.094002538,1.05,34
D091,S026,O069,7,101,0.773146718,600,0.193256125,0.259153683,0.18565311,1.05,107
D091,S027,O054,7,101,0.773146718,70,0.483939677,0.225369653,0.039302168,1.05,11
D091,S028,O063,7,101,0.773146718,159,0.167777479,0.069957712,0.130372357,1.05,38
D091,S029,O058,7,101,0.773146718,22,0.090722232,0.036785238,0.101049312,1.05,4
D091,S030,O042,7,101,0.773146718,533,0.049123846,0.273615249,0.271891148,1.05,28
D091,S031,O083,7,101,0.773146718,89,0.002629244,0.11891721,0.012340148,1.05,13
D091,S032,O086,7,101,0.773146718,135,0.469888219,0.056365997,0.043821459,1.05,28
D092,S001,O004,6,377,1.78568148,544,0.015441285,0.39993713,0.047767101,1.05,12
D092,S002,O061,6,377,1.78568148,27,0.381805437,0.01616482,0.491613692,1.05,4
D092,S003,O084,6,377,1.78568148,797,0.372992677,0.000386491,0.00152113,1.05,169
D092,S004,O040,6,377,1.78568148,585,0.392959459,0.39457393,0.498815231,1.05,30
D092,S005,O074,6,377,1.78568148,36,0.042568944,0.004280635,0.087293441,1.05,3
D092,S006,O014,6,377,1.78568148,505,0.055050564,0.385744929,0.323573274,1.05,126
D092,S007,O095,6,377,1.78568148,29,0.365502327,0.314203797,0.177999519,1.05,3
D092,S008,O008,6,377,1.78568148,217,0.118365868,0.010264005,0.438577644,1.05,4
D092,S009,O044,6,377,1.78568148,721,0.432376139,0.324925408,0.144007894,1.05,148
D092,S010,O071,6,377,1.78568148,830,0.025772238,0.059916076,0.006124037,1.05,1
D092,S011,O005,6,377,1.78568148,472,0.458927508,0.08115278,0.018055532,1.05,8
D092,S012,O094,6,377,1.78568148,888,0.302089761,0.091469055,0.358945917,1.05,193
D092,S013,O049,6,377,1.78568148,33,0.068127718,0.327197905,0.351458552,1.05,6
D092,S014,O002,6,377,1.78568148,71,0.386957289,0.33590604,0.423756547,1.05,16
D092,S015,O009,6,377,1.78568148,39,0.272204984,0.243100415,0.446678,1.05,1
D092,S016,O096,6,377,1.78568148,91,0.16170145,0.264353919,0.069555674,1.05,20
D092,S017,O067,6,377,1.78568148,60,0.359928689,0.02076874,0.174232425,1.05,6
D092,S018,O037,6,377,1.78568148,232,0.083660283,0.374766445,0.463420281,1.05,16
D092,S019,O039,6,377,1.78568148,48,0.232718262,0.17994217,0.033136716,1.05,1
D092,S020,O029,6,377,1.78568148,744,0.31398409,0.144642217,0.380464816,1.05,47
D092,S021,O055,6,377,1.78568148,143,0.09821222,0.163666817,0.285033773,1.05,17
D092,S022,O075,6,377,1.78568148,31,0.495260113,0.154710174,0.269857669,1.05,5
D092,S023,O052,6,377,1.78568148,249,0.293109713,0.381495942,0.29384703,1.05,30
D092,S024,O020,6,377,1.78568148,113,0.348269976,0.095285863,0.409466489,1.05,28
D092,S025,O023,6,377,1.78568148,410,0.214451437,0.12789836,0.094002538,1.05,34
D092,S026,O069,6,377,1.78568148,600,0.193256125,0.259153683,0.18565311,1.05,107
D092,S027,O054,6,377,1.78568148,70,0.483939677,0.225369653,0.039302168,1.05,11
D092,S028,O063,6,377,1.78568148,159,0.167777479,0.069957712,0.130372357,1.05,38
D092,S029,O058,6,377,1.78568148,22,0.090722232,0.036785238,0.101049312,1.05,4
D092,S030,O042,6,377,1.78568148,533,0.049123846,0.273615249,0.271891148,1.05,28
D092,S031,O083,6,377,1.78568148,89,0.002629244,0.11891721,0.012340148,1.05,13
D092,S032,O086,6,377,1.78568148,135,0.469888219,0.056365997,0.043821459,1.05,28
D093,S001,O004,1,536,0.256406048,544,0.015441285,0.39993713,0.047767101,1.05,12
D093,S002,O061,1,536,0.256406048,27,0.381805437,0.01616482,0.491613692,1.05,4
D093,S003,O084,1,536,0.256406048,797,0.372992677,0.000386491,0.00152113,1.05,169
D093,S004,O040,1,536,0.256406048,585,0.392959459,0.39457393,0.498815231,1.05,30
D093,S005,O074,1,536,0.256406048,36,0.042568944,0.004280635,0.087293441,1.05,3
D093,S006,O014,1,536,0.256406048,505,0.055050564,0.385744929,0.323573274,1.05,126
D093,S007,O095,1,536,0.256406048,29,0.365502327,0.314203797,0.177999519,1.05,3
D093,S008,O008,1,536,0.256406048,217,0.118365868,0.010264005,0.438577644,1.05,4
D093,S009,O044,1,536,0.256406048,721,0.432376139,0.324925408,0.144007894,1.05,148
D093,S010,O071,1,536,0.256406048,830,0.025772238,0.059916076,0.006124037,1.05,1
D093,S011,O005,1,536,0.256406048,472,0.458927508,0.08115278,0.018055532,1.05,8
D093,S012,O094,1,536,0.256406048,888,0.302089761,0.091469055,0.358945917,1.05,193
D093,S013,O049,1,536,0.256406048,33,0.068127718,0.327197905,0.351458552,1.05,6
D093,S014,O002,1,536,0.256406048,71,0.386957289,0.33590604,0.423756547,1.05,16
D093,S015,O009,1,536,0.256406048,39,0.272204984,0.243100415,0.446678,1.05,1
D093,S016,O096,1,536,0.256406048,91,0.16170145,0.264353919,0.069555674,1.05,20
D093,S017,O067,1,536,0.256406048,60,0.359928689,0.02076874,0.174232425,1.05,6
D093,S018,O037,1,536,0.256406048,232,0.083660283,0.374766445,0.463420281,1.05,16
D093,S019,O039,1,536,0.256406048,48,0.232718262,0.17994217,0.033136716,1.05,1
D093,S020,O029,1,536,0.256406048,744,0.31398409,0.144642217,0.380464816,1.05,47
D093,S021,O055,1,536,0.256406048,143,0.09821222,0.163666817,0.285033773,1.05,17
D093,S022,O075,1,536,0.256406048,31,0.495260113,0.154710174,0.269857669,1.05,5
D093,S023,O052,1,536,0.256406048,249,0.293109713,0.381495942,0.29384703,1.05,30
D093,S024,O020,1,536,0.256406048,113,0.348269976,0.095285863,0.409466489,1.05,28
D093,S025,O023,1,536,0.256406048,410,0.214451437,0.12789836,0.094002538,1.05,34
D093,S026,O069,1,536,0.256406048,600,0.193256125,0.259153683,0.18565311,1.05,107
D093,S027,O054,1,536,0.256406048,70,0.483939677,0.225369653,0.039302168,1.05,11
D093,S028,O063,1,536,0.256406048,159,0.167777479,0.069957712,0.130372357,1.05,38
D093,S029,O058,1,536,0.256406048,22,0.090722232,0.036785238,0.101049312,1.05,4
D093,S030,O042,1,536,0.256406048,533,0.049123846,0.273615249,0.271891148,1.05,28
D093,S031,O083,1,536,0.256406048,89,0.002629244,0.11891721,0.012340148,1.05,13
D093,S032,O086,1,536,0.256406048,135,0.469888219,0.056365997,0.043821459,1.05,28
D094,S001,O004,6,238,7.339452886,544,0.015441285,0.39993713,0.047767101,1.05,12
D094,S002,O061,6,238,7.339452886,27,0.381805437,0.01616482,0.491613692,1.05,4
D094,S003,O084,6,238,7.339452886,797,0.372992677,0.000386491,0.00152113,1.05,169
D094,S004,O040,6,238,7.339452886,585,0.392959459,0.39457393,0.498815231,1.05,30
D094,S005,O074,6,238,7.339452886,36,0.042568944,0.004280635,0.087293441,1.05,3
D094,S006,O014,6,238,7.339452886,505,0.055050564,0.385744929,0.323573274,1.05,126
D094,S007,O095,6,238,7.339452886,29,0.365502327,0.314203797,0.177999519,1.05,3
D094,S008,O008,6,238,7.339452886,217,0.118365868,0.010264005,0.438577644,1.05,4
D094,S009,O044,6,238,7.339452886,721,0.432376139,0.324925408,0.144007894,1.05,148
D094,S010,O071,6,238,7.339452886,830,0.025772238,0.059916076,0.006124037,1.05,1
D094,S011,O005,6,238,7.339452886,472,0.458927508,0.08115278,0.018055532,1.05,8
D094,S012,O094,6,238,7.339452886,888,0.302089761,0.091469055,0.358945917,1.05,193
D094,S013,O049,6,238,7.339452886,33,0.068127718,0.327197905,0.351458552,1.05,6
D094,S014,O002,6,238,7.339452886,71,0.386957289,0.33590604,0.423756547,1.05,16
D094,S015,O009,6,238,7.339452886,39,0.272204984,0.243100415,0.446678,1.05,1
D094,S016,O096,6,238,7.339452886,91,0.16170145,0.264353919,0.069555674,1.05,20
D094,S017,O067,6,238,7.339452886,60,0.359928689,0.02076874,0.174232425,1.05,6
D094,S018,O037,6,238,7.339452886,232,0.083660283,0.374766445,0.463420281,1.05,16
D094,S019,O039,6,238,7.339452886,48,0.232718262,0.17994217,0.033136716,1.05,1
D094,S020,O029,6,238,7.339452886,744,0.31398409,0.144642217,0.380464816,1.05,47
D094,S021,O055,6,238,7.339452886,143,0.09821222,0.163666817,0.285033773,1.05,17
D094,S022,O075,6,238,7.339452886,31,0.495260113,0.154710174,0.269857669,1.05,5
D094,S023,O052,6,238,7.339452886,249,0.293109713,0.381495942,0.29384703,1.05,30
D094,S024,O020,6,238,7.339452886,113,0.348269976,0.095285863,0.409466489,1.05,28
D094,S025,O023,6,238,7.339452886,410,0.214451437,0.12789836,0.094002538,1.05,34
D094,S026,O069,6,238,7.339452886,600,0.193256125,0.259153683,0.18565311,1.05,107
D094,S027,O054,6,238,7.339452886,70,0.483939677,0.225369653,0.039302168,1.05,11
D094,S028,O063,6,238,7.339452886,159,0.167777479,0.069957712,0.130372357,1.05,38
D094,S029,O058,6,238,7.339452886,22,0.090722232,0.036785238,0.101049312,1.05,4
D094,S030,O042,6,238,7.339452886,533,0.049123846,0.273615249,0.271891148,1.05,28
D094,S031,O083,6,238,7.339452886,89,0.002629244,0.11891721,0.012340148,1.05,13
D094,S032,O086,6,238,7.339452886,135,0.469888219,0.056365997,0.043821459,1.05,28
D095,S001,O004,3,144,1.503793522,544,0.015441285,0.39993713,0.047767101,1.05,12
D095,S002,O061,3,144,1.503793522,27,0.381805437,0.01616482,0.491613692,1.05,4
D095,S003,O084,3,144,1.503793522,797,0.372992677,0.000386491,0.00152113,1.05,169
D095,S004,O040,3,144,1.503793522,585,0.392959459,0.39457393,0.498815231,1.05,30
D095,S005,O074,3,144,1.503793522,36,0.042568944,0.004280635,0.087293441,1.05,3
D095,S006,O014,3,144,1.503793522,505,0.055050564,0.385744929,0.323573274,1.05,126
D095,S007,O095,3,144,1.503793522,29,0.365502327,0.314203797,0.177999519,1.05,3
D095,S008,O008,3,144,1.503793522,217,0.118365868,0.010264005,0.438577644,1.05,4
D095,S009,O044,3,144,1.503793522,721,0.432376139,0.324925408,0.144007894,1.05,148
D095,S010,O071,3,144,1.503793522,830,0.025772238,0.059916076,0.006124037,1.05,1
D095,S011,O005,3,144,1.503793522,472,0.458927508,0.08115278,0.018055532,1.05,8
D095,S012,O094,3,144,1.503793522,888,0.302089761,0.091469055,0.358945917,1.05,193
D095,S013,O049,3,144,1.503793522,33,0.068127718,0.327197905,0.351458552,1.05,6
D095,S014,O002,3,144,1.503793522,71,0.386957289,0.33590604,0.423756547,1.05,16
D095,S015,O009,3,144,1.503793522,39,0.272204984,0.243100415,0.446678,1.05,1
D095,S016,O096,3,144,1.503793522,91,0.16170145,0.264353919,0.069555674,1.05,20
D095,S017,O067,3,144,1.503793522,60,0.359928689,0.02076874,0.174232425,1.05,6
D095,S018,O037,3,144,1.503793522,232,0.083660283,0.374766445,0.463420281,1.05,16
D095,S019,O039,3,144,1.503793522,48,0.232718262,0.17994217,0.033136716,1.05,1
D095,S020,O029,3,144,1.503793522,744,0.31398409,0.144642217,0.380464816,1.05,47
D095,S021,O055,3,144,1.503793522,143,0.09821222,0.163666817,0.285033773,1.05,17
D095,S022,O075,3,144,1.503793522,31,0.495260113,0.154710174,0.269857669,1.05,5
D095,S023,O052,3,144,1.503793522,249,0.293109713,0.381495942,0.29384703,1.05,30
D095,S024,O020,3,144,1.503793522,113,0.348269976,0.095285863,0.409466489,1.05,28
D095,S025,O023,3,144,1.503793522,410,0.214451437,0.12789836,0.094002538,1.05,34
D095,S026,O069,3,144,1.503793522,600,0.193256125,0.259153683,0.18565311,1.05,107
D095,S027,O054,3,144,1.503793522,70,0.483939677,0.225369653,0.039302168,1.05,11
D095,S028,O063,3,144,1.503793522,159,0.167777479,0.069957712,0.130372357,1.05,38
D095,S029,O058,3,144,1.503793522,22,0.090722232,0.036785238,0.101049312,1.05,4
D095,S030,O042,3,144,1.503793522,533,0.049123846,0.273615249,0.271891148,1.05,28
D095,S031,O083,3,144,1.503793522,89,0.002629244,0.11891721,0.012340148,1.05,13
D095,S032,O086,3,144,1.503793522,135,0.469888219,0.056365997,0.043821459,1.05,28
D096,S001,O004,5,87,1.642987791,544,0.015441285,0.39993713,0.047767101,1.05,12
D096,S002,O061,5,87,1.642987791,27,0.381805437,0.01616482,0.491613692,1.05,4
D096,S003,O084,5,87,1.642987791,797,0.372992677,0.000386491,0.00152113,1.05,169
D096,S004,O040,5,87,1.642987791,585,0.392959459,0.39457393,0.498815231,1.05,30
D096,S005,O074,5,87,1.642987791,36,0.042568944,0.004280635,0.087293441,1.05,3
D096,S006,O014,5,87,1.642987791,505,0.055050564,0.385744929,0.323573274,1.05,126
D096,S007,O095,5,87,1.642987791,29,0.365502327,0.314203797,0.177999519,1.05,3
D096,S008,O008,5,87,1.642987791,217,0.118365868,0.010264005,0.438577644,1.05,4
D096,S009,O044,5,87,1.642987791,721,0.432376139,0.324925408,0.144007894,1.05,148
D096,S010,O071,5,87,1.642987791,830,0.025772238,0.059916076,0.006124037,1.05,1
D096,S011,O005,5,87,1.642987791,472,0.458927508,0.08115278,0.018055532,1.05,8
D096,S012,O094,5,87,1.642987791,888,0.302089761,0.091469055,0.358945917,1.05,193
D096,S013,O049,5,87,1.642987791,33,0.068127718,0.327197905,0.351458552,1.05,6
D096,S014,O002,5,87,1.642987791,71,0.386957289,0.33590604,0.423756547,1.05,16
D096,S015,O009,5,87,1.642987791,39,0.272204984,0.243100415,0.446678,1.05,1
D096,S016,O096,5,87,1.642987791,91,0.16170145,0.264353919,0.069555674,1.05,20
D096,S017,O067,5,87,1.642987791,60,0.359928689,0.02076874,0.174232425,1.05,6
D096,S018,O037,5,87,1.642987791,232,0.083660283,0.374766445,0.463420281,1.05,16
D096,S019,O039,5,87,1.642987791,48,0.232718262,0.17994217,0.033136716,1.05,1
D096,S020,O029,5,87,1.642987791,744,0.31398409,0.144642217,0.380464816,1.05,47
D096,S021,O055,5,87,1.642987791,143,0.09821222,0.163666817,0.285033773,1.05,17
D096,S022,O075,5,87,1.642987791,31,0.495260113,0.154710174,0.269857669,1.05,5
D096,S023,O052,5,87,1.642987791,249,0.293109713,0.381495942,0.29384703,1.05,30
D096,S024,O020,5,87,1.642987791,113,0.348269976,0.095285863,0.409466489,1.05,28
D096,S025,O023,5,87,1.642987791,410,0.214451437,0.12789836,0.094002538,1.05,34
D096,S026,O069,5,87,1.642987791,600,0.193256125,0.259153683,0.18565311,1.05,107
D096,S027,O054,5,87,1.642987791,70,0.483939677,0.225369653,0.039302168,1.05,11
D096,S028,O063,5,87,1.642987791,159,0.167777479,0.069957712,0.130372357,1.05,38
D096,S029,O058,5,87,1.642987791,22,0.090722232,0.036785238,0.101049312,1.05,4
D096,S030,O042,5,87,1.642987791,533,0.049123846,0.273615249,0.271891148,1.05,28
D096,S031,O083,5,87,1.642987791,89,0.002629244,0.11891721,0.012340148,1.05,13
D096,S032,O086,5,87,1.642987791,135,0.469888219,0.056365997,0.043821459,1.05,28
D097,S001,O004,8,515,0.943725711,544,0.015441285,0.39993713,0.047767101,1.05,12
D097,S002,O061,8,515,0.943725711,27,0.381805437,0.01616482,0.491613692,1.05,4
D097,S003,O084,8,515,0.943725711,797,0.372992677,0.000386491,0.00152113,1.05,169
D097,S004,O040,8,515,0.943725711,585,0.392959459,0.39457393,0.498815231,1.05,30
D097,S005,O074,8,515,0.943725711,36,0.042568944,0.004280635,0.087293441,1.05,3
D097,S006,O014,8,515,0.943725711,505,0.055050564,0.385744929,0.323573274,1.05,126
D097,S007,O095,8,515,0.943725711,29,0.365502327,0.314203797,0.177999519,1.05,3
D097,S008,O008,8,515,0.943725711,217,0.118365868,0.010264005,0.438577644,1.05,4
D097,S009,O044,8,515,0.943725711,721,0.432376139,0.324925408,0.144007894,1.05,148
D097,S010,O071,8,515,0.943725711,830,0.025772238,0.059916076,0.006124037,1.05,1
D097,S011,O005,8,515,0.943725711,472,0.458927508,0.08115278,0.018055532,1.05,8
D097,S012,O094,8,515,0.943725711,888,0.302089761,0.091469055,0.358945917,1.05,193
D097,S013,O049,8,515,0.943725711,33,0.068127718,0.327197905,0.351458552,1.05,6
D097,S014,O002,8,515,0.943725711,71,0.386957289,0.33590604,0.423756547,1.05,16
D097,S015,O009,8,515,0.943725711,39,0.272204984,0.243100415,0.446678,1.05,1
D097,S016,O096,8,515,0.943725711,91,0.16170145,0.264353919,0.069555674,1.05,20
D097,S017,O067,8,515,0.943725711,60,0.359928689,0.02076874,0.174232425,1.05,6
D097,S018,O037,8,515,0.943725711,232,0.083660283,0.374766445,0.463420281,1.05,16
D097,S019,O039,8,515,0.943725711,48,0.232718262,0.17994217,0.033136716,1.05,1
D097,S020,O029,8,515,0.943725711,744,0.31398409,0.144642217,0.380464816,1.05,47
D097,S021,O055,8,515,0.943725711,143,0.09821222,0.163666817,0.285033773,1.05,17
D097,S022,O075,8,515,0.943725711,31,0.495260113,0.154710174,0.269857669,1.05,5
D097,S023,O052,8,515,0.943725711,249,0.293109713,0.381495942,0.29384703,1.05,30
D097,S024,O020,8,515,0.943725711,113,0.348269976,0.095285863,0.409466489,1.05,28
D097,S025,O023,8,515,0.943725711,410,0.214451437,0.12789836,0.094002538,1.05,34
D097,S026,O069,8,515,0.943725711,600,0.193256125,0.259153683,0.18565311,1.05,107
D097,S027,O054,8,515,0.943725711,70,0.483939677,0.225369653,0.039302168,1.05,11
D097,S028,O063,8,515,0.943725711,159,0.167777479,0.069957712,0.130372357,1.05,38
D097,S029,O058,8,515,0.943725711,22,0.090722232,0.036785238,0.101049312,1.05,4
D097,S030,O042,8,515,0.943725711,533,0.049123846,0.273615249,0.271891148,1.05,28
D097,S031,O083,8,515,0.943725711,89,0.002629244,0.11891721,0.012340148,1.05,13
D097,S032,O086,8,515,0.943725711,135,0.469888219,0.056365997,0.043821459,1.05,28
D098,S001,O004,5,182,0.327478932,544,0.015441285,0.39993713,0.047767101,1.05,12
D098,S002,O061,5,182,0.327478932,27,0.381805437,0.01616482,0.491613692,1.05,4
D098,S003,O084,5,182,0.327478932,797,0.372992677,0.000386491,0.00152113,1.05,169
D098,S004,O040,5,182,0.327478932,585,0.392959459,0.39457393,0.498815231,1.05,30
D098,S005,O074,5,182,0.327478932,36,0.042568944,0.004280635,0.087293441,1.05,3
D098,S006,O014,5,182,0.327478932,505,0.055050564,0.385744929,0.323573274,1.05,126
D098,S007,O095,5,182,0.327478932,29,0.365502327,0.314203797,0.177999519,1.05,3
D098,S008,O008,5,182,0.327478932,217,0.118365868,0.010264005,0.438577644,1.05,4
D098,S009,O044,5,182,0.327478932,721,0.432376139,0.324925408,0.144007894,1.05,148
D098,S010,O071,5,182,0.327478932,830,0.025772238,0.059916076,0.006124037,1.05,1
D098,S011,O005,5,182,0.327478932,472,0.458927508,0.08115278,0.018055532,1.05,8
D098,S012,O094,5,182,0.327478932,888,0.302089761,0.091469055,0.358945917,1.05,193
D098,S013,O049,5,182,0.327478932,33,0.068127718,0.327197905,0.351458552,1.05,6
D098,S014,O002,5,182,0.327478932,71,0.386957289,0.33590604,0.423756547,1.05,16
D098,S015,O009,5,182,0.327478932,39,0.272204984,0.243100415,0.446678,1.05,1
D098,S016,O096,5,182,0.327478932,91,0.16170145,0.264353919,0.069555674,1.05,20
D098,S017,O067,5,182,0.327478932,60,0.359928689,0.02076874,0.174232425,1.05,6
D098,S018,O037,5,182,0.327478932,232,0.083660283,0.374766445,0.463420281,1.05,16
D098,S019,O039,5,182,0.327478932,48,0.232718262,0.17994217,0.033136716,1.05,1
D098,S020,O029,5,182,0.327478932,744,0.31398409,0.144642217,0.380464816,1.05,47
D098,S021,O055,5,182,0.327478932,143,0.09821222,0.163666817,0.285033773,1.05,17
D098,S022,O075,5,182,0.327478932,31,0.495260113,0.154710174,0.269857669,1.05,5
D098,S023,O052,5,182,0.327478932,249,0.293109713,0.381495942,0.29384703,1.05,30
D098,S024,O020,5,182,0.327478932,113,0.348269976,0.095285863,0.409466489,1.05,28
D098,S025,O023,5,182,0.327478932,410,0.214451437,0.12789836,0.094002538,1.05,34
D098,S026,O069,5,182,0.327478932,600,0.193256125,0.259153683,0.18565311,1.05,107
D098,S027,O054,5,182,0.327478932,70,0.483939677,0.225369653,0.039302168,1.05,11
D098,S028,O063,5,182,0.327478932,159,0.167777479,0.069957712,0.130372357,1.05,38
D098,S029,O058,5,182,0.327478932,22,0.090722232,0.036785238,0.101049312,1.05,4
D098,S030,O042,5,182,0.327478932,533,0.049123846,0.273615249,0.271891148,1.05,28
D098,S031,O083,5,182,0.327478932,89,0.002629244,0.11891721,0.012340148,1.05,13
D098,S032,O086,5,182,0.327478932,135,0.469888219,0.056365997,0.043821459,1.05,28
D099,S001,O004,4,393,1.921945994,544,0.015441285,0.39993713,0.047767101,1.05,12
D099,S002,O061,4,393,1.921945994,27,0.381805437,0.01616482,0.491613692,1.05,4
D099,S003,O084,4,393,1.921945994,797,0.372992677,0.000386491,0.00152113,1.05,169
D099,S004,O040,4,393,1.921945994,585,0.392959459,0.39457393,0.498815231,1.05,30
D099,S005,O074,4,393,1.921945994,36,0.042568944,0.004280635,0.087293441,1.05,3
D099,S006,O014,4,393,1.921945994,505,0.055050564,0.385744929,0.323573274,1.05,126
D099,S007,O095,4,393,1.921945994,29,0.365502327,0.314203797,0.177999519,1.05,3
D099,S008,O008,4,393,1.921945994,217,0.118365868,0.010264005,0.438577644,1.05,4
D099,S009,O044,4,393,1.921945994,721,0.432376139,0.324925408,0.144007894,1.05,148
D099,S010,O071,4,393,1.921945994,830,0.025772238,0.059916076,0.006124037,1.05,1
D099,S011,O005,4,393,1.921945994,472,0.458927508,0.08115278,0.018055532,1.05,8
D099,S012,O094,4,393,1.921945994,888,0.302089761,0.091469055,0.358945917,1.05,193
D099,S013,O049,4,393,1.921945994,33,0.068127718,0.327197905,0.351458552,1.05,6
D099,S014,O002,4,393,1.921945994,71,0.386957289,0.33590604,0.423756547,1.05,16
D099,S015,O009,4,393,1.921945994,39,0.272204984,0.243100415,0.446678,1.05,1
D099,S016,O096,4,393,1.921945994,91,0.16170145,0.264353919,0.069555674,1.05,20
D099,S017,O067,4,393,1.921945994,60,0.359928689,0.02076874,0.174232425,1.05,6
D099,S018,O037,4,393,1.921945994,232,0.083660283,0.374766445,0.463420281,1.05,16
D099,S019,O039,4,393,1.921945994,48,0.232718262,0.17994217,0.033136716,1.05,1
D099,S020,O029,4,393,1.921945994,744,0.31398409,0.144642217,0.380464816,1.05,47
D099,S021,O055,4,393,1.921945994,143,0.09821222,0.163666817,0.285033773,1.05,17
D099,S022,O075,4,393,1.921945994,31,0.495260113,0.154710174,0.269857669,1.05,5
D099,S023,O052,4,393,1.921945994,249,0.293109713,0.381495942,0.29384703,1.05,30
D099,S024,O020,4,393,1.921945994,113,0.348269976,0.095285863,0.409466489,1.05,28
D099,S025,O023,4,393,1.921945994,410,0.214451437,0.12789836,0.094002538,1.05,34
D099,S026,O069,4,393,1.921945994,600,0.193256125,0.259153683,0.18565311,1.05,107
D099,S027,O054,4,393,1.921945994,70,0.483939677,0.225369653,0.039302168,1.05,11
D099,S028,O063,4,393,1.921945994,159,0.167777479,0.069957712,0.130372357,1.05,38
D099,S029,O058,4,393,1.921945994,22,0.090722232,0.036785238,0.101049312,1.05,4
D099,S030,O042,4,393,1.921945994,533,0.049123846,0.273615249,0.271891148,1.05,28
D099,S031,O083,4,393,1.921945994,89,0.002629244,0.11891721,0.012340148,1.05,13
D099,S032,O086,4,393,1.921945994,135,0.469888219,0.056365997,0.043821459,1.05,28
D100,S001,O004,3,113,0.611512327,544,0.015441285,0.39993713,0.047767101,1.05,12
D100,S002,O061,3,113,0.611512327,27,0.381805437,0.01616482,0.491613692,1.05,4
D100,S003,O084,3,113,0.611512327,797,0.372992677,0.000386491,0.00152113,1.05,169
D100,S004,O040,3,113,0.611512327,585,0.392959459,0.39457393,0.498815231,1.05,30
D100,S005,O074,3,113,0.611512327,36,0.042568944,0.004280635,0.087293441,1.05,3
D100,S006,O014,3,113,0.611512327,505,0.055050564,0.385744929,0.323573274,1.05,126
D100,S007,O095,3,113,0.611512327,29,0.365502327,0.314203797,0.177999519,1.05,3
D100,S008,O008,3,113,0.611512327,217,0.118365868,0.010264005,0.438577644,1.05,4
D100,S009,O044,3,113,0.611512327,721,0.432376139,0.324925408,0.144007894,1.05,148
D100,S010,O071,3,113,0.611512327,830,0.025772238,0.059916076,0.006124037,1.05,1
D100,S011,O005,3,113,0.611512327,472,0.458927508,0.08115278,0.018055532,1.05,8
D100,S012,O094,3,113,0.611512327,888,0.302089761,0.091469055,0.358945917,1.05,193
D100,S013,O049,3,113,0.611512327,33,0.068127718,0.327197905,0.351458552,1.05,6
D100,S014,O002,3,113,0.611512327,71,0.386957289,0.33590604,0.423756547,1.05,16
D100,S015,O009,3,113,0.611512327,39,0.272204984,0.243100415,0.446678,1.05,1
D100,S016,O096,3,113,0.611512327,91,0.16170145,0.264353919,0.069555674,1.05,20
D100,S017,O067,3,113,0.611512327,60,0.359928689,0.02076874,0.174232425,1.05,6
D100,S018,O037,3,113,0.611512327,232,0.083660283,0.374766445,0.463420281,1.05,16
D100,S019,O039,3,113,0.611512327,48,0.232718262,0.17994217,0.033136716,1.05,1
D100,S020,O029,3,113,0.611512327,744,0.31398409,0.144642217,0.380464816,1.05,47
D100,S021,O055,3,113,0.611512327,143,0.09821222,0.163666817,0.285033773,1.05,17
D100,S022,O075,3,113,0.611512327,31,0.495260113,0.154710174,0.269857669,1.05,5
D100,S023,O052,3,113,0.611512327,249,0.293109713,0.381495942,0.29384703,1.05,30
D100,S024,O020,3,113,0.611512327,113,0.348269976,0.095285863,0.409466489,1.05,28
D100,S025,O023,3,113,0.611512327,410,0.214451437,0.12789836,0.094002538,1.05,34
D100,S026,O069,3,113,0.611512327,600,0.193256125,0.259153683,0.18565311,1.05,107
D100,S027,O054,3,113,0.611512327,70,0.483939677,0.225369653,0.039302168,1.05,11
D100,S028,O063,3,113,0.611512327,159,0.167777479,0.069957712,0.130372357,1.05,38
D100,S029,O058,3,113,0.611512327,22,0.090722232,0.036785238,0.101049312,1.05,4
D100,S030,O042,3,113,0.611512327,533,0.049123846,0.273615249,0.271891148,1.05,28
D100,S031,O083,3,113,0.611512327,89,0.002629244,0.11891721,0.012340148,1.05,13
D100,S032,O086,3,113,0.611512327,135,0.469888219,0.056365997,0.043821459,1.05,28
D101,S001,O004,5,167,5.760753696,544,0.015441285,0.39993713,0.047767101,1.05,12
D101,S002,O061,5,167,5.760753696,27,0.381805437,0.01616482,0.491613692,1.05,4
D101,S003,O084,5,167,5.760753696,797,0.372992677,0.000386491,0.00152113,1.05,169
D101,S004,O040,5,167,5.760753696,585,0.392959459,0.39457393,0.498815231,1.05,30
D101,S005,O074,5,167,5.760753696,36,0.042568944,0.004280635,0.087293441,1.05,3
D101,S006,O014,5,167,5.760753696,505,0.055050564,0.385744929,0.323573274,1.05,126
D101,S007,O095,5,167,5.760753696,29,0.365502327,0.314203797,0.177999519,1.05,3
D101,S008,O008,5,167,5.760753696,217,0.118365868,0.010264005,0.438577644,1.05,4
D101,S009,O044,5,167,5.760753696,721,0.432376139,0.324925408,0.144007894,1.05,148
D101,S010,O071,5,167,5.760753696,830,0.025772238,0.059916076,0.006124037,1.05,1
D101,S011,O005,5,167,5.760753696,472,0.458927508,0.08115278,0.018055532,1.05,8
D101,S012,O094,5,167,5.760753696,888,0.302089761,0.091469055,0.358945917,1.05,193
D101,S013,O049,5,167,5.760753696,33,0.068127718,0.327197905,0.351458552,1.05,6
D101,S014,O002,5,167,5.760753696,71,0.386957289,0.33590604,0.423756547,1.05,16
D101,S015,O009,5,167,5.760753696,39,0.272204984,0.243100415,0.446678,1.05,1
D101,S016,O096,5,167,5.760753696,91,0.16170145,0.264353919,0.069555674,1.05,20
D101,S017,O067,5,167,5.760753696,60,0.359928689,0.02076874,0.174232425,1.05,6
D101,S018,O037,5,167,5.760753696,232,0.083660283,0.374766445,0.463420281,1.05,16
D101,S019,O039,5,167,5.760753696,48,0.232718262,0.17994217,0.033136716,1.05,1
D101,S020,O029,5,167,5.760753696,744,0.31398409,0.144642217,0.380464816,1.05,47
D101,S021,O055,5,167,5.760753696,143,0.09821222,0.163666817,0.285033773,1.05,17
D101,S022,O075,5,167,5.760753696,31,0.495260113,0.154710174,0.269857669,1.05,5
D101,S023,O052,5,167,5.760753696,249,0.293109713,0.381495942,0.29384703,1.05,30
D101,S024,O020,5,167,5.760753696,113,0.348269976,0.095285863,0.409466489,1.05,28
D101,S025,O023,5,167,5.760753696,410,0.214451437,0.12789836,0.094002538,1.05,34
D101,S026,O069,5,167,5.760753696,600,0.193256125,0.259153683,0.18565311,1.05,107
D101,S027,O054,5,167,5.760753696,70,0.483939677,0.225369653,0.039302168,1.05,11
D101,S028,O063,5,167,5.760753696,159,0.167777479,0.069957712,0.130372357,1.05,38
D101,S029,O058,5,167,5.760753696,22,0.090722232,0.036785238,0.101049312,1.05,4
D101,S030,O042,5,167,5.760753696,533,0.049123846,0.273615249,0.271891148,1.05,28
D101,S031,O083,5,167,5.760753696,89,0.002629244,0.11891721,0.012340148,1.05,13
D101,S032,O086,5,167,5.760753696,135,0.469888219,0.056365997,0.043821459,1.05,28
D102,S001,O004,8,204,3.127787756,544,0.015441285,0.39993713,0.047767101,1.05,12
D102,S002,O061,8,204,3.127787756,27,0.381805437,0.01616482,0.491613692,1.05,4
D102,S003,O084,8,204,3.127787756,797,0.372992677,0.000386491,0.00152113,1.05,169
D102,S004,O040,8,204,3.127787756,585,0.392959459,0.39457393,0.498815231,1.05,30
D102,S005,O074,8,204,3.127787756,36,0.042568944,0.004280635,0.087293441,1.05,3
D102,S006,O014,8,204,3.127787756,505,0.055050564,0.385744929,0.323573274,1.05,126
D102,S007,O095,8,204,3.127787756,29,0.365502327,0.314203797,0.177999519,1.05,3
D102,S008,O008,8,204,3.127787756,217,0.118365868,0.010264005,0.438577644,1.05,4
D102,S009,O044,8,204,3.127787756,721,0.432376139,0.324925408,0.144007894,1.05,148
D102,S010,O071,8,204,3.127787756,830,0.025772238,0.059916076,0.006124037,1.05,1
D102,S011,O005,8,204,3.127787756,472,0.458927508,0.08115278,0.018055532,1.05,8
D102,S012,O094,8,204,3.127787756,888,0.302089761,0.091469055,0.358945917,1.05,193
D102,S013,O049,8,204,3.127787756,33,0.068127718,0.327197905,0.351458552,1.05,6
D102,S014,O002,8,204,3.127787756,71,0.386957289,0.33590604,0.423756547,1.05,16
D102,S015,O009,8,204,3.127787756,39,0.272204984,0.243100415,0.446678,1.05,1
D102,S016,O096,8,204,3.127787756,91,0.16170145,0.264353919,0.069555674,1.05,20
D102,S017,O067,8,204,3.127787756,60,0.359928689,0.02076874,0.174232425,1.05,6
D102,S018,O037,8,204,3.127787756,232,0.083660283,0.374766445,0.463420281,1.05,16
D102,S019,O039,8,204,3.127787756,48,0.232718262,0.17994217,0.033136716,1.05,1
D102,S020,O029,8,204,3.127787756,744,0.31398409,0.144642217,0.380464816,1.05,47
D102,S021,O055,8,204,3.127787756,143,0.09821222,0.163666817,0.285033773,1.05,17
D102,S022,O075,8,204,3.127787756,31,0.495260113,0.154710174,0.269857669,1.05,5
D102,S023,O052,8,204,3.127787756,249,0.293109713,0.381495942,0.29384703,1.05,30
D102,S024,O020,8,204,3.127787756,113,0.348269976,0.095285863,0.409466489,1.05,28
D102,S025,O023,8,204,3.127787756,410,0.214451437,0.12789836,0.094002538,1.05,34
D102,S026,O069,8,204,3.127787756,600,0.193256125,0.259153683,0.18565311,1.05,107
D102,S027,O054,8,204,3.127787756,70,0.483939677,0.225369653,0.039302168,1.05,11
D102,S028,O063,8,204,3.127787756,159,0.167777479,0.069957712,0.130372357,1.05,38
D102,S029,O058,8,204,3.127787756,22,0.090722232,0.036785238,0.101049312,1.05,4
D102,S030,O042,8,204,3.127787756,533,0.049123846,0.273615249,0.271891148,1.05,28
D102,S031,O083,8,204,3.127787756,89,0.002629244,0.11891721,0.012340148,1.05,13
D102,S032,O086,8,204,3.127787756,135,0.469888219,0.056365997,0.043821459,1.05,28
D103,S001,O004,2,622,0.587383364,544,0.015441285,0.39993713,0.047767101,1.05,12
D103,S002,O061,2,622,0.587383364,27,0.381805437,0.01616482,0.491613692,1.05,4
D103,S003,O084,2,622,0.587383364,797,0.372992677,0.000386491,0.00152113,1.05,169
D103,S004,O040,2,622,0.587383364,585,0.392959459,0.39457393,0.498815231,1.05,30
D103,S005,O074,2,622,0.587383364,36,0.042568944,0.004280635,0.087293441,1.05,3
D103,S006,O014,2,622,0.587383364,505,0.055050564,0.385744929,0.323573274,1.05,126
D103,S007,O095,2,622,0.587383364,29,0.365502327,0.314203797,0.177999519,1.05,3
D103,S008,O008,2,622,0.587383364,217,0.118365868,0.010264005,0.438577644,1.05,4
D103,S009,O044,2,622,0.587383364,721,0.432376139,0.324925408,0.144007894,1.05,148
D103,S010,O071,2,622,0.587383364,830,0.025772238,0.059916076,0.006124037,1.05,1
D103,S011,O005,2,622,0.587383364,472,0.458927508,0.08115278,0.018055532,1.05,8
D103,S012,O094,2,622,0.587383364,888,0.302089761,0.091469055,0.358945917,1.05,193
D103,S013,O049,2,622,0.587383364,33,0.068127718,0.327197905,0.351458552,1.05,6
D103,S014,O002,2,622,0.587383364,71,0.386957289,0.33590604,0.423756547,1.05,16
D103,S015,O009,2,622,0.587383364,39,0.272204984,0.243100415,0.446678,1.05,1
D103,S016,O096,2,622,0.587383364,91,0.16170145,0.264353919,0.069555674,1.05,20
D103,S017,O067,2,622,0.587383364,60,0.359928689,0.02076874,0.174232425,1.05,6
D103,S018,O037,2,622,0.587383364,232,0.083660283,0.374766445,0.463420281,1.05,16
D103,S019,O039,2,622,0.587383364,48,0.232718262,0.17994217,0.033136716,1.05,1
D103,S020,O029,2,622,0.587383364,744,0.31398409,0.144642217,0.380464816,1.05,47
D103,S021,O055,2,622,0.587383364,143,0.09821222,0.163666817,0.285033773,1.05,17
D103,S022,O075,2,622,0.587383364,31,0.495260113,0.154710174,0.269857669,1.05,5
D103,S023,O052,2,622,0.587383364,249,0.293109713,0.381495942,0.29384703,1.05,30
D103,S024,O020,2,622,0.587383364,113,0.348269976,0.095285863,0.409466489,1.05,28
D103,S025,O023,2,622,0.587383364,410,0.214451437,0.12789836,0.094002538,1.05,34
D103,S026,O069,2,622,0.587383364,600,0.193256125,0.259153683,0.18565311,1.05,107
D103,S027,O054,2,622,0.587383364,70,0.483939677,0.225369653,0.039302168,1.05,11
D103,S028,O063,2,622,0.587383364,159,0.167777479,0.069957712,0.130372357,1.05,38
D103,S029,O058,2,622,0.587383364,22,0.090722232,0.036785238,0.101049312,1.05,4
D103,S030,O042,2,622,0.587383364,533,0.049123846,0.273615249,0.271891148,1.05,28
D103,S031,O083,2,622,0.587383364,89,0.002629244,0.11891721,0.012340148,1.05,13
D103,S032,O086,2,622,0.587383364,135,0.469888219,0.056365997,0.043821459,1.05,28
D104,S001,O004,8,84,4.321434075,544,0.015441285,0.39993713,0.047767101,1.05,12
D104,S002,O061,8,84,4.321434075,27,0.381805437,0.01616482,0.491613692,1.05,4
D104,S003,O084,8,84,4.321434075,797,0.372992677,0.000386491,0.00152113,1.05,169
D104,S004,O040,8,84,4.321434075,585,0.392959459,0.39457393,0.498815231,1.05,30
D104,S005,O074,8,84,4.321434075,36,0.042568944,0.004280635,0.087293441,1.05,3
D104,S006,O014,8,84,4.321434075,505,0.055050564,0.385744929,0.323573274,1.05,126
D104,S007,O095,8,84,4.321434075,29,0.365502327,0.314203797,0.177999519,1.05,3
D104,S008,O008,8,84,4.321434075,217,0.118365868,0.010264005,0.438577644,1.05,4
D104,S009,O044,8,84,4.321434075,721,0.432376139,0.324925408,0.144007894,1.05,148
D104,S010,O071,8,84,4.321434075,830,0.025772238,0.059916076,0.006124037,1.05,1
D104,S011,O005,8,84,4.321434075,472,0.458927508,0.08115278,0.018055532,1.05,8
D104,S012,O094,8,84,4.321434075,888,0.302089761,0.091469055,0.358945917,1.05,193
D104,S013,O049,8,84,4.321434075,33,0.068127718,0.327197905,0.351458552,1.05,6
D104,S014,O002,8,84,4.321434075,71,0.386957289,0.33590604,0.423756547,1.05,16
D104,S015,O009,8,84,4.321434075,39,0.272204984,0.243100415,0.446678,1.05,1
D104,S016,O096,8,84,4.321434075,91,0.16170145,0.264353919,0.069555674,1.05,20
D104,S017,O067,8,84,4.321434075,60,0.359928689,0.02076874,0.174232425,1.05,6
D104,S018,O037,8,84,4.321434075,232,0.083660283,0.374766445,0.463420281,1.05,16
D104,S019,O039,8,84,4.321434075,48,0.232718262,0.17994217,0.033136716,1.05,1
D104,S020,O029,8,84,4.321434075,744,0.31398409,0.144642217,0.380464816,1.05,47
D104,S021,O055,8,84,4.321434075,143,0.09821222,0.163666817,0.285033773,1.05,17
D104,S022,O075,8,84,4.321434075,31,0.495260113,0.154710174,0.269857669,1.05,5
D104,S023,O052,8,84,4.321434075,249,0.293109713,0.381495942,0.29384703,1.05,30
D104,S024,O020,8,84,4.321434075,113,0.348269976,0.095285863,0.409466489,1.05,28
D104,S025,O023,8,84,4.321434075,410,0.214451437,0.12789836,0.094002538,1.05,34
D104,S026,O069,8,84,4.321434075,600,0.193256125,0.259153683,0.18565311,1.05,107
D104,S027,O054,8,84,4.321434075,70,0.483939677,0.225369653,0.039302168,1.05,11
D104,S028,O063,8,84,4.321434075,159,0.167777479,0.069957712,0.130372357,1.05,38
D104,S029,O058,8,84,4.321434075,22,0.090722232,0.036785238,0.101049312,1.05,4
D104,S030,O042,8,84,4.321434075,533,0.049123846,0.273615249,0.271891148,1.05,28
D104,S031,O083,8,84,4.321434075,89,0.002629244,0.11891721,0.012340148,1.05,13
D104,S032,O086,8,84,4.321434075,135,0.469888219,0.056365997,0.043821459,1.05,28
D105,S001,O004,4,74,1.688409456,544,0.015441285,0.39993713,0.047767101,1.05,12
D105,S002,O061,4,74,1.688409456,27,0.381805437,0.01616482,0.491613692,1.05,4
D105,S003,O084,4,74,1.688409456,797,0.372992677,0.000386491,0.00152113,1.05,169
D105,S004,O040,4,74,1.688409456,585,0.392959459,0.39457393,0.498815231,1.05,30
D105,S005,O074,4,74,1.688409456,36,0.042568944,0.004280635,0.087293441,1.05,3
D105,S006,O014,4,74,1.688409456,505,0.055050564,0.385744929,0.323573274,1.05,126
D105,S007,O095,4,74,1.688409456,29,0.365502327,0.314203797,0.177999519,1.05,3
D105,S008,O008,4,74,1.688409456,217,0.118365868,0.010264005,0.438577644,1.05,4
D105,S009,O044,4,74,1.688409456,721,0.432376139,0.324925408,0.144007894,1.05,148
D105,S010,O071,4,74,1.688409456,830,0.025772238,0.059916076,0.006124037,1.05,1
D105,S011,O005,4,74,1.688409456,472,0.458927508,0.08115278,0.018055532,1.05,8
D105,S012,O094,4,74,1.688409456,888,0.302089761,0.091469055,0.358945917,1.05,193
D105,S013,O049,4,74,1.688409456,33,0.068127718,0.327197905,0.351458552,1.05,6
D105,S014,O002,4,74,1.688409456,71,0.386957289,0.33590604,0.423756547,1.05,16
D105,S015,O009,4,74,1.688409456,39,0.272204984,0.243100415,0.446678,1.05,1
D105,S016,O096,4,74,1.688409456,91,0.16170145,0.264353919,0.069555674,1.05,20
D105,S017,O067,4,74,1.688409456,60,0.359928689,0.02076874,0.174232425,1.05,6
D105,S018,O037,4,74,1.688409456,232,0.083660283,0.374766445,0.463420281,1.05,16
D105,S019,O039,4,74,1.688409456,48,0.232718262,0.17994217,0.033136716,1.05,1
D105,S020,O029,4,74,1.688409456,744,0.31398409,0.144642217,0.380464816,1.05,47
D105,S021,O055,4,74,1.688409456,143,0.09821222,0.163666817,0.285033773,1.05,17
D105,S022,O075,4,74,1.688409456,31,0.495260113,0.154710174,0.269857669,1.05,5
D105,S023,O052,4,74,1.688409456,249,0.293109713,0.381495942,0.29384703,1.05,30
D105,S024,O020,4,74,1.688409456,113,0.348269976,0.095285863,0.409466489,1.05,28
D105,S025,O023,4,74,1.688409456,410,0.214451437,0.12789836,0.094002538,1.05,34
D105,S026,O069,4,74,1.688409456,600,0.193256125,0.259153683,0.18565311,1.05,107
D105,S027,O054,4,74,1.688409456,70,0.483939677,0.225369653,0.039302168,1.05,11
D105,S028,O063,4,74,1.688409456,159,0.167777479,0.069957712,0.130372357,1.05,38
D105,S029,O058,4,74,1.688409456,22,0.090722232,0.036785238,0.101049312,1.05,4
D105,S030,O042,4,74,1.688409456,533,0.049123846,0.273615249,0.271891148,1.05,28
D105,S031,O083,4,74,1.688409456,89,0.002629244,0.11891721,0.012340148,1.05,13
D105,S032,O086,4,74,1.688409456,135,0.469888219,0.056365997,0.043821459,1.05,28
D106,S001,O004,6,840,2.071719566,544,0.015441285,0.39993713,0.047767101,1.05,12
D106,S002,O061,6,840,2.071719566,27,0.381805437,0.01616482,0.491613692,1.05,4
D106,S003,O084,6,840,2.071719566,797,0.372992677,0.000386491,0.00152113,1.05,169
D106,S004,O040,6,840,2.071719566,585,0.392959459,0.39457393,0.498815231,1.05,30
D106,S005,O074,6,840,2.071719566,36,0.042568944,0.004280635,0.087293441,1.05,3
D106,S006,O014,6,840,2.071719566,505,0.055050564,0.385744929,0.323573274,1.05,126
D106,S007,O095,6,840,2.071719566,29,0.365502327,0.314203797,0.177999519,1.05,3
D106,S008,O008,6,840,2.071719566,217,0.118365868,0.010264005,0.438577644,1.05,4
D106,S009,O044,6,840,2.071719566,721,0.432376139,0.324925408,0.144007894,1.05,148
D106,S010,O071,6,840,2.071719566,830,0.025772238,0.059916076,0.006124037,1.05,1
D106,S011,O005,6,840,2.071719566,472,0.458927508,0.08115278,0.018055532,1.05,8
D106,S012,O094,6,840,2.071719566,888,0.302089761,0.091469055,0.358945917,1.05,193
D106,S013,O049,6,840,2.071719566,33,0.068127718,0.327197905,0.351458552,1.05,6
D106,S014,O002,6,840,2.071719566,71,0.386957289,0.33590604,0.423756547,1.05,16
D106,S015,O009,6,840,2.071719566,39,0.272204984,0.243100415,0.446678,1.05,1
D106,S016,O096,6,840,2.071719566,91,0.16170145,0.264353919,0.069555674,1.05,20
D106,S017,O067,6,840,2.071719566,60,0.359928689,0.02076874,0.174232425,1.05,6
D106,S018,O037,6,840,2.071719566,232,0.083660283,0.374766445,0.463420281,1.05,16
D106,S019,O039,6,840,2.071719566,48,0.232718262,0.17994217,0.033136716,1.05,1
D106,S020,O029,6,840,2.071719566,744,0.31398409,0.144642217,0.380464816,1.05,47
D106,S021,O055,6,840,2.071719566,143,0.09821222,0.163666817,0.285033773,1.05,17
D106,S022,O075,6,840,2.071719566,31,0.495260113,0.154710174,0.269857669,1.05,5
D106,S023,O052,6,840,2.071719566,249,0.293109713,0.381495942,0.29384703,1.05,30
D106,S024,O020,6,840,2.071719566,113,0.348269976,0.095285863,0.409466489,1.05,28
D106,S025,O023,6,840,2.071719566,410,0.214451437,0.12789836,0.094002538,1.05,34
D106,S026,O069,6,840,2.071719566,600,0.193256125,0.259153683,0.18565311,1.05,107
D106,S027,O054,6,840,2.071719566,70,0.483939677,0.225369653,0.039302168,1.05,11
D106,S028,O063,6,840,2.071719566,159,0.167777479,0.069957712,0.130372357,1.05,38
D106,S029,O058,6,840,2.071719566,22,0.090722232,0.036785238,0.101049312,1.05,4
D106,S030,O042,6,840,2.071719566,533,0.049123846,0.273615249,0.271891148,1.05,28
D106,S031,O083,6,840,2.071719566,89,0.002629244,0.11891721,0.012340148,1.05,13
D106,S032,O086,6,840,2.071719566,135,0.469888219,0.056365997,0.043821459,1.05,28
D107,S001,O004,7,61,0.987241312,544,0.015441285,0.39993713,0.047767101,1.05,12
D107,S002,O061,7,61,0.987241312,27,0.381805437,0.01616482,0.491613692,1.05,4
D107,S003,O084,7,61,0.987241312,797,0.372992677,0.000386491,0.00152113,1.05,169
D107,S004,O040,7,61,0.987241312,585,0.392959459,0.39457393,0.498815231,1.05,30
D107,S005,O074,7,61,0.987241312,36,0.042568944,0.004280635,0.087293441,1.05,3
D107,S006,O014,7,61,0.987241312,505,0.055050564,0.385744929,0.323573274,1.05,126
D107,S007,O095,7,61,0.987241312,29,0.365502327,0.314203797,0.177999519,1.05,3
D107,S008,O008,7,61,0.987241312,217,0.118365868,0.010264005,0.438577644,1.05,4
D107,S009,O044,7,61,0.987241312,721,0.432376139,0.324925408,0.144007894,1.05,148
D107,S010,O071,7,61,0.987241312,830,0.025772238,0.059916076,0.006124037,1.05,1
D107,S011,O005,7,61,0.987241312,472,0.458927508,0.08115278,0.018055532,1.05,8
D107,S012,O094,7,61,0.987241312,888,0.302089761,0.091469055,0.358945917,1.05,193
D107,S013,O049,7,61,0.987241312,33,0.068127718,0.327197905,0.351458552,1.05,6
D107,S014,O002,7,61,0.987241312,71,0.386957289,0.33590604,0.423756547,1.05,16
D107,S015,O009,7,61,0.987241312,39,0.272204984,0.243100415,0.446678,1.05,1
D107,S016,O096,7,61,0.987241312,91,0.16170145,0.264353919,0.069555674,1.05,20
D107,S017,O067,7,61,0.987241312,60,0.359928689,0.02076874,0.174232425,1.05,6
D107,S018,O037,7,61,0.987241312,232,0.083660283,0.374766445,0.463420281,1.05,16
D107,S019,O039,7,61,0.987241312,48,0.232718262,0.17994217,0.033136716,1.05,1
D107,S020,O029,7,61,0.987241312,744,0.31398409,0.144642217,0.380464816,1.05,47
D107,S021,O055,7,61,0.987241312,143,0.09821222,0.163666817,0.285033773,1.05,17
D107,S022,O075,7,61,0.987241312,31,0.495260113,0.154710174,0.269857669,1.05,5
D107,S023,O052,7,61,0.987241312,249,0.293109713,0.381495942,0.29384703,1.05,30
D107,S024,O020,7,61,0.987241312,113,0.348269976,0.095285863,0.409466489,1.05,28
D107,S025,O023,7,61,0.987241312,410,0.214451437,0.12789836,0.094002538,1.05,34
D107,S026,O069,7,61,0.987241312,600,0.193256125,0.259153683,0.18565311,1.05,107
D107,S027,O054,7,61,0.987241312,70,0.483939677,0.225369653,0.039302168,1.05,11
D107,S028,O063,7,61,0.987241312,159,0.167777479,0.069957712,0.130372357,1.05,38
D107,S029,O058,7,61,0.987241312,22,0.090722232,0.036785238,0.101049312,1.05,4
D107,S030,O042,7,61,0.987241312,533,0.049123846,0.273615249,0.271891148,1.05,28
D107,S031,O083,7,61,0.987241312,89,0.002629244,0.11891721,0.012340148,1.05,13
D107,S032,O086,7,61,0.987241312,135,0.469888219,0.056365997,0.043821459,1.05,28
D108,S001,O004,5,100,0.444344169,544,0.015441285,0.39993713,0.047767101,1.05,12
D108,S002,O061,5,100,0.444344169,27,0.381805437,0.01616482,0.491613692,1.05,4
D108,S003,O084,5,100,0.444344169,797,0.372992677,0.000386491,0.00152113,1.05,169
D108,S004,O040,5,100,0.444344169,585,0.392959459,0.39457393,0.498815231,1.05,30
D108,S005,O074,5,100,0.444344169,36,0.042568944,0.004280635,0.087293441,1.05,3
D108,S006,O014,5,100,0.444344169,505,0.055050564,0.385744929,0.323573274,1.05,126
D108,S007,O095,5,100,0.444344169,29,0.365502327,0.314203797,0.177999519,1.05,3
D108,S008,O008,5,100,0.444344169,217,0.118365868,0.010264005,0.438577644,1.05,4
D108,S009,O044,5,100,0.444344169,721,0.432376139,0.324925408,0.144007894,1.05,148
D108,S010,O071,5,100,0.444344169,830,0.025772238,0.059916076,0.006124037,1.05,1
D108,S011,O005,5,100,0.444344169,472,0.458927508,0.08115278,0.018055532,1.05,8
D108,S012,O094,5,100,0.444344169,888,0.302089761,0.091469055,0.358945917,1.05,193
D108,S013,O049,5,100,0.444344169,33,0.068127718,0.327197905,0.351458552,1.05,6
D108,S014,O002,5,100,0.444344169,71,0.386957289,0.33590604,0.423756547,1.05,16
D108,S015,O009,5,100,0.444344169,39,0.272204984,0.243100415,0.446678,1.05,1
D108,S016,O096,5,100,0.444344169,91,0.16170145,0.264353919,0.069555674,1.05,20
D108,S017,O067,5,100,0.444344169,60,0.359928689,0.02076874,0.174232425,1.05,6
D108,S018,O037,5,100,0.444344169,232,0.083660283,0.374766445,0.463420281,1.05,16
D108,S019,O039,5,100,0.444344169,48,0.232718262,0.17994217,0.033136716,1.05,1
D108,S020,O029,5,100,0.444344169,744,0.31398409,0.144642217,0.380464816,1.05,47
D108,S021,O055,5,100,0.444344169,143,0.09821222,0.163666817,0.285033773,1.05,17
D108,S022,O075,5,100,0.444344169,31,0.495260113,0.154710174,0.269857669,1.05,5
D108,S023,O052,5,100,0.444344169,249,0.293109713,0.381495942,0.29384703,1.05,30
D108,S024,O020,5,100,0.444344169,113,0.348269976,0.095285863,0.409466489,1.05,28
D108,S025,O023,5,100,0.444344169,410,0.214451437,0.12789836,0.094002538,1.05,34
D108,S026,O069,5,100,0.444344169,600,0.193256125,0.259153683,0.18565311,1.05,107
D108,S027,O054,5,100,0.444344169,70,0.483939677,0.225369653,0.039302168,1.05,11
D108,S028,O063,5,100,0.444344169,159,0.167777479,0.069957712,0.130372357,1.05,38
D108,S029,O058,5,100,0.444344169,22,0.090722232,0.036785238,0.101049312,1.05,4
D108,S030,O042,5,100,0.444344169,533,0.049123846,0.273615249,0.271891148,1.05,28
D108,S031,O083,5,100,0.444344169,89,0.002629244,0.11891721,0.012340148,1.05,13
D108,S032,O086,5,100,0.444344169,135,0.469888219,0.056365997,0.043821459,1.05,28
D109,S001,O004,2,361,1.053603839,544,0.015441285,0.39993713,0.047767101,1.05,12
D109,S002,O061,2,361,1.053603839,27,0.381805437,0.01616482,0.491613692,1.05,4
D109,S003,O084,2,361,1.053603839,797,0.372992677,0.000386491,0.00152113,1.05,169
D109,S004,O040,2,361,1.053603839,585,0.392959459,0.39457393,0.498815231,1.05,30
D109,S005,O074,2,361,1.053603839,36,0.042568944,0.004280635,0.087293441,1.05,3
D109,S006,O014,2,361,1.053603839,505,0.055050564,0.385744929,0.323573274,1.05,126
D109,S007,O095,2,361,1.053603839,29,0.365502327,0.314203797,0.177999519,1.05,3
D109,S008,O008,2,361,1.053603839,217,0.118365868,0.010264005,0.438577644,1.05,4
D109,S009,O044,2,361,1.053603839,721,0.432376139,0.324925408,0.144007894,1.05,148
D109,S010,O071,2,361,1.053603839,830,0.025772238,0.059916076,0.006124037,1.05,1
D109,S011,O005,2,361,1.053603839,472,0.458927508,0.08115278,0.018055532,1.05,8
D109,S012,O094,2,361,1.053603839,888,0.302089761,0.091469055,0.358945917,1.05,193
D109,S013,O049,2,361,1.053603839,33,0.068127718,0.327197905,0.351458552,1.05,6
D109,S014,O002,2,361,1.053603839,71,0.386957289,0.33590604,0.423756547,1.05,16
D109,S015,O009,2,361,1.053603839,39,0.272204984,0.243100415,0.446678,1.05,1
D109,S016,O096,2,361,1.053603839,91,0.16170145,0.264353919,0.069555674,1.05,20
D109,S017,O067,2,361,1.053603839,60,0.359928689,0.02076874,0.174232425,1.05,6
D109,S018,O037,2,361,1.053603839,232,0.083660283,0.374766445,0.463420281,1.05,16
D109,S019,O039,2,361,1.053603839,48,0.232718262,0.17994217,0.033136716,1.05,1
D109,S020,O029,2,361,1.053603839,744,0.31398409,0.144642217,0.380464816,1.05,47
D109,S021,O055,2,361,1.053603839,143,0.09821222,0.163666817,0.285033773,1.05,17
D109,S022,O075,2,361,1.053603839,31,0.495260113,0.154710174,0.269857669,1.05,5
D109,S023,O052,2,361,1.053603839,249,0.293109713,0.381495942,0.29384703,1.05,30
D109,S024,O020,2,361,1.053603839,113,0.348269976,0.095285863,0.409466489,1.05,28
D109,S025,O023,2,361,1.053603839,410,0.214451437,0.12789836,0.094002538,1.05,34
D109,S026,O069,2,361,1.053603839,600,0.193256125,0.259153683,0.18565311,1.05,107
D109,S027,O054,2,361,1.053603839,70,0.483939677,0.225369653,0.039302168,1.05,11
D109,S028,O063,2,361,1.053603839,159,0.167777479,0.069957712,0.130372357,1.05,38
D109,S029,O058,2,361,1.053603839,22,0.090722232,0.036785238,0.101049312,1.05,4
D109,S030,O042,2,361,1.053603839,533,0.049123846,0.273615249,0.271891148,1.05,28
D109,S031,O083,2,361,1.053603839,89,0.002629244,0.11891721,0.012340148,1.05,13
D109,S032,O086,2,361,1.053603839,135,0.469888219,0.056365997,0.043821459,1.05,28
D110,S001,O004,5,133,0.732915428,544,0.015441285,0.39993713,0.047767101,1.05,12
D110,S002,O061,5,133,0.732915428,27,0.381805437,0.01616482,0.491613692,1.05,4
D110,S003,O084,5,133,0.732915428,797,0.372992677,0.000386491,0.00152113,1.05,169
D110,S004,O040,5,133,0.732915428,585,0.392959459,0.39457393,0.498815231,1.05,30
D110,S005,O074,5,133,0.732915428,36,0.042568944,0.004280635,0.087293441,1.05,3
D110,S006,O014,5,133,0.732915428,505,0.055050564,0.385744929,0.323573274,1.05,126
D110,S007,O095,5,133,0.732915428,29,0.365502327,0.314203797,0.177999519,1.05,3
D110,S008,O008,5,133,0.732915428,217,0.118365868,0.010264005,0.438577644,1.05,4
D110,S009,O044,5,133,0.732915428,721,0.432376139,0.324925408,0.144007894,1.05,148
D110,S010,O071,5,133,0.732915428,830,0.025772238,0.059916076,0.006124037,1.05,1
D110,S011,O005,5,133,0.732915428,472,0.458927508,0.08115278,0.018055532,1.05,8
D110,S012,O094,5,133,0.732915428,888,0.302089761,0.091469055,0.358945917,1.05,193
D110,S013,O049,5,133,0.732915428,33,0.068127718,0.327197905,0.351458552,1.05,6
D110,S014,O002,5,133,0.732915428,71,0.386957289,0.33590604,0.423756547,1.05,16
D110,S015,O009,5,133,0.732915428,39,0.272204984,0.243100415,0.446678,1.05,1
D110,S016,O096,5,133,0.732915428,91,0.16170145,0.264353919,0.069555674,1.05,20
D110,S017,O067,5,133,0.732915428,60,0.359928689,0.02076874,0.174232425,1.05,6
D110,S018,O037,5,133,0.732915428,232,0.083660283,0.374766445,0.463420281,1.05,16
D110,S019,O039,5,133,0.732915428,48,0.232718262,0.17994217,0.033136716,1.05,1
D110,S020,O029,5,133,0.732915428,744,0.31398409,0.144642217,0.380464816,1.05,47
D110,S021,O055,5,133,0.732915428,143,0.09821222,0.163666817,0.285033773,1.05,17
D110,S022,O075,5,133,0.732915428,31,0.495260113,0.154710174,0.269857669,1.05,5
D110,S023,O052,5,133,0.732915428,249,0.293109713,0.381495942,0.29384703,1.05,30
D110,S024,O020,5,133,0.732915428,113,0.348269976,0.095285863,0.409466489,1.05,28
D110,S025,O023,5,133,0.732915428,410,0.214451437,0.12789836,0.094002538,1.05,34
D110,S026,O069,5,133,0.732915428,600,0.193256125,0.259153683,0.18565311,1.05,107
D110,S027,O054,5,133,0.732915428,70,0.483939677,0.225369653,0.039302168,1.05,11
D110,S028,O063,5,133,0.732915428,159,0.167777479,0.069957712,0.130372357,1.05,38
D110,S029,O058,5,133,0.732915428,22,0.090722232,0.036785238,0.101049312,1.05,4
D110,S030,O042,5,133,0.732915428,533,0.049123846,0.273615249,0.271891148,1.05,28
D110,S031,O083,5,133,0.732915428,89,0.002629244,0.11891721,0.012340148,1.05,13
D110,S032,O086,5,133,0.732915428,135,0.469888219,0.056365997,0.043821459,1.05,28
D111,S001,O004,4,556,0.271542056,544,0.015441285,0.39993713,0.047767101,1.05,12
D111,S002,O061,4,556,0.271542056,27,0.381805437,0.01616482,0.491613692,1.05,4
D111,S003,O084,4,556,0.271542056,797,0.372992677,0.000386491,0.00152113,1.05,169
D111,S004,O040,4,556,0.271542056,585,0.392959459,0.39457393,0.498815231,1.05,30
D111,S005,O074,4,556,0.271542056,36,0.042568944,0.004280635,0.087293441,1.05,3
D111,S006,O014,4,556,0.271542056,505,0.055050564,0.385744929,0.323573274,1.05,126
D111,S007,O095,4,556,0.271542056,29,0.365502327,0.314203797,0.177999519,1.05,3
D111,S008,O008,4,556,0.271542056,217,0.118365868,0.010264005,0.438577644,1.05,4
D111,S009,O044,4,556,0.271542056,721,0.432376139,0.324925408,0.144007894,1.05,148
D111,S010,O071,4,556,0.271542056,830,0.025772238,0.059916076,0.006124037,1.05,1
D111,S011,O005,4,556,0.271542056,472,0.458927508,0.08115278,0.018055532,1.05,8
D111,S012,O094,4,556,0.271542056,888,0.302089761,0.091469055,0.358945917,1.05,193
D111,S013,O049,4,556,0.271542056,33,0.068127718,0.327197905,0.351458552,1.05,6
D111,S014,O002,4,556,0.271542056,71,0.386957289,0.33590604,0.423756547,1.05,16
D111,S015,O009,4,556,0.271542056,39,0.272204984,0.243100415,0.446678,1.05,1
D111,S016,O096,4,556,0.271542056,91,0.16170145,0.264353919,0.069555674,1.05,20
D111,S017,O067,4,556,0.271542056,60,0.359928689,0.02076874,0.174232425,1.05,6
D111,S018,O037,4,556,0.271542056,232,0.083660283,0.374766445,0.463420281,1.05,16
D111,S019,O039,4,556,0.271542056,48,0.232718262,0.17994217,0.033136716,1.05,1
D111,S020,O029,4,556,0.271542056,744,0.31398409,0.144642217,0.380464816,1.05,47
D111,S021,O055,4,556,0.271542056,143,0.09821222,0.163666817,0.285033773,1.05,17
D111,S022,O075,4,556,0.271542056,31,0.495260113,0.154710174,0.269857669,1.05,5
D111,S023,O052,4,556,0.271542056,249,0.293109713,0.381495942,0.29384703,1.05,30
D111,S024,O020,4,556,0.271542056,113,0.348269976,0.095285863,0.409466489,1.05,28
D111,S025,O023,4,556,0.271542056,410,0.214451437,0.12789836,0.094002538,1.05,34
D111,S026,O069,4,556,0.271542056,600,0.193256125,0.259153683,0.18565311,1.05,107
D111,S027,O054,4,556,0.271542056,70,0.483939677,0.225369653,0.039302168,1.05,11
D111,S028,O063,4,556,0.271542056,159,0.167777479,0.069957712,0.130372357,1.05,38
D111,S029,O058,4,556,0.271542056,22,0.090722232,0.036785238,0.101049312,1.05,4
D111,S030,O042,4,556,0.271542056,533,0.049123846,0.273615249,0.271891148,1.05,28
D111,S031,O083,4,556,0.271542056,89,0.002629244,0.11891721,0.012340148,1.05,13
D111,S032,O086,4,556,0.271542056,135,0.469888219,0.056365997,0.043821459,1.05,28
D112,S001,O004,2,978,0.298422661,544,0.015441285,0.39993713,0.047767101,1.05,12
D112,S002,O061,2,978,0.298422661,27,0.381805437,0.01616482,0.491613692,1.05,4
D112,S003,O084,2,978,0.298422661,797,0.372992677,0.000386491,0.00152113,1.05,169
D112,S004,O040,2,978,0.298422661,585,0.392959459,0.39457393,0.498815231,1.05,30
D112,S005,O074,2,978,0.298422661,36,0.042568944,0.004280635,0.087293441,1.05,3
D112,S006,O014,2,978,0.298422661,505,0.055050564,0.385744929,0.323573274,1.05,126
D112,S007,O095,2,978,0.298422661,29,0.365502327,0.314203797,0.177999519,1.05,3
D112,S008,O008,2,978,0.298422661,217,0.118365868,0.010264005,0.438577644,1.05,4
D112,S009,O044,2,978,0.298422661,721,0.432376139,0.324925408,0.144007894,1.05,148
D112,S010,O071,2,978,0.298422661,830,0.025772238,0.059916076,0.006124037,1.05,1
D112,S011,O005,2,978,0.298422661,472,0.458927508,0.08115278,0.018055532,1.05,8
D112,S012,O094,2,978,0.298422661,888,0.302089761,0.091469055,0.358945917,1.05,193
D112,S013,O049,2,978,0.298422661,33,0.068127718,0.327197905,0.351458552,1.05,6
D112,S014,O002,2,978,0.298422661,71,0.386957289,0.33590604,0.423756547,1.05,16
D112,S015,O009,2,978,0.298422661,39,0.272204984,0.243100415,0.446678,1.05,1
D112,S016,O096,2,978,0.298422661,91,0.16170145,0.264353919,0.069555674,1.05,20
D112,S017,O067,2,978,0.298422661,60,0.359928689,0.02076874,0.174232425,1.05,6
D112,S018,O037,2,978,0.298422661,232,0.083660283,0.374766445,0.463420281,1.05,16
D112,S019,O039,2,978,0.298422661,48,0.232718262,0.17994217,0.033136716,1.05,1
D112,S020,O029,2,978,0.298422661,744,0.31398409,0.144642217,0.380464816,1.05,47
D112,S021,O055,2,978,0.298422661,143,0.09821222,0.163666817,0.285033773,1.05,17
D112,S022,O075,2,978,0.298422661,31,0.495260113,0.154710174,0.269857669,1.05,5
D112,S023,O052,2,978,0.298422661,249,0.293109713,0.381495942,0.29384703,1.05,30
D112,S024,O020,2,978,0.298422661,113,0.348269976,0.095285863,0.409466489,1.05,28
D112,S025,O023,2,978,0.298422661,410,0.214451437,0.12789836,0.094002538,1.05,34
D112,S026,O069,2,978,0.298422661,600,0.193256125,0.259153683,0.18565311,1.05,107
D112,S027,O054,2,978,0.298422661,70,0.483939677,0.225369653,0.039302168,1.05,11
D112,S028,O063,2,978,0.298422661,159,0.167777479,0.069957712,0.130372357,1.05,38
D112,S029,O058,2,978,0.298422661,22,0.090722232,0.036785238,0.101049312,1.05,4
D112,S030,O042,2,978,0.298422661,533,0.049123846,0.273615249,0.271891148,1.05,28
D112,S031,O083,2,978,0.298422661,89,0.002629244,0.11891721,0.012340148,1.05,13
D112,S032,O086,2,978,0.298422661,135,0.469888219,0.056365997,0.043821459,1.05,28
D113,S001,O004,7,215,2.254735272,544,0.015441285,0.39993713,0.047767101,1.05,12
D113,S002,O061,7,215,2.254735272,27,0.381805437,0.01616482,0.491613692,1.05,4
D113,S003,O084,7,215,2.254735272,797,0.372992677,0.000386491,0.00152113,1.05,169
D113,S004,O040,7,215,2.254735272,585,0.392959459,0.39457393,0.498815231,1.05,30
D113,S005,O074,7,215,2.254735272,36,0.042568944,0.004280635,0.087293441,1.05,3
D113,S006,O014,7,215,2.254735272,505,0.055050564,0.385744929,0.323573274,1.05,126
D113,S007,O095,7,215,2.254735272,29,0.365502327,0.314203797,0.177999519,1.05,3
D113,S008,O008,7,215,2.254735272,217,0.118365868,0.010264005,0.438577644,1.05,4
D113,S009,O044,7,215,2.254735272,721,0.432376139,0.324925408,0.144007894,1.05,148
D113,S010,O071,7,215,2.254735272,830,0.025772238,0.059916076,0.006124037,1.05,1
D113,S011,O005,7,215,2.254735272,472,0.458927508,0.08115278,0.018055532,1.05,8
D113,S012,O094,7,215,2.254735272,888,0.302089761,0.091469055,0.358945917,1.05,193
D113,S013,O049,7,215,2.254735272,33,0.068127718,0.327197905,0.351458552,1.05,6
D113,S014,O002,7,215,2.254735272,71,0.386957289,0.33590604,0.423756547,1.05,16
D113,S015,O009,7,215,2.254735272,39,0.272204984,0.243100415,0.446678,1.05,1
D113,S016,O096,7,215,2.254735272,91,0.16170145,0.264353919,0.069555674,1.05,20
D113,S017,O067,7,215,2.254735272,60,0.359928689,0.02076874,0.174232425,1.05,6
D113,S018,O037,7,215,2.254735272,232,0.083660283,0.374766445,0.463420281,1.05,16
D113,S019,O039,7,215,2.254735272,48,0.232718262,0.17994217,0.033136716,1.05,1
D113,S020,O029,7,215,2.254735272,744,0.31398409,0.144642217,0.380464816,1.05,47
D113,S021,O055,7,215,2.254735272,143,0.09821222,0.163666817,0.285033773,1.05,17
D113,S022,O075,7,215,2.254735272,31,0.495260113,0.154710174,0.269857669,1.05,5
D113,S023,O052,7,215,2.254735272,249,0.293109713,0.381495942,0.29384703,1.05,30
D113,S024,O020,7,215,2.254735272,113,0.348269976,0.095285863,0.409466489,1.05,28
D113,S025,O023,7,215,2.254735272,410,0.214451437,0.12789836,0.094002538,1.05,34
D113,S026,O069,7,215,2.254735272,600,0.193256125,0.259153683,0.18565311,1.05,107
D113,S027,O054,7,215,2.254735272,70,0.483939677,0.225369653,0.039302168,1.05,11
D113,S028,O063,7,215,2.254735272,159,0.167777479,0.069957712,0.130372357,1.05,38
D113,S029,O058,7,215,2.254735272,22,0.090722232,0.036785238,0.101049312,1.05,4
D113,S030,O042,7,215,2.254735272,533,0.049123846,0.273615249,0.271891148,1.05,28
D113,S031,O083,7,215,2.254735272,89,0.002629244,0.11891721,0.012340148,1.05,13
D113,S032,O086,7,215,2.254735272,135,0.469888219,0.056365997,0.043821459,1.05,28
D114,S001,O004,6,941,5.269639679,544,0.015441285,0.39993713,0.047767101,1.05,12
D114,S002,O061,6,941,5.269639679,27,0.381805437,0.01616482,0.491613692,1.05,4
D114,S003,O084,6,941,5.269639679,797,0.372992677,0.000386491,0.00152113,1.05,169
D114,S004,O040,6,941,5.269639679,585,0.392959459,0.39457393,0.498815231,1.05,30
D114,S005,O074,6,941,5.269639679,36,0.042568944,0.004280635,0.087293441,1.05,3
D114,S006,O014,6,941,5.269639679,505,0.055050564,0.385744929,0.323573274,1.05,126
D114,S007,O095,6,941,5.269639679,29,0.365502327,0.314203797,0.177999519,1.05,3
D114,S008,O008,6,941,5.269639679,217,0.118365868,0.010264005,0.438577644,1.05,4
D114,S009,O044,6,941,5.269639679,721,0.432376139,0.324925408,0.144007894,1.05,148
D114,S010,O071,6,941,5.269639679,830,0.025772238,0.059916076,0.006124037,1.05,1
D114,S011,O005,6,941,5.269639679,472,0.458927508,0.08115278,0.018055532,1.05,8
D114,S012,O094,6,941,5.269639679,888,0.302089761,0.091469055,0.358945917,1.05,193
D114,S013,O049,6,941,5.269639679,33,0.068127718,0.327197905,0.351458552,1.05,6
D114,S014,O002,6,941,5.269639679,71,0.386957289,0.33590604,0.423756547,1.05,16
D114,S015,O009,6,941,5.269639679,39,0.272204984,0.243100415,0.446678,1.05,1
D114,S016,O096,6,941,5.269639679,91,0.16170145,0.264353919,0.069555674,1.05,20
D114,S017,O067,6,941,5.269639679,60,0.359928689,0.02076874,0.174232425,1.05,6
D114,S018,O037,6,941,5.269639679,232,0.083660283,0.374766445,0.463420281,1.05,16
D114,S019,O039,6,941,5.269639679,48,0.232718262,0.17994217,0.033136716,1.05,1
D114,S020,O029,6,941,5.269639679,744,0.31398409,0.144642217,0.380464816,1.05,47
D114,S021,O055,6,941,5.269639679,143,0.09821222,0.163666817,0.285033773,1.05,17
D114,S022,O075,6,941,5.269639679,31,0.495260113,0.154710174,0.269857669,1.05,5
D114,S023,O052,6,941,5.269639679,249,0.293109713,0.381495942,0.29384703,1.05,30
D114,S024,O020,6,941,5.269639679,113,0.348269976,0.095285863,0.409466489,1.05,28
D114,S025,O023,6,941,5.269639679,410,0.214451437,0.12789836,0.094002538,1.05,34
D114,S026,O069,6,941,5.269639679,600,0.193256125,0.259153683,0.18565311,1.05,107
D114,S027,O054,6,941,5.269639679,70,0.483939677,0.225369653,0.039302168,1.05,11
D114,S028,O063,6,941,5.269639679,159,0.167777479,0.069957712,0.130372357,1.05,38
D114,S029,O058,6,941,5.269639679,22,0.090722232,0.036785238,0.101049312,1.05,4
D114,S030,O042,6,941,5.269639679,533,0.049123846,0.273615249,0.271891148,1.05,28
D114,S031,O083,6,941,5.269639679,89,0.002629244,0.11891721,0.012340148,1.05,13
D114,S032,O086,6,941,5.269639679,135,0.469888219,0.056365997,0.043821459,1.05,28
D115,S001,O004,1,77,1.322131557,544,0.015441285,0.39993713,0.047767101,1.05,12
D115,S002,O061,1,77,1.322131557,27,0.381805437,0.01616482,0.491613692,1.05,4
D115,S003,O084,1,77,1.322131557,797,0.372992677,0.000386491,0.00152113,1.05,169
D115,S004,O040,1,77,1.322131557,585,0.392959459,0.39457393,0.498815231,1.05,30
D115,S005,O074,1,77,1.322131557,36,0.042568944,0.004280635,0.087293441,1.05,3
D115,S006,O014,1,77,1.322131557,505,0.055050564,0.385744929,0.323573274,1.05,126
D115,S007,O095,1,77,1.322131557,29,0.365502327,0.314203797,0.177999519,1.05,3
D115,S008,O008,1,77,1.322131557,217,0.118365868,0.010264005,0.438577644,1.05,4
D115,S009,O044,1,77,1.322131557,721,0.432376139,0.324925408,0.144007894,1.05,148
D115,S010,O071,1,77,1.322131557,830,0.025772238,0.059916076,0.006124037,1.05,1
D115,S011,O005,1,77,1.322131557,472,0.458927508,0.08115278,0.018055532,1.05,8
D115,S012,O094,1,77,1.322131557,888,0.302089761,0.091469055,0.358945917,1.05,193
D115,S013,O049,1,77,1.322131557,33,0.068127718,0.327197905,0.351458552,1.05,6
D115,S014,O002,1,77,1.322131557,71,0.386957289,0.33590604,0.423756547,1.05,16
D115,S015,O009,1,77,1.322131557,39,0.272204984,0.243100415,0.446678,1.05,1
D115,S016,O096,1,77,1.322131557,91,0.16170145,0.264353919,0.069555674,1.05,20
D115,S017,O067,1,77,1.322131557,60,0.359928689,0.02076874,0.174232425,1.05,6
D115,S018,O037,1,77,1.322131557,232,0.083660283,0.374766445,0.463420281,1.05,16
D115,S019,O039,1,77,1.322131557,48,0.232718262,0.17994217,0.033136716,1.05,1
D115,S020,O029,1,77,1.322131557,744,0.31398409,0.144642217,0.380464816,1.05,47
D115,S021,O055,1,77,1.322131557,143,0.09821222,0.163666817,0.285033773,1.05,17
D115,S022,O075,1,77,1.322131557,31,0.495260113,0.154710174,0.269857669,1.05,5
D115,S023,O052,1,77,1.322131557,249,0.293109713,0.381495942,0.29384703,1.05,30
D115,S024,O020,1,77,1.322131557,113,0.348269976,0.095285863,0.409466489,1.05,28
D115,S025,O023,1,77,1.322131557,410,0.214451437,0.12789836,0.094002538,1.05,34
D115,S026,O069,1,77,1.322131557,600,0.193256125,0.259153683,0.18565311,1.05,107
D115,S027,O054,1,77,1.322131557,70,0.483939677,0.225369653,0.039302168,1.05,11
D115,S028,O063,1,77,1.322131557,159,0.167777479,0.069957712,0.130372357,1.05,38
D115,S029,O058,1,77,1.322131557,22,0.090722232,0.036785238,0.101049312,1.05,4
D115,S030,O042,1,77,1.322131557,533,0.049123846,0.273615249,0.271891148,1.05,28
D115,S031,O083,1,77,1.322131557,89,0.002629244,0.11891721,0.012340148,1.05,13
D115,S032,O086,1,77,1.322131557,135,0.469888219,0.056365997,0.043821459,1.05,28
D116,S001,O004,4,1043,7.936094537,544,0.015441285,0.39993713,0.047767101,1.05,12
D116,S002,O061,4,1043,7.936094537,27,0.381805437,0.01616482,0.491613692,1.05,4
D116,S003,O084,4,1043,7.936094537,797,0.372992677,0.000386491,0.00152113,1.05,169
D116,S004,O040,4,1043,7.936094537,585,0.392959459,0.39457393,0.498815231,1.05,30
D116,S005,O074,4,1043,7.936094537,36,0.042568944,0.004280635,0.087293441,1.05,3
D116,S006,O014,4,1043,7.936094537,505,0.055050564,0.385744929,0.323573274,1.05,126
D116,S007,O095,4,1043,7.936094537,29,0.365502327,0.314203797,0.177999519,1.05,3
D116,S008,O008,4,1043,7.936094537,217,0.118365868,0.010264005,0.438577644,1.05,4
D116,S009,O044,4,1043,7.936094537,721,0.432376139,0.324925408,0.144007894,1.05,148
D116,S010,O071,4,1043,7.936094537,830,0.025772238,0.059916076,0.006124037,1.05,1
D116,S011,O005,4,1043,7.936094537,472,0.458927508,0.08115278,0.018055532,1.05,8
D116,S012,O094,4,1043,7.936094537,888,0.302089761,0.091469055,0.358945917,1.05,193
D116,S013,O049,4,1043,7.936094537,33,0.068127718,0.327197905,0.351458552,1.05,6
D116,S014,O002,4,1043,7.936094537,71,0.386957289,0.33590604,0.423756547,1.05,16
D116,S015,O009,4,1043,7.936094537,39,0.272204984,0.243100415,0.446678,1.05,1
D116,S016,O096,4,1043,7.936094537,91,0.16170145,0.264353919,0.069555674,1.05,20
D116,S017,O067,4,1043,7.936094537,60,0.359928689,0.02076874,0.174232425,1.05,6
D116,S018,O037,4,1043,7.936094537,232,0.083660283,0.374766445,0.463420281,1.05,16
D116,S019,O039,4,1043,7.936094537,48,0.232718262,0.17994217,0.033136716,1.05,1
D116,S020,O029,4,1043,7.936094537,744,0.31398409,0.144642217,0.380464816,1.05,47
D116,S021,O055,4,1043,7.936094537,143,0.09821222,0.163666817,0.285033773,1.05,17
D116,S022,O075,4,1043,7.936094537,31,0.495260113,0.154710174,0.269857669,1.05,5
D116,S023,O052,4,1043,7.936094537,249,0.293109713,0.381495942,0.29384703,1.05,30
D116,S024,O020,4,1043,7.936094537,113,0.348269976,0.095285863,0.409466489,1.05,28
D116,S025,O023,4,1043,7.936094537,410,0.214451437,0.12789836,0.094002538,1.05,34
D116,S026,O069,4,1043,7.936094537,600,0.193256125,0.259153683,0.18565311,1.05,107
D116,S027,O054,4,1043,7.936094537,70,0.483939677,0.225369653,0.039302168,1.05,11
D116,S028,O063,4,1043,7.936094537,159,0.167777479,0.069957712,0.130372357,1.05,38
D116,S029,O058,4,1043,7.936094537,22,0.090722232,0.036785238,0.101049312,1.05,4
D116,S030,O042,4,1043,7.936094537,533,0.049123846,0.273615249,0.271891148,1.05,28
D116,S031,O083,4,1043,7.936094537,89,0.002629244,0.11891721,0.012340148,1.05,13
D116,S032,O086,4,1043,7.936094537,135,0.469888219,0.056365997,0.043821459,1.05,28
D117,S001,O004,1,697,7.063418201,544,0.015441285,0.39993713,0.047767101,1.05,12
D117,S002,O061,1,697,7.063418201,27,0.381805437,0.01616482,0.491613692,1.05,4
D117,S003,O084,1,697,7.063418201,797,0.372992677,0.000386491,0.00152113,1.05,169
D117,S004,O040,1,697,7.063418201,585,0.392959459,0.39457393,0.498815231,1.05,30
D117,S005,O074,1,697,7.063418201,36,0.042568944,0.004280635,0.087293441,1.05,3
D117,S006,O014,1,697,7.063418201,505,0.055050564,0.385744929,0.323573274,1.05,126
D117,S007,O095,1,697,7.063418201,29,0.365502327,0.314203797,0.177999519,1.05,3
D117,S008,O008,1,697,7.063418201,217,0.118365868,0.010264005,0.438577644,1.05,4
D117,S009,O044,1,697,7.063418201,721,0.432376139,0.324925408,0.144007894,1.05,148
D117,S010,O071,1,697,7.063418201,830,0.025772238,0.059916076,0.006124037,1.05,1
D117,S011,O005,1,697,7.063418201,472,0.458927508,0.08115278,0.018055532,1.05,8
D117,S012,O094,1,697,7.063418201,888,0.302089761,0.091469055,0.358945917,1.05,193
D117,S013,O049,1,697,7.063418201,33,0.068127718,0.327197905,0.351458552,1.05,6
D117,S014,O002,1,697,7.063418201,71,0.386957289,0.33590604,0.423756547,1.05,16
D117,S015,O009,1,697,7.063418201,39,0.272204984,0.243100415,0.446678,1.05,1
D117,S016,O096,1,697,7.063418201,91,0.16170145,0.264353919,0.069555674,1.05,20
D117,S017,O067,1,697,7.063418201,60,0.359928689,0.02076874,0.174232425,1.05,6
D117,S018,O037,1,697,7.063418201,232,0.083660283,0.374766445,0.463420281,1.05,16
D117,S019,O039,1,697,7.063418201,48,0.232718262,0.17994217,0.033136716,1.05,1
D117,S020,O029,1,697,7.063418201,744,0.31398409,0.144642217,0.380464816,1.05,47
D117,S021,O055,1,697,7.063418201,143,0.09821222,0.163666817,0.285033773,1.05,17
D117,S022,O075,1,697,7.063418201,31,0.495260113,0.154710174,0.269857669,1.05,5
D117,S023,O052,1,697,7.063418201,249,0.293109713,0.381495942,0.29384703,1.05,30
D117,S024,O020,1,697,7.063418201,113,0.348269976,0.095285863,0.409466489,1.05,28
D117,S025,O023,1,697,7.063418201,410,0.214451437,0.12789836,0.094002538,1.05,34
D117,S026,O069,1,697,7.063418201,600,0.193256125,0.259153683,0.18565311,1.05,107
D117,S027,O054,1,697,7.063418201,70,0.483939677,0.225369653,0.039302168,1.05,11
D117,S028,O063,1,697,7.063418201,159,0.167777479,0.069957712,0.130372357,1.05,38
D117,S029,O058,1,697,7.063418201,22,0.090722232,0.036785238,0.101049312,1.05,4
D117,S030,O042,1,697,7.063418201,533,0.049123846,0.273615249,0.271891148,1.05,28
D117,S031,O083,1,697,7.063418201,89,0.002629244,0.11891721,0.012340148,1.05,13
D117,S032,O086,1,697,7.063418201,135,0.469888219,0.056365997,0.043821459,1.05,28
D118,S001,O004,4,1114,0.319192161,544,0.015441285,0.39993713,0.047767101,1.05,12
D118,S002,O061,4,1114,0.319192161,27,0.381805437,0.01616482,0.491613692,1.05,4
D118,S003,O084,4,1114,0.319192161,797,0.372992677,0.000386491,0.00152113,1.05,169
D118,S004,O040,4,1114,0.319192161,585,0.392959459,0.39457393,0.498815231,1.05,30
D118,S005,O074,4,1114,0.319192161,36,0.042568944,0.004280635,0.087293441,1.05,3
D118,S006,O014,4,1114,0.319192161,505,0.055050564,0.385744929,0.323573274,1.05,126
D118,S007,O095,4,1114,0.319192161,29,0.365502327,0.314203797,0.177999519,1.05,3
D118,S008,O008,4,1114,0.319192161,217,0.118365868,0.010264005,0.438577644,1.05,4
D118,S009,O044,4,1114,0.319192161,721,0.432376139,0.324925408,0.144007894,1.05,148
D118,S010,O071,4,1114,0.319192161,830,0.025772238,0.059916076,0.006124037,1.05,1
D118,S011,O005,4,1114,0.319192161,472,0.458927508,0.08115278,0.018055532,1.05,8
D118,S012,O094,4,1114,0.319192161,888,0.302089761,0.091469055,0.358945917,1.05,193
D118,S013,O049,4,1114,0.319192161,33,0.068127718,0.327197905,0.351458552,1.05,6
D118,S014,O002,4,1114,0.319192161,71,0.386957289,0.33590604,0.423756547,1.05,16
D118,S015,O009,4,1114,0.319192161,39,0.272204984,0.243100415,0.446678,1.05,1
D118,S016,O096,4,1114,0.319192161,91,0.16170145,0.264353919,0.069555674,1.05,20
D118,S017,O067,4,1114,0.319192161,60,0.359928689,0.02076874,0.174232425,1.05,6
D118,S018,O037,4,1114,0.319192161,232,0.083660283,0.374766445,0.463420281,1.05,16
D118,S019,O039,4,1114,0.319192161,48,0.232718262,0.17994217,0.033136716,1.05,1
D118,S020,O029,4,1114,0.319192161,744,0.31398409,0.144642217,0.380464816,1.05,47
D118,S021,O055,4,1114,0.319192161,143,0.09821222,0.163666817,0.285033773,1.05,17
D118,S022,O075,4,1114,0.319192161,31,0.495260113,0.154710174,0.269857669,1.05,5
D118,S023,O052,4,1114,0.319192161,249,0.293109713,0.381495942,0.29384703,1.05,30
D118,S024,O020,4,1114,0.319192161,113,0.348269976,0.095285863,0.409466489,1.05,28
D118,S025,O023,4,1114,0.319192161,410,0.214451437,0.12789836,0.094002538,1.05,34
D118,S026,O069,4,1114,0.319192161,600,0.193256125,0.259153683,0.18565311,1.05,107
D118,S027,O054,4,1114,0.319192161,70,0.483939677,0.225369653,0.039302168,1.05,11
D118,S028,O063,4,1114,0.319192161,159,0.167777479,0.069957712,0.130372357,1.05,38
D118,S029,O058,4,1114,0.319192161,22,0.090722232,0.036785238,0.101049312,1.05,4
D118,S030,O042,4,1114,0.319192161,533,0.049123846,0.273615249,0.271891148,1.05,28
D118,S031,O083,4,1114,0.319192161,89,0.002629244,0.11891721,0.012340148,1.05,13
D118,S032,O086,4,1114,0.319192161,135,0.469888219,0.056365997,0.043821459,1.05,28
D119,S001,O004,8,92,0.389339241,544,0.015441285,0.39993713,0.047767101,1.05,12
D119,S002,O061,8,92,0.389339241,27,0.381805437,0.01616482,0.491613692,1.05,4
D119,S003,O084,8,92,0.389339241,797,0.372992677,0.000386491,0.00152113,1.05,169
D119,S004,O040,8,92,0.389339241,585,0.392959459,0.39457393,0.498815231,1.05,30
D119,S005,O074,8,92,0.389339241,36,0.042568944,0.004280635,0.087293441,1.05,3
D119,S006,O014,8,92,0.389339241,505,0.055050564,0.385744929,0.323573274,1.05,126
D119,S007,O095,8,92,0.389339241,29,0.365502327,0.314203797,0.177999519,1.05,3
D119,S008,O008,8,92,0.389339241,217,0.118365868,0.010264005,0.438577644,1.05,4
D119,S009,O044,8,92,0.389339241,721,0.432376139,0.324925408,0.144007894,1.05,148
D119,S010,O071,8,92,0.389339241,830,0.025772238,0.059916076,0.006124037,1.05,1
D119,S011,O005,8,92,0.389339241,472,0.458927508,0.08115278,0.018055532,1.05,8
D119,S012,O094,8,92,0.389339241,888,0.302089761,0.091469055,0.358945917,1.05,193
D119,S013,O049,8,92,0.389339241,33,0.068127718,0.327197905,0.351458552,1.05,6
D119,S014,O002,8,92,0.389339241,71,0.386957289,0.33590604,0.423756547,1.05,16
D119,S015,O009,8,92,0.389339241,39,0.272204984,0.243100415,0.446678,1.05,1
D119,S016,O096,8,92,0.389339241,91,0.16170145,0.264353919,0.069555674,1.05,20
D119,S017,O067,8,92,0.389339241,60,0.359928689,0.02076874,0.174232425,1.05,6
D119,S018,O037,8,92,0.389339241,232,0.083660283,0.374766445,0.463420281,1.05,16
D119,S019,O039,8,92,0.389339241,48,0.232718262,0.17994217,0.033136716,1.05,1
D119,S020,O029,8,92,0.389339241,744,0.31398409,0.144642217,0.380464816,1.05,47
D119,S021,O055,8,92,0.389339241,143,0.09821222,0.163666817,0.285033773,1.05,17
D119,S022,O075,8,92,0.389339241,31,0.495260113,0.154710174,0.269857669,1.05,5
D119,S023,O052,8,92,0.389339241,249,0.293109713,0.381495942,0.29384703,1.05,30
D119,S024,O020,8,92,0.389339241,113,0.348269976,0.095285863,0.409466489,1.05,28
D119,S025,O023,8,92,0.389339241,410,0.214451437,0.12789836,0.094002538,1.05,34
D119,S026,O069,8,92,0.389339241,600,0.193256125,0.259153683,0.18565311,1.05,107
D119,S027,O054,8,92,0.389339241,70,0.483939677,0.225369653,0.039302168,1.05,11
D119,S028,O063,8,92,0.389339241,159,0.167777479,0.069957712,0.130372357,1.05,38
D119,S029,O058,8,92,0.389339241,22,0.090722232,0.036785238,0.101049312,1.05,4
D119,S030,O042,8,92,0.389339241,533,0.049123846,0.273615249,0.271891148,1.05,28
D119,S031,O083,8,92,0.389339241,89,0.002629244,0.11891721,0.012340148,1.05,13
D119,S032,O086,8,92,0.389339241,135,0.469888219,0.056365997,0.043821459,1.05,28
D120,S001,O004,4,221,0.447446783,544,0.015441285,0.39993713,0.047767101,1.05,12
D120,S002,O061,4,221,0.447446783,27,0.381805437,0.01616482,0.491613692,1.05,4
D120,S003,O084,4,221,0.447446783,797,0.372992677,0.000386491,0.00152113,1.05,169
D120,S004,O040,4,221,0.447446783,585,0.392959459,0.39457393,0.498815231,1.05,30
D120,S005,O074,4,221,0.447446783,36,0.042568944,0.004280635,0.087293441,1.05,3
D120,S006,O014,4,221,0.447446783,505,0.055050564,0.385744929,0.323573274,1.05,126
D120,S007,O095,4,221,0.447446783,29,0.365502327,0.314203797,0.177999519,1.05,3
D120,S008,O008,4,221,0.447446783,217,0.118365868,0.010264005,0.438577644,1.05,4
D120,S009,O044,4,221,0.447446783,721,0.432376139,0.324925408,0.144007894,1.05,148
D120,S010,O071,4,221,0.447446783,830,0.025772238,0.059916076,0.006124037,1.05,1
D120,S011,O005,4,221,0.447446783,472,0.458927508,0.08115278,0.018055532,1.05,8
D120,S012,O094,4,221,0.447446783,888,0.302089761,0.091469055,0.358945917,1.05,193
D120,S013,O049,4,221,0.447446783,33,0.068127718,0.327197905,0.351458552,1.05,6
D120,S014,O002,4,221,0.447446783,71,0.386957289,0.33590604,0.423756547,1.05,16
D120,S015,O009,4,221,0.447446783,39,0.272204984,0.243100415,0.446678,1.05,1
D120,S016,O096,4,221,0.447446783,91,0.16170145,0.264353919,0.069555674,1.05,20
D120,S017,O067,4,221,0.447446783,60,0.359928689,0.02076874,0.174232425,1.05,6
D120,S018,O037,4,221,0.447446783,232,0.083660283,0.374766445,0.463420281,1.05,16
D120,S019,O039,4,221,0.447446783,48,0.232718262,0.17994217,0.033136716,1.05,1
D120,S020,O029,4,221,0.447446783,744,0.31398409,0.144642217,0.380464816,1.05,47
D120,S021,O055,4,221,0.447446783,143,0.09821222,0.163666817,0.285033773,1.05,17
D120,S022,O075,4,221,0.447446783,31,0.495260113,0.154710174,0.269857669,1.05,5
D120,S023,O052,4,221,0.447446783,249,0.293109713,0.381495942,0.29384703,1.05,30
D120,S024,O020,4,221,0.447446783,113,0.348269976,0.095285863,0.409466489,1.05,28
D120,S025,O023,4,221,0.447446783,410,0.214451437,0.12789836,0.094002538,1.05,34
D120,S026,O069,4,221,0.447446783,600,0.193256125,0.259153683,0.18565311,1.05,107
D120,S027,O054,4,221,0.447446783,70,0.483939677,0.225369653,0.039302168,1.05,11
D120,S028,O063,4,221,0.447446783,159,0.167777479,0.069957712,0.130372357,1.05,38
D120,S029,O058,4,221,0.447446783,22,0.090722232,0.036785238,0.101049312,1.05,4
D120,S030,O042,4,221,0.447446783,533,0.049123846,0.273615249,0.271891148,1.05,28
D120,S031,O083,4,221,0.447446783,89,0.002629244,0.11891721,0.012340148,1.05,13
D120,S032,O086,4,221,0.447446783,135,0.469888219,0.056365997,0.043821459,1.05,28
D121,S001,O004,1,60,0.25,544,0.015441285,0.39993713,0.047767101,1.05,12
D121,S002,O061,1,60,0.25,27,0.381805437,0.01616482,0.491613692,1.05,4
D121,S003,O084,1,60,0.25,797,0.372992677,0.000386491,0.00152113,1.05,169
D121,S004,O040,1,60,0.25,585,0.392959459,0.39457393,0.498815231,1.05,30
D121,S005,O074,1,60,0.25,36,0.042568944,0.004280635,0.087293441,1.05,3
D121,S006,O014,1,60,0.25,505,0.055050564,0.385744929,0.323573274,1.05,126
D121,S007,O095,1,60,0.25,29,0.365502327,0.314203797,0.177999519,1.05,3
D121,S008,O008,1,60,0.25,217,0.118365868,0.010264005,0.438577644,1.05,4
D121,S009,O044,1,60,0.25,721,0.432376139,0.324925408,0.144007894,1.05,148
D121,S010,O071,1,60,0.25,830,0.025772238,0.059916076,0.006124037,1.05,1
D121,S011,O005,1,60,0.25,472,0.458927508,0.08115278,0.018055532,1.05,8
D121,S012,O094,1,60,0.25,888,0.302089761,0.091469055,0.358945917,1.05,193
D121,S013,O049,1,60,0.25,33,0.068127718,0.327197905,0.351458552,1.05,6
D121,S014,O002,1,60,0.25,71,0.386957289,0.33590604,0.423756547,1.05,16
D121,S015,O009,1,60,0.25,39,0.272204984,0.243100415,0.446678,1.05,1
D121,S016,O096,1,60,0.25,91,0.16170145,0.264353919,0.069555674,1.05,20
D121,S017,O067,1,60,0.25,60,0.359928689,0.02076874,0.174232425,1.05,6
D121,S018,O037,1,60,0.25,232,0.083660283,0.374766445,0.463420281,1.05,16
D121,S019,O039,1,60,0.25,48,0.232718262,0.17994217,0.033136716,1.05,1
D121,S020,O029,1,60,0.25,744,0.31398409,0.144642217,0.380464816,1.05,47
D121,S021,O055,1,60,0.25,143,0.09821222,0.163666817,0.285033773,1.05,17
D121,S022,O075,1,60,0.25,31,0.495260113,0.154710174,0.269857669,1.05,5
D121,S023,O052,1,60,0.25,249,0.293109713,0.381495942,0.29384703,1.05,30
D121,S024,O020,1,60,0.25,113,0.348269976,0.095285863,0.409466489,1.05,28
D121,S025,O023,1,60,0.25,410,0.214451437,0.12789836,0.094002538,1.05,34
D121,S026,O069,1,60,0.25,600,0.193256125,0.259153683,0.18565311,1.05,107
D121,S027,O054,1,60,0.25,70,0.483939677,0.225369653,0.039302168,1.05,11
D121,S028,O063,1,60,0.25,159,0.167777479,0.069957712,0.130372357,1.05,38
D121,S029,O058,1,60,0.25,22,0.090722232,0.036785238,0.101049312,1.05,4
D121,S030,O042,1,60,0.25,533,0.049123846,0.273615249,0.271891148,1.05,28
D121,S031,O083,1,60,0.25,89,0.002629244,0.11891721,0.012340148,1.05,13
D121,S032,O086,1,60,0.25,135,0.469888219,0.056365997,0.043821459,1.05,28
D122,S001,O004,1,60,8,544,0.015441285,0.39993713,0.047767101,1.05,12
D122,S002,O061,1,60,8,27,0.381805437,0.01616482,0.491613692,1.05,4
D122,S003,O084,1,60,8,797,0.372992677,0.000386491,0.00152113,1.05,169
D122,S004,O040,1,60,8,585,0.392959459,0.39457393,0.498815231,1.05,30
D122,S005,O074,1,60,8,36,0.042568944,0.004280635,0.087293441,1.05,3
D122,S006,O014,1,60,8,505,0.055050564,0.385744929,0.323573274,1.05,126
D122,S007,O095,1,60,8,29,0.365502327,0.314203797,0.177999519,1.05,3
D122,S008,O008,1,60,8,217,0.118365868,0.010264005,0.438577644,1.05,4
D122,S009,O044,1,60,8,721,0.432376139,0.324925408,0.144007894,1.05,148
D122,S010,O071,1,60,8,830,0.025772238,0.059916076,0.006124037,1.05,1
D122,S011,O005,1,60,8,472,0.458927508,0.08115278,0.018055532,1.05,8
D122,S012,O094,1,60,8,888,0.302089761,0.091469055,0.358945917,1.05,193
D122,S013,O049,1,60,8,33,0.068127718,0.327197905,0.351458552,1.05,6
D122,S014,O002,1,60,8,71,0.386957289,0.33590604,0.423756547,1.05,16
D122,S015,O009,1,60,8,39,0.272204984,0.243100415,0.446678,1.05,1
D122,S016,O096,1,60,8,91,0.16170145,0.264353919,0.069555674,1.05,20
D122,S017,O067,1,60,8,60,0.359928689,0.02076874,0.174232425,1.05,6
D122,S018,O037,1,60,8,232,0.083660283,0.374766445,0.463420281,1.05,16
D122,S019,O039,1,60,8,48,0.232718262,0.17994217,0.033136716,1.05,1
D122,S020,O029,1,60,8,744,0.31398409,0.144642217,0.380464816,1.05,47
D122,S021,O055,1,60,8,143,0.09821222,0.163666817,0.285033773,1.05,17
D122,S022,O075,1,60,8,31,0.495260113,0.154710174,0.269857669,1.05,5
D122,S023,O052,1,60,8,249,0.293109713,0.381495942,0.29384703,1.05,30
D122,S024,O020,1,60,8,113,0.348269976,0.095285863,0.409466489,1.05,28
D122,S025,O023,1,60,8,410,0.214451437,0.12789836,0.094002538,1.05,34
D122,S026,O069,1,60,8,600,0.193256125,0.259153683,0.18565311,1.05,107
D122,S027,O054,1,60,8,70,0.483939677,0.225369653,0.039302168,1.05,11
D122,S028,O063,1,60,8,159,0.167777479,0.069957712,0.130372357,1.05,38
D122,S029,O058,1,60,8,22,0.090722232,0.036785238,0.101049312,1.05,4
D122,S030,O042,1,60,8,533,0.049123846,0.273615249,0.271891148,1.05,28
D122,S031,O083,1,60,8,89,0.002629244,0.11891721,0.012340148,1.05,13
D122,S032,O086,1,60,8,135,0.469888219,0.056365997,0.043821459,1.05,28
D123,S001,O004,1,1200,0.25,544,0.015441285,0.39993713,0.047767101,1.05,12
D123,S002,O061,1,1200,0.25,27,0.381805437,0.01616482,0.491613692,1.05,4
D123,S003,O084,1,1200,0.25,797,0.372992677,0.000386491,0.00152113,1.05,169
D123,S004,O040,1,1200,0.25,585,0.392959459,0.39457393,0.498815231,1.05,30
D123,S005,O074,1,1200,0.25,36,0.042568944,0.004280635,0.087293441,1.05,3
D123,S006,O014,1,1200,0.25,505,0.055050564,0.385744929,0.323573274,1.05,126
D123,S007,O095,1,1200,0.25,29,0.365502327,0.314203797,0.177999519,1.05,3
D123,S008,O008,1,1200,0.25,217,0.118365868,0.010264005,0.438577644,1.05,4
D123,S009,O044,1,1200,0.25,721,0.432376139,0.324925408,0.144007894,1.05,148
D123,S010,O071,1,1200,0.25,830,0.025772238,0.059916076,0.006124037,1.05,1
D123,S011,O005,1,1200,0.25,472,0.458927508,0.08115278,0.018055532,1.05,8
D123,S012,O094,1,1200,0.25,888,0.302089761,0.091469055,0.358945917,1.05,193
D123,S013,O049,1,1200,0.25,33,0.068127718,0.327197905,0.351458552,1.05,6
D123,S014,O002,1,1200,0.25,71,0.386957289,0.33590604,0.423756547,1.05,16
D123,S015,O009,1,1200,0.25,39,0.272204984,0.243100415,0.446678,1.05,1
D123,S016,O096,1,1200,0.25,91,0.16170145,0.264353919,0.069555674,1.05,20
D123,S017,O067,1,1200,0.25,60,0.359928689,0.02076874,0.174232425,1.05,6
D123,S018,O037,1,1200,0.25,232,0.083660283,0.374766445,0.463420281,1.05,16
D123,S019,O039,1,1200,0.25,48,0.232718262,0.17994217,0.033136716,1.05,1
D123,S020,O029,1,1200,0.25,744,0.31398409,0.144642217,0.380464816,1.05,47
D123,S021,O055,1,1200,0.25,143,0.09821222,0.163666817,0.285033773,1.05,17
D123,S022,O075,1,1200,0.25,31,0.495260113,0.154710174,0.269857669,1.05,5
D123,S023,O052,1,1200,0.25,249,0.293109713,0.381495942,0.29384703,1.05,30
D123,S024,O020,1,1200,0.25,113,0.348269976,0.095285863,0.409466489,1.05,28
D123,S025,O023,1,1200,0.25,410,0.214451437,0.12789836,0.094002538,1.05,34
D123,S026,O069,1,1200,0.25,600,0.193256125,0.259153683,0.18565311,1.05,107
D123,S027,O054,1,1200,0.25,70,0.483939677,0.225369653,0.039302168,1.05,11
D123,S028,O063,1,1200,0.25,159,0.167777479,0.069957712,0.130372357,1.05,38
D123,S029,O058,1,1200,0.25,22,0.090722232,0.036785238,0.101049312,1.05,4
D123,S030,O042,1,1200,0.25,533,0.049123846,0.273615249,0.271891148,1.05,28
D123,S031,O083,1,1200,0.25,89,0.002629244,0.11891721,0.012340148,1.05,13
D123,S032,O086,1,1200,0.25,135,0.469888219,0.056365997,0.043821459,1.05,28
D124,S001,O004,1,1200,8,544,0.015441285,0.39993713,0.047767101,1.05,12
D124,S002,O061,1,1200,8,27,0.381805437,0.01616482,0.491613692,1.05,4
D124,S003,O084,1,1200,8,797,0.372992677,0.000386491,0.00152113,1.05,169
D124,S004,O040,1,1200,8,585,0.392959459,0.39457393,0.498815231,1.05,30
D124,S005,O074,1,1200,8,36,0.042568944,0.004280635,0.087293441,1.05,3
D124,S006,O014,1,1200,8,505,0.055050564,0.385744929,0.323573274,1.05,126
D124,S007,O095,1,1200,8,29,0.365502327,0.314203797,0.177999519,1.05,3
D124,S008,O008,1,1200,8,217,0.118365868,0.010264005,0.438577644,1.05,4
D124,S009,O044,1,1200,8,721,0.432376139,0.324925408,0.144007894,1.05,148
D124,S010,O071,1,1200,8,830,0.025772238,0.059916076,0.006124037,1.05,1
D124,S011,O005,1,1200,8,472,0.458927508,0.08115278,0.018055532,1.05,8
D124,S012,O094,1,1200,8,888,0.302089761,0.091469055,0.358945917,1.05,193
D124,S013,O049,1,1200,8,33,0.068127718,0.327197905,0.351458552,1.05,6
D124,S014,O002,1,1200,8,71,0.386957289,0.33590604,0.423756547,1.05,16
D124,S015,O009,1,1200,8,39,0.272204984,0.243100415,0.446678,1.05,1
D124,S016,O096,1,1200,8,91,0.16170145,0.264353919,0.069555674,1.05,20
D124,S017,O067,1,1200,8,60,0.359928689,0.02076874,0.174232425,1.05,6
D124,S018,O037,1,1200,8,232,0.083660283,0.374766445,0.463420281,1.05,16
D124,S019,O039,1,1200,8,48,0.232718262,0.17994217,0.033136716,1.05,1
D124,S020,O029,1,1200,8,744,0.31398409,0.144642217,0.380464816,1.05,47
D124,S021,O055,1,1200,8,143,0.09821222,0.163666817,0.285033773,1.05,17
D124,S022,O075,1,1200,8,31,0.495260113,0.154710174,0.269857669,1.05,5
D124,S023,O052,1,1200,8,249,0.293109713,0.381495942,0.29384703,1.05,30
D124,S024,O020,1,1200,8,113,0.348269976,0.095285863,0.409466489,1.05,28
D124,S025,O023,1,1200,8,410,0.214451437,0.12789836,0.094002538,1.05,34
D124,S026,O069,1,1200,8,600,0.193256125,0.259153683,0.18565311,1.05,107
D124,S027,O054,1,1200,8,70,0.483939677,0.225369653,0.039302168,1.05,11
D124,S028,O063,1,1200,8,159,0.167777479,0.069957712,0.130372357,1.05,38
D124,S029,O058,1,1200,8,22,0.090722232,0.036785238,0.101049312,1.05,4
D124,S030,O042,1,1200,8,533,0.049123846,0.273615249,0.271891148,1.05,28
D124,S031,O083,1,1200,8,89,0.002629244,0.11891721,0.012340148,1.05,13
D124,S032,O086,1,1200,8,135,0.469888219,0.056365997,0.043821459,1.05,28
D125,S001,O004,8,60,0.25,544,0.015441285,0.39993713,0.047767101,1.05,12
D125,S002,O061,8,60,0.25,27,0.381805437,0.01616482,0.491613692,1.05,4
D125,S003,O084,8,60,0.25,797,0.372992677,0.000386491,0.00152113,1.05,169
D125,S004,O040,8,60,0.25,585,0.392959459,0.39457393,0.498815231,1.05,30
D125,S005,O074,8,60,0.25,36,0.042568944,0.004280635,0.087293441,1.05,3
D125,S006,O014,8,60,0.25,505,0.055050564,0.385744929,0.323573274,1.05,126
D125,S007,O095,8,60,0.25,29,0.365502327,0.314203797,0.177999519,1.05,3
D125,S008,O008,8,60,0.25,217,0.118365868,0.010264005,0.438577644,1.05,4
D125,S009,O044,8,60,0.25,721,0.432376139,0.324925408,0.144007894,1.05,148
D125,S010,O071,8,60,0.25,830,0.025772238,0.059916076,0.006124037,1.05,1
D125,S011,O005,8,60,0.25,472,0.458927508,0.08115278,0.018055532,1.05,8
D125,S012,O094,8,60,0.25,888,0.302089761,0.091469055,0.358945917,1.05,193
D125,S013,O049,8,60,0.25,33,0.068127718,0.327197905,0.351458552,1.05,6
D125,S014,O002,8,60,0.25,71,0.386957289,0.33590604,0.423756547,1.05,16
D125,S015,O009,8,60,0.25,39,0.272204984,0.243100415,0.446678,1.05,1
D125,S016,O096,8,60,0.25,91,0.16170145,0.264353919,0.069555674,1.05,20
D125,S017,O067,8,60,0.25,60,0.359928689,0.02076874,0.174232425,1.05,6
D125,S018,O037,8,60,0.25,232,0.083660283,0.374766445,0.463420281,1.05,16
D125,S019,O039,8,60,0.25,48,0.232718262,0.17994217,0.033136716,1.05,1
D125,S020,O029,8,60,0.25,744,0.31398409,0.144642217,0.380464816,1.05,47
D125,S021,O055,8,60,0.25,143,0.09821222,0.163666817,0.285033773,1.05,17
D125,S022,O075,8,60,0.25,31,0.495260113,0.154710174,0.269857669,1.05,5
D125,S023,O052,8,60,0.25,249,0.293109713,0.381495942,0.29384703,1.05,30
D125,S024,O020,8,60,0.25,113,0.348269976,0.095285863,0.409466489,1.05,28
D125,S025,O023,8,60,0.25,410,0.214451437,0.12789836,0.094002538,1.05,34
D125,S026,O069,8,60,0.25,600,0.193256125,0.259153683,0.18565311,1.05,107
D125,S027,O054,8,60,0.25,70,0.483939677,0.225369653,0.039302168,1.05,11
D125,S028,O063,8,60,0.25,159,0.167777479,0.069957712,0.130372357,1.05,38
D125,S029,O058,8,60,0.25,22,0.090722232,0.036785238,0.101049312,1.05,4
D125,S030,O042,8,60,0.25,533,0.049123846,0.273615249,0.271891148,1.05,28
D125,S031,O083,8,60,0.25,89,0.002629244,0.11891721,0.012340148,1.05,13
D125,S032,O086,8,60,0.25,135,0.469888219,0.056365997,0.043821459,1.05,28
D126,S001,O004,8,60,8,544,0.015441285,0.39993713,0.047767101,1.05,12
D126,S002,O061,8,60,8,27,0.381805437,0.01616482,0.491613692,1.05,4
D126,S003,O084,8,60,8,797,0.372992677,0.000386491,0.00152113,1.05,169
D126,S004,O040,8,60,8,585,0.392959459,0.39457393,0.498815231,1.05,30
D126,S005,O074,8,60,8,36,0.042568944,0.004280635,0.087293441,1.05,3
D126,S006,O014,8,60,8,505,0.055050564,0.385744929,0.323573274,1.05,126
D126,S007,O095,8,60,8,29,0.365502327,0.314203797,0.177999519,1.05,3
D126,S008,O008,8,60,8,217,0.118365868,0.010264005,0.438577644,1.05,4
D126,S009,O044,8,60,8,721,0.432376139,0.324925408,0.144007894,1.05,148
D126,S010,O071,8,60,8,830,0.025772238,0.059916076,0.006124037,1.05,1
D126,S011,O005,8,60,8,472,0.458927508,0.08115278,0.018055532,1.05,8
D126,S012,O094,8,60,8,888,0.302089761,0.091469055,0.358945917,1.05,193
D126,S013,O049,8,60,8,33,0.068127718,0.327197905,0.351458552,1.05,6
D126,S014,O002,8,60,8,71,0.386957289,0.33590604,0.423756547,1.05,16
D126,S015,O009,8,60,8,39,0.272204984,0.243100415,0.446678,1.05,1
D126,S016,O096,8,60,8,91,0.16170145,0.264353919,0.069555674,1.05,20
D126,S017,O067,8,60,8,60,0.359928689,0.02076874,0.174232425,1.05,6
D126,S018,O037,8,60,8,232,0.083660283,0.374766445,0.463420281,1.05,16
D126,S019,O039,8,60,8,48,0.232718262,0.17994217,0.033136716,1.05,1
D126,S020,O029,8,60,8,744,0.31398409,0.144642217,0.380464816,1.05,47
D126,S021,O055,8,60,8,143,0.09821222,0.163666817,0.285033773,1.05,17
D126,S022,O075,8,60,8,31,0.495260113,0.154710174,0.269857669,1.05,5
D126,S023,O052,8,60,8,249,0.293109713,0.381495942,0.29384703,1.05,30
D126,S024,O020,8,60,8,113,0.348269976,0.095285863,0.409466489,1.05,28
D126,S025,O023,8,60,8,410,0.214451437,0.12789836,0.094002538,1.05,34
D126,S026,O069,8,60,8,600,0.193256125,0.259153683,0.18565311,1.05,107
D126,S027,O054,8,60,8,70,0.483939677,0.225369653,0.039302168,1.05,11
D126,S028,O063,8,60,8,159,0.167777479,0.069957712,0.130372357,1.05,38
D126,S029,O058,8,60,8,22,0.090722232,0.036785238,0.101049312,1.05,4
D126,S030,O042,8,60,8,533,0.049123846,0.273615249,0.271891148,1.05,28
D126,S031,O083,8,60,8,89,0.002629244,0.11891721,0.012340148,1.05,13
D126,S032,O086,8,60,8,135,0.469888219,0.056365997,0.043821459,1.05,28
D127,S001,O004,8,1200,0.25,544,0.015441285,0.39993713,0.047767101,1.05,12
D127,S002,O061,8,1200,0.25,27,0.381805437,0.01616482,0.491613692,1.05,4
D127,S003,O084,8,1200,0.25,797,0.372992677,0.000386491,0.00152113,1.05,169
D127,S004,O040,8,1200,0.25,585,0.392959459,0.39457393,0.498815231,1.05,30
D127,S005,O074,8,1200,0.25,36,0.042568944,0.004280635,0.087293441,1.05,3
D127,S006,O014,8,1200,0.25,505,0.055050564,0.385744929,0.323573274,1.05,126
D127,S007,O095,8,1200,0.25,29,0.365502327,0.314203797,0.177999519,1.05,3
D127,S008,O008,8,1200,0.25,217,0.118365868,0.010264005,0.438577644,1.05,4
D127,S009,O044,8,1200,0.25,721,0.432376139,0.324925408,0.144007894,1.05,148
D127,S010,O071,8,1200,0.25,830,0.025772238,0.059916076,0.006124037,1.05,1
D127,S011,O005,8,1200,0.25,472,0.458927508,0.08115278,0.018055532,1.05,8
D127,S012,O094,8,1200,0.25,888,0.302089761,0.091469055,0.358945917,1.05,193
D127,S013,O049,8,1200,0.25,33,0.068127718,0.327197905,0.351458552,1.05,6
D127,S014,O002,8,1200,0.25,71,0.386957289,0.33590604,0.423756547,1.05,16
D127,S015,O009,8,1200,0.25,39,0.272204984,0.243100415,0.446678,1.05,1
D127,S016,O096,8,1200,0.25,91,0.16170145,0.264353919,0.069555674,1.05,20
D127,S017,O067,8,1200,0.25,60,0.359928689,0.02076874,0.174232425,1.05,6
D127,S018,O037,8,1200,0.25,232,0.083660283,0.374766445,0.463420281,1.05,16
D127,S019,O039,8,1200,0.25,48,0.232718262,0.17994217,0.033136716,1.05,1
D127,S020,O029,8,1200,0.25,744,0.31398409,0.144642217,0.380464816,1.05,47
D127,S021,O055,8,1200,0.25,143,0.09821222,0.163666817,0.285033773,1.05,17
D127,S022,O075,8,1200,0.25,31,0.495260113,0.154710174,0.269857669,1.05,5
D127,S023,O052,8,1200,0.25,249,0.293109713,0.381495942,0.29384703,1.05,30
D127,S024,O020,8,1200,0.25,113,0.348269976,0.095285863,0.409466489,1.05,28
D127,S025,O023,8,1200,0.25,410,0.214451437,0.12789836,0.094002538,1.05,34
D127,S026,O069,8,1200,0.25,600,0.193256125,0.259153683,0.18565311,1.05,107
D127,S027,O054,8,1200,0.25,70,0.483939677,0.225369653,0.039302168,1.05,11
D127,S028,O063,8,1200,0.25,159,0.167777479,0.069957712,0.130372357,1.05,38
D127,S029,O058,8,1200,0.25,22,0.090722232,0.036785238,0.101049312,1.05,4
D127,S030,O042,8,1200,0.25,533,0.049123846,0.273615249,0.271891148,1.05,28
D127,S031,O083,8,1200,0.25,89,0.002629244,0.11891721,0.012340148,1.05,13
D127,S032,O086,8,1200,0.25,135,0.469888219,0.056365997,0.043821459,1.05,28
D128,S001,O004,8,1200,8,544,0.015441285,0.39993713,0.047767101,1.05,12
D128,S002,O061,8,1200,8,27,0.381805437,0.01616482,0.491613692,1.05,4
D128,S003,O084,8,1200,8,797,0.372992677,0.000386491,0.00152113,1.05,169
D128,S004,O040,8,1200,8,585,0.392959459,0.39457393,0.498815231,1.05,30
D128,S005,O074,8,1200,8,36,0.042568944,0.004280635,0.087293441,1.05,3
D128,S006,O014,8,1200,8,505,0.055050564,0.385744929,0.323573274,1.05,126
D128,S007,O095,8,1200,8,29,0.365502327,0.314203797,0.177999519,1.05,3
D128,S008,O008,8,1200,8,217,0.118365868,0.010264005,0.438577644,1.05,4
D128,S009,O044,8,1200,8,721,0.432376139,0.324925408,0.144007894,1.05,148
D128,S010,O071,8,1200,8,830,0.025772238,0.059916076,0.006124037,1.05,1
D128,S011,O005,8,1200,8,472,0.458927508,0.08115278,0.018055532,1.05,8
D128,S012,O094,8,1200,8,888,0.302089761,0.091469055,0.358945917,1.05,193
D128,S013,O049,8,1200,8,33,0.068127718,0.327197905,0.351458552,1.05,6
D128,S014,O002,8,1200,8,71,0.386957289,0.33590604,0.423756547,1.05,16
D128,S015,O009,8,1200,8,39,0.272204984,0.243100415,0.446678,1.05,1
D128,S016,O096,8,1200,8,91,0.16170145,0.264353919,0.069555674,1.05,20
D128,S017,O067,8,1200,8,60,0.359928689,0.02076874,0.174232425,1.05,6
D128,S018,O037,8,1200,8,232,0.083660283,0.374766445,0.463420281,1.05,16
D128,S019,O039,8,1200,8,48,0.232718262,0.17994217,0.033136716,1.05,1
D128,S020,O029,8,1200,8,744,0.31398409,0.144642217,0.380464816,1.05,47
D128,S021,O055,8,1200,8,143,0.09821222,0.163666817,0.285033773,1.05,17
D128,S022,O075,8,1200,8,31,0.495260113,0.154710174,0.269857669,1.05,5
D128,S023,O052,8,1200,8,249,0.293109713,0.381495942,0.29384703,1.05,30
D128,S024,O020,8,1200,8,113,0.348269976,0.095285863,0.409466489,1.05,28
D128,S025,O023,8,1200,8,410,0.214451437,0.12789836,0.094002538,1.05,34
D128,S026,O069,8,1200,8,600,0.193256125,0.259153683,0.18565311,1.05,107
D128,S027,O054,8,1200,8,70,0.483939677,0.225369653,0.039302168,1.05,11
D128,S028,O063,8,1200,8,159,0.167777479,0.069957712,0.130372357,1.05,38
D128,S029,O058,8,1200,8,22,0.090722232,0.036785238,0.101049312,1.05,4
D128,S030,O042,8,1200,8,533,0.049123846,0.273615249,0.271891148,1.05,28
D128,S031,O083,8,1200,8,89,0.002629244,0.11891721,0.012340148,1.05,13
D128,S032,O086,8,1200,8,135,0.469888219,0.056365997,0.043821459,1.05,28
