design_id,operational_id,connection_count,block_creation_interval,maximum_block_size,validating_node_count,node_bandwidth_heterogeneity,link_bandwidth_heterogeneity,hashing_power_concentration,relative_transaction_load,number_of_attackers
D001,O001,8,474,7.230124069,184,0.252173292,0.345006223,0.414518539,1.008029851,43
D001,O002,8,474,7.230124069,71,0.386957289,0.33590604,0.423756547,1.030814136,16
D001,O003,8,474,7.230124069,43,0.48531049,0.109844006,0.373132887,0.562934186,5
D001,O004,8,474,7.230124069,544,0.015441285,0.39993713,0.047767101,0.621494583,12
D001,O005,8,474,7.230124069,472,0.458927508,0.08115278,0.018055532,0.751825682,8
D001,O006,8,474,7.230124069,26,0.466438896,0.19990199,0.36047691,0.537345538,5
D001,O007,8,474,7.230124069,20,0.141130372,0.138764594,0.166622366,0.974703346,2
D001,O008,8,474,7.230124069,217,0.118365868,0.010264005,0.438577644,0.70421183,4
D001,O009,8,474,7.230124069,39,0.272204984,0.243100415,0.446678,0.893215891,1
D001,O010,8,474,7.230124069,78,0.42428609,0.04657399,0.47291634,0.886241643,6
D001,O011,8,474,7.230124069,163,0.257766277,0.230369452,0.067376828,1.041013094,24
D001,O012,8,474,7.230124069,121,0.018977159,0.042108472,0.106166432,0.634587855,7
D001,O013,8,474,7.230124069,38,0.13035544,0.200717694,0.465695355,0.90739434,4
D001,O014,8,474,7.230124069,505,0.055050564,0.385744929,0.323573274,0.956197221,126
D001,O015,8,474,7.230124069,369,0.403527677,0.186961283,0.029180542,1.016098144,88
D001,O016,8,474,7.230124069,990,0.188337728,0.211915952,0.403770273,0.683522338,99
D001,O017,8,474,7.230124069,47,0.235947901,0.205558573,0.450421949,0.98550411,1
D001,O018,8,474,7.230124069,128,0.201594351,0.132120615,0.2466657,1.015365814,15
D001,O019,8,474,7.230124069,24,0.431629638,0.254066717,0.253740338,0.934568431,1
D001,O020,8,474,7.230124069,113,0.348269976,0.095285863,0.409466489,0.990902637,28
D001,O021,8,474,7.230124069,35,0.407381528,0.191612689,0.078494355,0.726366674,4
D001,O022,8,474,7.230124069,193,0.265083523,0.114415056,0.48366938,0.770574624,6
D001,O023,8,474,7.230124069,410,0.214451437,0.12789836,0.094002538,0.876090399,34
D001,O024,8,474,7.230124069,109,0.107543079,0.370185632,0.33107989,0.763088384,2
D001,O025,8,474,7.230124069,53,0.129725034,0.023513439,0.022926164,0.647079336,9
D001,O026,8,474,7.230124069,104,0.335746812,0.309055962,0.214783733,0.866605062,9
D001,O027,8,474,7.230124069,120,0.173792118,0.275390581,0.115990185,0.594400816,1
D001,O028,8,474,7.230124069,315,0.161028291,0.149607497,0.243736481,0.836522744,76
D001,O029,8,474,7.230124069,744,0.31398409,0.144642217,0.380464816,1.001095973,47
D001,O030,8,474,7.230124069,96,0.291312931,0.178362873,0.260288981,0.712485371,21
D001,O031,8,474,7.230124069,61,0.375724597,0.298965989,0.344989603,1.023539068,2
D001,O032,8,474,7.230124069,449,0.47407037,0.293964396,0.333868972,0.526716923,86
D001,O033,8,474,7.230124069,28,0.356894295,0.285864598,0.280390934,0.572892371,5
D001,O034,8,474,7.230124069,172,0.339323194,0.106162856,0.193996227,0.976195745,28
D001,O035,8,474,7.230124069,173,0.041159595,0.256897351,0.341435098,0.936656262,22
D001,O036,8,474,7.230124069,83,0.318040863,0.288671609,0.125731933,0.510862581,11
D001,O037,8,474,7.230124069,232,0.083660283,0.374766445,0.463420281,0.901833982,16
D001,O038,8,474,7.230124069,765,0.137328547,0.153890662,0.395745604,0.824092212,73
D001,O039,8,474,7.230124069,48,0.232718262,0.17994217,0.033136716,0.784320075,1
D001,O040,8,474,7.230124069,585,0.392959459,0.39457393,0.498815231,0.847757244,30
D001,O041,8,474,7.230124069,49,0.297735298,0.268205888,0.212580592,0.765018393,7
D001,O042,8,474,7.230124069,533,0.049123846,0.273615249,0.271891148,0.775509181,28
D001,O043,8,474,7.230124069,936,0.154267686,0.332919895,0.389161836,0.694797352,211
D001,O044,8,474,7.230124069,721,0.432376139,0.324925408,0.144007894,0.742867678,148
D001,O045,8,474,7.230124069,692,0.331104768,0.086465045,0.220042135,0.679206917,59
D001,O046,8,474,7.230124069,402,0.241792287,0.134055119,0.264545347,1.045585484,81
D001,O047,8,474,7.230124069,32,0.457593053,0.357426009,0.365235909,0.729886159,4
D001,O048,8,474,7.230124069,45,0.221925977,0.348159922,0.204633474,0.792986797,8
D001,O049,8,474,7.230124069,33,0.068127718,0.327197905,0.351458552,0.638016666,6
D001,O050,8,474,7.230124069,322,0.206052109,0.123509785,0.230258857,0.710466564,78
D001,O051,8,474,7.230124069,264,0.415458501,0.161179135,0.311726789,0.922834621,12
D001,O052,8,474,7.230124069,249,0.293109713,0.381495942,0.29384703,0.500330142,30
D001,O053,8,474,7.230124069,251,0.008437374,0.219704544,0.077608614,0.857828126,11
D001,O054,8,474,7.230124069,70,0.483939677,0.225369653,0.039302168,0.574845385,11
D001,O055,8,474,7.230124069,143,0.09821222,0.163666817,0.285033773,0.601558378,17
D001,O056,8,474,7.230124069,345,0.064149611,0.031223606,0.23904777,0.691855779,21
D001,O057,8,474,7.230124069,100,0.400541493,0.216556949,0.487740957,1.038462113,22
D001,O058,8,474,7.230124069,22,0.090722232,0.036785238,0.101049312,0.663001423,4
D001,O059,8,474,7.230124069,486,0.079431167,0.248195591,0.397292534,0.804788767,76
D001,O060,8,474,7.230124069,273,0.451061182,0.170720182,0.061912147,0.815113055,50
D001,O061,8,474,7.230124069,27,0.381805437,0.01616482,0.491613692,0.675221612,4
D001,O062,8,474,7.230124069,442,0.418928223,0.359834489,0.417321395,0.554105019,34
D001,O063,8,474,7.230124069,159,0.167777479,0.069957712,0.130372357,0.943907134,38
D001,O064,8,474,7.230124069,358,0.061032209,0.305917985,0.455729849,0.927346891,71
D001,O065,8,474,7.230124069,56,0.248866638,0.340199764,0.379559452,0.583546864,5
D001,O066,8,474,7.230124069,149,0.351209323,0.192455527,0.149427886,0.883050134,9
D001,O067,8,474,7.230124069,60,0.359928689,0.02076874,0.174232425,0.648987034,6
D001,O068,8,474,7.230124069,871,0.148525779,0.2389906,0.43126666,0.56330551,22
D001,O069,8,474,7.230124069,600,0.193256125,0.259153683,0.18565311,0.968309469,107
D001,O070,8,474,7.230124069,139,0.286307662,0.0275532,0.151186277,0.734969069,9
D001,O071,8,474,7.230124069,830,0.025772238,0.059916076,0.006124037,0.854259133,1
D001,O072,8,474,7.230124069,41,0.447028226,0.353970092,0.321029628,0.606201119,5
D001,O073,8,474,7.230124069,22,0.099783277,0.097826372,0.112559894,0.548583884,3
D001,O074,8,474,7.230124069,36,0.042568944,0.004280635,0.087293441,0.86728622,3
D001,O075,8,474,7.230124069,31,0.495260113,0.154710174,0.269857669,0.722353565,5
D001,O076,8,474,7.230124069,202,0.209924614,0.319442165,0.171734319,0.667816616,34
D001,O077,8,474,7.230124069,648,0.325153788,0.303515085,0.316930252,0.613107267,97
D001,O078,8,474,7.230124069,379,0.223960723,0.064878079,0.224272393,0.840645589,80
D001,O079,8,474,7.230124069,65,0.075519811,0.282963886,0.299403793,0.51375586,9
D001,O080,8,474,7.230124069,206,0.124478381,0.390952102,0.159201992,0.812430792,3
D001,O081,8,474,7.230124069,229,0.311863322,0.040757227,0.190953924,0.52059127,6
D001,O082,8,474,7.230124069,630,0.267185735,0.363424574,0.305398084,0.528725737,144
D001,O083,8,474,7.230124069,89,0.002629244,0.11891721,0.012340148,0.799263288,13
D001,O084,8,474,7.230124069,797,0.372992677,0.000386491,0.00152113,0.993396916,169
D001,O085,8,474,7.230124069,66,0.183976656,0.236269207,0.120756181,0.591017322,11
D001,O086,8,474,7.230124069,135,0.469888219,0.056365997,0.043821459,0.952586866,28
D001,O087,8,474,7.230124069,23,0.111840401,0.071296914,0.089679808,0.791166307,2
D001,O088,8,474,7.230124069,74,0.028069089,0.054085246,0.202673962,0.619616712,14
D001,O089,8,474,7.230124069,55,0.492105028,0.101006081,0.474810428,0.657444473,6
D001,O090,8,474,7.230124069,285,0.03434851,0.377557012,0.057284121,0.757204241,14
D001,O091,8,474,7.230124069,85,0.181583703,0.224320695,0.138841885,0.830164928,8
D001,O092,8,474,7.230124069,303,0.442706311,0.172267227,0.436491903,0.897895329,53
D001,O093,8,474,7.230124069,25,0.276275035,0.078153424,0.291384582,0.958605081,1
D001,O094,8,474,7.230124069,888,0.302089761,0.091469055,0.358945917,0.915650339,193
D001,O095,8,474,7.230124069,29,0.365502327,0.314203797,0.177999519,0.631365154,3
D001,O096,8,474,7.230124069,91,0.16170145,0.264353919,0.069555674,0.545005585,20
D002,O001,3,167,1.576274442,184,0.252173292,0.345006223,0.414518539,1.008029851,43
D002,O002,3,167,1.576274442,71,0.386957289,0.33590604,0.423756547,1.030814136,16
D002,O003,3,167,1.576274442,43,0.48531049,0.109844006,0.373132887,0.562934186,5
D002,O004,3,167,1.576274442,544,0.015441285,0.39993713,0.047767101,0.621494583,12
D002,O005,3,167,1.576274442,472,0.458927508,0.08115278,0.018055532,0.751825682,8
D002,O006,3,167,1.576274442,26,0.466438896,0.19990199,0.36047691,0.537345538,5
D002,O007,3,167,1.576274442,20,0.141130372,0.138764594,0.166622366,0.974703346,2
D002,O008,3,167,1.576274442,217,0.118365868,0.010264005,0.438577644,0.70421183,4
D002,O009,3,167,1.576274442,39,0.272204984,0.243100415,0.446678,0.893215891,1
D002,O010,3,167,1.576274442,78,0.42428609,0.04657399,0.47291634,0.886241643,6
D002,O011,3,167,1.576274442,163,0.257766277,0.230369452,0.067376828,1.041013094,24
D002,O012,3,167,1.576274442,121,0.018977159,0.042108472,0.106166432,0.634587855,7
D002,O013,3,167,1.576274442,38,0.13035544,0.200717694,0.465695355,0.90739434,4
D002,O014,3,167,1.576274442,505,0.055050564,0.385744929,0.323573274,0.956197221,126
D002,O015,3,167,1.576274442,369,0.403527677,0.186961283,0.029180542,1.016098144,88
D002,O016,3,167,1.576274442,990,0.188337728,0.211915952,0.403770273,0.683522338,99
D002,O017,3,167,1.576274442,47,0.235947901,0.205558573,0.450421949,0.98550411,1
D002,O018,3,167,1.576274442,128,0.201594351,0.132120615,0.2466657,1.015365814,15
D002,O019,3,167,1.576274442,24,0.431629638,0.254066717,0.253740338,0.934568431,1
D002,O020,3,167,1.576274442,113,0.348269976,0.095285863,0.409466489,0.990902637,28
D002,O021,3,167,1.576274442,35,0.407381528,0.191612689,0.078494355,0.726366674,4
D002,O022,3,167,1.576274442,193,0.265083523,0.114415056,0.48366938,0.770574624,6
D002,O023,3,167,1.576274442,410,0.214451437,0.12789836,0.094002538,0.876090399,34
D002,O024,3,167,1.576274442,109,0.107543079,0.370185632,0.33107989,0.763088384,2
D002,O025,3,167,1.576274442,53,0.129725034,0.023513439,0.022926164,0.647079336,9
D002,O026,3,167,1.576274442,104,0.335746812,0.309055962,0.214783733,0.866605062,9
D002,O027,3,167,1.576274442,120,0.173792118,0.275390581,0.115990185,0.594400816,1
D002,O028,3,167,1.576274442,315,0.161028291,0.149607497,0.243736481,0.836522744,76
D002,O029,3,167,1.576274442,744,0.31398409,0.144642217,0.380464816,1.001095973,47
D002,O030,3,167,1.576274442,96,0.291312931,0.178362873,0.260288981,0.712485371,21
D002,O031,3,167,1.576274442,61,0.375724597,0.298965989,0.344989603,1.023539068,2
D002,O032,3,167,1.576274442,449,0.47407037,0.293964396,0.333868972,0.526716923,86
D002,O033,3,167,1.576274442,28,0.356894295,0.285864598,0.280390934,0.572892371,5
D002,O034,3,167,1.576274442,172,0.339323194,0.106162856,0.193996227,0.976195745,28
D002,O035,3,167,1.576274442,173,0.041159595,0.256897351,0.341435098,0.936656262,22
D002,O036,3,167,1.576274442,83,0.318040863,0.288671609,0.125731933,0.510862581,11
D002,O037,3,167,1.576274442,232,0.083660283,0.374766445,0.463420281,0.901833982,16
D002,O038,3,167,1.576274442,765,0.137328547,0.153890662,0.395745604,0.824092212,73
D002,O039,3,167,1.576274442,48,0.232718262,0.17994217,0.033136716,0.784320075,1
D002,O040,3,167,1.576274442,585,0.392959459,0.39457393,0.498815231,0.847757244,30
D002,O041,3,167,1.576274442,49,0.297735298,0.268205888,0.212580592,0.765018393,7
D002,O042,3,167,1.576274442,533,0.049123846,0.273615249,0.271891148,0.775509181,28
D002,O043,3,167,1.576274442,936,0.154267686,0.332919895,0.389161836,0.694797352,211
D002,O044,3,167,1.576274442,721,0.432376139,0.324925408,0.144007894,0.742867678,148
D002,O045,3,167,1.576274442,692,0.331104768,0.086465045,0.220042135,0.679206917,59
D002,O046,3,167,1.576274442,402,0.241792287,0.134055119,0.264545347,1.045585484,81
D002,O047,3,167,1.576274442,32,0.457593053,0.357426009,0.365235909,0.729886159,4
D002,O048,3,167,1.576274442,45,0.221925977,0.348159922,0.204633474,0.792986797,8
D002,O049,3,167,1.576274442,33,0.068127718,0.327197905,0.351458552,0.638016666,6
D002,O050,3,167,1.576274442,322,0.206052109,0.123509785,0.230258857,0.710466564,78
D002,O051,3,167,1.576274442,264,0.415458501,0.161179135,0.311726789,0.922834621,12
D002,O052,3,167,1.576274442,249,0.293109713,0.381495942,0.29384703,0.500330142,30
D002,O053,3,167,1.576274442,251,0.008437374,0.219704544,0.077608614,0.857828126,11
D002,O054,3,167,1.576274442,70,0.483939677,0.225369653,0.039302168,0.574845385,11
D002,O055,3,167,1.576274442,143,0.09821222,0.163666817,0.285033773,0.601558378,17
D002,O056,3,167,1.576274442,345,0.064149611,0.031223606,0.23904777,0.691855779,21
D002,O057,3,167,1.576274442,100,0.400541493,0.216556949,0.487740957,1.038462113,22
D002,O058,3,167,1.576274442,22,0.090722232,0.036785238,0.101049312,0.663001423,4
D002,O059,3,167,1.576274442,486,0.079431167,0.248195591,0.397292534,0.804788767,76
D002,O060,3,167,1.576274442,273,0.451061182,0.170720182,0.061912147,0.815113055,50
D002,O061,3,167,1.576274442,27,0.381805437,0.01616482,0.491613692,0.675221612,4
D002,O062,3,167,1.576274442,442,0.418928223,0.359834489,0.417321395,0.554105019,34
D002,O063,3,167,1.576274442,159,0.167777479,0.069957712,0.130372357,0.943907134,38
D002,O064,3,167,1.576274442,358,0.061032209,0.305917985,0.455729849,0.927346891,71
D002,O065,3,167,1.576274442,56,0.248866638,0.340199764,0.379559452,0.583546864,5
D002,O066,3,167,1.576274442,149,0.351209323,0.192455527,0.149427886,0.883050134,9
D002,O067,3,167,1.576274442,60,0.359928689,0.02076874,0.174232425,0.648987034,6
D002,O068,3,167,1.576274442,871,0.148525779,0.2389906,0.43126666,0.56330551,22
D002,O069,3,167,1.576274442,600,0.193256125,0.259153683,0.18565311,0.968309469,107
D002,O070,3,167,1.576274442,139,0.286307662,0.0275532,0.151186277,0.734969069,9
D002,O071,3,167,1.576274442,830,0.025772238,0.059916076,0.006124037,0.854259133,1
D002,O072,3,167,1.576274442,41,0.447028226,0.353970092,0.321029628,0.606201119,5
D002,O073,3,167,1.576274442,22,0.099783277,0.097826372,0.112559894,0.548583884,3
D002,O074,3,167,1.576274442,36,0.042568944,0.004280635,0.087293441,0.86728622,3
D002,O075,3,167,1.576274442,31,0.495260113,0.154710174,0.269857669,0.722353565,5
D002,O076,3,167,1.576274442,202,0.209924614,0.319442165,0.171734319,0.667816616,34
D002,O077,3,167,1.576274442,648,0.325153788,0.303515085,0.316930252,0.613107267,97
D002,O078,3,167,1.576274442,379,0.223960723,0.064878079,0.224272393,0.840645589,80
D002,O079,3,167,1.576274442,65,0.075519811,0.282963886,0.299403793,0.51375586,9
D002,O080,3,167,1.576274442,206,0.124478381,0.390952102,0.159201992,0.812430792,3
D002,O081,3,167,1.576274442,229,0.311863322,0.040757227,0.190953924,0.52059127,6
D002,O082,3,167,1.576274442,630,0.267185735,0.363424574,0.305398084,0.528725737,144
D002,O083,3,167,1.576274442,89,0.002629244,0.11891721,0.012340148,0.799263288,13
D002,O084,3,167,1.576274442,797,0.372992677,0.000386491,0.00152113,0.993396916,169
D002,O085,3,167,1.576274442,66,0.183976656,0.236269207,0.120756181,0.591017322,11
D002,O086,3,167,1.576274442,135,0.469888219,0.056365997,0.043821459,0.952586866,28
D002,O087,3,167,1.576274442,23,0.111840401,0.071296914,0.089679808,0.791166307,2
D002,O088,3,167,1.576274442,74,0.028069089,0.054085246,0.202673962,0.619616712,14
D002,O089,3,167,1.576274442,55,0.492105028,0.101006081,0.474810428,0.657444473,6
D002,O090,3,167,1.576274442,285,0.03434851,0.377557012,0.057284121,0.757204241,14
D002,O091,3,167,1.576274442,85,0.181583703,0.224320695,0.138841885,0.830164928,8
D002,O092,3,167,1.576274442,303,0.442706311,0.172267227,0.436491903,0.897895329,53
D002,O093,3,167,1.576274442,25,0.276275035,0.078153424,0.291384582,0.958605081,1
D002,O094,3,167,1.576274442,888,0.302089761,0.091469055,0.358945917,0.915650339,193
D002,O095,3,167,1.576274442,29,0.365502327,0.314203797,0.177999519,0.631365154,3
D002,O096,3,167,1.576274442,91,0.16170145,0.264353919,0.069555674,0.545005585,20
D003,O001,1,385,1.754386103,184,0.252173292,0.345006223,0.414518539,1.008029851,43
D003,O002,1,385,1.754386103,71,0.386957289,0.33590604,0.423756547,1.030814136,16
D003,O003,1,385,1.754386103,43,0.48531049,0.109844006,0.373132887,0.562934186,5
D003,O004,1,385,1.754386103,544,0.015441285,0.39993713,0.047767101,0.621494583,12
D003,O005,1,385,1.754386103,472,0.458927508,0.08115278,0.018055532,0.751825682,8
D003,O006,1,385,1.754386103,26,0.466438896,0.19990199,0.36047691,0.537345538,5
D003,O007,1,385,1.754386103,20,0.141130372,0.138764594,0.166622366,0.974703346,2
D003,O008,1,385,1.754386103,217,0.118365868,0.010264005,0.438577644,0.70421183,4
D003,O009,1,385,1.754386103,39,0.272204984,0.243100415,0.446678,0.893215891,1
D003,O010,1,385,1.754386103,78,0.42428609,0.04657399,0.47291634,0.886241643,6
D003,O011,1,385,1.754386103,163,0.257766277,0.230369452,0.067376828,1.041013094,24
D003,O012,1,385,1.754386103,121,0.018977159,0.042108472,0.106166432,0.634587855,7
D003,O013,1,385,1.754386103,38,0.13035544,0.200717694,0.465695355,0.90739434,4
D003,O014,1,385,1.754386103,505,0.055050564,0.385744929,0.323573274,0.956197221,126
D003,O015,1,385,1.754386103,369,0.403527677,0.186961283,0.029180542,1.016098144,88
D003,O016,1,385,1.754386103,990,0.188337728,0.211915952,0.403770273,0.683522338,99
D003,O017,1,385,1.754386103,47,0.235947901,0.205558573,0.450421949,0.98550411,1
D003,O018,1,385,1.754386103,128,0.201594351,0.132120615,0.2466657,1.015365814,15
D003,O019,1,385,1.754386103,24,0.431629638,0.254066717,0.253740338,0.934568431,1
D003,O020,1,385,1.754386103,113,0.348269976,0.095285863,0.409466489,0.990902637,28
D003,O021,1,385,1.754386103,35,0.407381528,0.191612689,0.078494355,0.726366674,4
D003,O022,1,385,1.754386103,193,0.265083523,0.114415056,0.48366938,0.770574624,6
D003,O023,1,385,1.754386103,410,0.214451437,0.12789836,0.094002538,0.876090399,34
D003,O024,1,385,1.754386103,109,0.107543079,0.370185632,0.33107989,0.763088384,2
D003,O025,1,385,1.754386103,53,0.129725034,0.023513439,0.022926164,0.647079336,9
D003,O026,1,385,1.754386103,104,0.335746812,0.309055962,0.214783733,0.866605062,9
D003,O027,1,385,1.754386103,120,0.173792118,0.275390581,0.115990185,0.594400816,1
D003,O028,1,385,1.754386103,315,0.161028291,0.149607497,0.243736481,0.836522744,76
D003,O029,1,385,1.754386103,744,0.31398409,0.144642217,0.380464816,1.001095973,47
D003,O030,1,385,1.754386103,96,0.291312931,0.178362873,0.260288981,0.712485371,21
D003,O031,1,385,1.754386103,61,0.375724597,0.298965989,0.344989603,1.023539068,2
D003,O032,1,385,1.754386103,449,0.47407037,0.293964396,0.333868972,0.526716923,86
D003,O033,1,385,1.754386103,28,0.356894295,0.285864598,0.280390934,0.572892371,5
D003,O034,1,385,1.754386103,172,0.339323194,0.106162856,0.193996227,0.976195745,28
D003,O035,1,385,1.754386103,173,0.041159595,0.256897351,0.341435098,0.936656262,22
D003,O036,1,385,1.754386103,83,0.318040863,0.288671609,0.125731933,0.510862581,11
D003,O037,1,385,1.754386103,232,0.083660283,0.374766445,0.463420281,0.901833982,16
D003,O038,1,385,1.754386103,765,0.137328547,0.153890662,0.395745604,0.824092212,73
D003,O039,1,385,1.754386103,48,0.232718262,0.17994217,0.033136716,0.784320075,1
D003,O040,1,385,1.754386103,585,0.392959459,0.39457393,0.498815231,0.847757244,30
D003,O041,1,385,1.754386103,49,0.297735298,0.268205888,0.212580592,0.765018393,7
D003,O042,1,385,1.754386103,533,0.049123846,0.273615249,0.271891148,0.775509181,28
D003,O043,1,385,1.754386103,936,0.154267686,0.332919895,0.389161836,0.694797352,211
D003,O044,1,385,1.754386103,721,0.432376139,0.324925408,0.144007894,0.742867678,148
D003,O045,1,385,1.754386103,692,0.331104768,0.086465045,0.220042135,0.679206917,59
D003,O046,1,385,1.754386103,402,0.241792287,0.134055119,0.264545347,1.045585484,81
D003,O047,1,385,1.754386103,32,0.457593053,0.357426009,0.365235909,0.729886159,4
D003,O048,1,385,1.754386103,45,0.221925977,0.348159922,0.204633474,0.792986797,8
D003,O049,1,385,1.754386103,33,0.068127718,0.327197905,0.351458552,0.638016666,6
D003,O050,1,385,1.754386103,322,0.206052109,0.123509785,0.230258857,0.710466564,78
D003,O051,1,385,1.754386103,264,0.415458501,0.161179135,0.311726789,0.922834621,12
D003,O052,1,385,1.754386103,249,0.293109713,0.381495942,0.29384703,0.500330142,30
D003,O053,1,385,1.754386103,251,0.008437374,0.219704544,0.077608614,0.857828126,11
D003,O054,1,385,1.754386103,70,0.483939677,0.225369653,0.039302168,0.574845385,11
D003,O055,1,385,1.754386103,143,0.09821222,0.163666817,0.285033773,0.601558378,17
D003,O056,1,385,1.754386103,345,0.064149611,0.031223606,0.23904777,0.691855779,21
D003,O057,1,385,1.754386103,100,0.400541493,0.216556949,0.487740957,1.038462113,22
D003,O058,1,385,1.754386103,22,0.090722232,0.036785238,0.101049312,0.663001423,4
D003,O059,1,385,1.754386103,486,0.079431167,0.248195591,0.397292534,0.804788767,76
D003,O060,1,385,1.754386103,273,0.451061182,0.170720182,0.061912147,0.815113055,50
D003,O061,1,385,1.754386103,27,0.381805437,0.01616482,0.491613692,0.675221612,4
D003,O062,1,385,1.754386103,442,0.418928223,0.359834489,0.417321395,0.554105019,34
D003,O063,1,385,1.754386103,159,0.167777479,0.069957712,0.130372357,0.943907134,38
D003,O064,1,385,1.754386103,358,0.061032209,0.305917985,0.455729849,0.927346891,71
D003,O065,1,385,1.754386103,56,0.248866638,0.340199764,0.379559452,0.583546864,5
D003,O066,1,385,1.754386103,149,0.351209323,0.192455527,0.149427886,0.883050134,9
D003,O067,1,385,1.754386103,60,0.359928689,0.02076874,0.174232425,0.648987034,6
D003,O068,1,385,1.754386103,871,0.148525779,0.2389906,0.43126666,0.56330551,22
D003,O069,1,385,1.754386103,600,0.193256125,0.259153683,0.18565311,0.968309469,107
D003,O070,1,385,1.754386103,139,0.286307662,0.0275532,0.151186277,0.734969069,9
D003,O071,1,385,1.754386103,830,0.025772238,0.059916076,0.006124037,0.854259133,1
D003,O072,1,385,1.754386103,41,0.447028226,0.353970092,0.321029628,0.606201119,5
D003,O073,1,385,1.754386103,22,0.099783277,0.097826372,0.112559894,0.548583884,3
D003,O074,1,385,1.754386103,36,0.042568944,0.004280635,0.087293441,0.86728622,3
D003,O075,1,385,1.754386103,31,0.495260113,0.154710174,0.269857669,0.722353565,5
D003,O076,1,385,1.754386103,202,0.209924614,0.319442165,0.171734319,0.667816616,34
D003,O077,1,385,1.754386103,648,0.325153788,0.303515085,0.316930252,0.613107267,97
D003,O078,1,385,1.754386103,379,0.223960723,0.064878079,0.224272393,0.840645589,80
D003,O079,1,385,1.754386103,65,0.075519811,0.282963886,0.299403793,0.51375586,9
D003,O080,1,385,1.754386103,206,0.124478381,0.390952102,0.159201992,0.812430792,3
D003,O081,1,385,1.754386103,229,0.311863322,0.040757227,0.190953924,0.52059127,6
D003,O082,1,385,1.754386103,630,0.267185735,0.363424574,0.305398084,0.528725737,144
D003,O083,1,385,1.754386103,89,0.002629244,0.11891721,0.012340148,0.799263288,13
D003,O084,1,385,1.754386103,797,0.372992677,0.000386491,0.00152113,0.993396916,169
D003,O085,1,385,1.754386103,66,0.183976656,0.236269207,0.120756181,0.591017322,11
D003,O086,1,385,1.754386103,135,0.469888219,0.056365997,0.043821459,0.952586866,28
D003,O087,1,385,1.754386103,23,0.111840401,0.071296914,0.089679808,0.791166307,2
D003,O088,1,385,1.754386103,74,0.028069089,0.054085246,0.202673962,0.619616712,14
D003,O089,1,385,1.754386103,55,0.492105028,0.101006081,0.474810428,0.657444473,6
D003,O090,1,385,1.754386103,285,0.03434851,0.377557012,0.057284121,0.757204241,14
D003,O091,1,385,1.754386103,85,0.181583703,0.224320695,0.138841885,0.830164928,8
D003,O092,1,385,1.754386103,303,0.442706311,0.172267227,0.436491903,0.897895329,53
D003,O093,1,385,1.754386103,25,0.276275035,0.078153424,0.291384582,0.958605081,1
D003,O094,1,385,1.754386103,888,0.302089761,0.091469055,0.358945917,0.915650339,193
D003,O095,1,385,1.754386103,29,0.365502327,0.314203797,0.177999519,0.631365154,3
D003,O096,1,385,1.754386103,91,0.16170145,0.264353919,0.069555674,0.545005585,20
D004,O001,1,144,6.912052408,184,0.252173292,0.345006223,0.414518539,1.008029851,43
D004,O002,1,144,6.912052408,71,0.386957289,0.33590604,0.423756547,1.030814136,16
D004,O003,1,144,6.912052408,43,0.48531049,0.109844006,0.373132887,0.562934186,5
D004,O004,1,144,6.912052408,544,0.015441285,0.39993713,0.047767101,0.621494583,12
D004,O005,1,144,6.912052408,472,0.458927508,0.08115278,0.018055532,0.751825682,8
D004,O006,1,144,6.912052408,26,0.466438896,0.19990199,0.36047691,0.537345538,5
D004,O007,1,144,6.912052408,20,0.141130372,0.138764594,0.166622366,0.974703346,2
D004,O008,1,144,6.912052408,217,0.118365868,0.010264005,0.438577644,0.70421183,4
D004,O009,1,144,6.912052408,39,0.272204984,0.243100415,0.446678,0.893215891,1
D004,O010,1,144,6.912052408,78,0.42428609,0.04657399,0.47291634,0.886241643,6
D004,O011,1,144,6.912052408,163,0.257766277,0.230369452,0.067376828,1.041013094,24
D004,O012,1,144,6.912052408,121,0.018977159,0.042108472,0.106166432,0.634587855,7
D004,O013,1,144,6.912052408,38,0.13035544,0.200717694,0.465695355,0.90739434,4
D004,O014,1,144,6.912052408,505,0.055050564,0.385744929,0.323573274,0.956197221,126
D004,O015,1,144,6.912052408,369,0.403527677,0.186961283,0.029180542,1.016098144,88
D004,O016,1,144,6.912052408,990,0.188337728,0.211915952,0.403770273,0.683522338,99
D004,O017,1,144,6.912052408,47,0.235947901,0.205558573,0.450421949,0.98550411,1
D004,O018,1,144,6.912052408,128,0.201594351,0.132120615,0.2466657,1.015365814,15
D004,O019,1,144,6.912052408,24,0.431629638,0.254066717,0.253740338,0.934568431,1
D004,O020,1,144,6.912052408,113,0.348269976,0.095285863,0.409466489,0.990902637,28
D004,O021,1,144,6.912052408,35,0.407381528,0.191612689,0.078494355,0.726366674,4
D004,O022,1,144,6.912052408,193,0.265083523,0.114415056,0.48366938,0.770574624,6
D004,O023,1,144,6.912052408,410,0.214451437,0.12789836,0.094002538,0.876090399,34
D004,O024,1,144,6.912052408,109,0.107543079,0.370185632,0.33107989,0.763088384,2
D004,O025,1,144,6.912052408,53,0.129725034,0.023513439,0.022926164,0.647079336,9
D004,O026,1,144,6.912052408,104,0.335746812,0.309055962,0.214783733,0.866605062,9
D004,O027,1,144,6.912052408,120,0.173792118,0.275390581,0.115990185,0.594400816,1
D004,O028,1,144,6.912052408,315,0.161028291,0.149607497,0.243736481,0.836522744,76
D004,O029,1,144,6.912052408,744,0.31398409,0.144642217,0.380464816,1.001095973,47
D004,O030,1,144,6.912052408,96,0.291312931,0.178362873,0.260288981,0.712485371,21
D004,O031,1,144,6.912052408,61,0.375724597,0.298965989,0.344989603,1.023539068,2
D004,O032,1,144,6.912052408,449,0.47407037,0.293964396,0.333868972,0.526716923,86
D004,O033,1,144,6.912052408,28,0.356894295,0.285864598,0.280390934,0.572892371,5
D004,O034,1,144,6.912052408,172,0.339323194,0.106162856,0.193996227,0.976195745,28
D004,O035,1,144,6.912052408,173,0.041159595,0.256897351,0.341435098,0.936656262,22
D004,O036,1,144,6.912052408,83,0.318040863,0.288671609,0.125731933,0.510862581,11
D004,O037,1,144,6.912052408,232,0.083660283,0.374766445,0.463420281,0.901833982,16
D004,O038,1,144,6.912052408,765,0.137328547,0.153890662,0.395745604,0.824092212,73
D004,O039,1,144,6.912052408,48,0.232718262,0.17994217,0.033136716,0.784320075,1
D004,O040,1,144,6.912052408,585,0.392959459,0.39457393,0.498815231,0.847757244,30
D004,O041,1,144,6.912052408,49,0.297735298,0.268205888,0.212580592,0.765018393,7
D004,O042,1,144,6.912052408,533,0.049123846,0.273615249,0.271891148,0.775509181,28
D004,O043,1,144,6.912052408,936,0.154267686,0.332919895,0.389161836,0.694797352,211
D004,O044,1,144,6.912052408,721,0.432376139,0.324925408,0.144007894,0.742867678,148
D004,O045,1,144,6.912052408,692,0.331104768,0.086465045,0.220042135,0.679206917,59
D004,O046,1,144,6.912052408,402,0.241792287,0.134055119,0.264545347,1.045585484,81
D004,O047,1,144,6.912052408,32,0.457593053,0.357426009,0.365235909,0.729886159,4
D004,O048,1,144,6.912052408,45,0.221925977,0.348159922,0.204633474,0.792986797,8
D004,O049,1,144,6.912052408,33,0.068127718,0.327197905,0.351458552,0.638016666,6
D004,O050,1,144,6.912052408,322,0.206052109,0.123509785,0.230258857,0.710466564,78
D004,O051,1,144,6.912052408,264,0.415458501,0.161179135,0.311726789,0.922834621,12
D004,O052,1,144,6.912052408,249,0.293109713,0.381495942,0.29384703,0.500330142,30
D004,O053,1,144,6.912052408,251,0.008437374,0.219704544,0.077608614,0.857828126,11
D004,O054,1,144,6.912052408,70,0.483939677,0.225369653,0.039302168,0.574845385,11
D004,O055,1,144,6.912052408,143,0.09821222,0.163666817,0.285033773,0.601558378,17
D004,O056,1,144,6.912052408,345,0.064149611,0.031223606,0.23904777,0.691855779,21
D004,O057,1,144,6.912052408,100,0.400541493,0.216556949,0.487740957,1.038462113,22
D004,O058,1,144,6.912052408,22,0.090722232,0.036785238,0.101049312,0.663001423,4
D004,O059,1,144,6.912052408,486,0.079431167,0.248195591,0.397292534,0.804788767,76
D004,O060,1,144,6.912052408,273,0.451061182,0.170720182,0.061912147,0.815113055,50
D004,O061,1,144,6.912052408,27,0.381805437,0.01616482,0.491613692,0.675221612,4
D004,O062,1,144,6.912052408,442,0.418928223,0.359834489,0.417321395,0.554105019,34
D004,O063,1,144,6.912052408,159,0.167777479,0.069957712,0.130372357,0.943907134,38
D004,O064,1,144,6.912052408,358,0.061032209,0.305917985,0.455729849,0.927346891,71
D004,O065,1,144,6.912052408,56,0.248866638,0.340199764,0.379559452,0.583546864,5
D004,O066,1,144,6.912052408,149,0.351209323,0.192455527,0.149427886,0.883050134,9
D004,O067,1,144,6.912052408,60,0.359928689,0.02076874,0.174232425,0.648987034,6
D004,O068,1,144,6.912052408,871,0.148525779,0.2389906,0.43126666,0.56330551,22
D004,O069,1,144,6.912052408,600,0.193256125,0.259153683,0.18565311,0.968309469,107
D004,O070,1,144,6.912052408,139,0.286307662,0.0275532,0.151186277,0.734969069,9
D004,O071,1,144,6.912052408,830,0.025772238,0.059916076,0.006124037,0.854259133,1
D004,O072,1,144,6.912052408,41,0.447028226,0.353970092,0.321029628,0.606201119,5
D004,O073,1,144,6.912052408,22,0.099783277,0.097826372,0.112559894,0.548583884,3
D004,O074,1,144,6.912052408,36,0.042568944,0.004280635,0.087293441,0.86728622,3
D004,O075,1,144,6.912052408,31,0.495260113,0.154710174,0.269857669,0.722353565,5
D004,O076,1,144,6.912052408,202,0.209924614,0.319442165,0.171734319,0.667816616,34
D004,O077,1,144,6.912052408,648,0.325153788,0.303515085,0.316930252,0.613107267,97
D004,O078,1,144,6.912052408,379,0.223960723,0.064878079,0.224272393,0.840645589,80
D004,O079,1,144,6.912052408,65,0.075519811,0.282963886,0.299403793,0.51375586,9
D004,O080,1,144,6.912052408,206,0.124478381,0.390952102,0.159201992,0.812430792,3
D004,O081,1,144,6.912052408,229,0.311863322,0.040757227,0.190953924,0.52059127,6
D004,O082,1,144,6.912052408,630,0.267185735,0.363424574,0.305398084,0.528725737,144
D004,O083,1,144,6.912052408,89,0.002629244,0.11891721,0.012340148,0.799263288,13
D004,O084,1,144,6.912052408,797,0.372992677,0.000386491,0.00152113,0.993396916,169
D004,O085,1,144,6.912052408,66,0.183976656,0.236269207,0.120756181,0.591017322,11
D004,O086,1,144,6.912052408,135,0.469888219,0.056365997,0.043821459,0.952586866,28
D004,O087,1,144,6.912052408,23,0.111840401,0.071296914,0.089679808,0.791166307,2
D004,O088,1,144,6.912052408,74,0.028069089,0.054085246,0.202673962,0.619616712,14
D004,O089,1,144,6.912052408,55,0.492105028,0.101006081,0.474810428,0.657444473,6
D004,O090,1,144,6.912052408,285,0.03434851,0.377557012,0.057284121,0.757204241,14
D004,O091,1,144,6.912052408,85,0.181583703,0.224320695,0.138841885,0.830164928,8
D004,O092,1,144,6.912052408,303,0.442706311,0.172267227,0.436491903,0.897895329,53
D004,O093,1,144,6.912052408,25,0.276275035,0.078153424,0.291384582,0.958605081,1
D004,O094,1,144,6.912052408,888,0.302089761,0.091469055,0.358945917,0.915650339,193
D004,O095,1,144,6.912052408,29,0.365502327,0.314203797,0.177999519,0.631365154,3
D004,O096,1,144,6.912052408,91,0.16170145,0.264353919,0.069555674,0.545005585,20
D005,O001,4,153,3.501333012,184,0.252173292,0.345006223,0.414518539,1.008029851,43
D005,O002,4,153,3.501333012,71,0.386957289,0.33590604,0.423756547,1.030814136,16
D005,O003,4,153,3.501333012,43,0.48531049,0.109844006,0.373132887,0.562934186,5
D005,O004,4,153,3.501333012,544,0.015441285,0.39993713,0.047767101,0.621494583,12
D005,O005,4,153,3.501333012,472,0.458927508,0.08115278,0.018055532,0.751825682,8
D005,O006,4,153,3.501333012,26,0.466438896,0.19990199,0.36047691,0.537345538,5
D005,O007,4,153,3.501333012,20,0.141130372,0.138764594,0.166622366,0.974703346,2
D005,O008,4,153,3.501333012,217,0.118365868,0.010264005,0.438577644,0.70421183,4
D005,O009,4,153,3.501333012,39,0.272204984,0.243100415,0.446678,0.893215891,1
D005,O010,4,153,3.501333012,78,0.42428609,0.04657399,0.47291634,0.886241643,6
D005,O011,4,153,3.501333012,163,0.257766277,0.230369452,0.067376828,1.041013094,24
D005,O012,4,153,3.501333012,121,0.018977159,0.042108472,0.106166432,0.634587855,7
D005,O013,4,153,3.501333012,38,0.13035544,0.200717694,0.465695355,0.90739434,4
D005,O014,4,153,3.501333012,505,0.055050564,0.385744929,0.323573274,0.956197221,126
D005,O015,4,153,3.501333012,369,0.403527677,0.186961283,0.029180542,1.016098144,88
D005,O016,4,153,3.501333012,990,0.188337728,0.211915952,0.403770273,0.683522338,99
D005,O017,4,153,3.501333012,47,0.235947901,0.205558573,0.450421949,0.98550411,1
D005,O018,4,153,3.501333012,128,0.201594351,0.132120615,0.2466657,1.015365814,15
D005,O019,4,153,3.501333012,24,0.431629638,0.254066717,0.253740338,0.934568431,1
D005,O020,4,153,3.501333012,113,0.348269976,0.095285863,0.409466489,0.990902637,28
D005,O021,4,153,3.501333012,35,0.407381528,0.191612689,0.078494355,0.726366674,4
D005,O022,4,153,3.501333012,193,0.265083523,0.114415056,0.48366938,0.770574624,6
D005,O023,4,153,3.501333012,410,0.214451437,0.12789836,0.094002538,0.876090399,34
D005,O024,4,153,3.501333012,109,0.107543079,0.370185632,0.33107989,0.763088384,2
D005,O025,4,153,3.501333012,53,0.129725034,0.023513439,0.022926164,0.647079336,9
D005,O026,4,153,3.501333012,104,0.335746812,0.309055962,0.214783733,0.866605062,9
D005,O027,4,153,3.501333012,120,0.173792118,0.275390581,0.115990185,0.594400816,1
D005,O028,4,153,3.501333012,315,0.161028291,0.149607497,0.243736481,0.836522744,76
D005,O029,4,153,3.501333012,744,0.31398409,0.144642217,0.380464816,1.001095973,47
D005,O030,4,153,3.501333012,96,0.291312931,0.178362873,0.260288981,0.712485371,21
D005,O031,4,153,3.501333012,61,0.375724597,0.298965989,0.344989603,1.023539068,2
D005,O032,4,153,3.501333012,449,0.47407037,0.293964396,0.333868972,0.526716923,86
D005,O033,4,153,3.501333012,28,0.356894295,0.285864598,0.280390934,0.572892371,5
D005,O034,4,153,3.501333012,172,0.339323194,0.106162856,0.193996227,0.976195745,28
D005,O035,4,153,3.501333012,173,0.041159595,0.256897351,0.341435098,0.936656262,22
D005,O036,4,153,3.501333012,83,0.318040863,0.288671609,0.125731933,0.510862581,11
D005,O037,4,153,3.501333012,232,0.083660283,0.374766445,0.463420281,0.901833982,16
D005,O038,4,153,3.501333012,765,0.137328547,0.153890662,0.395745604,0.824092212,73
D005,O039,4,153,3.501333012,48,0.232718262,0.17994217,0.033136716,0.784320075,1
D005,O040,4,153,3.501333012,585,0.392959459,0.39457393,0.498815231,0.847757244,30
D005,O041,4,153,3.501333012,49,0.297735298,0.268205888,0.212580592,0.765018393,7
D005,O042,4,153,3.501333012,533,0.049123846,0.273615249,0.271891148,0.775509181,28
D005,O043,4,153,3.501333012,936,0.154267686,0.332919895,0.389161836,0.694797352,211
D005,O044,4,153,3.501333012,721,0.432376139,0.324925408,0.144007894,0.742867678,148
D005,O045,4,153,3.501333012,692,0.331104768,0.086465045,0.220042135,0.679206917,59
D005,O046,4,153,3.501333012,402,0.241792287,0.134055119,0.264545347,1.045585484,81
D005,O047,4,153,3.501333012,32,0.457593053,0.357426009,0.365235909,0.729886159,4
D005,O048,4,153,3.501333012,45,0.221925977,0.348159922,0.204633474,0.792986797,8
D005,O049,4,153,3.501333012,33,0.068127718,0.327197905,0.351458552,0.638016666,6
D005,O050,4,153,3.501333012,322,0.206052109,0.123509785,0.230258857,0.710466564,78
D005,O051,4,153,3.501333012,264,0.415458501,0.161179135,0.311726789,0.922834621,12
D005,O052,4,153,3.501333012,249,0.293109713,0.381495942,0.29384703,0.500330142,30
D005,O053,4,153,3.501333012,251,0.008437374,0.219704544,0.077608614,0.857828126,11
D005,O054,4,153,3.501333012,70,0.483939677,0.225369653,0.039302168,0.574845385,11
D005,O055,4,153,3.501333012,143,0.09821222,0.163666817,0.285033773,0.601558378,17
D005,O056,4,153,3.501333012,345,0.064149611,0.031223606,0.23904777,0.691855779,21
D005,O057,4,153,3.501333012,100,0.400541493,0.216556949,0.487740957,1.038462113,22
D005,O058,4,153,3.501333012,22,0.090722232,0.036785238,0.101049312,0.663001423,4
D005,O059,4,153,3.501333012,486,0.079431167,0.248195591,0.397292534,0.804788767,76
D005,O060,4,153,3.501333012,273,0.451061182,0.170720182,0.061912147,0.815113055,50
D005,O061,4,153,3.501333012,27,0.381805437,0.01616482,0.491613692,0.675221612,4
D005,O062,4,153,3.501333012,442,0.418928223,0.359834489,0.417321395,0.554105019,34
D005,O063,4,153,3.501333012,159,0.167777479,0.069957712,0.130372357,0.943907134,38
D005,O064,4,153,3.501333012,358,0.061032209,0.305917985,0.455729849,0.927346891,71
D005,O065,4,153,3.501333012,56,0.248866638,0.340199764,0.379559452,0.583546864,5
D005,O066,4,153,3.501333012,149,0.351209323,0.192455527,0.149427886,0.883050134,9
D005,O067,4,153,3.501333012,60,0.359928689,0.02076874,0.174232425,0.648987034,6
D005,O068,4,153,3.501333012,871,0.148525779,0.2389906,0.43126666,0.56330551,22
D005,O069,4,153,3.501333012,600,0.193256125,0.259153683,0.18565311,0.968309469,107
D005,O070,4,153,3.501333012,139,0.286307662,0.0275532,0.151186277,0.734969069,9
D005,O071,4,153,3.501333012,830,0.025772238,0.059916076,0.006124037,0.854259133,1
D005,O072,4,153,3.501333012,41,0.447028226,0.353970092,0.321029628,0.606201119,5
D005,O073,4,153,3.501333012,22,0.099783277,0.097826372,0.112559894,0.548583884,3
D005,O074,4,153,3.501333012,36,0.042568944,0.004280635,0.087293441,0.86728622,3
D005,O075,4,153,3.501333012,31,0.495260113,0.154710174,0.269857669,0.722353565,5
D005,O076,4,153,3.501333012,202,0.209924614,0.319442165,0.171734319,0.667816616,34
D005,O077,4,153,3.501333012,648,0.325153788,0.303515085,0.316930252,0.613107267,97
D005,O078,4,153,3.501333012,379,0.223960723,0.064878079,0.224272393,0.840645589,80
D005,O079,4,153,3.501333012,65,0.075519811,0.282963886,0.299403793,0.51375586,9
D005,O080,4,153,3.501333012,206,0.124478381,0.390952102,0.159201992,0.812430792,3
D005,O081,4,153,3.501333012,229,0.311863322,0.040757227,0.190953924,0.52059127,6
D005,O082,4,153,3.501333012,630,0.267185735,0.363424574,0.305398084,0.528725737,144
D005,O083,4,153,3.501333012,89,0.002629244,0.11891721,0.012340148,0.799263288,13
D005,O084,4,153,3.501333012,797,0.372992677,0.000386491,0.00152113,0.993396916,169
D005,O085,4,153,3.501333012,66,0.183976656,0.236269207,0.120756181,0.591017322,11
D005,O086,4,153,3.501333012,135,0.469888219,0.056365997,0.043821459,0.952586866,28
D005,O087,4,153,3.501333012,23,0.111840401,0.071296914,0.089679808,0.791166307,2
D005,O088,4,153,3.501333012,74,0.028069089,0.054085246,0.202673962,0.619616712,14
D005,O089,4,153,3.501333012,55,0.492105028,0.101006081,0.474810428,0.657444473,6
D005,O090,4,153,3.501333012,285,0.03434851,0.377557012,0.057284121,0.757204241,14
D005,O091,4,153,3.501333012,85,0.181583703,0.224320695,0.138841885,0.830164928,8
D005,O092,4,153,3.501333012,303,0.442706311,0.172267227,0.436491903,0.897895329,53
D005,O093,4,153,3.501333012,25,0.276275035,0.078153424,0.291384582,0.958605081,1
D005,O094,4,153,3.501333012,888,0.302089761,0.091469055,0.358945917,0.915650339,193
D005,O095,4,153,3.501333012,29,0.365502327,0.314203797,0.177999519,0.631365154,3
D005,O096,4,153,3.501333012,91,0.16170145,0.264353919,0.069555674,0.545005585,20
D006,O001,3,1163,0.340932792,184,0.252173292,0.345006223,0.414518539,1.008029851,43
D006,O002,3,1163,0.340932792,71,0.386957289,0.33590604,0.423756547,1.030814136,16
D006,O003,3,1163,0.340932792,43,0.48531049,0.109844006,0.373132887,0.562934186,5
D006,O004,3,1163,0.340932792,544,0.015441285,0.39993713,0.047767101,0.621494583,12
D006,O005,3,1163,0.340932792,472,0.458927508,0.08115278,0.018055532,0.751825682,8
D006,O006,3,1163,0.340932792,26,0.466438896,0.19990199,0.36047691,0.537345538,5
D006,O007,3,1163,0.340932792,20,0.141130372,0.138764594,0.166622366,0.974703346,2
D006,O008,3,1163,0.340932792,217,0.118365868,0.010264005,0.438577644,0.70421183,4
D006,O009,3,1163,0.340932792,39,0.272204984,0.243100415,0.446678,0.893215891,1
D006,O010,3,1163,0.340932792,78,0.42428609,0.04657399,0.47291634,0.886241643,6
D006,O011,3,1163,0.340932792,163,0.257766277,0.230369452,0.067376828,1.041013094,24
D006,O012,3,1163,0.340932792,121,0.018977159,0.042108472,0.106166432,0.634587855,7
D006,O013,3,1163,0.340932792,38,0.13035544,0.200717694,0.465695355,0.90739434,4
D006,O014,3,1163,0.340932792,505,0.055050564,0.385744929,0.323573274,0.956197221,126
D006,O015,3,1163,0.340932792,369,0.403527677,0.186961283,0.029180542,1.016098144,88
D006,O016,3,1163,0.340932792,990,0.188337728,0.211915952,0.403770273,0.683522338,99
D006,O017,3,1163,0.340932792,47,0.235947901,0.205558573,0.450421949,0.98550411,1
D006,O018,3,1163,0.340932792,128,0.201594351,0.132120615,0.2466657,1.015365814,15
D006,O019,3,1163,0.340932792,24,0.431629638,0.254066717,0.253740338,0.934568431,1
D006,O020,3,1163,0.340932792,113,0.348269976,0.095285863,0.409466489,0.990902637,28
D006,O021,3,1163,0.340932792,35,0.407381528,0.191612689,0.078494355,0.726366674,4
D006,O022,3,1163,0.340932792,193,0.265083523,0.114415056,0.48366938,0.770574624,6
D006,O023,3,1163,0.340932792,410,0.214451437,0.12789836,0.094002538,0.876090399,34
D006,O024,3,1163,0.340932792,109,0.107543079,0.370185632,0.33107989,0.763088384,2
D006,O025,3,1163,0.340932792,53,0.129725034,0.023513439,0.022926164,0.647079336,9
D006,O026,3,1163,0.340932792,104,0.335746812,0.309055962,0.214783733,0.866605062,9
D006,O027,3,1163,0.340932792,120,0.173792118,0.275390581,0.115990185,0.594400816,1
D006,O028,3,1163,0.340932792,315,0.161028291,0.149607497,0.243736481,0.836522744,76
D006,O029,3,1163,0.340932792,744,0.31398409,0.144642217,0.380464816,1.001095973,47
D006,O030,3,1163,0.340932792,96,0.291312931,0.178362873,0.260288981,0.712485371,21
D006,O031,3,1163,0.340932792,61,0.375724597,0.298965989,0.344989603,1.023539068,2
D006,O032,3,1163,0.340932792,449,0.47407037,0.293964396,0.333868972,0.526716923,86
D006,O033,3,1163,0.340932792,28,0.356894295,0.285864598,0.280390934,0.572892371,5
D006,O034,3,1163,0.340932792,172,0.339323194,0.106162856,0.193996227,0.976195745,28
D006,O035,3,1163,0.340932792,173,0.041159595,0.256897351,0.341435098,0.936656262,22
D006,O036,3,1163,0.340932792,83,0.318040863,0.288671609,0.125731933,0.510862581,11
D006,O037,3,1163,0.340932792,232,0.083660283,0.374766445,0.463420281,0.901833982,16
D006,O038,3,1163,0.340932792,765,0.137328547,0.153890662,0.395745604,0.824092212,73
D006,O039,3,1163,0.340932792,48,0.232718262,0.17994217,0.033136716,0.784320075,1
D006,O040,3,1163,0.340932792,585,0.392959459,0.39457393,0.498815231,0.847757244,30
D006,O041,3,1163,0.340932792,49,0.297735298,0.268205888,0.212580592,0.765018393,7
D006,O042,3,1163,0.340932792,533,0.049123846,0.273615249,0.271891148,0.775509181,28
D006,O043,3,1163,0.340932792,936,0.154267686,0.332919895,0.389161836,0.694797352,211
D006,O044,3,1163,0.340932792,721,0.432376139,0.324925408,0.144007894,0.742867678,148
D006,O045,3,1163,0.340932792,692,0.331104768,0.086465045,0.220042135,0.679206917,59
D006,O046,3,1163,0.340932792,402,0.241792287,0.134055119,0.264545347,1.045585484,81
D006,O047,3,1163,0.340932792,32,0.457593053,0.357426009,0.365235909,0.729886159,4
D006,O048,3,1163,0.340932792,45,0.221925977,0.348159922,0.204633474,0.792986797,8
D006,O049,3,1163,0.340932792,33,0.068127718,0.327197905,0.351458552,0.638016666,6
D006,O050,3,1163,0.340932792,322,0.206052109,0.123509785,0.230258857,0.710466564,78
D006,O051,3,1163,0.340932792,264,0.415458501,0.161179135,0.311726789,0.922834621,12
D006,O052,3,1163,0.340932792,249,0.293109713,0.381495942,0.29384703,0.500330142,30
D006,O053,3,1163,0.340932792,251,0.008437374,0.219704544,0.077608614,0.857828126,11
D006,O054,3,1163,0.340932792,70,0.483939677,0.225369653,0.039302168,0.574845385,11
D006,O055,3,1163,0.340932792,143,0.09821222,0.163666817,0.285033773,0.601558378,17
D006,O056,3,1163,0.340932792,345,0.064149611,0.031223606,0.23904777,0.691855779,21
D006,O057,3,1163,0.340932792,100,0.400541493,0.216556949,0.487740957,1.038462113,22
D006,O058,3,1163,0.340932792,22,0.090722232,0.036785238,0.101049312,0.663001423,4
D006,O059,3,1163,0.340932792,486,0.079431167,0.248195591,0.397292534,0.804788767,76
D006,O060,3,1163,0.340932792,273,0.451061182,0.170720182,0.061912147,0.815113055,50
D006,O061,3,1163,0.340932792,27,0.381805437,0.01616482,0.491613692,0.675221612,4
D006,O062,3,1163,0.340932792,442,0.418928223,0.359834489,0.417321395,0.554105019,34
D006,O063,3,1163,0.340932792,159,0.167777479,0.069957712,0.130372357,0.943907134,38
D006,O064,3,1163,0.340932792,358,0.061032209,0.305917985,0.455729849,0.927346891,71
D006,O065,3,1163,0.340932792,56,0.248866638,0.340199764,0.379559452,0.583546864,5
D006,O066,3,1163,0.340932792,149,0.351209323,0.192455527,0.149427886,0.883050134,9
D006,O067,3,1163,0.340932792,60,0.359928689,0.02076874,0.174232425,0.648987034,6
D006,O068,3,1163,0.340932792,871,0.148525779,0.2389906,0.43126666,0.56330551,22
D006,O069,3,1163,0.340932792,600,0.193256125,0.259153683,0.18565311,0.968309469,107
D006,O070,3,1163,0.340932792,139,0.286307662,0.0275532,0.151186277,0.734969069,9
D006,O071,3,1163,0.340932792,830,0.025772238,0.059916076,0.006124037,0.854259133,1
D006,O072,3,1163,0.340932792,41,0.447028226,0.353970092,0.321029628,0.606201119,5
D006,O073,3,1163,0.340932792,22,0.099783277,0.097826372,0.112559894,0.548583884,3
D006,O074,3,1163,0.340932792,36,0.042568944,0.004280635,0.087293441,0.86728622,3
D006,O075,3,1163,0.340932792,31,0.495260113,0.154710174,0.269857669,0.722353565,5
D006,O076,3,1163,0.340932792,202,0.209924614,0.319442165,0.171734319,0.667816616,34
D006,O077,3,1163,0.340932792,648,0.325153788,0.303515085,0.316930252,0.613107267,97
D006,O078,3,1163,0.340932792,379,0.223960723,0.064878079,0.224272393,0.840645589,80
D006,O079,3,1163,0.340932792,65,0.075519811,0.282963886,0.299403793,0.51375586,9
D006,O080,3,1163,0.340932792,206,0.124478381,0.390952102,0.159201992,0.812430792,3
D006,O081,3,1163,0.340932792,229,0.311863322,0.040757227,0.190953924,0.52059127,6
D006,O082,3,1163,0.340932792,630,0.267185735,0.363424574,0.305398084,0.528725737,144
D006,O083,3,1163,0.340932792,89,0.002629244,0.11891721,0.012340148,0.799263288,13
D006,O084,3,1163,0.340932792,797,0.372992677,0.000386491,0.00152113,0.993396916,169
D006,O085,3,1163,0.340932792,66,0.183976656,0.236269207,0.120756181,0.591017322,11
D006,O086,3,1163,0.340932792,135,0.469888219,0.056365997,0.043821459,0.952586866,28
D006,O087,3,1163,0.340932792,23,0.111840401,0.071296914,0.089679808,0.791166307,2
D006,O088,3,1163,0.340932792,74,0.028069089,0.054085246,0.202673962,0.619616712,14
D006,O089,3,1163,0.340932792,55,0.492105028,0.101006081,0.474810428,0.657444473,6
D006,O090,3,1163,0.340932792,285,0.03434851,0.377557012,0.057284121,0.757204241,14
D006,O091,3,1163,0.340932792,85,0.181583703,0.224320695,0.138841885,0.830164928,8
D006,O092,3,1163,0.340932792,303,0.442706311,0.172267227,0.436491903,0.897895329,53
D006,O093,3,1163,0.340932792,25,0.276275035,0.078153424,0.291384582,0.958605081,1
D006,O094,3,1163,0.340932792,888,0.302089761,0.091469055,0.358945917,0.915650339,193
D006,O095,3,1163,0.340932792,29,0.365502327,0.314203797,0.177999519,0.631365154,3
D006,O096,3,1163,0.340932792,91,0.16170145,0.264353919,0.069555674,0.545005585,20
D007,O001,7,868,1.337057934,184,0.252173292,0.345006223,0.414518539,1.008029851,43
D007,O002,7,868,1.337057934,71,0.386957289,0.33590604,0.423756547,1.030814136,16
D007,O003,7,868,1.337057934,43,0.48531049,0.109844006,0.373132887,0.562934186,5
D007,O004,7,868,1.337057934,544,0.015441285,0.39993713,0.047767101,0.621494583,12
D007,O005,7,868,1.337057934,472,0.458927508,0.08115278,0.018055532,0.751825682,8
D007,O006,7,868,1.337057934,26,0.466438896,0.19990199,0.36047691,0.537345538,5
D007,O007,7,868,1.337057934,20,0.141130372,0.138764594,0.166622366,0.974703346,2
D007,O008,7,868,1.337057934,217,0.118365868,0.010264005,0.438577644,0.70421183,4
D007,O009,7,868,1.337057934,39,0.272204984,0.243100415,0.446678,0.893215891,1
D007,O010,7,868,1.337057934,78,0.42428609,0.04657399,0.47291634,0.886241643,6
D007,O011,7,868,1.337057934,163,0.257766277,0.230369452,0.067376828,1.041013094,24
D007,O012,7,868,1.337057934,121,0.018977159,0.042108472,0.106166432,0.634587855,7
D007,O013,7,868,1.337057934,38,0.13035544,0.200717694,0.465695355,0.90739434,4
D007,O014,7,868,1.337057934,505,0.055050564,0.385744929,0.323573274,0.956197221,126
D007,O015,7,868,1.337057934,369,0.403527677,0.186961283,0.029180542,1.016098144,88
D007,O016,7,868,1.337057934,990,0.188337728,0.211915952,0.403770273,0.683522338,99
D007,O017,7,868,1.337057934,47,0.235947901,0.205558573,0.450421949,0.98550411,1
D007,O018,7,868,1.337057934,128,0.201594351,0.132120615,0.2466657,1.015365814,15
D007,O019,7,868,1.337057934,24,0.431629638,0.254066717,0.253740338,0.934568431,1
D007,O020,7,868,1.337057934,113,0.348269976,0.095285863,0.409466489,0.990902637,28
D007,O021,7,868,1.337057934,35,0.407381528,0.191612689,0.078494355,0.726366674,4
D007,O022,7,868,1.337057934,193,0.265083523,0.114415056,0.48366938,0.770574624,6
D007,O023,7,868,1.337057934,410,0.214451437,0.12789836,0.094002538,0.876090399,34
D007,O024,7,868,1.337057934,109,0.107543079,0.370185632,0.33107989,0.763088384,2
D007,O025,7,868,1.337057934,53,0.129725034,0.023513439,0.022926164,0.647079336,9
D007,O026,7,868,1.337057934,104,0.335746812,0.309055962,0.214783733,0.866605062,9
D007,O027,7,868,1.337057934,120,0.173792118,0.275390581,0.115990185,0.594400816,1
D007,O028,7,868,1.337057934,315,0.161028291,0.149607497,0.243736481,0.836522744,76
D007,O029,7,868,1.337057934,744,0.31398409,0.144642217,0.380464816,1.001095973,47
D007,O030,7,868,1.337057934,96,0.291312931,0.178362873,0.260288981,0.712485371,21
D007,O031,7,868,1.337057934,61,0.375724597,0.298965989,0.344989603,1.023539068,2
D007,O032,7,868,1.337057934,449,0.47407037,0.293964396,0.333868972,0.526716923,86
D007,O033,7,868,1.337057934,28,0.356894295,0.285864598,0.280390934,0.572892371,5
D007,O034,7,868,1.337057934,172,0.339323194,0.106162856,0.193996227,0.976195745,28
D007,O035,7,868,1.337057934,173,0.041159595,0.256897351,0.341435098,0.936656262,22
D007,O036,7,868,1.337057934,83,0.318040863,0.288671609,0.125731933,0.510862581,11
D007,O037,7,868,1.337057934,232,0.083660283,0.374766445,0.463420281,0.901833982,16
D007,O038,7,868,1.337057934,765,0.137328547,0.153890662,0.395745604,0.824092212,73
D007,O039,7,868,1.337057934,48,0.232718262,0.17994217,0.033136716,0.784320075,1
D007,O040,7,868,1.337057934,585,0.392959459,0.39457393,0.498815231,0.847757244,30
D007,O041,7,868,1.337057934,49,0.297735298,0.268205888,0.212580592,0.765018393,7
D007,O042,7,868,1.337057934,533,0.049123846,0.273615249,0.271891148,0.775509181,28
D007,O043,7,868,1.337057934,936,0.154267686,0.332919895,0.389161836,0.694797352,211
D007,O044,7,868,1.337057934,721,0.432376139,0.324925408,0.144007894,0.742867678,148
D007,O045,7,868,1.337057934,692,0.331104768,0.086465045,0.220042135,0.679206917,59
D007,O046,7,868,1.337057934,402,0.241792287,0.134055119,0.264545347,1.045585484,81
D007,O047,7,868,1.337057934,32,0.457593053,0.357426009,0.365235909,0.729886159,4
D007,O048,7,868,1.337057934,45,0.221925977,0.348159922,0.204633474,0.792986797,8
D007,O049,7,868,1.337057934,33,0.068127718,0.327197905,0.351458552,0.638016666,6
D007,O050,7,868,1.337057934,322,0.206052109,0.123509785,0.230258857,0.710466564,78
D007,O051,7,868,1.337057934,264,0.415458501,0.161179135,0.311726789,0.922834621,12
D007,O052,7,868,1.337057934,249,0.293109713,0.381495942,0.29384703,0.500330142,30
D007,O053,7,868,1.337057934,251,0.008437374,0.219704544,0.077608614,0.857828126,11
D007,O054,7,868,1.337057934,70,0.483939677,0.225369653,0.039302168,0.574845385,11
D007,O055,7,868,1.337057934,143,0.09821222,0.163666817,0.285033773,0.601558378,17
D007,O056,7,868,1.337057934,345,0.064149611,0.031223606,0.23904777,0.691855779,21
D007,O057,7,868,1.337057934,100,0.400541493,0.216556949,0.487740957,1.038462113,22
D007,O058,7,868,1.337057934,22,0.090722232,0.036785238,0.101049312,0.663001423,4
D007,O059,7,868,1.337057934,486,0.079431167,0.248195591,0.397292534,0.804788767,76
D007,O060,7,868,1.337057934,273,0.451061182,0.170720182,0.061912147,0.815113055,50
D007,O061,7,868,1.337057934,27,0.381805437,0.01616482,0.491613692,0.675221612,4
D007,O062,7,868,1.337057934,442,0.418928223,0.359834489,0.417321395,0.554105019,34
D007,O063,7,868,1.337057934,159,0.167777479,0.069957712,0.130372357,0.943907134,38
D007,O064,7,868,1.337057934,358,0.061032209,0.305917985,0.455729849,0.927346891,71
D007,O065,7,868,1.337057934,56,0.248866638,0.340199764,0.379559452,0.583546864,5
D007,O066,7,868,1.337057934,149,0.351209323,0.192455527,0.149427886,0.883050134,9
D007,O067,7,868,1.337057934,60,0.359928689,0.02076874,0.174232425,0.648987034,6
D007,O068,7,868,1.337057934,871,0.148525779,0.2389906,0.43126666,0.56330551,22
D007,O069,7,868,1.337057934,600,0.193256125,0.259153683,0.18565311,0.968309469,107
D007,O070,7,868,1.337057934,139,0.286307662,0.0275532,0.151186277,0.734969069,9
D007,O071,7,868,1.337057934,830,0.025772238,0.059916076,0.006124037,0.854259133,1
D007,O072,7,868,1.337057934,41,0.447028226,0.353970092,0.321029628,0.606201119,5
D007,O073,7,868,1.337057934,22,0.099783277,0.097826372,0.112559894,0.548583884,3
D007,O074,7,868,1.337057934,36,0.042568944,0.004280635,0.087293441,0.86728622,3
D007,O075,7,868,1.337057934,31,0.495260113,0.154710174,0.269857669,0.722353565,5
D007,O076,7,868,1.337057934,202,0.209924614,0.319442165,0.171734319,0.667816616,34
D007,O077,7,868,1.337057934,648,0.325153788,0.303515085,0.316930252,0.613107267,97
D007,O078,7,868,1.337057934,379,0.223960723,0.064878079,0.224272393,0.840645589,80
D007,O079,7,868,1.337057934,65,0.075519811,0.282963886,0.299403793,0.51375586,9
D007,O080,7,868,1.337057934,206,0.124478381,0.390952102,0.159201992,0.812430792,3
D007,O081,7,868,1.337057934,229,0.311863322,0.040757227,0.190953924,0.52059127,6
D007,O082,7,868,1.337057934,630,0.267185735,0.363424574,0.305398084,0.528725737,144
D007,O083,7,868,1.337057934,89,0.002629244,0.11891721,0.012340148,0.799263288,13
D007,O084,7,868,1.337057934,797,0.372992677,0.000386491,0.00152113,0.993396916,169
D007,O085,7,868,1.337057934,66,0.183976656,0.236269207,0.120756181,0.591017322,11
D007,O086,7,868,1.337057934,135,0.469888219,0.056365997,0.043821459,0.952586866,28
D007,O087,7,868,1.337057934,23,0.111840401,0.071296914,0.089679808,0.791166307,2
D007,O088,7,868,1.337057934,74,0.028069089,0.054085246,0.202673962,0.619616712,14
D007,O089,7,868,1.337057934,55,0.492105028,0.101006081,0.474810428,0.657444473,6
D007,O090,7,868,1.337057934,285,0.03434851,0.377557012,0.057284121,0.757204241,14
D007,O091,7,868,1.337057934,85,0.181583703,0.224320695,0.138841885,0.830164928,8
D007,O092,7,868,1.337057934,303,0.442706311,0.172267227,0.436491903,0.897895329,53
D007,O093,7,868,1.337057934,25,0.276275035,0.078153424,0.291384582,0.958605081,1
D007,O094,7,868,1.337057934,888,0.302089761,0.091469055,0.358945917,0.915650339,193
D007,O095,7,868,1.337057934,29,0.365502327,0.314203797,0.177999519,0.631365154,3
D007,O096,7,868,1.337057934,91,0.16170145,0.264353919,0.069555674,0.545005585,20
D008,O001,4,350,2.821334593,184,0.252173292,0.345006223,0.414518539,1.008029851,43
D008,O002,4,350,2.821334593,71,0.386957289,0.33590604,0.423756547,1.030814136,16
D008,O003,4,350,2.821334593,43,0.48531049,0.109844006,0.373132887,0.562934186,5
D008,O004,4,350,2.821334593,544,0.015441285,0.39993713,0.047767101,0.621494583,12
D008,O005,4,350,2.821334593,472,0.458927508,0.08115278,0.018055532,0.751825682,8
D008,O006,4,350,2.821334593,26,0.466438896,0.19990199,0.36047691,0.537345538,5
D008,O007,4,350,2.821334593,20,0.141130372,0.138764594,0.166622366,0.974703346,2
D008,O008,4,350,2.821334593,217,0.118365868,0.010264005,0.438577644,0.70421183,4
D008,O009,4,350,2.821334593,39,0.272204984,0.243100415,0.446678,0.893215891,1
D008,O010,4,350,2.821334593,78,0.42428609,0.04657399,0.47291634,0.886241643,6
D008,O011,4,350,2.821334593,163,0.257766277,0.230369452,0.067376828,1.041013094,24
D008,O012,4,350,2.821334593,121,0.018977159,0.042108472,0.106166432,0.634587855,7
D008,O013,4,350,2.821334593,38,0.13035544,0.200717694,0.465695355,0.90739434,4
D008,O014,4,350,2.821334593,505,0.055050564,0.385744929,0.323573274,0.956197221,126
D008,O015,4,350,2.821334593,369,0.403527677,0.186961283,0.029180542,1.016098144,88
D008,O016,4,350,2.821334593,990,0.188337728,0.211915952,0.403770273,0.683522338,99
D008,O017,4,350,2.821334593,47,0.235947901,0.205558573,0.450421949,0.98550411,1
D008,O018,4,350,2.821334593,128,0.201594351,0.132120615,0.2466657,1.015365814,15
D008,O019,4,350,2.821334593,24,0.431629638,0.254066717,0.253740338,0.934568431,1
D008,O020,4,350,2.821334593,113,0.348269976,0.095285863,0.409466489,0.990902637,28
D008,O021,4,350,2.821334593,35,0.407381528,0.191612689,0.078494355,0.726366674,4
D008,O022,4,350,2.821334593,193,0.265083523,0.114415056,0.48366938,0.770574624,6
D008,O023,4,350,2.821334593,410,0.214451437,0.12789836,0.094002538,0.876090399,34
D008,O024,4,350,2.821334593,109,0.107543079,0.370185632,0.33107989,0.763088384,2
D008,O025,4,350,2.821334593,53,0.129725034,0.023513439,0.022926164,0.647079336,9
D008,O026,4,350,2.821334593,104,0.335746812,0.309055962,0.214783733,0.866605062,9
D008,O027,4,350,2.821334593,120,0.173792118,0.275390581,0.115990185,0.594400816,1
D008,O028,4,350,2.821334593,315,0.161028291,0.149607497,0.243736481,0.836522744,76
D008,O029,4,350,2.821334593,744,0.31398409,0.144642217,0.380464816,1.001095973,47
D008,O030,4,350,2.821334593,96,0.291312931,0.178362873,0.260288981,0.712485371,21
D008,O031,4,350,2.821334593,61,0.375724597,0.298965989,0.344989603,1.023539068,2
D008,O032,4,350,2.821334593,449,0.47407037,0.293964396,0.333868972,0.526716923,86
D008,O033,4,350,2.821334593,28,0.356894295,0.285864598,0.280390934,0.572892371,5
D008,O034,4,350,2.821334593,172,0.339323194,0.106162856,0.193996227,0.976195745,28
D008,O035,4,350,2.821334593,173,0.041159595,0.256897351,0.341435098,0.936656262,22
D008,O036,4,350,2.821334593,83,0.318040863,0.288671609,0.125731933,0.510862581,11
D008,O037,4,350,2.821334593,232,0.083660283,0.374766445,0.463420281,0.901833982,16
D008,O038,4,350,2.821334593,765,0.137328547,0.153890662,0.395745604,0.824092212,73
D008,O039,4,350,2.821334593,48,0.232718262,0.17994217,0.033136716,0.784320075,1
D008,O040,4,350,2.821334593,585,0.392959459,0.39457393,0.498815231,0.847757244,30
D008,O041,4,350,2.821334593,49,0.297735298,0.268205888,0.212580592,0.765018393,7
D008,O042,4,350,2.821334593,533,0.049123846,0.273615249,0.271891148,0.775509181,28
D008,O043,4,350,2.821334593,936,0.154267686,0.332919895,0.389161836,0.694797352,211
D008,O044,4,350,2.821334593,721,0.432376139,0.324925408,0.144007894,0.742867678,148
D008,O045,4,350,2.821334593,692,0.331104768,0.086465045,0.220042135,0.679206917,59
D008,O046,4,350,2.821334593,402,0.241792287,0.134055119,0.264545347,1.045585484,81
D008,O047,4,350,2.821334593,32,0.457593053,0.357426009,0.365235909,0.729886159,4
D008,O048,4,350,2.821334593,45,0.221925977,0.348159922,0.204633474,0.792986797,8
D008,O049,4,350,2.821334593,33,0.068127718,0.327197905,0.351458552,0.638016666,6
D008,O050,4,350,2.821334593,322,0.206052109,0.123509785,0.230258857,0.710466564,78
D008,O051,4,350,2.821334593,264,0.415458501,0.161179135,0.311726789,0.922834621,12
D008,O052,4,350,2.821334593,249,0.293109713,0.381495942,0.29384703,0.500330142,30
D008,O053,4,350,2.821334593,251,0.008437374,0.219704544,0.077608614,0.857828126,11
D008,O054,4,350,2.821334593,70,0.483939677,0.225369653,0.039302168,0.574845385,11
D008,O055,4,350,2.821334593,143,0.09821222,0.163666817,0.285033773,0.601558378,17
D008,O056,4,350,2.821334593,345,0.064149611,0.031223606,0.23904777,0.691855779,21
D008,O057,4,350,2.821334593,100,0.400541493,0.216556949,0.487740957,1.038462113,22
D008,O058,4,350,2.821334593,22,0.090722232,0.036785238,0.101049312,0.663001423,4
D008,O059,4,350,2.821334593,486,0.079431167,0.248195591,0.397292534,0.804788767,76
D008,O060,4,350,2.821334593,273,0.451061182,0.170720182,0.061912147,0.815113055,50
D008,O061,4,350,2.821334593,27,0.381805437,0.01616482,0.491613692,0.675221612,4
D008,O062,4,350,2.821334593,442,0.418928223,0.359834489,0.417321395,0.554105019,34
D008,O063,4,350,2.821334593,159,0.167777479,0.069957712,0.130372357,0.943907134,38
D008,O064,4,350,2.821334593,358,0.061032209,0.305917985,0.455729849,0.927346891,71
D008,O065,4,350,2.821334593,56,0.248866638,0.340199764,0.379559452,0.583546864,5
D008,O066,4,350,2.821334593,149,0.351209323,0.192455527,0.149427886,0.883050134,9
D008,O067,4,350,2.821334593,60,0.359928689,0.02076874,0.174232425,0.648987034,6
D008,O068,4,350,2.821334593,871,0.148525779,0.2389906,0.43126666,0.56330551,22
D008,O069,4,350,2.821334593,600,0.193256125,0.259153683,0.18565311,0.968309469,107
D008,O070,4,350,2.821334593,139,0.286307662,0.0275532,0.151186277,0.734969069,9
D008,O071,4,350,2.821334593,830,0.025772238,0.059916076,0.006124037,0.854259133,1
D008,O072,4,350,2.821334593,41,0.447028226,0.353970092,0.321029628,0.606201119,5
D008,O073,4,350,2.821334593,22,0.099783277,0.097826372,0.112559894,0.548583884,3
D008,O074,4,350,2.821334593,36,0.042568944,0.004280635,0.087293441,0.86728622,3
D008,O075,4,350,2.821334593,31,0.495260113,0.154710174,0.269857669,0.722353565,5
D008,O076,4,350,2.821334593,202,0.209924614,0.319442165,0.171734319,0.667816616,34
D008,O077,4,350,2.821334593,648,0.325153788,0.303515085,0.316930252,0.613107267,97
D008,O078,4,350,2.821334593,379,0.223960723,0.064878079,0.224272393,0.840645589,80
D008,O079,4,350,2.821334593,65,0.075519811,0.282963886,0.299403793,0.51375586,9
D008,O080,4,350,2.821334593,206,0.124478381,0.390952102,0.159201992,0.812430792,3
D008,O081,4,350,2.821334593,229,0.311863322,0.040757227,0.190953924,0.52059127,6
D008,O082,4,350,2.821334593,630,0.267185735,0.363424574,0.305398084,0.528725737,144
D008,O083,4,350,2.821334593,89,0.002629244,0.11891721,0.012340148,0.799263288,13
D008,O084,4,350,2.821334593,797,0.372992677,0.000386491,0.00152113,0.993396916,169
D008,O085,4,350,2.821334593,66,0.183976656,0.236269207,0.120756181,0.591017322,11
D008,O086,4,350,2.821334593,135,0.469888219,0.056365997,0.043821459,0.952586866,28
D008,O087,4,350,2.821334593,23,0.111840401,0.071296914,0.089679808,0.791166307,2
D008,O088,4,350,2.821334593,74,0.028069089,0.054085246,0.202673962,0.619616712,14
D008,O089,4,350,2.821334593,55,0.492105028,0.101006081,0.474810428,0.657444473,6
D008,O090,4,350,2.821334593,285,0.03434851,0.377557012,0.057284121,0.757204241,14
D008,O091,4,350,2.821334593,85,0.181583703,0.224320695,0.138841885,0.830164928,8
D008,O092,4,350,2.821334593,303,0.442706311,0.172267227,0.436491903,0.897895329,53
D008,O093,4,350,2.821334593,25,0.276275035,0.078153424,0.291384582,0.958605081,1
D008,O094,4,350,2.821334593,888,0.302089761,0.091469055,0.358945917,0.915650339,193
D008,O095,4,350,2.821334593,29,0.365502327,0.314203797,0.177999519,0.631365154,3
D008,O096,4,350,2.821334593,91,0.16170145,0.264353919,0.069555674,0.545005585,20
D009,O001,2,423,1.163860334,184,0.252173292,0.345006223,0.414518539,1.008029851,43
D009,O002,2,423,1.163860334,71,0.386957289,0.33590604,0.423756547,1.030814136,16
D009,O003,2,423,1.163860334,43,0.48531049,0.109844006,0.373132887,0.562934186,5
D009,O004,2,423,1.163860334,544,0.015441285,0.39993713,0.047767101,0.621494583,12
D009,O005,2,423,1.163860334,472,0.458927508,0.08115278,0.018055532,0.751825682,8
D009,O006,2,423,1.163860334,26,0.466438896,0.19990199,0.36047691,0.537345538,5
D009,O007,2,423,1.163860334,20,0.141130372,0.138764594,0.166622366,0.974703346,2
D009,O008,2,423,1.163860334,217,0.118365868,0.010264005,0.438577644,0.70421183,4
D009,O009,2,423,1.163860334,39,0.272204984,0.243100415,0.446678,0.893215891,1
D009,O010,2,423,1.163860334,78,0.42428609,0.04657399,0.47291634,0.886241643,6
D009,O011,2,423,1.163860334,163,0.257766277,0.230369452,0.067376828,1.041013094,24
D009,O012,2,423,1.163860334,121,0.018977159,0.042108472,0.106166432,0.634587855,7
D009,O013,2,423,1.163860334,38,0.13035544,0.200717694,0.465695355,0.90739434,4
D009,O014,2,423,1.163860334,505,0.055050564,0.385744929,0.323573274,0.956197221,126
D009,O015,2,423,1.163860334,369,0.403527677,0.186961283,0.029180542,1.016098144,88
D009,O016,2,423,1.163860334,990,0.188337728,0.211915952,0.403770273,0.683522338,99
D009,O017,2,423,1.163860334,47,0.235947901,0.205558573,0.450421949,0.98550411,1
D009,O018,2,423,1.163860334,128,0.201594351,0.132120615,0.2466657,1.015365814,15
D009,O019,2,423,1.163860334,24,0.431629638,0.254066717,0.253740338,0.934568431,1
D009,O020,2,423,1.163860334,113,0.348269976,0.095285863,0.409466489,0.990902637,28
D009,O021,2,423,1.163860334,35,0.407381528,0.191612689,0.078494355,0.726366674,4
D009,O022,2,423,1.163860334,193,0.265083523,0.114415056,0.48366938,0.770574624,6
D009,O023,2,423,1.163860334,410,0.214451437,0.12789836,0.094002538,0.876090399,34
D009,O024,2,423,1.163860334,109,0.107543079,0.370185632,0.33107989,0.763088384,2
D009,O025,2,423,1.163860334,53,0.129725034,0.023513439,0.022926164,0.647079336,9
D009,O026,2,423,1.163860334,104,0.335746812,0.309055962,0.214783733,0.866605062,9
D009,O027,2,423,1.163860334,120,0.173792118,0.275390581,0.115990185,0.594400816,1
D009,O028,2,423,1.163860334,315,0.161028291,0.149607497,0.243736481,0.836522744,76
D009,O029,2,423,1.163860334,744,0.31398409,0.144642217,0.380464816,1.001095973,47
D009,O030,2,423,1.163860334,96,0.291312931,0.178362873,0.260288981,0.712485371,21
D009,O031,2,423,1.163860334,61,0.375724597,0.298965989,0.344989603,1.023539068,2
D009,O032,2,423,1.163860334,449,0.47407037,0.293964396,0.333868972,0.526716923,86
D009,O033,2,423,1.163860334,28,0.356894295,0.285864598,0.280390934,0.572892371,5
D009,O034,2,423,1.163860334,172,0.339323194,0.106162856,0.193996227,0.976195745,28
D009,O035,2,423,1.163860334,173,0.041159595,0.256897351,0.341435098,0.936656262,22
D009,O036,2,423,1.163860334,83,0.318040863,0.288671609,0.125731933,0.510862581,11
D009,O037,2,423,1.163860334,232,0.083660283,0.374766445,0.463420281,0.901833982,16
D009,O038,2,423,1.163860334,765,0.137328547,0.153890662,0.395745604,0.824092212,73
D009,O039,2,423,1.163860334,48,0.232718262,0.17994217,0.033136716,0.784320075,1
D009,O040,2,423,1.163860334,585,0.392959459,0.39457393,0.498815231,0.847757244,30
D009,O041,2,423,1.163860334,49,0.297735298,0.268205888,0.212580592,0.765018393,7
D009,O042,2,423,1.163860334,533,0.049123846,0.273615249,0.271891148,0.775509181,28
D009,O043,2,423,1.163860334,936,0.154267686,0.332919895,0.389161836,0.694797352,211
D009,O044,2,423,1.163860334,721,0.432376139,0.324925408,0.144007894,0.742867678,148
D009,O045,2,423,1.163860334,692,0.331104768,0.086465045,0.220042135,0.679206917,59
D009,O046,2,423,1.163860334,402,0.241792287,0.134055119,0.264545347,1.045585484,81
D009,O047,2,423,1.163860334,32,0.457593053,0.357426009,0.365235909,0.729886159,4
D009,O048,2,423,1.163860334,45,0.221925977,0.348159922,0.204633474,0.792986797,8
D009,O049,2,423,1.163860334,33,0.068127718,0.327197905,0.351458552,0.638016666,6
D009,O050,2,423,1.163860334,322,0.206052109,0.123509785,0.230258857,0.710466564,78
D009,O051,2,423,1.163860334,264,0.415458501,0.161179135,0.311726789,0.922834621,12
D009,O052,2,423,1.163860334,249,0.293109713,0.381495942,0.29384703,0.500330142,30
D009,O053,2,423,1.163860334,251,0.008437374,0.219704544,0.077608614,0.857828126,11
D009,O054,2,423,1.163860334,70,0.483939677,0.225369653,0.039302168,0.574845385,11
D009,O055,2,423,1.163860334,143,0.09821222,0.163666817,0.285033773,0.601558378,17
D009,O056,2,423,1.163860334,345,0.064149611,0.031223606,0.23904777,0.691855779,21
D009,O057,2,423,1.163860334,100,0.400541493,0.216556949,0.487740957,1.038462113,22
D009,O058,2,423,1.163860334,22,0.090722232,0.036785238,0.101049312,0.663001423,4
D009,O059,2,423,1.163860334,486,0.079431167,0.248195591,0.397292534,0.804788767,76
D009,O060,2,423,1.163860334,273,0.451061182,0.170720182,0.061912147,0.815113055,50
D009,O061,2,423,1.163860334,27,0.381805437,0.01616482,0.491613692,0.675221612,4
D009,O062,2,423,1.163860334,442,0.418928223,0.359834489,0.417321395,0.554105019,34
D009,O063,2,423,1.163860334,159,0.167777479,0.069957712,0.130372357,0.943907134,38
D009,O064,2,423,1.163860334,358,0.061032209,0.305917985,0.455729849,0.927346891,71
D009,O065,2,423,1.163860334,56,0.248866638,0.340199764,0.379559452,0.583546864,5
D009,O066,2,423,1.163860334,149,0.351209323,0.192455527,0.149427886,0.883050134,9
D009,O067,2,423,1.163860334,60,0.359928689,0.02076874,0.174232425,0.648987034,6
D009,O068,2,423,1.163860334,871,0.148525779,0.2389906,0.43126666,0.56330551,22
D009,O069,2,423,1.163860334,600,0.193256125,0.259153683,0.18565311,0.968309469,107
D009,O070,2,423,1.163860334,139,0.286307662,0.0275532,0.151186277,0.734969069,9
D009,O071,2,423,1.163860334,830,0.025772238,0.059916076,0.006124037,0.854259133,1
D009,O072,2,423,1.163860334,41,0.447028226,0.353970092,0.321029628,0.606201119,5
D009,O073,2,423,1.163860334,22,0.099783277,0.097826372,0.112559894,0.548583884,3
D009,O074,2,423,1.163860334,36,0.042568944,0.004280635,0.087293441,0.86728622,3
D009,O075,2,423,1.163860334,31,0.495260113,0.154710174,0.269857669,0.722353565,5
D009,O076,2,423,1.163860334,202,0.209924614,0.319442165,0.171734319,0.667816616,34
D009,O077,2,423,1.163860334,648,0.325153788,0.303515085,0.316930252,0.613107267,97
D009,O078,2,423,1.163860334,379,0.223960723,0.064878079,0.224272393,0.840645589,80
D009,O079,2,423,1.163860334,65,0.075519811,0.282963886,0.299403793,0.51375586,9
D009,O080,2,423,1.163860334,206,0.124478381,0.390952102,0.159201992,0.812430792,3
D009,O081,2,423,1.163860334,229,0.311863322,0.040757227,0.190953924,0.52059127,6
D009,O082,2,423,1.163860334,630,0.267185735,0.363424574,0.305398084,0.528725737,144
D009,O083,2,423,1.163860334,89,0.002629244,0.11891721,0.012340148,0.799263288,13
D009,O084,2,423,1.163860334,797,0.372992677,0.000386491,0.00152113,0.993396916,169
D009,O085,2,423,1.163860334,66,0.183976656,0.236269207,0.120756181,0.591017322,11
D009,O086,2,423,1.163860334,135,0.469888219,0.056365997,0.043821459,0.952586866,28
D009,O087,2,423,1.163860334,23,0.111840401,0.071296914,0.089679808,0.791166307,2
D009,O088,2,423,1.163860334,74,0.028069089,0.054085246,0.202673962,0.619616712,14
D009,O089,2,423,1.163860334,55,0.492105028,0.101006081,0.474810428,0.657444473,6
D009,O090,2,423,1.163860334,285,0.03434851,0.377557012,0.057284121,0.757204241,14
D009,O091,2,423,1.163860334,85,0.181583703,0.224320695,0.138841885,0.830164928,8
D009,O092,2,423,1.163860334,303,0.442706311,0.172267227,0.436491903,0.897895329,53
D009,O093,2,423,1.163860334,25,0.276275035,0.078153424,0.291384582,0.958605081,1
D009,O094,2,423,1.163860334,888,0.302089761,0.091469055,0.358945917,0.915650339,193
D009,O095,2,423,1.163860334,29,0.365502327,0.314203797,0.177999519,0.631365154,3
D009,O096,2,423,1.163860334,91,0.16170145,0.264353919,0.069555674,0.545005585,20
D010,O001,3,320,3.385100809,184,0.252173292,0.345006223,0.414518539,1.008029851,43
D010,O002,3,320,3.385100809,71,0.386957289,0.33590604,0.423756547,1.030814136,16
D010,O003,3,320,3.385100809,43,0.48531049,0.109844006,0.373132887,0.562934186,5
D010,O004,3,320,3.385100809,544,0.015441285,0.39993713,0.047767101,0.621494583,12
D010,O005,3,320,3.385100809,472,0.458927508,0.08115278,0.018055532,0.751825682,8
D010,O006,3,320,3.385100809,26,0.466438896,0.19990199,0.36047691,0.537345538,5
D010,O007,3,320,3.385100809,20,0.141130372,0.138764594,0.166622366,0.974703346,2
D010,O008,3,320,3.385100809,217,0.118365868,0.010264005,0.438577644,0.70421183,4
D010,O009,3,320,3.385100809,39,0.272204984,0.243100415,0.446678,0.893215891,1
D010,O010,3,320,3.385100809,78,0.42428609,0.04657399,0.47291634,0.886241643,6
D010,O011,3,320,3.385100809,163,0.257766277,0.230369452,0.067376828,1.041013094,24
D010,O012,3,320,3.385100809,121,0.018977159,0.042108472,0.106166432,0.634587855,7
D010,O013,3,320,3.385100809,38,0.13035544,0.200717694,0.465695355,0.90739434,4
D010,O014,3,320,3.385100809,505,0.055050564,0.385744929,0.323573274,0.956197221,126
D010,O015,3,320,3.385100809,369,0.403527677,0.186961283,0.029180542,1.016098144,88
D010,O016,3,320,3.385100809,990,0.188337728,0.211915952,0.403770273,0.683522338,99
D010,O017,3,320,3.385100809,47,0.235947901,0.205558573,0.450421949,0.98550411,1
D010,O018,3,320,3.385100809,128,0.201594351,0.132120615,0.2466657,1.015365814,15
D010,O019,3,320,3.385100809,24,0.431629638,0.254066717,0.253740338,0.934568431,1
D010,O020,3,320,3.385100809,113,0.348269976,0.095285863,0.409466489,0.990902637,28
D010,O021,3,320,3.385100809,35,0.407381528,0.191612689,0.078494355,0.726366674,4
D010,O022,3,320,3.385100809,193,0.265083523,0.114415056,0.48366938,0.770574624,6
D010,O023,3,320,3.385100809,410,0.214451437,0.12789836,0.094002538,0.876090399,34
D010,O024,3,320,3.385100809,109,0.107543079,0.370185632,0.33107989,0.763088384,2
D010,O025,3,320,3.385100809,53,0.129725034,0.023513439,0.022926164,0.647079336,9
D010,O026,3,320,3.385100809,104,0.335746812,0.309055962,0.214783733,0.866605062,9
D010,O027,3,320,3.385100809,120,0.173792118,0.275390581,0.115990185,0.594400816,1
D010,O028,3,320,3.385100809,315,0.161028291,0.149607497,0.243736481,0.836522744,76
D010,O029,3,320,3.385100809,744,0.31398409,0.144642217,0.380464816,1.001095973,47
D010,O030,3,320,3.385100809,96,0.291312931,0.178362873,0.260288981,0.712485371,21
D010,O031,3,320,3.385100809,61,0.375724597,0.298965989,0.344989603,1.023539068,2
D010,O032,3,320,3.385100809,449,0.47407037,0.293964396,0.333868972,0.526716923,86
D010,O033,3,320,3.385100809,28,0.356894295,0.285864598,0.280390934,0.572892371,5
D010,O034,3,320,3.385100809,172,0.339323194,0.106162856,0.193996227,0.976195745,28
D010,O035,3,320,3.385100809,173,0.041159595,0.256897351,0.341435098,0.936656262,22
D010,O036,3,320,3.385100809,83,0.318040863,0.288671609,0.125731933,0.510862581,11
D010,O037,3,320,3.385100809,232,0.083660283,0.374766445,0.463420281,0.901833982,16
D010,O038,3,320,3.385100809,765,0.137328547,0.153890662,0.395745604,0.824092212,73
D010,O039,3,320,3.385100809,48,0.232718262,0.17994217,0.033136716,0.784320075,1
D010,O040,3,320,3.385100809,585,0.392959459,0.39457393,0.498815231,0.847757244,30
D010,O041,3,320,3.385100809,49,0.297735298,0.268205888,0.212580592,0.765018393,7
D010,O042,3,320,3.385100809,533,0.049123846,0.273615249,0.271891148,0.775509181,28
D010,O043,3,320,3.385100809,936,0.154267686,0.332919895,0.389161836,0.694797352,211
D010,O044,3,320,3.385100809,721,0.432376139,0.324925408,0.144007894,0.742867678,148
D010,O045,3,320,3.385100809,692,0.331104768,0.086465045,0.220042135,0.679206917,59
D010,O046,3,320,3.385100809,402,0.241792287,0.134055119,0.264545347,1.045585484,81
D010,O047,3,320,3.385100809,32,0.457593053,0.357426009,0.365235909,0.729886159,4
D010,O048,3,320,3.385100809,45,0.221925977,0.348159922,0.204633474,0.792986797,8
D010,O049,3,320,3.385100809,33,0.068127718,0.327197905,0.351458552,0.638016666,6
D010,O050,3,320,3.385100809,322,0.206052109,0.123509785,0.230258857,0.710466564,78
D010,O051,3,320,3.385100809,264,0.415458501,0.161179135,0.311726789,0.922834621,12
D010,O052,3,320,3.385100809,249,0.293109713,0.381495942,0.29384703,0.500330142,30
D010,O053,3,320,3.385100809,251,0.008437374,0.219704544,0.077608614,0.857828126,11
D010,O054,3,320,3.385100809,70,0.483939677,0.225369653,0.039302168,0.574845385,11
D010,O055,3,320,3.385100809,143,0.09821222,0.163666817,0.285033773,0.601558378,17
D010,O056,3,320,3.385100809,345,0.064149611,0.031223606,0.23904777,0.691855779,21
D010,O057,3,320,3.385100809,100,0.400541493,0.216556949,0.487740957,1.038462113,22
D010,O058,3,320,3.385100809,22,0.090722232,0.036785238,0.101049312,0.663001423,4
D010,O059,3,320,3.385100809,486,0.079431167,0.248195591,0.397292534,0.804788767,76
D010,O060,3,320,3.385100809,273,0.451061182,0.170720182,0.061912147,0.815113055,50
D010,O061,3,320,3.385100809,27,0.381805437,0.01616482,0.491613692,0.675221612,4
D010,O062,3,320,3.385100809,442,0.418928223,0.359834489,0.417321395,0.554105019,34
D010,O063,3,320,3.385100809,159,0.167777479,0.069957712,0.130372357,0.943907134,38
D010,O064,3,320,3.385100809,358,0.061032209,0.305917985,0.455729849,0.927346891,71
D010,O065,3,320,3.385100809,56,0.248866638,0.340199764,0.379559452,0.583546864,5
D010,O066,3,320,3.385100809,149,0.351209323,0.192455527,0.149427886,0.883050134,9
D010,O067,3,320,3.385100809,60,0.359928689,0.02076874,0.174232425,0.648987034,6
D010,O068,3,320,3.385100809,871,0.148525779,0.2389906,0.43126666,0.56330551,22
D010,O069,3,320,3.385100809,600,0.193256125,0.259153683,0.18565311,0.968309469,107
D010,O070,3,320,3.385100809,139,0.286307662,0.0275532,0.151186277,0.734969069,9
D010,O071,3,320,3.385100809,830,0.025772238,0.059916076,0.006124037,0.854259133,1
D010,O072,3,320,3.385100809,41,0.447028226,0.353970092,0.321029628,0.606201119,5
D010,O073,3,320,3.385100809,22,0.099783277,0.097826372,0.112559894,0.548583884,3
D010,O074,3,320,3.385100809,36,0.042568944,0.004280635,0.087293441,0.86728622,3
D010,O075,3,320,3.385100809,31,0.495260113,0.154710174,0.269857669,0.722353565,5
D010,O076,3,320,3.385100809,202,0.209924614,0.319442165,0.171734319,0.667816616,34
D010,O077,3,320,3.385100809,648,0.325153788,0.303515085,0.316930252,0.613107267,97
D010,O078,3,320,3.385100809,379,0.223960723,0.064878079,0.224272393,0.840645589,80
D010,O079,3,320,3.385100809,65,0.075519811,0.282963886,0.299403793,0.51375586,9
D010,O080,3,320,3.385100809,206,0.124478381,0.390952102,0.159201992,0.812430792,3
D010,O081,3,320,3.385100809,229,0.311863322,0.040757227,0.190953924,0.52059127,6
D010,O082,3,320,3.385100809,630,0.267185735,0.363424574,0.305398084,0.528725737,144
D010,O083,3,320,3.385100809,89,0.002629244,0.11891721,0.012340148,0.799263288,13
D010,O084,3,320,3.385100809,797,0.372992677,0.000386491,0.00152113,0.993396916,169
D010,O085,3,320,3.385100809,66,0.183976656,0.236269207,0.120756181,0.591017322,11
D010,O086,3,320,3.385100809,135,0.469888219,0.056365997,0.043821459,0.952586866,28
D010,O087,3,320,3.385100809,23,0.111840401,0.071296914,0.089679808,0.791166307,2
D010,O088,3,320,3.385100809,74,0.028069089,0.054085246,0.202673962,0.619616712,14
D010,O089,3,320,3.385100809,55,0.492105028,0.101006081,0.474810428,0.657444473,6
D010,O090,3,320,3.385100809,285,0.03434851,0.377557012,0.057284121,0.757204241,14
D010,O091,3,320,3.385100809,85,0.181583703,0.224320695,0.138841885,0.830164928,8
D010,O092,3,320,3.385100809,303,0.442706311,0.172267227,0.436491903,0.897895329,53
D010,O093,3,320,3.385100809,25,0.276275035,0.078153424,0.291384582,0.958605081,1
D010,O094,3,320,3.385100809,888,0.302089761,0.091469055,0.358945917,0.915650339,193
D010,O095,3,320,3.385100809,29,0.365502327,0.314203797,0.177999519,0.631365154,3
D010,O096,3,320,3.385100809,91,0.16170145,0.264353919,0.069555674,0.545005585,20
D011,O001,4,490,0.794044452,184,0.252173292,0.345006223,0.414518539,1.008029851,43
D011,O002,4,490,0.794044452,71,0.386957289,0.33590604,0.423756547,1.030814136,16
D011,O003,4,490,0.794044452,43,0.48531049,0.109844006,0.373132887,0.562934186,5
D011,O004,4,490,0.794044452,544,0.015441285,0.39993713,0.047767101,0.621494583,12
D011,O005,4,490,0.794044452,472,0.458927508,0.08115278,0.018055532,0.751825682,8
D011,O006,4,490,0.794044452,26,0.466438896,0.19990199,0.36047691,0.537345538,5
D011,O007,4,490,0.794044452,20,0.141130372,0.138764594,0.166622366,0.974703346,2
D011,O008,4,490,0.794044452,217,0.118365868,0.010264005,0.438577644,0.70421183,4
D011,O009,4,490,0.794044452,39,0.272204984,0.243100415,0.446678,0.893215891,1
D011,O010,4,490,0.794044452,78,0.42428609,0.04657399,0.47291634,0.886241643,6
D011,O011,4,490,0.794044452,163,0.257766277,0.230369452,0.067376828,1.041013094,24
D011,O012,4,490,0.794044452,121,0.018977159,0.042108472,0.106166432,0.634587855,7
D011,O013,4,490,0.794044452,38,0.13035544,0.200717694,0.465695355,0.90739434,4
D011,O014,4,490,0.794044452,505,0.055050564,0.385744929,0.323573274,0.956197221,126
D011,O015,4,490,0.794044452,369,0.403527677,0.186961283,0.029180542,1.016098144,88
D011,O016,4,490,0.794044452,990,0.188337728,0.211915952,0.403770273,0.683522338,99
D011,O017,4,490,0.794044452,47,0.235947901,0.205558573,0.450421949,0.98550411,1
D011,O018,4,490,0.794044452,128,0.201594351,0.132120615,0.2466657,1.015365814,15
D011,O019,4,490,0.794044452,24,0.431629638,0.254066717,0.253740338,0.934568431,1
D011,O020,4,490,0.794044452,113,0.348269976,0.095285863,0.409466489,0.990902637,28
D011,O021,4,490,0.794044452,35,0.407381528,0.191612689,0.078494355,0.726366674,4
D011,O022,4,490,0.794044452,193,0.265083523,0.114415056,0.48366938,0.770574624,6
D011,O023,4,490,0.794044452,410,0.214451437,0.12789836,0.094002538,0.876090399,34
D011,O024,4,490,0.794044452,109,0.107543079,0.370185632,0.33107989,0.763088384,2
D011,O025,4,490,0.794044452,53,0.129725034,0.023513439,0.022926164,0.647079336,9
D011,O026,4,490,0.794044452,104,0.335746812,0.309055962,0.214783733,0.866605062,9
D011,O027,4,490,0.794044452,120,0.173792118,0.275390581,0.115990185,0.594400816,1
D011,O028,4,490,0.794044452,315,0.161028291,0.149607497,0.243736481,0.836522744,76
D011,O029,4,490,0.794044452,744,0.31398409,0.144642217,0.380464816,1.001095973,47
D011,O030,4,490,0.794044452,96,0.291312931,0.178362873,0.260288981,0.712485371,21
D011,O031,4,490,0.794044452,61,0.375724597,0.298965989,0.344989603,1.023539068,2
D011,O032,4,490,0.794044452,449,0.47407037,0.293964396,0.333868972,0.526716923,86
D011,O033,4,490,0.794044452,28,0.356894295,0.285864598,0.280390934,0.572892371,5
D011,O034,4,490,0.794044452,172,0.339323194,0.106162856,0.193996227,0.976195745,28
D011,O035,4,490,0.794044452,173,0.041159595,0.256897351,0.341435098,0.936656262,22
D011,O036,4,490,0.794044452,83,0.318040863,0.288671609,0.125731933,0.510862581,11
D011,O037,4,490,0.794044452,232,0.083660283,0.374766445,0.463420281,0.901833982,16
D011,O038,4,490,0.794044452,765,0.137328547,0.153890662,0.395745604,0.824092212,73
D011,O039,4,490,0.794044452,48,0.232718262,0.17994217,0.033136716,0.784320075,1
D011,O040,4,490,0.794044452,585,0.392959459,0.39457393,0.498815231,0.847757244,30
D011,O041,4,490,0.794044452,49,0.297735298,0.268205888,0.212580592,0.765018393,7
D011,O042,4,490,0.794044452,533,0.049123846,0.273615249,0.271891148,0.775509181,28
D011,O043,4,490,0.794044452,936,0.154267686,0.332919895,0.389161836,0.694797352,211
D011,O044,4,490,0.794044452,721,0.432376139,0.324925408,0.144007894,0.742867678,148
D011,O045,4,490,0.794044452,692,0.331104768,0.086465045,0.220042135,0.679206917,59
D011,O046,4,490,0.794044452,402,0.241792287,0.134055119,0.264545347,1.045585484,81
D011,O047,4,490,0.794044452,32,0.457593053,0.357426009,0.365235909,0.729886159,4
D011,O048,4,490,0.794044452,45,0.221925977,0.348159922,0.204633474,0.792986797,8
D011,O049,4,490,0.794044452,33,0.068127718,0.327197905,0.351458552,0.638016666,6
D011,O050,4,490,0.794044452,322,0.206052109,0.123509785,0.230258857,0.710466564,78
D011,O051,4,490,0.794044452,264,0.415458501,0.161179135,0.311726789,0.922834621,12
D011,O052,4,490,0.794044452,249,0.293109713,0.381495942,0.29384703,0.500330142,30
D011,O053,4,490,0.794044452,251,0.008437374,0.219704544,0.077608614,0.857828126,11
D011,O054,4,490,0.794044452,70,0.483939677,0.225369653,0.039302168,0.574845385,11
D011,O055,4,490,0.794044452,143,0.09821222,0.163666817,0.285033773,0.601558378,17
D011,O056,4,490,0.794044452,345,0.064149611,0.031223606,0.23904777,0.691855779,21
D011,O057,4,490,0.794044452,100,0.400541493,0.216556949,0.487740957,1.038462113,22
D011,O058,4,490,0.794044452,22,0.090722232,0.036785238,0.101049312,0.663001423,4
D011,O059,4,490,0.794044452,486,0.079431167,0.248195591,0.397292534,0.804788767,76
D011,O060,4,490,0.794044452,273,0.451061182,0.170720182,0.061912147,0.815113055,50
D011,O061,4,490,0.794044452,27,0.381805437,0.01616482,0.491613692,0.675221612,4
D011,O062,4,490,0.794044452,442,0.418928223,0.359834489,0.417321395,0.554105019,34
D011,O063,4,490,0.794044452,159,0.167777479,0.069957712,0.130372357,0.943907134,38
D011,O064,4,490,0.794044452,358,0.061032209,0.305917985,0.455729849,0.927346891,71
D011,O065,4,490,0.794044452,56,0.248866638,0.340199764,0.379559452,0.583546864,5
D011,O066,4,490,0.794044452,149,0.351209323,0.192455527,0.149427886,0.883050134,9
D011,O067,4,490,0.794044452,60,0.359928689,0.02076874,0.174232425,0.648987034,6
D011,O068,4,490,0.794044452,871,0.148525779,0.2389906,0.43126666,0.56330551,22
D011,O069,4,490,0.794044452,600,0.193256125,0.259153683,0.18565311,0.968309469,107
D011,O070,4,490,0.794044452,139,0.286307662,0.0275532,0.151186277,0.734969069,9
D011,O071,4,490,0.794044452,830,0.025772238,0.059916076,0.006124037,0.854259133,1
D011,O072,4,490,0.794044452,41,0.447028226,0.353970092,0.321029628,0.606201119,5
D011,O073,4,490,0.794044452,22,0.099783277,0.097826372,0.112559894,0.548583884,3
D011,O074,4,490,0.794044452,36,0.042568944,0.004280635,0.087293441,0.86728622,3
D011,O075,4,490,0.794044452,31,0.495260113,0.154710174,0.269857669,0.722353565,5
D011,O076,4,490,0.794044452,202,0.209924614,0.319442165,0.171734319,0.667816616,34
D011,O077,4,490,0.794044452,648,0.325153788,0.303515085,0.316930252,0.613107267,97
D011,O078,4,490,0.794044452,379,0.223960723,0.064878079,0.224272393,0.840645589,80
D011,O079,4,490,0.794044452,65,0.075519811,0.282963886,0.299403793,0.51375586,9
D011,O080,4,490,0.794044452,206,0.124478381,0.390952102,0.159201992,0.812430792,3
D011,O081,4,490,0.794044452,229,0.311863322,0.040757227,0.190953924,0.52059127,6
D011,O082,4,490,0.794044452,630,0.267185735,0.363424574,0.305398084,0.528725737,144
D011,O083,4,490,0.794044452,89,0.002629244,0.11891721,0.012340148,0.799263288,13
D011,O084,4,490,0.794044452,797,0.372992677,0.000386491,0.00152113,0.993396916,169
D011,O085,4,490,0.794044452,66,0.183976656,0.236269207,0.120756181,0.591017322,11
D011,O086,4,490,0.794044452,135,0.469888219,0.056365997,0.043821459,0.952586866,28
D011,O087,4,490,0.794044452,23,0.111840401,0.071296914,0.089679808,0.791166307,2
D011,O088,4,490,0.794044452,74,0.028069089,0.054085246,0.202673962,0.619616712,14
D011,O089,4,490,0.794044452,55,0.492105028,0.101006081,0.474810428,0.657444473,6
D011,O090,4,490,0.794044452,285,0.03434851,0.377557012,0.057284121,0.757204241,14
D011,O091,4,490,0.794044452,85,0.181583703,0.224320695,0.138841885,0.830164928,8
D011,O092,4,490,0.794044452,303,0.442706311,0.172267227,0.436491903,0.897895329,53
D011,O093,4,490,0.794044452,25,0.276275035,0.078153424,0.291384582,0.958605081,1
D011,O094,4,490,0.794044452,888,0.302089761,0.091469055,0.358945917,0.915650339,193
D011,O095,4,490,0.794044452,29,0.365502327,0.314203797,0.177999519,0.631365154,3
D011,O096,4,490,0.794044452,91,0.16170145,0.264353919,0.069555674,0.545005585,20
D012,O001,6,271,0.558762734,184,0.252173292,0.345006223,0.414518539,1.008029851,43
D012,O002,6,271,0.558762734,71,0.386957289,0.33590604,0.423756547,1.030814136,16
D012,O003,6,271,0.558762734,43,0.48531049,0.109844006,0.373132887,0.562934186,5
D012,O004,6,271,0.558762734,544,0.015441285,0.39993713,0.047767101,0.621494583,12
D012,O005,6,271,0.558762734,472,0.458927508,0.08115278,0.018055532,0.751825682,8
D012,O006,6,271,0.558762734,26,0.466438896,0.19990199,0.36047691,0.537345538,5
D012,O007,6,271,0.558762734,20,0.141130372,0.138764594,0.166622366,0.974703346,2
D012,O008,6,271,0.558762734,217,0.118365868,0.010264005,0.438577644,0.70421183,4
D012,O009,6,271,0.558762734,39,0.272204984,0.243100415,0.446678,0.893215891,1
D012,O010,6,271,0.558762734,78,0.42428609,0.04657399,0.47291634,0.886241643,6
D012,O011,6,271,0.558762734,163,0.257766277,0.230369452,0.067376828,1.041013094,24
D012,O012,6,271,0.558762734,121,0.018977159,0.042108472,0.106166432,0.634587855,7
D012,O013,6,271,0.558762734,38,0.13035544,0.200717694,0.465695355,0.90739434,4
D012,O014,6,271,0.558762734,505,0.055050564,0.385744929,0.323573274,0.956197221,126
D012,O015,6,271,0.558762734,369,0.403527677,0.186961283,0.029180542,1.016098144,88
D012,O016,6,271,0.558762734,990,0.188337728,0.211915952,0.403770273,0.683522338,99
D012,O017,6,271,0.558762734,47,0.235947901,0.205558573,0.450421949,0.98550411,1
D012,O018,6,271,0.558762734,128,0.201594351,0.132120615,0.2466657,1.015365814,15
D012,O019,6,271,0.558762734,24,0.431629638,0.254066717,0.253740338,0.934568431,1
D012,O020,6,271,0.558762734,113,0.348269976,0.095285863,0.409466489,0.990902637,28
D012,O021,6,271,0.558762734,35,0.407381528,0.191612689,0.078494355,0.726366674,4
D012,O022,6,271,0.558762734,193,0.265083523,0.114415056,0.48366938,0.770574624,6
D012,O023,6,271,0.558762734,410,0.214451437,0.12789836,0.094002538,0.876090399,34
D012,O024,6,271,0.558762734,109,0.107543079,0.370185632,0.33107989,0.763088384,2
D012,O025,6,271,0.558762734,53,0.129725034,0.023513439,0.022926164,0.647079336,9
D012,O026,6,271,0.558762734,104,0.335746812,0.309055962,0.214783733,0.866605062,9
D012,O027,6,271,0.558762734,120,0.173792118,0.275390581,0.115990185,0.594400816,1
D012,O028,6,271,0.558762734,315,0.161028291,0.149607497,0.243736481,0.836522744,76
D012,O029,6,271,0.558762734,744,0.31398409,0.144642217,0.380464816,1.001095973,47
D012,O030,6,271,0.558762734,96,0.291312931,0.178362873,0.260288981,0.712485371,21
D012,O031,6,271,0.558762734,61,0.375724597,0.298965989,0.344989603,1.023539068,2
D012,O032,6,271,0.558762734,449,0.47407037,0.293964396,0.333868972,0.526716923,86
D012,O033,6,271,0.558762734,28,0.356894295,0.285864598,0.280390934,0.572892371,5
D012,O034,6,271,0.558762734,172,0.339323194,0.106162856,0.193996227,0.976195745,28
D012,O035,6,271,0.558762734,173,0.041159595,0.256897351,0.341435098,0.936656262,22
D012,O036,6,271,0.558762734,83,0.318040863,0.288671609,0.125731933,0.510862581,11
D012,O037,6,271,0.558762734,232,0.083660283,0.374766445,0.463420281,0.901833982,16
D012,O038,6,271,0.558762734,765,0.137328547,0.153890662,0.395745604,0.824092212,73
D012,O039,6,271,0.558762734,48,0.232718262,0.17994217,0.033136716,0.784320075,1
D012,O040,6,271,0.558762734,585,0.392959459,0.39457393,0.498815231,0.847757244,30
D012,O041,6,271,0.558762734,49,0.297735298,0.268205888,0.212580592,0.765018393,7
D012,O042,6,271,0.558762734,533,0.049123846,0.273615249,0.271891148,0.775509181,28
D012,O043,6,271,0.558762734,936,0.154267686,0.332919895,0.389161836,0.694797352,211
D012,O044,6,271,0.558762734,721,0.432376139,0.324925408,0.144007894,0.742867678,148
D012,O045,6,271,0.558762734,692,0.331104768,0.086465045,0.220042135,0.679206917,59
D012,O046,6,271,0.558762734,402,0.241792287,0.134055119,0.264545347,1.045585484,81
D012,O047,6,271,0.558762734,32,0.457593053,0.357426009,0.365235909,0.729886159,4
D012,O048,6,271,0.558762734,45,0.221925977,0.348159922,0.204633474,0.792986797,8
D012,O049,6,271,0.558762734,33,0.068127718,0.327197905,0.351458552,0.638016666,6
D012,O050,6,271,0.558762734,322,0.206052109,0.123509785,0.230258857,0.710466564,78
D012,O051,6,271,0.558762734,264,0.415458501,0.161179135,0.311726789,0.922834621,12
D012,O052,6,271,0.558762734,249,0.293109713,0.381495942,0.29384703,0.500330142,30
D012,O053,6,271,0.558762734,251,0.008437374,0.219704544,0.077608614,0.857828126,11
D012,O054,6,271,0.558762734,70,0.483939677,0.225369653,0.039302168,0.574845385,11
D012,O055,6,271,0.558762734,143,0.09821222,0.163666817,0.285033773,0.601558378,17
D012,O056,6,271,0.558762734,345,0.064149611,0.031223606,0.23904777,0.691855779,21
D012,O057,6,271,0.558762734,100,0.400541493,0.216556949,0.487740957,1.038462113,22
D012,O058,6,271,0.558762734,22,0.090722232,0.036785238,0.101049312,0.663001423,4
D012,O059,6,271,0.558762734,486,0.079431167,0.248195591,0.397292534,0.804788767,76
D012,O060,6,271,0.558762734,273,0.451061182,0.170720182,0.061912147,0.815113055,50
D012,O061,6,271,0.558762734,27,0.381805437,0.01616482,0.491613692,0.675221612,4
D012,O062,6,271,0.558762734,442,0.418928223,0.359834489,0.417321395,0.554105019,34
D012,O063,6,271,0.558762734,159,0.167777479,0.069957712,0.130372357,0.943907134,38
D012,O064,6,271,0.558762734,358,0.061032209,0.305917985,0.455729849,0.927346891,71
D012,O065,6,271,0.558762734,56,0.248866638,0.340199764,0.379559452,0.583546864,5
D012,O066,6,271,0.558762734,149,0.351209323,0.192455527,0.149427886,0.883050134,9
D012,O067,6,271,0.558762734,60,0.359928689,0.02076874,0.174232425,0.648987034,6
D012,O068,6,271,0.558762734,871,0.148525779,0.2389906,0.43126666,0.56330551,22
D012,O069,6,271,0.558762734,600,0.193256125,0.259153683,0.18565311,0.968309469,107
D012,O070,6,271,0.558762734,139,0.286307662,0.0275532,0.151186277,0.734969069,9
D012,O071,6,271,0.558762734,830,0.025772238,0.059916076,0.006124037,0.854259133,1
D012,O072,6,271,0.558762734,41,0.447028226,0.353970092,0.321029628,0.606201119,5
D012,O073,6,271,0.558762734,22,0.099783277,0.097826372,0.112559894,0.548583884,3
D012,O074,6,271,0.558762734,36,0.042568944,0.004280635,0.087293441,0.86728622,3
D012,O075,6,271,0.558762734,31,0.495260113,0.154710174,0.269857669,0.722353565,5
D012,O076,6,271,0.558762734,202,0.209924614,0.319442165,0.171734319,0.667816616,34
D012,O077,6,271,0.558762734,648,0.325153788,0.303515085,0.316930252,0.613107267,97
D012,O078,6,271,0.558762734,379,0.223960723,0.064878079,0.224272393,0.840645589,80
D012,O079,6,271,0.558762734,65,0.075519811,0.282963886,0.299403793,0.51375586,9
D012,O080,6,271,0.558762734,206,0.124478381,0.390952102,0.159201992,0.812430792,3
D012,O081,6,271,0.558762734,229,0.311863322,0.040757227,0.190953924,0.52059127,6
D012,O082,6,271,0.558762734,630,0.267185735,0.363424574,0.305398084,0.528725737,144
D012,O083,6,271,0.558762734,89,0.002629244,0.11891721,0.012340148,0.799263288,13
D012,O084,6,271,0.558762734,797,0.372992677,0.000386491,0.00152113,0.993396916,169
D012,O085,6,271,0.558762734,66,0.183976656,0.236269207,0.120756181,0.591017322,11
D012,O086,6,271,0.558762734,135,0.469888219,0.056365997,0.043821459,0.952586866,28
D012,O087,6,271,0.558762734,23,0.111840401,0.071296914,0.089679808,0.791166307,2
D012,O088,6,271,0.558762734,74,0.028069089,0.054085246,0.202673962,0.619616712,14
D012,O089,6,271,0.558762734,55,0.492105028,0.101006081,0.474810428,0.657444473,6
D012,O090,6,271,0.558762734,285,0.03434851,0.377557012,0.057284121,0.757204241,14
D012,O091,6,271,0.558762734,85,0.181583703,0.224320695,0.138841885,0.830164928,8
D012,O092,6,271,0.558762734,303,0.442706311,0.172267227,0.436491903,0.897895329,53
D012,O093,6,271,0.558762734,25,0.276275035,0.078153424,0.291384582,0.958605081,1
D012,O094,6,271,0.558762734,888,0.302089761,0.091469055,0.358945917,0.915650339,193
D012,O095,6,271,0.558762734,29,0.365502327,0.314203797,0.177999519,0.631365154,3
D012,O096,6,271,0.558762734,91,0.16170145,0.264353919,0.069555674,0.545005585,20
D013,O001,3,199,0.306535686,184,0.252173292,0.345006223,0.414518539,1.008029851,43
D013,O002,3,199,0.306535686,71,0.386957289,0.33590604,0.423756547,1.030814136,16
D013,O003,3,199,0.306535686,43,0.48531049,0.109844006,0.373132887,0.562934186,5
D013,O004,3,199,0.306535686,544,0.015441285,0.39993713,0.047767101,0.621494583,12
D013,O005,3,199,0.306535686,472,0.458927508,0.08115278,0.018055532,0.751825682,8
D013,O006,3,199,0.306535686,26,0.466438896,0.19990199,0.36047691,0.537345538,5
D013,O007,3,199,0.306535686,20,0.141130372,0.138764594,0.166622366,0.974703346,2
D013,O008,3,199,0.306535686,217,0.118365868,0.010264005,0.438577644,0.70421183,4
D013,O009,3,199,0.306535686,39,0.272204984,0.243100415,0.446678,0.893215891,1
D013,O010,3,199,0.306535686,78,0.42428609,0.04657399,0.47291634,0.886241643,6
D013,O011,3,199,0.306535686,163,0.257766277,0.230369452,0.067376828,1.041013094,24
D013,O012,3,199,0.306535686,121,0.018977159,0.042108472,0.106166432,0.634587855,7
D013,O013,3,199,0.306535686,38,0.13035544,0.200717694,0.465695355,0.90739434,4
D013,O014,3,199,0.306535686,505,0.055050564,0.385744929,0.323573274,0.956197221,126
D013,O015,3,199,0.306535686,369,0.403527677,0.186961283,0.029180542,1.016098144,88
D013,O016,3,199,0.306535686,990,0.188337728,0.211915952,0.403770273,0.683522338,99
D013,O017,3,199,0.306535686,47,0.235947901,0.205558573,0.450421949,0.98550411,1
D013,O018,3,199,0.306535686,128,0.201594351,0.132120615,0.2466657,1.015365814,15
D013,O019,3,199,0.306535686,24,0.431629638,0.254066717,0.253740338,0.934568431,1
D013,O020,3,199,0.306535686,113,0.348269976,0.095285863,0.409466489,0.990902637,28
D013,O021,3,199,0.306535686,35,0.407381528,0.191612689,0.078494355,0.726366674,4
D013,O022,3,199,0.306535686,193,0.265083523,0.114415056,0.48366938,0.770574624,6
D013,O023,3,199,0.306535686,410,0.214451437,0.12789836,0.094002538,0.876090399,34
D013,O024,3,199,0.306535686,109,0.107543079,0.370185632,0.33107989,0.763088384,2
D013,O025,3,199,0.306535686,53,0.129725034,0.023513439,0.022926164,0.647079336,9
D013,O026,3,199,0.306535686,104,0.335746812,0.309055962,0.214783733,0.866605062,9
D013,O027,3,199,0.306535686,120,0.173792118,0.275390581,0.115990185,0.594400816,1
D013,O028,3,199,0.306535686,315,0.161028291,0.149607497,0.243736481,0.836522744,76
D013,O029,3,199,0.306535686,744,0.31398409,0.144642217,0.380464816,1.001095973,47
D013,O030,3,199,0.306535686,96,0.291312931,0.178362873,0.260288981,0.712485371,21
D013,O031,3,199,0.306535686,61,0.375724597,0.298965989,0.344989603,1.023539068,2
D013,O032,3,199,0.306535686,449,0.47407037,0.293964396,0.333868972,0.526716923,86
D013,O033,3,199,0.306535686,28,0.356894295,0.285864598,0.280390934,0.572892371,5
D013,O034,3,199,0.306535686,172,0.339323194,0.106162856,0.193996227,0.976195745,28
D013,O035,3,199,0.306535686,173,0.041159595,0.256897351,0.341435098,0.936656262,22
D013,O036,3,199,0.306535686,83,0.318040863,0.288671609,0.125731933,0.510862581,11
D013,O037,3,199,0.306535686,232,0.083660283,0.374766445,0.463420281,0.901833982,16
D013,O038,3,199,0.306535686,765,0.137328547,0.153890662,0.395745604,0.824092212,73
D013,O039,3,199,0.306535686,48,0.232718262,0.17994217,0.033136716,0.784320075,1
D013,O040,3,199,0.306535686,585,0.392959459,0.39457393,0.498815231,0.847757244,30
D013,O041,3,199,0.306535686,49,0.297735298,0.268205888,0.212580592,0.765018393,7
D013,O042,3,199,0.306535686,533,0.049123846,0.273615249,0.271891148,0.775509181,28
D013,O043,3,199,0.306535686,936,0.154267686,0.332919895,0.389161836,0.694797352,211
D013,O044,3,199,0.306535686,721,0.432376139,0.324925408,0.144007894,0.742867678,148
D013,O045,3,199,0.306535686,692,0.331104768,0.086465045,0.220042135,0.679206917,59
D013,O046,3,199,0.306535686,402,0.241792287,0.134055119,0.264545347,1.045585484,81
D013,O047,3,199,0.306535686,32,0.457593053,0.357426009,0.365235909,0.729886159,4
D013,O048,3,199,0.306535686,45,0.221925977,0.348159922,0.204633474,0.792986797,8
D013,O049,3,199,0.306535686,33,0.068127718,0.327197905,0.351458552,0.638016666,6
D013,O050,3,199,0.306535686,322,0.206052109,0.123509785,0.230258857,0.710466564,78
D013,O051,3,199,0.306535686,264,0.415458501,0.161179135,0.311726789,0.922834621,12
D013,O052,3,199,0.306535686,249,0.293109713,0.381495942,0.29384703,0.500330142,30
D013,O053,3,199,0.306535686,251,0.008437374,0.219704544,0.077608614,0.857828126,11
D013,O054,3,199,0.306535686,70,0.483939677,0.225369653,0.039302168,0.574845385,11
D013,O055,3,199,0.306535686,143,0.09821222,0.163666817,0.285033773,0.601558378,17
D013,O056,3,199,0.306535686,345,0.064149611,0.031223606,0.23904777,0.691855779,21
D013,O057,3,199,0.306535686,100,0.400541493,0.216556949,0.487740957,1.038462113,22
D013,O058,3,199,0.306535686,22,0.090722232,0.036785238,0.101049312,0.663001423,4
D013,O059,3,199,0.306535686,486,0.079431167,0.248195591,0.397292534,0.804788767,76
D013,O060,3,199,0.306535686,273,0.451061182,0.170720182,0.061912147,0.815113055,50
D013,O061,3,199,0.306535686,27,0.381805437,0.01616482,0.491613692,0.675221612,4
D013,O062,3,199,0.306535686,442,0.418928223,0.359834489,0.417321395,0.554105019,34
D013,O063,3,199,0.306535686,159,0.167777479,0.069957712,0.130372357,0.943907134,38
D013,O064,3,199,0.306535686,358,0.061032209,0.305917985,0.455729849,0.927346891,71
D013,O065,3,199,0.306535686,56,0.248866638,0.340199764,0.379559452,0.583546864,5
D013,O066,3,199,0.306535686,149,0.351209323,0.192455527,0.149427886,0.883050134,9
D013,O067,3,199,0.306535686,60,0.359928689,0.02076874,0.174232425,0.648987034,6
D013,O068,3,199,0.306535686,871,0.148525779,0.2389906,0.43126666,0.56330551,22
D013,O069,3,199,0.306535686,600,0.193256125,0.259153683,0.18565311,0.968309469,107
D013,O070,3,199,0.306535686,139,0.286307662,0.0275532,0.151186277,0.734969069,9
D013,O071,3,199,0.306535686,830,0.025772238,0.059916076,0.006124037,0.854259133,1
D013,O072,3,199,0.306535686,41,0.447028226,0.353970092,0.321029628,0.606201119,5
D013,O073,3,199,0.306535686,22,0.099783277,0.097826372,0.112559894,0.548583884,3
D013,O074,3,199,0.306535686,36,0.042568944,0.004280635,0.087293441,0.86728622,3
D013,O075,3,199,0.306535686,31,0.495260113,0.154710174,0.269857669,0.722353565,5
D013,O076,3,199,0.306535686,202,0.209924614,0.319442165,0.171734319,0.667816616,34
D013,O077,3,199,0.306535686,648,0.325153788,0.303515085,0.316930252,0.613107267,97
D013,O078,3,199,0.306535686,379,0.223960723,0.064878079,0.224272393,0.840645589,80
D013,O079,3,199,0.306535686,65,0.075519811,0.282963886,0.299403793,0.51375586,9
D013,O080,3,199,0.306535686,206,0.124478381,0.390952102,0.159201992,0.812430792,3
D013,O081,3,199,0.306535686,229,0.311863322,0.040757227,0.190953924,0.52059127,6
D013,O082,3,199,0.306535686,630,0.267185735,0.363424574,0.305398084,0.528725737,144
D013,O083,3,199,0.306535686,89,0.002629244,0.11891721,0.012340148,0.799263288,13
D013,O084,3,199,0.306535686,797,0.372992677,0.000386491,0.00152113,0.993396916,169
D013,O085,3,199,0.306535686,66,0.183976656,0.236269207,0.120756181,0.591017322,11
D013,O086,3,199,0.306535686,135,0.469888219,0.056365997,0.043821459,0.952586866,28
D013,O087,3,199,0.306535686,23,0.111840401,0.071296914,0.089679808,0.791166307,2
D013,O088,3,199,0.306535686,74,0.028069089,0.054085246,0.202673962,0.619616712,14
D013,O089,3,199,0.306535686,55,0.492105028,0.101006081,0.474810428,0.657444473,6
D013,O090,3,199,0.306535686,285,0.03434851,0.377557012,0.057284121,0.757204241,14
D013,O091,3,199,0.306535686,85,0.181583703,0.224320695,0.138841885,0.830164928,8
D013,O092,3,199,0.306535686,303,0.442706311,0.172267227,0.436491903,0.897895329,53
D013,O093,3,199,0.306535686,25,0.276275035,0.078153424,0.291384582,0.958605081,1
D013,O094,3,199,0.306535686,888,0.302089761,0.091469055,0.358945917,0.915650339,193
D013,O095,3,199,0.306535686,29,0.365502327,0.314203797,0.177999519,0.631365154,3
D013,O096,3,199,0.306535686,91,0.16170145,0.264353919,0.069555674,0.545005585,20
D014,O001,7,749,0.675783574,184,0.252173292,0.345006223,0.414518539,1.008029851,43
D014,O002,7,749,0.675783574,71,0.386957289,0.33590604,0.423756547,1.030814136,16
D014,O003,7,749,0.675783574,43,0.48531049,0.109844006,0.373132887,0.562934186,5
D014,O004,7,749,0.675783574,544,0.015441285,0.39993713,0.047767101,0.621494583,12
D014,O005,7,749,0.675783574,472,0.458927508,0.08115278,0.018055532,0.751825682,8
D014,O006,7,749,0.675783574,26,0.466438896,0.19990199,0.36047691,0.537345538,5
D014,O007,7,749,0.675783574,20,0.141130372,0.138764594,0.166622366,0.974703346,2
D014,O008,7,749,0.675783574,217,0.118365868,0.010264005,0.438577644,0.70421183,4
D014,O009,7,749,0.675783574,39,0.272204984,0.243100415,0.446678,0.893215891,1
D014,O010,7,749,0.675783574,78,0.42428609,0.04657399,0.47291634,0.886241643,6
D014,O011,7,749,0.675783574,163,0.257766277,0.230369452,0.067376828,1.041013094,24
D014,O012,7,749,0.675783574,121,0.018977159,0.042108472,0.106166432,0.634587855,7
D014,O013,7,749,0.675783574,38,0.13035544,0.200717694,0.465695355,0.90739434,4
D014,O014,7,749,0.675783574,505,0.055050564,0.385744929,0.323573274,0.956197221,126
D014,O015,7,749,0.675783574,369,0.403527677,0.186961283,0.029180542,1.016098144,88
D014,O016,7,749,0.675783574,990,0.188337728,0.211915952,0.403770273,0.683522338,99
D014,O017,7,749,0.675783574,47,0.235947901,0.205558573,0.450421949,0.98550411,1
D014,O018,7,749,0.675783574,128,0.201594351,0.132120615,0.2466657,1.015365814,15
D014,O019,7,749,0.675783574,24,0.431629638,0.254066717,0.253740338,0.934568431,1
D014,O020,7,749,0.675783574,113,0.348269976,0.095285863,0.409466489,0.990902637,28
D014,O021,7,749,0.675783574,35,0.407381528,0.191612689,0.078494355,0.726366674,4
D014,O022,7,749,0.675783574,193,0.265083523,0.114415056,0.48366938,0.770574624,6
D014,O023,7,749,0.675783574,410,0.214451437,0.12789836,0.094002538,0.876090399,34
D014,O024,7,749,0.675783574,109,0.107543079,0.370185632,0.33107989,0.763088384,2
D014,O025,7,749,0.675783574,53,0.129725034,0.023513439,0.022926164,0.647079336,9
D014,O026,7,749,0.675783574,104,0.335746812,0.309055962,0.214783733,0.866605062,9
D014,O027,7,749,0.675783574,120,0.173792118,0.275390581,0.115990185,0.594400816,1
D014,O028,7,749,0.675783574,315,0.161028291,0.149607497,0.243736481,0.836522744,76
D014,O029,7,749,0.675783574,744,0.31398409,0.144642217,0.380464816,1.001095973,47
D014,O030,7,749,0.675783574,96,0.291312931,0.178362873,0.260288981,0.712485371,21
D014,O031,7,749,0.675783574,61,0.375724597,0.298965989,0.344989603,1.023539068,2
D014,O032,7,749,0.675783574,449,0.47407037,0.293964396,0.333868972,0.526716923,86
D014,O033,7,749,0.675783574,28,0.356894295,0.285864598,0.280390934,0.572892371,5
D014,O034,7,749,0.675783574,172,0.339323194,0.106162856,0.193996227,0.976195745,28
D014,O035,7,749,0.675783574,173,0.041159595,0.256897351,0.341435098,0.936656262,22
D014,O036,7,749,0.675783574,83,0.318040863,0.288671609,0.125731933,0.510862581,11
D014,O037,7,749,0.675783574,232,0.083660283,0.374766445,0.463420281,0.901833982,16
D014,O038,7,749,0.675783574,765,0.137328547,0.153890662,0.395745604,0.824092212,73
D014,O039,7,749,0.675783574,48,0.232718262,0.17994217,0.033136716,0.784320075,1
D014,O040,7,749,0.675783574,585,0.392959459,0.39457393,0.498815231,0.847757244,30
D014,O041,7,749,0.675783574,49,0.297735298,0.268205888,0.212580592,0.765018393,7
D014,O042,7,749,0.675783574,533,0.049123846,0.273615249,0.271891148,0.775509181,28
D014,O043,7,749,0.675783574,936,0.154267686,0.332919895,0.389161836,0.694797352,211
D014,O044,7,749,0.675783574,721,0.432376139,0.324925408,0.144007894,0.742867678,148
D014,O045,7,749,0.675783574,692,0.331104768,0.086465045,0.220042135,0.679206917,59
D014,O046,7,749,0.675783574,402,0.241792287,0.134055119,0.264545347,1.045585484,81
D014,O047,7,749,0.675783574,32,0.457593053,0.357426009,0.365235909,0.729886159,4
D014,O048,7,749,0.675783574,45,0.221925977,0.348159922,0.204633474,0.792986797,8
D014,O049,7,749,0.675783574,33,0.068127718,0.327197905,0.351458552,0.638016666,6
D014,O050,7,749,0.675783574,322,0.206052109,0.123509785,0.230258857,0.710466564,78
D014,O051,7,749,0.675783574,264,0.415458501,0.161179135,0.311726789,0.922834621,12
D014,O052,7,749,0.675783574,249,0.293109713,0.381495942,0.29384703,0.500330142,30
D014,O053,7,749,0.675783574,251,0.008437374,0.219704544,0.077608614,0.857828126,11
D014,O054,7,749,0.675783574,70,0.483939677,0.225369653,0.039302168,0.574845385,11
D014,O055,7,749,0.675783574,143,0.09821222,0.163666817,0.285033773,0.601558378,17
D014,O056,7,749,0.675783574,345,0.064149611,0.031223606,0.23904777,0.691855779,21
D014,O057,7,749,0.675783574,100,0.400541493,0.216556949,0.487740957,1.038462113,22
D014,O058,7,749,0.675783574,22,0.090722232,0.036785238,0.101049312,0.663001423,4
D014,O059,7,749,0.675783574,486,0.079431167,0.248195591,0.397292534,0.804788767,76
D014,O060,7,749,0.675783574,273,0.451061182,0.170720182,0.061912147,0.815113055,50
D014,O061,7,749,0.675783574,27,0.381805437,0.01616482,0.491613692,0.675221612,4
D014,O062,7,749,0.675783574,442,0.418928223,0.359834489,0.417321395,0.554105019,34
D014,O063,7,749,0.675783574,159,0.167777479,0.069957712,0.130372357,0.943907134,38
D014,O064,7,749,0.675783574,358,0.061032209,0.305917985,0.455729849,0.927346891,71
D014,O065,7,749,0.675783574,56,0.248866638,0.340199764,0.379559452,0.583546864,5
D014,O066,7,749,0.675783574,149,0.351209323,0.192455527,0.149427886,0.883050134,9
D014,O067,7,749,0.675783574,60,0.359928689,0.02076874,0.174232425,0.648987034,6
D014,O068,7,749,0.675783574,871,0.148525779,0.2389906,0.43126666,0.56330551,22
D014,O069,7,749,0.675783574,600,0.193256125,0.259153683,0.18565311,0.968309469,107
D014,O070,7,749,0.675783574,139,0.286307662,0.0275532,0.151186277,0.734969069,9
D014,O071,7,749,0.675783574,830,0.025772238,0.059916076,0.006124037,0.854259133,1
D014,O072,7,749,0.675783574,41,0.447028226,0.353970092,0.321029628,0.606201119,5
D014,O073,7,749,0.675783574,22,0.099783277,0.097826372,0.112559894,0.548583884,3
D014,O074,7,749,0.675783574,36,0.042568944,0.004280635,0.087293441,0.86728622,3
D014,O075,7,749,0.675783574,31,0.495260113,0.154710174,0.269857669,0.722353565,5
D014,O076,7,749,0.675783574,202,0.209924614,0.319442165,0.171734319,0.667816616,34
D014,O077,7,749,0.675783574,648,0.325153788,0.303515085,0.316930252,0.613107267,97
D014,O078,7,749,0.675783574,379,0.223960723,0.064878079,0.224272393,0.840645589,80
D014,O079,7,749,0.675783574,65,0.075519811,0.282963886,0.299403793,0.51375586,9
D014,O080,7,749,0.675783574,206,0.124478381,0.390952102,0.159201992,0.812430792,3
D014,O081,7,749,0.675783574,229,0.311863322,0.040757227,0.190953924,0.52059127,6
D014,O082,7,749,0.675783574,630,0.267185735,0.363424574,0.305398084,0.528725737,144
D014,O083,7,749,0.675783574,89,0.002629244,0.11891721,0.012340148,0.799263288,13
D014,O084,7,749,0.675783574,797,0.372992677,0.000386491,0.00152113,0.993396916,169
D014,O085,7,749,0.675783574,66,0.183976656,0.236269207,0.120756181,0.591017322,11
D014,O086,7,749,0.675783574,135,0.469888219,0.056365997,0.043821459,0.952586866,28
D014,O087,7,749,0.675783574,23,0.111840401,0.071296914,0.089679808,0.791166307,2
D014,O088,7,749,0.675783574,74,0.028069089,0.054085246,0.202673962,0.619616712,14
D014,O089,7,749,0.675783574,55,0.492105028,0.101006081,0.474810428,0.657444473,6
D014,O090,7,749,0.675783574,285,0.03434851,0.377557012,0.057284121,0.757204241,14
D014,O091,7,749,0.675783574,85,0.181583703,0.224320695,0.138841885,0.830164928,8
D014,O092,7,749,0.675783574,303,0.442706311,0.172267227,0.436491903,0.897895329,53
D014,O093,7,749,0.675783574,25,0.276275035,0.078153424,0.291384582,0.958605081,1
D014,O094,7,749,0.675783574,888,0.302089761,0.091469055,0.358945917,0.915650339,193
D014,O095,7,749,0.675783574,29,0.365502327,0.314203797,0.177999519,0.631365154,3
D014,O096,7,749,0.675783574,91,0.16170145,0.264353919,0.069555674,0.545005585,20
D015,O001,8,297,0.769641294,184,0.252173292,0.345006223,0.414518539,1.008029851,43
D015,O002,8,297,0.769641294,71,0.386957289,0.33590604,0.423756547,1.030814136,16
D015,O003,8,297,0.769641294,43,0.48531049,0.109844006,0.373132887,0.562934186,5
D015,O004,8,297,0.769641294,544,0.015441285,0.39993713,0.047767101,0.621494583,12
D015,O005,8,297,0.769641294,472,0.458927508,0.08115278,0.018055532,0.751825682,8
D015,O006,8,297,0.769641294,26,0.466438896,0.19990199,0.36047691,0.537345538,5
D015,O007,8,297,0.769641294,20,0.141130372,0.138764594,0.166622366,0.974703346,2
D015,O008,8,297,0.769641294,217,0.118365868,0.010264005,0.438577644,0.70421183,4
D015,O009,8,297,0.769641294,39,0.272204984,0.243100415,0.446678,0.893215891,1
D015,O010,8,297,0.769641294,78,0.42428609,0.04657399,0.47291634,0.886241643,6
D015,O011,8,297,0.769641294,163,0.257766277,0.230369452,0.067376828,1.041013094,24
D015,O012,8,297,0.769641294,121,0.018977159,0.042108472,0.106166432,0.634587855,7
D015,O013,8,297,0.769641294,38,0.13035544,0.200717694,0.465695355,0.90739434,4
D015,O014,8,297,0.769641294,505,0.055050564,0.385744929,0.323573274,0.956197221,126
D015,O015,8,297,0.769641294,369,0.403527677,0.186961283,0.029180542,1.016098144,88
D015,O016,8,297,0.769641294,990,0.188337728,0.211915952,0.403770273,0.683522338,99
D015,O017,8,297,0.769641294,47,0.235947901,0.205558573,0.450421949,0.98550411,1
D015,O018,8,297,0.769641294,128,0.201594351,0.132120615,0.2466657,1.015365814,15
D015,O019,8,297,0.769641294,24,0.431629638,0.254066717,0.253740338,0.934568431,1
D015,O020,8,297,0.769641294,113,0.348269976,0.095285863,0.409466489,0.990902637,28
D015,O021,8,297,0.769641294,35,0.407381528,0.191612689,0.078494355,0.726366674,4
D015,O022,8,297,0.769641294,193,0.265083523,0.114415056,0.48366938,0.770574624,6
D015,O023,8,297,0.769641294,410,0.214451437,0.12789836,0.094002538,0.876090399,34
D015,O024,8,297,0.769641294,109,0.107543079,0.370185632,0.33107989,0.763088384,2
D015,O025,8,297,0.769641294,53,0.129725034,0.023513439,0.022926164,0.647079336,9
D015,O026,8,297,0.769641294,104,0.335746812,0.309055962,0.214783733,0.866605062,9
D015,O027,8,297,0.769641294,120,0.173792118,0.275390581,0.115990185,0.594400816,1
D015,O028,8,297,0.769641294,315,0.161028291,0.149607497,0.243736481,0.836522744,76
D015,O029,8,297,0.769641294,744,0.31398409,0.144642217,0.380464816,1.001095973,47
D015,O030,8,297,0.769641294,96,0.291312931,0.178362873,0.260288981,0.712485371,21
D015,O031,8,297,0.769641294,61,0.375724597,0.298965989,0.344989603,1.023539068,2
D015,O032,8,297,0.769641294,449,0.47407037,0.293964396,0.333868972,0.526716923,86
D015,O033,8,297,0.769641294,28,0.356894295,0.285864598,0.280390934,0.572892371,5
D015,O034,8,297,0.769641294,172,0.339323194,0.106162856,0.193996227,0.976195745,28
D015,O035,8,297,0.769641294,173,0.041159595,0.256897351,0.341435098,0.936656262,22
D015,O036,8,297,0.769641294,83,0.318040863,0.288671609,0.125731933,0.510862581,11
D015,O037,8,297,0.769641294,232,0.083660283,0.374766445,0.463420281,0.901833982,16
D015,O038,8,297,0.769641294,765,0.137328547,0.153890662,0.395745604,0.824092212,73
D015,O039,8,297,0.769641294,48,0.232718262,0.17994217,0.033136716,0.784320075,1
D015,O040,8,297,0.769641294,585,0.392959459,0.39457393,0.498815231,0.847757244,30
D015,O041,8,297,0.769641294,49,0.297735298,0.268205888,0.212580592,0.765018393,7
D015,O042,8,297,0.769641294,533,0.049123846,0.273615249,0.271891148,0.775509181,28
D015,O043,8,297,0.769641294,936,0.154267686,0.332919895,0.389161836,0.694797352,211
D015,O044,8,297,0.769641294,721,0.432376139,0.324925408,0.144007894,0.742867678,148
D015,O045,8,297,0.769641294,692,0.331104768,0.086465045,0.220042135,0.679206917,59
D015,O046,8,297,0.769641294,402,0.241792287,0.134055119,0.264545347,1.045585484,81
D015,O047,8,297,0.769641294,32,0.457593053,0.357426009,0.365235909,0.729886159,4
D015,O048,8,297,0.769641294,45,0.221925977,0.348159922,0.204633474,0.792986797,8
D015,O049,8,297,0.769641294,33,0.068127718,0.327197905,0.351458552,0.638016666,6
D015,O050,8,297,0.769641294,322,0.206052109,0.123509785,0.230258857,0.710466564,78
D015,O051,8,297,0.769641294,264,0.415458501,0.161179135,0.311726789,0.922834621,12
D015,O052,8,297,0.769641294,249,0.293109713,0.381495942,0.29384703,0.500330142,30
D015,O053,8,297,0.769641294,251,0.008437374,0.219704544,0.077608614,0.857828126,11
D015,O054,8,297,0.769641294,70,0.483939677,0.225369653,0.039302168,0.574845385,11
D015,O055,8,297,0.769641294,143,0.09821222,0.163666817,0.285033773,0.601558378,17
D015,O056,8,297,0.769641294,345,0.064149611,0.031223606,0.23904777,0.691855779,21
D015,O057,8,297,0.769641294,100,0.400541493,0.216556949,0.487740957,1.038462113,22
D015,O058,8,297,0.769641294,22,0.090722232,0.036785238,0.101049312,0.663001423,4
D015,O059,8,297,0.769641294,486,0.079431167,0.248195591,0.397292534,0.804788767,76
D015,O060,8,297,0.769641294,273,0.451061182,0.170720182,0.061912147,0.815113055,50
D015,O061,8,297,0.769641294,27,0.381805437,0.01616482,0.491613692,0.675221612,4
D015,O062,8,297,0.769641294,442,0.418928223,0.359834489,0.417321395,0.554105019,34
D015,O063,8,297,0.769641294,159,0.167777479,0.069957712,0.130372357,0.943907134,38
D015,O064,8,297,0.769641294,358,0.061032209,0.305917985,0.455729849,0.927346891,71
D015,O065,8,297,0.769641294,56,0.248866638,0.340199764,0.379559452,0.583546864,5
D015,O066,8,297,0.769641294,149,0.351209323,0.192455527,0.149427886,0.883050134,9
D015,O067,8,297,0.769641294,60,0.359928689,0.02076874,0.174232425,0.648987034,6
D015,O068,8,297,0.769641294,871,0.148525779,0.2389906,0.43126666,0.56330551,22
D015,O069,8,297,0.769641294,600,0.193256125,0.259153683,0.18565311,0.968309469,107
D015,O070,8,297,0.769641294,139,0.286307662,0.0275532,0.151186277,0.734969069,9
D015,O071,8,297,0.769641294,830,0.025772238,0.059916076,0.006124037,0.854259133,1
D015,O072,8,297,0.769641294,41,0.447028226,0.353970092,0.321029628,0.606201119,5
D015,O073,8,297,0.769641294,22,0.099783277,0.097826372,0.112559894,0.548583884,3
D015,O074,8,297,0.769641294,36,0.042568944,0.004280635,0.087293441,0.86728622,3
D015,O075,8,297,0.769641294,31,0.495260113,0.154710174,0.269857669,0.722353565,5
D015,O076,8,297,0.769641294,202,0.209924614,0.319442165,0.171734319,0.667816616,34
D015,O077,8,297,0.769641294,648,0.325153788,0.303515085,0.316930252,0.613107267,97
D015,O078,8,297,0.769641294,379,0.223960723,0.064878079,0.224272393,0.840645589,80
D015,O079,8,297,0.769641294,65,0.075519811,0.282963886,0.299403793,0.51375586,9
D015,O080,8,297,0.769641294,206,0.124478381,0.390952102,0.159201992,0.812430792,3
D015,O081,8,297,0.769641294,229,0.311863322,0.040757227,0.190953924,0.52059127,6
D015,O082,8,297,0.769641294,630,0.267185735,0.363424574,0.305398084,0.528725737,144
D015,O083,8,297,0.769641294,89,0.002629244,0.11891721,0.012340148,0.799263288,13
D015,O084,8,297,0.769641294,797,0.372992677,0.000386491,0.00152113,0.993396916,169
D015,O085,8,297,0.769641294,66,0.183976656,0.236269207,0.120756181,0.591017322,11
D015,O086,8,297,0.769641294,135,0.469888219,0.056365997,0.043821459,0.952586866,28
D015,O087,8,297,0.769641294,23,0.111840401,0.071296914,0.089679808,0.791166307,2
D015,O088,8,297,0.769641294,74,0.028069089,0.054085246,0.202673962,0.619616712,14
D015,O089,8,297,0.769641294,55,0.492105028,0.101006081,0.474810428,0.657444473,6
D015,O090,8,297,0.769641294,285,0.03434851,0.377557012,0.057284121,0.757204241,14
D015,O091,8,297,0.769641294,85,0.181583703,0.224320695,0.138841885,0.830164928,8
D015,O092,8,297,0.769641294,303,0.442706311,0.172267227,0.436491903,0.897895329,53
D015,O093,8,297,0.769641294,25,0.276275035,0.078153424,0.291384582,0.958605081,1
D015,O094,8,297,0.769641294,888,0.302089761,0.091469055,0.358945917,0.915650339,193
D015,O095,8,297,0.769641294,29,0.365502327,0.314203797,0.177999519,0.631365154,3
D015,O096,8,297,0.769641294,91,0.16170145,0.264353919,0.069555674,0.545005585,20
D016,O001,5,172,1.125620781,184,0.252173292,0.345006223,0.414518539,1.008029851,43
D016,O002,5,172,1.125620781,71,0.386957289,0.33590604,0.423756547,1.030814136,16
D016,O003,5,172,1.125620781,43,0.48531049,0.109844006,0.373132887,0.562934186,5
D016,O004,5,172,1.125620781,544,0.015441285,0.39993713,0.047767101,0.621494583,12
D016,O005,5,172,1.125620781,472,0.458927508,0.08115278,0.018055532,0.751825682,8
D016,O006,5,172,1.125620781,26,0.466438896,0.19990199,0.36047691,0.537345538,5
D016,O007,5,172,1.125620781,20,0.141130372,0.138764594,0.166622366,0.974703346,2
D016,O008,5,172,1.125620781,217,0.118365868,0.010264005,0.438577644,0.70421183,4
D016,O009,5,172,1.125620781,39,0.272204984,0.243100415,0.446678,0.893215891,1
D016,O010,5,172,1.125620781,78,0.42428609,0.04657399,0.47291634,0.886241643,6
D016,O011,5,172,1.125620781,163,0.257766277,0.230369452,0.067376828,1.041013094,24
D016,O012,5,172,1.125620781,121,0.018977159,0.042108472,0.106166432,0.634587855,7
D016,O013,5,172,1.125620781,38,0.13035544,0.200717694,0.465695355,0.90739434,4
D016,O014,5,172,1.125620781,505,0.055050564,0.385744929,0.323573274,0.956197221,126
D016,O015,5,172,1.125620781,369,0.403527677,0.186961283,0.029180542,1.016098144,88
D016,O016,5,172,1.125620781,990,0.188337728,0.211915952,0.403770273,0.683522338,99
D016,O017,5,172,1.125620781,47,0.235947901,0.205558573,0.450421949,0.98550411,1
D016,O018,5,172,1.125620781,128,0.201594351,0.132120615,0.2466657,1.015365814,15
D016,O019,5,172,1.125620781,24,0.431629638,0.254066717,0.253740338,0.934568431,1
D016,O020,5,172,1.125620781,113,0.348269976,0.095285863,0.409466489,0.990902637,28
D016,O021,5,172,1.125620781,35,0.407381528,0.191612689,0.078494355,0.726366674,4
D016,O022,5,172,1.125620781,193,0.265083523,0.114415056,0.48366938,0.770574624,6
D016,O023,5,172,1.125620781,410,0.214451437,0.12789836,0.094002538,0.876090399,34
D016,O024,5,172,1.125620781,109,0.107543079,0.370185632,0.33107989,0.763088384,2
D016,O025,5,172,1.125620781,53,0.129725034,0.023513439,0.022926164,0.647079336,9
D016,O026,5,172,1.125620781,104,0.335746812,0.309055962,0.214783733,0.866605062,9
D016,O027,5,172,1.125620781,120,0.173792118,0.275390581,0.115990185,0.594400816,1
D016,O028,5,172,1.125620781,315,0.161028291,0.149607497,0.243736481,0.836522744,76
D016,O029,5,172,1.125620781,744,0.31398409,0.144642217,0.380464816,1.001095973,47
D016,O030,5,172,1.125620781,96,0.291312931,0.178362873,0.260288981,0.712485371,21
D016,O031,5,172,1.125620781,61,0.375724597,0.298965989,0.344989603,1.023539068,2
D016,O032,5,172,1.125620781,449,0.47407037,0.293964396,0.333868972,0.526716923,86
D016,O033,5,172,1.125620781,28,0.356894295,0.285864598,0.280390934,0.572892371,5
D016,O034,5,172,1.125620781,172,0.339323194,0.106162856,0.193996227,0.976195745,28
D016,O035,5,172,1.125620781,173,0.041159595,0.256897351,0.341435098,0.936656262,22
D016,O036,5,172,1.125620781,83,0.318040863,0.288671609,0.125731933,0.510862581,11
D016,O037,5,172,1.125620781,232,0.083660283,0.374766445,0.463420281,0.901833982,16
D016,O038,5,172,1.125620781,765,0.137328547,0.153890662,0.395745604,0.824092212,73
D016,O039,5,172,1.125620781,48,0.232718262,0.17994217,0.033136716,0.784320075,1
D016,O040,5,172,1.125620781,585,0.392959459,0.39457393,0.498815231,0.847757244,30
D016,O041,5,172,1.125620781,49,0.297735298,0.268205888,0.212580592,0.765018393,7
D016,O042,5,172,1.125620781,533,0.049123846,0.273615249,0.271891148,0.775509181,28
D016,O043,5,172,1.125620781,936,0.154267686,0.332919895,0.389161836,0.694797352,211
D016,O044,5,172,1.125620781,721,0.432376139,0.324925408,0.144007894,0.742867678,148
D016,O045,5,172,1.125620781,692,0.331104768,0.086465045,0.220042135,0.679206917,59
D016,O046,5,172,1.125620781,402,0.241792287,0.134055119,0.264545347,1.045585484,81
D016,O047,5,172,1.125620781,32,0.457593053,0.357426009,0.365235909,0.729886159,4
D016,O048,5,172,1.125620781,45,0.221925977,0.348159922,0.204633474,0.792986797,8
D016,O049,5,172,1.125620781,33,0.068127718,0.327197905,0.351458552,0.638016666,6
D016,O050,5,172,1.125620781,322,0.206052109,0.123509785,0.230258857,0.710466564,78
D016,O051,5,172,1.125620781,264,0.415458501,0.161179135,0.311726789,0.922834621,12
D016,O052,5,172,1.125620781,249,0.293109713,0.381495942,0.29384703,0.500330142,30
D016,O053,5,172,1.125620781,251,0.008437374,0.219704544,0.077608614,0.857828126,11
D016,O054,5,172,1.125620781,70,0.483939677,0.225369653,0.039302168,0.574845385,11
D016,O055,5,172,1.125620781,143,0.09821222,0.163666817,0.285033773,0.601558378,17
D016,O056,5,172,1.125620781,345,0.064149611,0.031223606,0.23904777,0.691855779,21
D016,O057,5,172,1.125620781,100,0.400541493,0.216556949,0.487740957,1.038462113,22
D016,O058,5,172,1.125620781,22,0.090722232,0.036785238,0.101049312,0.663001423,4
D016,O059,5,172,1.125620781,486,0.079431167,0.248195591,0.397292534,0.804788767,76
D016,O060,5,172,1.125620781,273,0.451061182,0.170720182,0.061912147,0.815113055,50
D016,O061,5,172,1.125620781,27,0.381805437,0.01616482,0.491613692,0.675221612,4
D016,O062,5,172,1.125620781,442,0.418928223,0.359834489,0.417321395,0.554105019,34
D016,O063,5,172,1.125620781,159,0.167777479,0.069957712,0.130372357,0.943907134,38
D016,O064,5,172,1.125620781,358,0.061032209,0.305917985,0.455729849,0.927346891,71
D016,O065,5,172,1.125620781,56,0.248866638,0.340199764,0.379559452,0.583546864,5
D016,O066,5,172,1.125620781,149,0.351209323,0.192455527,0.149427886,0.883050134,9
D016,O067,5,172,1.125620781,60,0.359928689,0.02076874,0.174232425,0.648987034,6
D016,O068,5,172,1.125620781,871,0.148525779,0.2389906,0.43126666,0.56330551,22
D016,O069,5,172,1.125620781,600,0.193256125,0.259153683,0.18565311,0.968309469,107
D016,O070,5,172,1.125620781,139,0.286307662,0.0275532,0.151186277,0.734969069,9
D016,O071,5,172,1.125620781,830,0.025772238,0.059916076,0.006124037,0.854259133,1
D016,O072,5,172,1.125620781,41,0.447028226,0.353970092,0.321029628,0.606201119,5
D016,O073,5,172,1.125620781,22,0.099783277,0.097826372,0.112559894,0.548583884,3
D016,O074,5,172,1.125620781,36,0.042568944,0.004280635,0.087293441,0.86728622,3
D016,O075,5,172,1.125620781,31,0.495260113,0.154710174,0.269857669,0.722353565,5
D016,O076,5,172,1.125620781,202,0.209924614,0.319442165,0.171734319,0.667816616,34
D016,O077,5,172,1.125620781,648,0.325153788,0.303515085,0.316930252,0.613107267,97
D016,O078,5,172,1.125620781,379,0.223960723,0.064878079,0.224272393,0.840645589,80
D016,O079,5,172,1.125620781,65,0.075519811,0.282963886,0.299403793,0.51375586,9
D016,O080,5,172,1.125620781,206,0.124478381,0.390952102,0.159201992,0.812430792,3
D016,O081,5,172,1.125620781,229,0.311863322,0.040757227,0.190953924,0.52059127,6
D016,O082,5,172,1.125620781,630,0.267185735,0.363424574,0.305398084,0.528725737,144
D016,O083,5,172,1.125620781,89,0.002629244,0.11891721,0.012340148,0.799263288,13
D016,O084,5,172,1.125620781,797,0.372992677,0.000386491,0.00152113,0.993396916,169
D016,O085,5,172,1.125620781,66,0.183976656,0.236269207,0.120756181,0.591017322,11
D016,O086,5,172,1.125620781,135,0.469888219,0.056365997,0.043821459,0.952586866,28
D016,O087,5,172,1.125620781,23,0.111840401,0.071296914,0.089679808,0.791166307,2
D016,O088,5,172,1.125620781,74,0.028069089,0.054085246,0.202673962,0.619616712,14
D016,O089,5,172,1.125620781,55,0.492105028,0.101006081,0.474810428,0.657444473,6
D016,O090,5,172,1.125620781,285,0.03434851,0.377557012,0.057284121,0.757204241,14
D016,O091,5,172,1.125620781,85,0.181583703,0.224320695,0.138841885,0.830164928,8
D016,O092,5,172,1.125620781,303,0.442706311,0.172267227,0.436491903,0.897895329,53
D016,O093,5,172,1.125620781,25,0.276275035,0.078153424,0.291384582,0.958605081,1
D016,O094,5,172,1.125620781,888,0.302089761,0.091469055,0.358945917,0.915650339,193
D016,O095,5,172,1.125620781,29,0.365502327,0.314203797,0.177999519,0.631365154,3
D016,O096,5,172,1.125620781,91,0.16170145,0.264353919,0.069555674,0.545005585,20
D017,O001,1,264,0.535990306,184,0.252173292,0.345006223,0.414518539,1.008029851,43
D017,O002,1,264,0.535990306,71,0.386957289,0.33590604,0.423756547,1.030814136,16
D017,O003,1,264,0.535990306,43,0.48531049,0.109844006,0.373132887,0.562934186,5
D017,O004,1,264,0.535990306,544,0.015441285,0.39993713,0.047767101,0.621494583,12
D017,O005,1,264,0.535990306,472,0.458927508,0.08115278,0.018055532,0.751825682,8
D017,O006,1,264,0.535990306,26,0.466438896,0.19990199,0.36047691,0.537345538,5
D017,O007,1,264,0.535990306,20,0.141130372,0.138764594,0.166622366,0.974703346,2
D017,O008,1,264,0.535990306,217,0.118365868,0.010264005,0.438577644,0.70421183,4
D017,O009,1,264,0.535990306,39,0.272204984,0.243100415,0.446678,0.893215891,1
D017,O010,1,264,0.535990306,78,0.42428609,0.04657399,0.47291634,0.886241643,6
D017,O011,1,264,0.535990306,163,0.257766277,0.230369452,0.067376828,1.041013094,24
D017,O012,1,264,0.535990306,121,0.018977159,0.042108472,0.106166432,0.634587855,7
D017,O013,1,264,0.535990306,38,0.13035544,0.200717694,0.465695355,0.90739434,4
D017,O014,1,264,0.535990306,505,0.055050564,0.385744929,0.323573274,0.956197221,126
D017,O015,1,264,0.535990306,369,0.403527677,0.186961283,0.029180542,1.016098144,88
D017,O016,1,264,0.535990306,990,0.188337728,0.211915952,0.403770273,0.683522338,99
D017,O017,1,264,0.535990306,47,0.235947901,0.205558573,0.450421949,0.98550411,1
D017,O018,1,264,0.535990306,128,0.201594351,0.132120615,0.2466657,1.015365814,15
D017,O019,1,264,0.535990306,24,0.431629638,0.254066717,0.253740338,0.934568431,1
D017,O020,1,264,0.535990306,113,0.348269976,0.095285863,0.409466489,0.990902637,28
D017,O021,1,264,0.535990306,35,0.407381528,0.191612689,0.078494355,0.726366674,4
D017,O022,1,264,0.535990306,193,0.265083523,0.114415056,0.48366938,0.770574624,6
D017,O023,1,264,0.535990306,410,0.214451437,0.12789836,0.094002538,0.876090399,34
D017,O024,1,264,0.535990306,109,0.107543079,0.370185632,0.33107989,0.763088384,2
D017,O025,1,264,0.535990306,53,0.129725034,0.023513439,0.022926164,0.647079336,9
D017,O026,1,264,0.535990306,104,0.335746812,0.309055962,0.214783733,0.866605062,9
D017,O027,1,264,0.535990306,120,0.173792118,0.275390581,0.115990185,0.594400816,1
D017,O028,1,264,0.535990306,315,0.161028291,0.149607497,0.243736481,0.836522744,76
D017,O029,1,264,0.535990306,744,0.31398409,0.144642217,0.380464816,1.001095973,47
D017,O030,1,264,0.535990306,96,0.291312931,0.178362873,0.260288981,0.712485371,21
D017,O031,1,264,0.535990306,61,0.375724597,0.298965989,0.344989603,1.023539068,2
D017,O032,1,264,0.535990306,449,0.47407037,0.293964396,0.333868972,0.526716923,86
D017,O033,1,264,0.535990306,28,0.356894295,0.285864598,0.280390934,0.572892371,5
D017,O034,1,264,0.535990306,172,0.339323194,0.106162856,0.193996227,0.976195745,28
D017,O035,1,264,0.535990306,173,0.041159595,0.256897351,0.341435098,0.936656262,22
D017,O036,1,264,0.535990306,83,0.318040863,0.288671609,0.125731933,0.510862581,11
D017,O037,1,264,0.535990306,232,0.083660283,0.374766445,0.463420281,0.901833982,16
D017,O038,1,264,0.535990306,765,0.137328547,0.153890662,0.395745604,0.824092212,73
D017,O039,1,264,0.535990306,48,0.232718262,0.17994217,0.033136716,0.784320075,1
D017,O040,1,264,0.535990306,585,0.392959459,0.39457393,0.498815231,0.847757244,30
D017,O041,1,264,0.535990306,49,0.297735298,0.268205888,0.212580592,0.765018393,7
D017,O042,1,264,0.535990306,533,0.049123846,0.273615249,0.271891148,0.775509181,28
D017,O043,1,264,0.535990306,936,0.154267686,0.332919895,0.389161836,0.694797352,211
D017,O044,1,264,0.535990306,721,0.432376139,0.324925408,0.144007894,0.742867678,148
D017,O045,1,264,0.535990306,692,0.331104768,0.086465045,0.220042135,0.679206917,59
D017,O046,1,264,0.535990306,402,0.241792287,0.134055119,0.264545347,1.045585484,81
D017,O047,1,264,0.535990306,32,0.457593053,0.357426009,0.365235909,0.729886159,4
D017,O048,1,264,0.535990306,45,0.221925977,0.348159922,0.204633474,0.792986797,8
D017,O049,1,264,0.535990306,33,0.068127718,0.327197905,0.351458552,0.638016666,6
D017,O050,1,264,0.535990306,322,0.206052109,0.123509785,0.230258857,0.710466564,78
D017,O051,1,264,0.535990306,264,0.415458501,0.161179135,0.311726789,0.922834621,12
D017,O052,1,264,0.535990306,249,0.293109713,0.381495942,0.29384703,0.500330142,30
D017,O053,1,264,0.535990306,251,0.008437374,0.219704544,0.077608614,0.857828126,11
D017,O054,1,264,0.535990306,70,0.483939677,0.225369653,0.039302168,0.574845385,11
D017,O055,1,264,0.535990306,143,0.09821222,0.163666817,0.285033773,0.601558378,17
D017,O056,1,264,0.535990306,345,0.064149611,0.031223606,0.23904777,0.691855779,21
D017,O057,1,264,0.535990306,100,0.400541493,0.216556949,0.487740957,1.038462113,22
D017,O058,1,264,0.535990306,22,0.090722232,0.036785238,0.101049312,0.663001423,4
D017,O059,1,264,0.535990306,486,0.079431167,0.248195591,0.397292534,0.804788767,76
D017,O060,1,264,0.535990306,273,0.451061182,0.170720182,0.061912147,0.815113055,50
D017,O061,1,264,0.535990306,27,0.381805437,0.01616482,0.491613692,0.675221612,4
D017,O062,1,264,0.535990306,442,0.418928223,0.359834489,0.417321395,0.554105019,34
D017,O063,1,264,0.535990306,159,0.167777479,0.069957712,0.130372357,0.943907134,38
D017,O064,1,264,0.535990306,358,0.061032209,0.305917985,0.455729849,0.927346891,71
D017,O065,1,264,0.535990306,56,0.248866638,0.340199764,0.379559452,0.583546864,5
D017,O066,1,264,0.535990306,149,0.351209323,0.192455527,0.149427886,0.883050134,9
D017,O067,1,264,0.535990306,60,0.359928689,0.02076874,0.174232425,0.648987034,6
D017,O068,1,264,0.535990306,871,0.148525779,0.2389906,0.43126666,0.56330551,22
D017,O069,1,264,0.535990306,600,0.193256125,0.259153683,0.18565311,0.968309469,107
D017,O070,1,264,0.535990306,139,0.286307662,0.0275532,0.151186277,0.734969069,9
D017,O071,1,264,0.535990306,830,0.025772238,0.059916076,0.006124037,0.854259133,1
D017,O072,1,264,0.535990306,41,0.447028226,0.353970092,0.321029628,0.606201119,5
D017,O073,1,264,0.535990306,22,0.099783277,0.097826372,0.112559894,0.548583884,3
D017,O074,1,264,0.535990306,36,0.042568944,0.004280635,0.087293441,0.86728622,3
D017,O075,1,264,0.535990306,31,0.495260113,0.154710174,0.269857669,0.722353565,5
D017,O076,1,264,0.535990306,202,0.209924614,0.319442165,0.171734319,0.667816616,34
D017,O077,1,264,0.535990306,648,0.325153788,0.303515085,0.316930252,0.613107267,97
D017,O078,1,264,0.535990306,379,0.223960723,0.064878079,0.224272393,0.840645589,80
D017,O079,1,264,0.535990306,65,0.075519811,0.282963886,0.299403793,0.51375586,9
D017,O080,1,264,0.535990306,206,0.124478381,0.390952102,0.159201992,0.812430792,3
D017,O081,1,264,0.535990306,229,0.311863322,0.040757227,0.190953924,0.52059127,6
D017,O082,1,264,0.535990306,630,0.267185735,0.363424574,0.305398084,0.528725737,144
D017,O083,1,264,0.535990306,89,0.002629244,0.11891721,0.012340148,0.799263288,13
D017,O084,1,264,0.535990306,797,0.372992677,0.000386491,0.00152113,0.993396916,169
D017,O085,1,264,0.535990306,66,0.183976656,0.236269207,0.120756181,0.591017322,11
D017,O086,1,264,0.535990306,135,0.469888219,0.056365997,0.043821459,0.952586866,28
D017,O087,1,264,0.535990306,23,0.111840401,0.071296914,0.089679808,0.791166307,2
D017,O088,1,264,0.535990306,74,0.028069089,0.054085246,0.202673962,0.619616712,14
D017,O089,1,264,0.535990306,55,0.492105028,0.101006081,0.474810428,0.657444473,6
D017,O090,1,264,0.535990306,285,0.03434851,0.377557012,0.057284121,0.757204241,14
D017,O091,1,264,0.535990306,85,0.181583703,0.224320695,0.138841885,0.830164928,8
D017,O092,1,264,0.535990306,303,0.442706311,0.172267227,0.436491903,0.897895329,53
D017,O093,1,264,0.535990306,25,0.276275035,0.078153424,0.291384582,0.958605081,1
D017,O094,1,264,0.535990306,888,0.302089761,0.091469055,0.358945917,0.915650339,193
D017,O095,1,264,0.535990306,29,0.365502327,0.314203797,0.177999519,0.631365154,3
D017,O096,1,264,0.535990306,91,0.16170145,0.264353919,0.069555674,0.545005585,20
D018,O001,2,309,2.478705756,184,0.252173292,0.345006223,0.414518539,1.008029851,43
D018,O002,2,309,2.478705756,71,0.386957289,0.33590604,0.423756547,1.030814136,16
D018,O003,2,309,2.478705756,43,0.48531049,0.109844006,0.373132887,0.562934186,5
D018,O004,2,309,2.478705756,544,0.015441285,0.39993713,0.047767101,0.621494583,12
D018,O005,2,309,2.478705756,472,0.458927508,0.08115278,0.018055532,0.751825682,8
D018,O006,2,309,2.478705756,26,0.466438896,0.19990199,0.36047691,0.537345538,5
D018,O007,2,309,2.478705756,20,0.141130372,0.138764594,0.166622366,0.974703346,2
D018,O008,2,309,2.478705756,217,0.118365868,0.010264005,0.438577644,0.70421183,4
D018,O009,2,309,2.478705756,39,0.272204984,0.243100415,0.446678,0.893215891,1
D018,O010,2,309,2.478705756,78,0.42428609,0.04657399,0.47291634,0.886241643,6
D018,O011,2,309,2.478705756,163,0.257766277,0.230369452,0.067376828,1.041013094,24
D018,O012,2,309,2.478705756,121,0.018977159,0.042108472,0.106166432,0.634587855,7
D018,O013,2,309,2.478705756,38,0.13035544,0.200717694,0.465695355,0.90739434,4
D018,O014,2,309,2.478705756,505,0.055050564,0.385744929,0.323573274,0.956197221,126
D018,O015,2,309,2.478705756,369,0.403527677,0.186961283,0.029180542,1.016098144,88
D018,O016,2,309,2.478705756,990,0.188337728,0.211915952,0.403770273,0.683522338,99
D018,O017,2,309,2.478705756,47,0.235947901,0.205558573,0.450421949,0.98550411,1
D018,O018,2,309,2.478705756,128,0.201594351,0.132120615,0.2466657,1.015365814,15
D018,O019,2,309,2.478705756,24,0.431629638,0.254066717,0.253740338,0.934568431,1
D018,O020,2,309,2.478705756,113,0.348269976,0.095285863,0.409466489,0.990902637,28
D018,O021,2,309,2.478705756,35,0.407381528,0.191612689,0.078494355,0.726366674,4
D018,O022,2,309,2.478705756,193,0.265083523,0.114415056,0.48366938,0.770574624,6
D018,O023,2,309,2.478705756,410,0.214451437,0.12789836,0.094002538,0.876090399,34
D018,O024,2,309,2.478705756,109,0.107543079,0.370185632,0.33107989,0.763088384,2
D018,O025,2,309,2.478705756,53,0.129725034,0.023513439,0.022926164,0.647079336,9
D018,O026,2,309,2.478705756,104,0.335746812,0.309055962,0.214783733,0.866605062,9
D018,O027,2,309,2.478705756,120,0.173792118,0.275390581,0.115990185,0.594400816,1
D018,O028,2,309,2.478705756,315,0.161028291,0.149607497,0.243736481,0.836522744,76
D018,O029,2,309,2.478705756,744,0.31398409,0.144642217,0.380464816,1.001095973,47
D018,O030,2,309,2.478705756,96,0.291312931,0.178362873,0.260288981,0.712485371,21
D018,O031,2,309,2.478705756,61,0.375724597,0.298965989,0.344989603,1.023539068,2
D018,O032,2,309,2.478705756,449,0.47407037,0.293964396,0.333868972,0.526716923,86
D018,O033,2,309,2.478705756,28,0.356894295,0.285864598,0.280390934,0.572892371,5
D018,O034,2,309,2.478705756,172,0.339323194,0.106162856,0.193996227,0.976195745,28
D018,O035,2,309,2.478705756,173,0.041159595,0.256897351,0.341435098,0.936656262,22
D018,O036,2,309,2.478705756,83,0.318040863,0.288671609,0.125731933,0.510862581,11
D018,O037,2,309,2.478705756,232,0.083660283,0.374766445,0.463420281,0.901833982,16
D018,O038,2,309,2.478705756,765,0.137328547,0.153890662,0.395745604,0.824092212,73
D018,O039,2,309,2.478705756,48,0.232718262,0.17994217,0.033136716,0.784320075,1
D018,O040,2,309,2.478705756,585,0.392959459,0.39457393,0.498815231,0.847757244,30
D018,O041,2,309,2.478705756,49,0.297735298,0.268205888,0.212580592,0.765018393,7
D018,O042,2,309,2.478705756,533,0.049123846,0.273615249,0.271891148,0.775509181,28
D018,O043,2,309,2.478705756,936,0.154267686,0.332919895,0.389161836,0.694797352,211
D018,O044,2,309,2.478705756,721,0.432376139,0.324925408,0.144007894,0.742867678,148
D018,O045,2,309,2.478705756,692,0.331104768,0.086465045,0.220042135,0.679206917,59
D018,O046,2,309,2.478705756,402,0.241792287,0.134055119,0.264545347,1.045585484,81
D018,O047,2,309,2.478705756,32,0.457593053,0.357426009,0.365235909,0.729886159,4
D018,O048,2,309,2.478705756,45,0.221925977,0.348159922,0.204633474,0.792986797,8
D018,O049,2,309,2.478705756,33,0.068127718,0.327197905,0.351458552,0.638016666,6
D018,O050,2,309,2.478705756,322,0.206052109,0.123509785,0.230258857,0.710466564,78
D018,O051,2,309,2.478705756,264,0.415458501,0.161179135,0.311726789,0.922834621,12
D018,O052,2,309,2.478705756,249,0.293109713,0.381495942,0.29384703,0.500330142,30
D018,O053,2,309,2.478705756,251,0.008437374,0.219704544,0.077608614,0.857828126,11
D018,O054,2,309,2.478705756,70,0.483939677,0.225369653,0.039302168,0.574845385,11
D018,O055,2,309,2.478705756,143,0.09821222,0.163666817,0.285033773,0.601558378,17
D018,O056,2,309,2.478705756,345,0.064149611,0.031223606,0.23904777,0.691855779,21
D018,O057,2,309,2.478705756,100,0.400541493,0.216556949,0.487740957,1.038462113,22
D018,O058,2,309,2.478705756,22,0.090722232,0.036785238,0.101049312,0.663001423,4
D018,O059,2,309,2.478705756,486,0.079431167,0.248195591,0.397292534,0.804788767,76
D018,O060,2,309,2.478705756,273,0.451061182,0.170720182,0.061912147,0.815113055,50
D018,O061,2,309,2.478705756,27,0.381805437,0.01616482,0.491613692,0.675221612,4
D018,O062,2,309,2.478705756,442,0.418928223,0.359834489,0.417321395,0.554105019,34
D018,O063,2,309,2.478705756,159,0.167777479,0.069957712,0.130372357,0.943907134,38
D018,O064,2,309,2.478705756,358,0.061032209,0.305917985,0.455729849,0.927346891,71
D018,O065,2,309,2.478705756,56,0.248866638,0.340199764,0.379559452,0.583546864,5
D018,O066,2,309,2.478705756,149,0.351209323,0.192455527,0.149427886,0.883050134,9
D018,O067,2,309,2.478705756,60,0.359928689,0.02076874,0.174232425,0.648987034,6
D018,O068,2,309,2.478705756,871,0.148525779,0.2389906,0.43126666,0.56330551,22
D018,O069,2,309,2.478705756,600,0.193256125,0.259153683,0.18565311,0.968309469,107
D018,O070,2,309,2.478705756,139,0.286307662,0.0275532,0.151186277,0.734969069,9
D018,O071,2,309,2.478705756,830,0.025772238,0.059916076,0.006124037,0.854259133,1
D018,O072,2,309,2.478705756,41,0.447028226,0.353970092,0.321029628,0.606201119,5
D018,O073,2,309,2.478705756,22,0.099783277,0.097826372,0.112559894,0.548583884,3
D018,O074,2,309,2.478705756,36,0.042568944,0.004280635,0.087293441,0.86728622,3
D018,O075,2,309,2.478705756,31,0.495260113,0.154710174,0.269857669,0.722353565,5
D018,O076,2,309,2.478705756,202,0.209924614,0.319442165,0.171734319,0.667816616,34
D018,O077,2,309,2.478705756,648,0.325153788,0.303515085,0.316930252,0.613107267,97
D018,O078,2,309,2.478705756,379,0.223960723,0.064878079,0.224272393,0.840645589,80
D018,O079,2,309,2.478705756,65,0.075519811,0.282963886,0.299403793,0.51375586,9
D018,O080,2,309,2.478705756,206,0.124478381,0.390952102,0.159201992,0.812430792,3
D018,O081,2,309,2.478705756,229,0.311863322,0.040757227,0.190953924,0.52059127,6
D018,O082,2,309,2.478705756,630,0.267185735,0.363424574,0.305398084,0.528725737,144
D018,O083,2,309,2.478705756,89,0.002629244,0.11891721,0.012340148,0.799263288,13
D018,O084,2,309,2.478705756,797,0.372992677,0.000386491,0.00152113,0.993396916,169
D018,O085,2,309,2.478705756,66,0.183976656,0.236269207,0.120756181,0.591017322,11
D018,O086,2,309,2.478705756,135,0.469888219,0.056365997,0.043821459,0.952586866,28
D018,O087,2,309,2.478705756,23,0.111840401,0.071296914,0.089679808,0.791166307,2
D018,O088,2,309,2.478705756,74,0.028069089,0.054085246,0.202673962,0.619616712,14
D018,O089,2,309,2.478705756,55,0.492105028,0.101006081,0.474810428,0.657444473,6
D018,O090,2,309,2.478705756,285,0.03434851,0.377557012,0.057284121,0.757204241,14
D018,O091,2,309,2.478705756,85,0.181583703,0.224320695,0.138841885,0.830164928,8
D018,O092,2,309,2.478705756,303,0.442706311,0.172267227,0.436491903,0.897895329,53
D018,O093,2,309,2.478705756,25,0.276275035,0.078153424,0.291384582,0.958605081,1
D018,O094,2,309,2.478705756,888,0.302089761,0.091469055,0.358945917,0.915650339,193
D018,O095,2,309,2.478705756,29,0.365502327,0.314203797,0.177999519,0.631365154,3
D018,O096,2,309,2.478705756,91,0.16170145,0.264353919,0.069555674,0.545005585,20
D019,O001,3,893,0.725912767,184,0.252173292,0.345006223,0.414518539,1.008029851,43
D019,O002,3,893,0.725912767,71,0.386957289,0.33590604,0.423756547,1.030814136,16
D019,O003,3,893,0.725912767,43,0.48531049,0.109844006,0.373132887,0.562934186,5
D019,O004,3,893,0.725912767,544,0.015441285,0.39993713,0.047767101,0.621494583,12
D019,O005,3,893,0.725912767,472,0.458927508,0.08115278,0.018055532,0.751825682,8
D019,O006,3,893,0.725912767,26,0.466438896,0.19990199,0.36047691,0.537345538,5
D019,O007,3,893,0.725912767,20,0.141130372,0.138764594,0.166622366,0.974703346,2
D019,O008,3,893,0.725912767,217,0.118365868,0.010264005,0.438577644,0.70421183,4
D019,O009,3,893,0.725912767,39,0.272204984,0.243100415,0.446678,0.893215891,1
D019,O010,3,893,0.725912767,78,0.42428609,0.04657399,0.47291634,0.886241643,6
D019,O011,3,893,0.725912767,163,0.257766277,0.230369452,0.067376828,1.041013094,24
D019,O012,3,893,0.725912767,121,0.018977159,0.042108472,0.106166432,0.634587855,7
D019,O013,3,893,0.725912767,38,0.13035544,0.200717694,0.465695355,0.90739434,4
D019,O014,3,893,0.725912767,505,0.055050564,0.385744929,0.323573274,0.956197221,126
D019,O015,3,893,0.725912767,369,0.403527677,0.186961283,0.029180542,1.016098144,88
D019,O016,3,893,0.725912767,990,0.188337728,0.211915952,0.403770273,0.683522338,99
D019,O017,3,893,0.725912767,47,0.235947901,0.205558573,0.450421949,0.98550411,1
D019,O018,3,893,0.725912767,128,0.201594351,0.132120615,0.2466657,1.015365814,15
D019,O019,3,893,0.725912767,24,0.431629638,0.254066717,0.253740338,0.934568431,1
D019,O020,3,893,0.725912767,113,0.348269976,0.095285863,0.409466489,0.990902637,28
D019,O021,3,893,0.725912767,35,0.407381528,0.191612689,0.078494355,0.726366674,4
D019,O022,3,893,0.725912767,193,0.265083523,0.114415056,0.48366938,0.770574624,6
D019,O023,3,893,0.725912767,410,0.214451437,0.12789836,0.094002538,0.876090399,34
D019,O024,3,893,0.725912767,109,0.107543079,0.370185632,0.33107989,0.763088384,2
D019,O025,3,893,0.725912767,53,0.129725034,0.023513439,0.022926164,0.647079336,9
D019,O026,3,893,0.725912767,104,0.335746812,0.309055962,0.214783733,0.866605062,9
D019,O027,3,893,0.725912767,120,0.173792118,0.275390581,0.115990185,0.594400816,1
D019,O028,3,893,0.725912767,315,0.161028291,0.149607497,0.243736481,0.836522744,76
D019,O029,3,893,0.725912767,744,0.31398409,0.144642217,0.380464816,1.001095973,47
D019,O030,3,893,0.725912767,96,0.291312931,0.178362873,0.260288981,0.712485371,21
D019,O031,3,893,0.725912767,61,0.375724597,0.298965989,0.344989603,1.023539068,2
D019,O032,3,893,0.725912767,449,0.47407037,0.293964396,0.333868972,0.526716923,86
D019,O033,3,893,0.725912767,28,0.356894295,0.285864598,0.280390934,0.572892371,5
D019,O034,3,893,0.725912767,172,0.339323194,0.106162856,0.193996227,0.976195745,28
D019,O035,3,893,0.725912767,173,0.041159595,0.256897351,0.341435098,0.936656262,22
D019,O036,3,893,0.725912767,83,0.318040863,0.288671609,0.125731933,0.510862581,11
D019,O037,3,893,0.725912767,232,0.083660283,0.374766445,0.463420281,0.901833982,16
D019,O038,3,893,0.725912767,765,0.137328547,0.153890662,0.395745604,0.824092212,73
D019,O039,3,893,0.725912767,48,0.232718262,0.17994217,0.033136716,0.784320075,1
D019,O040,3,893,0.725912767,585,0.392959459,0.39457393,0.498815231,0.847757244,30
D019,O041,3,893,0.725912767,49,0.297735298,0.268205888,0.212580592,0.765018393,7
D019,O042,3,893,0.725912767,533,0.049123846,0.273615249,0.271891148,0.775509181,28
D019,O043,3,893,0.725912767,936,0.154267686,0.332919895,0.389161836,0.694797352,211
D019,O044,3,893,0.725912767,721,0.432376139,0.324925408,0.144007894,0.742867678,148
D019,O045,3,893,0.725912767,692,0.331104768,0.086465045,0.220042135,0.679206917,59
D019,O046,3,893,0.725912767,402,0.241792287,0.134055119,0.264545347,1.045585484,81
D019,O047,3,893,0.725912767,32,0.457593053,0.357426009,0.365235909,0.729886159,4
D019,O048,3,893,0.725912767,45,0.221925977,0.348159922,0.204633474,0.792986797,8
D019,O049,3,893,0.725912767,33,0.068127718,0.327197905,0.351458552,0.638016666,6
D019,O050,3,893,0.725912767,322,0.206052109,0.123509785,0.230258857,0.710466564,78
D019,O051,3,893,0.725912767,264,0.415458501,0.161179135,0.311726789,0.922834621,12
D019,O052,3,893,0.725912767,249,0.293109713,0.381495942,0.29384703,0.500330142,30
D019,O053,3,893,0.725912767,251,0.008437374,0.219704544,0.077608614,0.857828126,11
D019,O054,3,893,0.725912767,70,0.483939677,0.225369653,0.039302168,0.574845385,11
D019,O055,3,893,0.725912767,143,0.09821222,0.163666817,0.285033773,0.601558378,17
D019,O056,3,893,0.725912767,345,0.064149611,0.031223606,0.23904777,0.691855779,21
D019,O057,3,893,0.725912767,100,0.400541493,0.216556949,0.487740957,1.038462113,22
D019,O058,3,893,0.725912767,22,0.090722232,0.036785238,0.101049312,0.663001423,4
D019,O059,3,893,0.725912767,486,0.079431167,0.248195591,0.397292534,0.804788767,76
D019,O060,3,893,0.725912767,273,0.451061182,0.170720182,0.061912147,0.815113055,50
D019,O061,3,893,0.725912767,27,0.381805437,0.01616482,0.491613692,0.675221612,4
D019,O062,3,893,0.725912767,442,0.418928223,0.359834489,0.417321395,0.554105019,34
D019,O063,3,893,0.725912767,159,0.167777479,0.069957712,0.130372357,0.943907134,38
D019,O064,3,893,0.725912767,358,0.061032209,0.305917985,0.455729849,0.927346891,71
D019,O065,3,893,0.725912767,56,0.248866638,0.340199764,0.379559452,0.583546864,5
D019,O066,3,893,0.725912767,149,0.351209323,0.192455527,0.149427886,0.883050134,9
D019,O067,3,893,0.725912767,60,0.359928689,0.02076874,0.174232425,0.648987034,6
D019,O068,3,893,0.725912767,871,0.148525779,0.2389906,0.43126666,0.56330551,22
D019,O069,3,893,0.725912767,600,0.193256125,0.259153683,0.18565311,0.968309469,107
D019,O070,3,893,0.725912767,139,0.286307662,0.0275532,0.151186277,0.734969069,9
D019,O071,3,893,0.725912767,830,0.025772238,0.059916076,0.006124037,0.854259133,1
D019,O072,3,893,0.725912767,41,0.447028226,0.353970092,0.321029628,0.606201119,5
D019,O073,3,893,0.725912767,22,0.099783277,0.097826372,0.112559894,0.548583884,3
D019,O074,3,893,0.725912767,36,0.042568944,0.004280635,0.087293441,0.86728622,3
D019,O075,3,893,0.725912767,31,0.495260113,0.154710174,0.269857669,0.722353565,5
D019,O076,3,893,0.725912767,202,0.209924614,0.319442165,0.171734319,0.667816616,34
D019,O077,3,893,0.725912767,648,0.325153788,0.303515085,0.316930252,0.613107267,97
D019,O078,3,893,0.725912767,379,0.223960723,0.064878079,0.224272393,0.840645589,80
D019,O079,3,893,0.725912767,65,0.075519811,0.282963886,0.299403793,0.51375586,9
D019,O080,3,893,0.725912767,206,0.124478381,0.390952102,0.159201992,0.812430792,3
D019,O081,3,893,0.725912767,229,0.311863322,0.040757227,0.190953924,0.52059127,6
D019,O082,3,893,0.725912767,630,0.267185735,0.363424574,0.305398084,0.528725737,144
D019,O083,3,893,0.725912767,89,0.002629244,0.11891721,0.012340148,0.799263288,13
D019,O084,3,893,0.725912767,797,0.372992677,0.000386491,0.00152113,0.993396916,169
D019,O085,3,893,0.725912767,66,0.183976656,0.236269207,0.120756181,0.591017322,11
D019,O086,3,893,0.725912767,135,0.469888219,0.056365997,0.043821459,0.952586866,28
D019,O087,3,893,0.725912767,23,0.111840401,0.071296914,0.089679808,0.791166307,2
D019,O088,3,893,0.725912767,74,0.028069089,0.054085246,0.202673962,0.619616712,14
D019,O089,3,893,0.725912767,55,0.492105028,0.101006081,0.474810428,0.657444473,6
D019,O090,3,893,0.725912767,285,0.03434851,0.377557012,0.057284121,0.757204241,14
D019,O091,3,893,0.725912767,85,0.181583703,0.224320695,0.138841885,0.830164928,8
D019,O092,3,893,0.725912767,303,0.442706311,0.172267227,0.436491903,0.897895329,53
D019,O093,3,893,0.725912767,25,0.276275035,0.078153424,0.291384582,0.958605081,1
D019,O094,3,893,0.725912767,888,0.302089761,0.091469055,0.358945917,0.915650339,193
D019,O095,3,893,0.725912767,29,0.365502327,0.314203797,0.177999519,0.631365154,3
D019,O096,3,893,0.725912767,91,0.16170145,0.264353919,0.069555674,0.545005585,20
D020,O001,6,186,1.119170373,184,0.252173292,0.345006223,0.414518539,1.008029851,43
D020,O002,6,186,1.119170373,71,0.386957289,0.33590604,0.423756547,1.030814136,16
D020,O003,6,186,1.119170373,43,0.48531049,0.109844006,0.373132887,0.562934186,5
D020,O004,6,186,1.119170373,544,0.015441285,0.39993713,0.047767101,0.621494583,12
D020,O005,6,186,1.119170373,472,0.458927508,0.08115278,0.018055532,0.751825682,8
D020,O006,6,186,1.119170373,26,0.466438896,0.19990199,0.36047691,0.537345538,5
D020,O007,6,186,1.119170373,20,0.141130372,0.138764594,0.166622366,0.974703346,2
D020,O008,6,186,1.119170373,217,0.118365868,0.010264005,0.438577644,0.70421183,4
D020,O009,6,186,1.119170373,39,0.272204984,0.243100415,0.446678,0.893215891,1
D020,O010,6,186,1.119170373,78,0.42428609,0.04657399,0.47291634,0.886241643,6
D020,O011,6,186,1.119170373,163,0.257766277,0.230369452,0.067376828,1.041013094,24
D020,O012,6,186,1.119170373,121,0.018977159,0.042108472,0.106166432,0.634587855,7
D020,O013,6,186,1.119170373,38,0.13035544,0.200717694,0.465695355,0.90739434,4
D020,O014,6,186,1.119170373,505,0.055050564,0.385744929,0.323573274,0.956197221,126
D020,O015,6,186,1.119170373,369,0.403527677,0.186961283,0.029180542,1.016098144,88
D020,O016,6,186,1.119170373,990,0.188337728,0.211915952,0.403770273,0.683522338,99
D020,O017,6,186,1.119170373,47,0.235947901,0.205558573,0.450421949,0.98550411,1
D020,O018,6,186,1.119170373,128,0.201594351,0.132120615,0.2466657,1.015365814,15
D020,O019,6,186,1.119170373,24,0.431629638,0.254066717,0.253740338,0.934568431,1
D020,O020,6,186,1.119170373,113,0.348269976,0.095285863,0.409466489,0.990902637,28
D020,O021,6,186,1.119170373,35,0.407381528,0.191612689,0.078494355,0.726366674,4
D020,O022,6,186,1.119170373,193,0.265083523,0.114415056,0.48366938,0.770574624,6
D020,O023,6,186,1.119170373,410,0.214451437,0.12789836,0.094002538,0.876090399,34
D020,O024,6,186,1.119170373,109,0.107543079,0.370185632,0.33107989,0.763088384,2
D020,O025,6,186,1.119170373,53,0.129725034,0.023513439,0.022926164,0.647079336,9
D020,O026,6,186,1.119170373,104,0.335746812,0.309055962,0.214783733,0.866605062,9
D020,O027,6,186,1.119170373,120,0.173792118,0.275390581,0.115990185,0.594400816,1
D020,O028,6,186,1.119170373,315,0.161028291,0.149607497,0.243736481,0.836522744,76
D020,O029,6,186,1.119170373,744,0.31398409,0.144642217,0.380464816,1.001095973,47
D020,O030,6,186,1.119170373,96,0.291312931,0.178362873,0.260288981,0.712485371,21
D020,O031,6,186,1.119170373,61,0.375724597,0.298965989,0.344989603,1.023539068,2
D020,O032,6,186,1.119170373,449,0.47407037,0.293964396,0.333868972,0.526716923,86
D020,O033,6,186,1.119170373,28,0.356894295,0.285864598,0.280390934,0.572892371,5
D020,O034,6,186,1.119170373,172,0.339323194,0.106162856,0.193996227,0.976195745,28
D020,O035,6,186,1.119170373,173,0.041159595,0.256897351,0.341435098,0.936656262,22
D020,O036,6,186,1.119170373,83,0.318040863,0.288671609,0.125731933,0.510862581,11
D020,O037,6,186,1.119170373,232,0.083660283,0.374766445,0.463420281,0.901833982,16
D020,O038,6,186,1.119170373,765,0.137328547,0.153890662,0.395745604,0.824092212,73
D020,O039,6,186,1.119170373,48,0.232718262,0.17994217,0.033136716,0.784320075,1
D020,O040,6,186,1.119170373,585,0.392959459,0.39457393,0.498815231,0.847757244,30
D020,O041,6,186,1.119170373,49,0.297735298,0.268205888,0.212580592,0.765018393,7
D020,O042,6,186,1.119170373,533,0.049123846,0.273615249,0.271891148,0.775509181,28
D020,O043,6,186,1.119170373,936,0.154267686,0.332919895,0.389161836,0.694797352,211
D020,O044,6,186,1.119170373,721,0.432376139,0.324925408,0.144007894,0.742867678,148
D020,O045,6,186,1.119170373,692,0.331104768,0.086465045,0.220042135,0.679206917,59
D020,O046,6,186,1.119170373,402,0.241792287,0.134055119,0.264545347,1.045585484,81
D020,O047,6,186,1.119170373,32,0.457593053,0.357426009,0.365235909,0.729886159,4
D020,O048,6,186,1.119170373,45,0.221925977,0.348159922,0.204633474,0.792986797,8
D020,O049,6,186,1.119170373,33,0.068127718,0.327197905,0.351458552,0.638016666,6
D020,O050,6,186,1.119170373,322,0.206052109,0.123509785,0.230258857,0.710466564,78
D020,O051,6,186,1.119170373,264,0.415458501,0.161179135,0.311726789,0.922834621,12
D020,O052,6,186,1.119170373,249,0.293109713,0.381495942,0.29384703,0.500330142,30
D020,O053,6,186,1.119170373,251,0.008437374,0.219704544,0.077608614,0.857828126,11
D020,O054,6,186,1.119170373,70,0.483939677,0.225369653,0.039302168,0.574845385,11
D020,O055,6,186,1.119170373,143,0.09821222,0.163666817,0.285033773,0.601558378,17
D020,O056,6,186,1.119170373,345,0.064149611,0.031223606,0.23904777,0.691855779,21
D020,O057,6,186,1.119170373,100,0.400541493,0.216556949,0.487740957,1.038462113,22
D020,O058,6,186,1.119170373,22,0.090722232,0.036785238,0.101049312,0.663001423,4
D020,O059,6,186,1.119170373,486,0.079431167,0.248195591,0.397292534,0.804788767,76
D020,O060,6,186,1.119170373,273,0.451061182,0.170720182,0.061912147,0.815113055,50
D020,O061,6,186,1.119170373,27,0.381805437,0.01616482,0.491613692,0.675221612,4
D020,O062,6,186,1.119170373,442,0.418928223,0.359834489,0.417321395,0.554105019,34
D020,O063,6,186,1.119170373,159,0.167777479,0.069957712,0.130372357,0.943907134,38
D020,O064,6,186,1.119170373,358,0.061032209,0.305917985,0.455729849,0.927346891,71
D020,O065,6,186,1.119170373,56,0.248866638,0.340199764,0.379559452,0.583546864,5
D020,O066,6,186,1.119170373,149,0.351209323,0.192455527,0.149427886,0.883050134,9
D020,O067,6,186,1.119170373,60,0.359928689,0.02076874,0.174232425,0.648987034,6
D020,O068,6,186,1.119170373,871,0.148525779,0.2389906,0.43126666,0.56330551,22
D020,O069,6,186,1.119170373,600,0.193256125,0.259153683,0.18565311,0.968309469,107
D020,O070,6,186,1.119170373,139,0.286307662,0.0275532,0.151186277,0.734969069,9
D020,O071,6,186,1.119170373,830,0.025772238,0.059916076,0.006124037,0.854259133,1
D020,O072,6,186,1.119170373,41,0.447028226,0.353970092,0.321029628,0.606201119,5
D020,O073,6,186,1.119170373,22,0.099783277,0.097826372,0.112559894,0.548583884,3
D020,O074,6,186,1.119170373,36,0.042568944,0.004280635,0.087293441,0.86728622,3
D020,O075,6,186,1.119170373,31,0.495260113,0.154710174,0.269857669,0.722353565,5
D020,O076,6,186,1.119170373,202,0.209924614,0.319442165,0.171734319,0.667816616,34
D020,O077,6,186,1.119170373,648,0.325153788,0.303515085,0.316930252,0.613107267,97
D020,O078,6,186,1.119170373,379,0.223960723,0.064878079,0.224272393,0.840645589,80
D020,O079,6,186,1.119170373,65,0.075519811,0.282963886,0.299403793,0.51375586,9
D020,O080,6,186,1.119170373,206,0.124478381,0.390952102,0.159201992,0.812430792,3
D020,O081,6,186,1.119170373,229,0.311863322,0.040757227,0.190953924,0.52059127,6
D020,O082,6,186,1.119170373,630,0.267185735,0.363424574,0.305398084,0.528725737,144
D020,O083,6,186,1.119170373,89,0.002629244,0.11891721,0.012340148,0.799263288,13
D020,O084,6,186,1.119170373,797,0.372992677,0.000386491,0.00152113,0.993396916,169
D020,O085,6,186,1.119170373,66,0.183976656,0.236269207,0.120756181,0.591017322,11
D020,O086,6,186,1.119170373,135,0.469888219,0.056365997,0.043821459,0.952586866,28
D020,O087,6,186,1.119170373,23,0.111840401,0.071296914,0.089679808,0.791166307,2
D020,O088,6,186,1.119170373,74,0.028069089,0.054085246,0.202673962,0.619616712,14
D020,O089,6,186,1.119170373,55,0.492105028,0.101006081,0.474810428,0.657444473,6
D020,O090,6,186,1.119170373,285,0.03434851,0.377557012,0.057284121,0.757204241,14
D020,O091,6,186,1.119170373,85,0.181583703,0.224320695,0.138841885,0.830164928,8
D020,O092,6,186,1.119170373,303,0.442706311,0.172267227,0.436491903,0.897895329,53
D020,O093,6,186,1.119170373,25,0.276275035,0.078153424,0.291384582,0.958605081,1
D020,O094,6,186,1.119170373,888,0.302089761,0.091469055,0.358945917,0.915650339,193
D020,O095,6,186,1.119170373,29,0.365502327,0.314203797,0.177999519,0.631365154,3
D020,O096,6,186,1.119170373,91,0.16170145,0.264353919,0.069555674,0.545005585,20
D021,O001,3,997,1.249089371,184,0.252173292,0.345006223,0.414518539,1.008029851,43
D021,O002,3,997,1.249089371,71,0.386957289,0.33590604,0.423756547,1.030814136,16
D021,O003,3,997,1.249089371,43,0.48531049,0.109844006,0.373132887,0.562934186,5
D021,O004,3,997,1.249089371,544,0.015441285,0.39993713,0.047767101,0.621494583,12
D021,O005,3,997,1.249089371,472,0.458927508,0.08115278,0.018055532,0.751825682,8
D021,O006,3,997,1.249089371,26,0.466438896,0.19990199,0.36047691,0.537345538,5
D021,O007,3,997,1.249089371,20,0.141130372,0.138764594,0.166622366,0.974703346,2
D021,O008,3,997,1.249089371,217,0.118365868,0.010264005,0.438577644,0.70421183,4
D021,O009,3,997,1.249089371,39,0.272204984,0.243100415,0.446678,0.893215891,1
D021,O010,3,997,1.249089371,78,0.42428609,0.04657399,0.47291634,0.886241643,6
D021,O011,3,997,1.249089371,163,0.257766277,0.230369452,0.067376828,1.041013094,24
D021,O012,3,997,1.249089371,121,0.018977159,0.042108472,0.106166432,0.634587855,7
D021,O013,3,997,1.249089371,38,0.13035544,0.200717694,0.465695355,0.90739434,4
D021,O014,3,997,1.249089371,505,0.055050564,0.385744929,0.323573274,0.956197221,126
D021,O015,3,997,1.249089371,369,0.403527677,0.186961283,0.029180542,1.016098144,88
D021,O016,3,997,1.249089371,990,0.188337728,0.211915952,0.403770273,0.683522338,99
D021,O017,3,997,1.249089371,47,0.235947901,0.205558573,0.450421949,0.98550411,1
D021,O018,3,997,1.249089371,128,0.201594351,0.132120615,0.2466657,1.015365814,15
D021,O019,3,997,1.249089371,24,0.431629638,0.254066717,0.253740338,0.934568431,1
D021,O020,3,997,1.249089371,113,0.348269976,0.095285863,0.409466489,0.990902637,28
D021,O021,3,997,1.249089371,35,0.407381528,0.191612689,0.078494355,0.726366674,4
D021,O022,3,997,1.249089371,193,0.265083523,0.114415056,0.48366938,0.770574624,6
D021,O023,3,997,1.249089371,410,0.214451437,0.12789836,0.094002538,0.876090399,34
D021,O024,3,997,1.249089371,109,0.107543079,0.370185632,0.33107989,0.763088384,2
D021,O025,3,997,1.249089371,53,0.129725034,0.023513439,0.022926164,0.647079336,9
D021,O026,3,997,1.249089371,104,0.335746812,0.309055962,0.214783733,0.866605062,9
D021,O027,3,997,1.249089371,120,0.173792118,0.275390581,0.115990185,0.594400816,1
D021,O028,3,997,1.249089371,315,0.161028291,0.149607497,0.243736481,0.836522744,76
D021,O029,3,997,1.249089371,744,0.31398409,0.144642217,0.380464816,1.001095973,47
D021,O030,3,997,1.249089371,96,0.291312931,0.178362873,0.260288981,0.712485371,21
D021,O031,3,997,1.249089371,61,0.375724597,0.298965989,0.344989603,1.023539068,2
D021,O032,3,997,1.249089371,449,0.47407037,0.293964396,0.333868972,0.526716923,86
D021,O033,3,997,1.249089371,28,0.356894295,0.285864598,0.280390934,0.572892371,5
D021,O034,3,997,1.249089371,172,0.339323194,0.106162856,0.193996227,0.976195745,28
D021,O035,3,997,1.249089371,173,0.041159595,0.256897351,0.341435098,0.936656262,22
D021,O036,3,997,1.249089371,83,0.318040863,0.288671609,0.125731933,0.510862581,11
D021,O037,3,997,1.249089371,232,0.083660283,0.374766445,0.463420281,0.901833982,16
D021,O038,3,997,1.249089371,765,0.137328547,0.153890662,0.395745604,0.824092212,73
D021,O039,3,997,1.249089371,48,0.232718262,0.17994217,0.033136716,0.784320075,1
D021,O040,3,997,1.249089371,585,0.392959459,0.39457393,0.498815231,0.847757244,30
D021,O041,3,997,1.249089371,49,0.297735298,0.268205888,0.212580592,0.765018393,7
D021,O042,3,997,1.249089371,533,0.049123846,0.273615249,0.271891148,0.775509181,28
D021,O043,3,997,1.249089371,936,0.154267686,0.332919895,0.389161836,0.694797352,211
D021,O044,3,997,1.249089371,721,0.432376139,0.324925408,0.144007894,0.742867678,148
D021,O045,3,997,1.249089371,692,0.331104768,0.086465045,0.220042135,0.679206917,59
D021,O046,3,997,1.249089371,402,0.241792287,0.134055119,0.264545347,1.045585484,81
D021,O047,3,997,1.249089371,32,0.457593053,0.357426009,0.365235909,0.729886159,4
D021,O048,3,997,1.249089371,45,0.221925977,0.348159922,0.204633474,0.792986797,8
D021,O049,3,997,1.249089371,33,0.068127718,0.327197905,0.351458552,0.638016666,6
D021,O050,3,997,1.249089371,322,0.206052109,0.123509785,0.230258857,0.710466564,78
D021,O051,3,997,1.249089371,264,0.415458501,0.161179135,0.311726789,0.922834621,12
D021,O052,3,997,1.249089371,249,0.293109713,0.381495942,0.29384703,0.500330142,30
D021,O053,3,997,1.249089371,251,0.008437374,0.219704544,0.077608614,0.857828126,11
D021,O054,3,997,1.249089371,70,0.483939677,0.225369653,0.039302168,0.574845385,11
D021,O055,3,997,1.249089371,143,0.09821222,0.163666817,0.285033773,0.601558378,17
D021,O056,3,997,1.249089371,345,0.064149611,0.031223606,0.23904777,0.691855779,21
D021,O057,3,997,1.249089371,100,0.400541493,0.216556949,0.487740957,1.038462113,22
D021,O058,3,997,1.249089371,22,0.090722232,0.036785238,0.101049312,0.663001423,4
D021,O059,3,997,1.249089371,486,0.079431167,0.248195591,0.397292534,0.804788767,76
D021,O060,3,997,1.249089371,273,0.451061182,0.170720182,0.061912147,0.815113055,50
D021,O061,3,997,1.249089371,27,0.381805437,0.01616482,0.491613692,0.675221612,4
D021,O062,3,997,1.249089371,442,0.418928223,0.359834489,0.417321395,0.554105019,34
D021,O063,3,997,1.249089371,159,0.167777479,0.069957712,0.130372357,0.943907134,38
D021,O064,3,997,1.249089371,358,0.061032209,0.305917985,0.455729849,0.927346891,71
D021,O065,3,997,1.249089371,56,0.248866638,0.340199764,0.379559452,0.583546864,5
D021,O066,3,997,1.249089371,149,0.351209323,0.192455527,0.149427886,0.883050134,9
D021,O067,3,997,1.249089371,60,0.359928689,0.02076874,0.174232425,0.648987034,6
D021,O068,3,997,1.249089371,871,0.148525779,0.2389906,0.43126666,0.56330551,22
D021,O069,3,997,1.249089371,600,0.193256125,0.259153683,0.18565311,0.968309469,107
D021,O070,3,997,1.249089371,139,0.286307662,0.0275532,0.151186277,0.734969069,9
D021,O071,3,997,1.249089371,830,0.025772238,0.059916076,0.006124037,0.854259133,1
D021,O072,3,997,1.249089371,41,0.447028226,0.353970092,0.321029628,0.606201119,5
D021,O073,3,997,1.249089371,22,0.099783277,0.097826372,0.112559894,0.548583884,3
D021,O074,3,997,1.249089371,36,0.042568944,0.004280635,0.087293441,0.86728622,3
D021,O075,3,997,1.249089371,31,0.495260113,0.154710174,0.269857669,0.722353565,5
D021,O076,3,997,1.249089371,202,0.209924614,0.319442165,0.171734319,0.667816616,34
D021,O077,3,997,1.249089371,648,0.325153788,0.303515085,0.316930252,0.613107267,97
D021,O078,3,997,1.249089371,379,0.223960723,0.064878079,0.224272393,0.840645589,80
D021,O079,3,997,1.249089371,65,0.075519811,0.282963886,0.299403793,0.51375586,9
D021,O080,3,997,1.249089371,206,0.124478381,0.390952102,0.159201992,0.812430792,3
D021,O081,3,997,1.249089371,229,0.311863322,0.040757227,0.190953924,0.52059127,6
D021,O082,3,997,1.249089371,630,0.267185735,0.363424574,0.305398084,0.528725737,144
D021,O083,3,997,1.249089371,89,0.002629244,0.11891721,0.012340148,0.799263288,13
D021,O084,3,997,1.249089371,797,0.372992677,0.000386491,0.00152113,0.993396916,169
D021,O085,3,997,1.249089371,66,0.183976656,0.236269207,0.120756181,0.591017322,11
D021,O086,3,997,1.249089371,135,0.469888219,0.056365997,0.043821459,0.952586866,28
D021,O087,3,997,1.249089371,23,0.111840401,0.071296914,0.089679808,0.791166307,2
D021,O088,3,997,1.249089371,74,0.028069089,0.054085246,0.202673962,0.619616712,14
D021,O089,3,997,1.249089371,55,0.492105028,0.101006081,0.474810428,0.657444473,6
D021,O090,3,997,1.249089371,285,0.03434851,0.377557012,0.057284121,0.757204241,14
D021,O091,3,997,1.249089371,85,0.181583703,0.224320695,0.138841885,0.830164928,8
D021,O092,3,997,1.249089371,303,0.442706311,0.172267227,0.436491903,0.897895329,53
D021,O093,3,997,1.249089371,25,0.276275035,0.078153424,0.291384582,0.958605081,1
D021,O094,3,997,1.249089371,888,0.302089761,0.091469055,0.358945917,0.915650339,193
D021,O095,3,997,1.249089371,29,0.365502327,0.314203797,0.177999519,0.631365154,3
D021,O096,3,997,1.249089371,91,0.16170145,0.264353919,0.069555674,0.545005585,20
D022,O001,7,488,1.596864304,184,0.252173292,0.345006223,0.414518539,1.008029851,43
D022,O002,7,488,1.596864304,71,0.386957289,0.33590604,0.423756547,1.030814136,16
D022,O003,7,488,1.596864304,43,0.48531049,0.109844006,0.373132887,0.562934186,5
D022,O004,7,488,1.596864304,544,0.015441285,0.39993713,0.047767101,0.621494583,12
D022,O005,7,488,1.596864304,472,0.458927508,0.08115278,0.018055532,0.751825682,8
D022,O006,7,488,1.596864304,26,0.466438896,0.19990199,0.36047691,0.537345538,5
D022,O007,7,488,1.596864304,20,0.141130372,0.138764594,0.166622366,0.974703346,2
D022,O008,7,488,1.596864304,217,0.118365868,0.010264005,0.438577644,0.70421183,4
D022,O009,7,488,1.596864304,39,0.272204984,0.243100415,0.446678,0.893215891,1
D022,O010,7,488,1.596864304,78,0.42428609,0.04657399,0.47291634,0.886241643,6
D022,O011,7,488,1.596864304,163,0.257766277,0.230369452,0.067376828,1.041013094,24
D022,O012,7,488,1.596864304,121,0.018977159,0.042108472,0.106166432,0.634587855,7
D022,O013,7,488,1.596864304,38,0.13035544,0.200717694,0.465695355,0.90739434,4
D022,O014,7,488,1.596864304,505,0.055050564,0.385744929,0.323573274,0.956197221,126
D022,O015,7,488,1.596864304,369,0.403527677,0.186961283,0.029180542,1.016098144,88
D022,O016,7,488,1.596864304,990,0.188337728,0.211915952,0.403770273,0.683522338,99
D022,O017,7,488,1.596864304,47,0.235947901,0.205558573,0.450421949,0.98550411,1
D022,O018,7,488,1.596864304,128,0.201594351,0.132120615,0.2466657,1.015365814,15
D022,O019,7,488,1.596864304,24,0.431629638,0.254066717,0.253740338,0.934568431,1
D022,O020,7,488,1.596864304,113,0.348269976,0.095285863,0.409466489,0.990902637,28
D022,O021,7,488,1.596864304,35,0.407381528,0.191612689,0.078494355,0.726366674,4
D022,O022,7,488,1.596864304,193,0.265083523,0.114415056,0.48366938,0.770574624,6
D022,O023,7,488,1.596864304,410,0.214451437,0.12789836,0.094002538,0.876090399,34
D022,O024,7,488,1.596864304,109,0.107543079,0.370185632,0.33107989,0.763088384,2
D022,O025,7,488,1.596864304,53,0.129725034,0.023513439,0.022926164,0.647079336,9
D022,O026,7,488,1.596864304,104,0.335746812,0.309055962,0.214783733,0.866605062,9
D022,O027,7,488,1.596864304,120,0.173792118,0.275390581,0.115990185,0.594400816,1
D022,O028,7,488,1.596864304,315,0.161028291,0.149607497,0.243736481,0.836522744,76
D022,O029,7,488,1.596864304,744,0.31398409,0.144642217,0.380464816,1.001095973,47
D022,O030,7,488,1.596864304,96,0.291312931,0.178362873,0.260288981,0.712485371,21
D022,O031,7,488,1.596864304,61,0.375724597,0.298965989,0.344989603,1.023539068,2
D022,O032,7,488,1.596864304,449,0.47407037,0.293964396,0.333868972,0.526716923,86
D022,O033,7,488,1.596864304,28,0.356894295,0.285864598,0.280390934,0.572892371,5
D022,O034,7,488,1.596864304,172,0.339323194,0.106162856,0.193996227,0.976195745,28
D022,O035,7,488,1.596864304,173,0.041159595,0.256897351,0.341435098,0.936656262,22
D022,O036,7,488,1.596864304,83,0.318040863,0.288671609,0.125731933,0.510862581,11
D022,O037,7,488,1.596864304,232,0.083660283,0.374766445,0.463420281,0.901833982,16
D022,O038,7,488,1.596864304,765,0.137328547,0.153890662,0.395745604,0.824092212,73
D022,O039,7,488,1.596864304,48,0.232718262,0.17994217,0.033136716,0.784320075,1
D022,O040,7,488,1.596864304,585,0.392959459,0.39457393,0.498815231,0.847757244,30
D022,O041,7,488,1.596864304,49,0.297735298,0.268205888,0.212580592,0.765018393,7
D022,O042,7,488,1.596864304,533,0.049123846,0.273615249,0.271891148,0.775509181,28
D022,O043,7,488,1.596864304,936,0.154267686,0.332919895,0.389161836,0.694797352,211
D022,O044,7,488,1.596864304,721,0.432376139,0.324925408,0.144007894,0.742867678,148
D022,O045,7,488,1.596864304,692,0.331104768,0.086465045,0.220042135,0.679206917,59
D022,O046,7,488,1.596864304,402,0.241792287,0.134055119,0.264545347,1.045585484,81
D022,O047,7,488,1.596864304,32,0.457593053,0.357426009,0.365235909,0.729886159,4
D022,O048,7,488,1.596864304,45,0.221925977,0.348159922,0.204633474,0.792986797,8
D022,O049,7,488,1.596864304,33,0.068127718,0.327197905,0.351458552,0.638016666,6
D022,O050,7,488,1.596864304,322,0.206052109,0.123509785,0.230258857,0.710466564,78
D022,O051,7,488,1.596864304,264,0.415458501,0.161179135,0.311726789,0.922834621,12
D022,O052,7,488,1.596864304,249,0.293109713,0.381495942,0.29384703,0.500330142,30
D022,O053,7,488,1.596864304,251,0.008437374,0.219704544,0.077608614,0.857828126,11
D022,O054,7,488,1.596864304,70,0.483939677,0.225369653,0.039302168,0.574845385,11
D022,O055,7,488,1.596864304,143,0.09821222,0.163666817,0.285033773,0.601558378,17
D022,O056,7,488,1.596864304,345,0.064149611,0.031223606,0.23904777,0.691855779,21
D022,O057,7,488,1.596864304,100,0.400541493,0.216556949,0.487740957,1.038462113,22
D022,O058,7,488,1.596864304,22,0.090722232,0.036785238,0.101049312,0.663001423,4
D022,O059,7,488,1.596864304,486,0.079431167,0.248195591,0.397292534,0.804788767,76
D022,O060,7,488,1.596864304,273,0.451061182,0.170720182,0.061912147,0.815113055,50
D022,O061,7,488,1.596864304,27,0.381805437,0.01616482,0.491613692,0.675221612,4
D022,O062,7,488,1.596864304,442,0.418928223,0.359834489,0.417321395,0.554105019,34
D022,O063,7,488,1.596864304,159,0.167777479,0.069957712,0.130372357,0.943907134,38
D022,O064,7,488,1.596864304,358,0.061032209,0.305917985,0.455729849,0.927346891,71
D022,O065,7,488,1.596864304,56,0.248866638,0.340199764,0.379559452,0.583546864,5
D022,O066,7,488,1.596864304,149,0.351209323,0.192455527,0.149427886,0.883050134,9
D022,O067,7,488,1.596864304,60,0.359928689,0.02076874,0.174232425,0.648987034,6
D022,O068,7,488,1.596864304,871,0.148525779,0.2389906,0.43126666,0.56330551,22
D022,O069,7,488,1.596864304,600,0.193256125,0.259153683,0.18565311,0.968309469,107
D022,O070,7,488,1.596864304,139,0.286307662,0.0275532,0.151186277,0.734969069,9
D022,O071,7,488,1.596864304,830,0.025772238,0.059916076,0.006124037,0.854259133,1
D022,O072,7,488,1.596864304,41,0.447028226,0.353970092,0.321029628,0.606201119,5
D022,O073,7,488,1.596864304,22,0.099783277,0.097826372,0.112559894,0.548583884,3
D022,O074,7,488,1.596864304,36,0.042568944,0.004280635,0.087293441,0.86728622,3
D022,O075,7,488,1.596864304,31,0.495260113,0.154710174,0.269857669,0.722353565,5
D022,O076,7,488,1.596864304,202,0.209924614,0.319442165,0.171734319,0.667816616,34
D022,O077,7,488,1.596864304,648,0.325153788,0.303515085,0.316930252,0.613107267,97
D022,O078,7,488,1.596864304,379,0.223960723,0.064878079,0.224272393,0.840645589,80
D022,O079,7,488,1.596864304,65,0.075519811,0.282963886,0.299403793,0.51375586,9
D022,O080,7,488,1.596864304,206,0.124478381,0.390952102,0.159201992,0.812430792,3
D022,O081,7,488,1.596864304,229,0.311863322,0.040757227,0.190953924,0.52059127,6
D022,O082,7,488,1.596864304,630,0.267185735,0.363424574,0.305398084,0.528725737,144
D022,O083,7,488,1.596864304,89,0.002629244,0.11891721,0.012340148,0.799263288,13
D022,O084,7,488,1.596864304,797,0.372992677,0.000386491,0.00152113,0.993396916,169
D022,O085,7,488,1.596864304,66,0.183976656,0.236269207,0.120756181,0.591017322,11
D022,O086,7,488,1.596864304,135,0.469888219,0.056365997,0.043821459,0.952586866,28
D022,O087,7,488,1.596864304,23,0.111840401,0.071296914,0.089679808,0.791166307,2
D022,O088,7,488,1.596864304,74,0.028069089,0.054085246,0.202673962,0.619616712,14
D022,O089,7,488,1.596864304,55,0.492105028,0.101006081,0.474810428,0.657444473,6
D022,O090,7,488,1.596864304,285,0.03434851,0.377557012,0.057284121,0.757204241,14
D022,O091,7,488,1.596864304,85,0.181583703,0.224320695,0.138841885,0.830164928,8
D022,O092,7,488,1.596864304,303,0.442706311,0.172267227,0.436491903,0.897895329,53
D022,O093,7,488,1.596864304,25,0.276275035,0.078153424,0.291384582,0.958605081,1
D022,O094,7,488,1.596864304,888,0.302089761,0.091469055,0.358945917,0.915650339,193
D022,O095,7,488,1.596864304,29,0.365502327,0.314203797,0.177999519,0.631365154,3
D022,O096,7,488,1.596864304,91,0.16170145,0.264353919,0.069555674,0.545005585,20
D023,O001,5,134,6.115431566,184,0.252173292,0.345006223,0.414518539,1.008029851,43
D023,O002,5,134,6.115431566,71,0.386957289,0.33590604,0.423756547,1.030814136,16
D023,O003,5,134,6.115431566,43,0.48531049,0.109844006,0.373132887,0.562934186,5
D023,O004,5,134,6.115431566,544,0.015441285,0.39993713,0.047767101,0.621494583,12
D023,O005,5,134,6.115431566,472,0.458927508,0.08115278,0.018055532,0.751825682,8
D023,O006,5,134,6.115431566,26,0.466438896,0.19990199,0.36047691,0.537345538,5
D023,O007,5,134,6.115431566,20,0.141130372,0.138764594,0.166622366,0.974703346,2
D023,O008,5,134,6.115431566,217,0.118365868,0.010264005,0.438577644,0.70421183,4
D023,O009,5,134,6.115431566,39,0.272204984,0.243100415,0.446678,0.893215891,1
D023,O010,5,134,6.115431566,78,0.42428609,0.04657399,0.47291634,0.886241643,6
D023,O011,5,134,6.115431566,163,0.257766277,0.230369452,0.067376828,1.041013094,24
D023,O012,5,134,6.115431566,121,0.018977159,0.042108472,0.106166432,0.634587855,7
D023,O013,5,134,6.115431566,38,0.13035544,0.200717694,0.465695355,0.90739434,4
D023,O014,5,134,6.115431566,505,0.055050564,0.385744929,0.323573274,0.956197221,126
D023,O015,5,134,6.115431566,369,0.403527677,0.186961283,0.029180542,1.016098144,88
D023,O016,5,134,6.115431566,990,0.188337728,0.211915952,0.403770273,0.683522338,99
D023,O017,5,134,6.115431566,47,0.235947901,0.205558573,0.450421949,0.98550411,1
D023,O018,5,134,6.115431566,128,0.201594351,0.132120615,0.2466657,1.015365814,15
D023,O019,5,134,6.115431566,24,0.431629638,0.254066717,0.253740338,0.934568431,1
D023,O020,5,134,6.115431566,113,0.348269976,0.095285863,0.409466489,0.990902637,28
D023,O021,5,134,6.115431566,35,0.407381528,0.191612689,0.078494355,0.726366674,4
D023,O022,5,134,6.115431566,193,0.265083523,0.114415056,0.48366938,0.770574624,6
D023,O023,5,134,6.115431566,410,0.214451437,0.12789836,0.094002538,0.876090399,34
D023,O024,5,134,6.115431566,109,0.107543079,0.370185632,0.33107989,0.763088384,2
D023,O025,5,134,6.115431566,53,0.129725034,0.023513439,0.022926164,0.647079336,9
D023,O026,5,134,6.115431566,104,0.335746812,0.309055962,0.214783733,0.866605062,9
D023,O027,5,134,6.115431566,120,0.173792118,0.275390581,0.115990185,0.594400816,1
D023,O028,5,134,6.115431566,315,0.161028291,0.149607497,0.243736481,0.836522744,76
D023,O029,5,134,6.115431566,744,0.31398409,0.144642217,0.380464816,1.001095973,47
D023,O030,5,134,6.115431566,96,0.291312931,0.178362873,0.260288981,0.712485371,21
D023,O031,5,134,6.115431566,61,0.375724597,0.298965989,0.344989603,1.023539068,2
D023,O032,5,134,6.115431566,449,0.47407037,0.293964396,0.333868972,0.526716923,86
D023,O033,5,134,6.115431566,28,0.356894295,0.285864598,0.280390934,0.572892371,5
D023,O034,5,134,6.115431566,172,0.339323194,0.106162856,0.193996227,0.976195745,28
D023,O035,5,134,6.115431566,173,0.041159595,0.256897351,0.341435098,0.936656262,22
D023,O036,5,134,6.115431566,83,0.318040863,0.288671609,0.125731933,0.510862581,11
D023,O037,5,134,6.115431566,232,0.083660283,0.374766445,0.463420281,0.901833982,16
D023,O038,5,134,6.115431566,765,0.137328547,0.153890662,0.395745604,0.824092212,73
D023,O039,5,134,6.115431566,48,0.232718262,0.17994217,0.033136716,0.784320075,1
D023,O040,5,134,6.115431566,585,0.392959459,0.39457393,0.498815231,0.847757244,30
D023,O041,5,134,6.115431566,49,0.297735298,0.268205888,0.212580592,0.765018393,7
D023,O042,5,134,6.115431566,533,0.049123846,0.273615249,0.271891148,0.775509181,28
D023,O043,5,134,6.115431566,936,0.154267686,0.332919895,0.389161836,0.694797352,211
D023,O044,5,134,6.115431566,721,0.432376139,0.324925408,0.144007894,0.742867678,148
D023,O045,5,134,6.115431566,692,0.331104768,0.086465045,0.220042135,0.679206917,59
D023,O046,5,134,6.115431566,402,0.241792287,0.134055119,0.264545347,1.045585484,81
D023,O047,5,134,6.115431566,32,0.457593053,0.357426009,0.365235909,0.729886159,4
D023,O048,5,134,6.115431566,45,0.221925977,0.348159922,0.204633474,0.792986797,8
D023,O049,5,134,6.115431566,33,0.068127718,0.327197905,0.351458552,0.638016666,6
D023,O050,5,134,6.115431566,322,0.206052109,0.123509785,0.230258857,0.710466564,78
D023,O051,5,134,6.115431566,264,0.415458501,0.161179135,0.311726789,0.922834621,12
D023,O052,5,134,6.115431566,249,0.293109713,0.381495942,0.29384703,0.500330142,30
D023,O053,5,134,6.115431566,251,0.008437374,0.219704544,0.077608614,0.857828126,11
D023,O054,5,134,6.115431566,70,0.483939677,0.225369653,0.039302168,0.574845385,11
D023,O055,5,134,6.115431566,143,0.09821222,0.163666817,0.285033773,0.601558378,17
D023,O056,5,134,6.115431566,345,0.064149611,0.031223606,0.23904777,0.691855779,21
D023,O057,5,134,6.115431566,100,0.400541493,0.216556949,0.487740957,1.038462113,22
D023,O058,5,134,6.115431566,22,0.090722232,0.036785238,0.101049312,0.663001423,4
D023,O059,5,134,6.115431566,486,0.079431167,0.248195591,0.397292534,0.804788767,76
D023,O060,5,134,6.115431566,273,0.451061182,0.170720182,0.061912147,0.815113055,50
D023,O061,5,134,6.115431566,27,0.381805437,0.01616482,0.491613692,0.675221612,4
D023,O062,5,134,6.115431566,442,0.418928223,0.359834489,0.417321395,0.554105019,34
D023,O063,5,134,6.115431566,159,0.167777479,0.069957712,0.130372357,0.943907134,38
D023,O064,5,134,6.115431566,358,0.061032209,0.305917985,0.455729849,0.927346891,71
D023,O065,5,134,6.115431566,56,0.248866638,0.340199764,0.379559452,0.583546864,5
D023,O066,5,134,6.115431566,149,0.351209323,0.192455527,0.149427886,0.883050134,9
D023,O067,5,134,6.115431566,60,0.359928689,0.02076874,0.174232425,0.648987034,6
D023,O068,5,134,6.115431566,871,0.148525779,0.2389906,0.43126666,0.56330551,22
D023,O069,5,134,6.115431566,600,0.193256125,0.259153683,0.18565311,0.968309469,107
D023,O070,5,134,6.115431566,139,0.286307662,0.0275532,0.151186277,0.734969069,9
D023,O071,5,134,6.115431566,830,0.025772238,0.059916076,0.006124037,0.854259133,1
D023,O072,5,134,6.115431566,41,0.447028226,0.353970092,0.321029628,0.606201119,5
D023,O073,5,134,6.115431566,22,0.099783277,0.097826372,0.112559894,0.548583884,3
D023,O074,5,134,6.115431566,36,0.042568944,0.004280635,0.087293441,0.86728622,3
D023,O075,5,134,6.115431566,31,0.495260113,0.154710174,0.269857669,0.722353565,5
D023,O076,5,134,6.115431566,202,0.209924614,0.319442165,0.171734319,0.667816616,34
D023,O077,5,134,6.115431566,648,0.325153788,0.303515085,0.316930252,0.613107267,97
D023,O078,5,134,6.115431566,379,0.223960723,0.064878079,0.224272393,0.840645589,80
D023,O079,5,134,6.115431566,65,0.075519811,0.282963886,0.299403793,0.51375586,9
D023,O080,5,134,6.115431566,206,0.124478381,0.390952102,0.159201992,0.812430792,3
D023,O081,5,134,6.115431566,229,0.311863322,0.040757227,0.190953924,0.52059127,6
D023,O082,5,134,6.115431566,630,0.267185735,0.363424574,0.305398084,0.528725737,144
D023,O083,5,134,6.115431566,89,0.002629244,0.11891721,0.012340148,0.799263288,13
D023,O084,5,134,6.115431566,797,0.372992677,0.000386491,0.00152113,0.993396916,169
D023,O085,5,134,6.115431566,66,0.183976656,0.236269207,0.120756181,0.591017322,11
D023,O086,5,134,6.115431566,135,0.469888219,0.056365997,0.043821459,0.952586866,28
D023,O087,5,134,6.115431566,23,0.111840401,0.071296914,0.089679808,0.791166307,2
D023,O088,5,134,6.115431566,74,0.028069089,0.054085246,0.202673962,0.619616712,14
D023,O089,5,134,6.115431566,55,0.492105028,0.101006081,0.474810428,0.657444473,6
D023,O090,5,134,6.115431566,285,0.03434851,0.377557012,0.057284121,0.757204241,14
D023,O091,5,134,6.115431566,85,0.181583703,0.224320695,0.138841885,0.830164928,8
D023,O092,5,134,6.115431566,303,0.442706311,0.172267227,0.436491903,0.897895329,53
D023,O093,5,134,6.115431566,25,0.276275035,0.078153424,0.291384582,0.958605081,1
D023,O094,5,134,6.115431566,888,0.302089761,0.091469055,0.358945917,0.915650339,193
D023,O095,5,134,6.115431566,29,0.365502327,0.314203797,0.177999519,0.631365154,3
D023,O096,5,134,6.115431566,91,0.16170145,0.264353919,0.069555674,0.545005585,20
D024,O001,8,72,0.946451147,184,0.252173292,0.345006223,0.414518539,1.008029851,43
D024,O002,8,72,0.946451147,71,0.386957289,0.33590604,0.423756547,1.030814136,16
D024,O003,8,72,0.946451147,43,0.48531049,0.109844006,0.373132887,0.562934186,5
D024,O004,8,72,0.946451147,544,0.015441285,0.39993713,0.047767101,0.621494583,12
D024,O005,8,72,0.946451147,472,0.458927508,0.08115278,0.018055532,0.751825682,8
D024,O006,8,72,0.946451147,26,0.466438896,0.19990199,0.36047691,0.537345538,5
D024,O007,8,72,0.946451147,20,0.141130372,0.138764594,0.166622366,0.974703346,2
D024,O008,8,72,0.946451147,217,0.118365868,0.010264005,0.438577644,0.70421183,4
D024,O009,8,72,0.946451147,39,0.272204984,0.243100415,0.446678,0.893215891,1
D024,O010,8,72,0.946451147,78,0.42428609,0.04657399,0.47291634,0.886241643,6
D024,O011,8,72,0.946451147,163,0.257766277,0.230369452,0.067376828,1.041013094,24
D024,O012,8,72,0.946451147,121,0.018977159,0.042108472,0.106166432,0.634587855,7
D024,O013,8,72,0.946451147,38,0.13035544,0.200717694,0.465695355,0.90739434,4
D024,O014,8,72,0.946451147,505,0.055050564,0.385744929,0.323573274,0.956197221,126
D024,O015,8,72,0.946451147,369,0.403527677,0.186961283,0.029180542,1.016098144,88
D024,O016,8,72,0.946451147,990,0.188337728,0.211915952,0.403770273,0.683522338,99
D024,O017,8,72,0.946451147,47,0.235947901,0.205558573,0.450421949,0.98550411,1
D024,O018,8,72,0.946451147,128,0.201594351,0.132120615,0.2466657,1.015365814,15
D024,O019,8,72,0.946451147,24,0.431629638,0.254066717,0.253740338,0.934568431,1
D024,O020,8,72,0.946451147,113,0.348269976,0.095285863,0.409466489,0.990902637,28
D024,O021,8,72,0.946451147,35,0.407381528,0.191612689,0.078494355,0.726366674,4
D024,O022,8,72,0.946451147,193,0.265083523,0.114415056,0.48366938,0.770574624,6
D024,O023,8,72,0.946451147,410,0.214451437,0.12789836,0.094002538,0.876090399,34
D024,O024,8,72,0.946451147,109,0.107543079,0.370185632,0.33107989,0.763088384,2
D024,O025,8,72,0.946451147,53,0.129725034,0.023513439,0.022926164,0.647079336,9
D024,O026,8,72,0.946451147,104,0.335746812,0.309055962,0.214783733,0.866605062,9
D024,O027,8,72,0.946451147,120,0.173792118,0.275390581,0.115990185,0.594400816,1
D024,O028,8,72,0.946451147,315,0.161028291,0.149607497,0.243736481,0.836522744,76
D024,O029,8,72,0.946451147,744,0.31398409,0.144642217,0.380464816,1.001095973,47
D024,O030,8,72,0.946451147,96,0.291312931,0.178362873,0.260288981,0.712485371,21
D024,O031,8,72,0.946451147,61,0.375724597,0.298965989,0.344989603,1.023539068,2
D024,O032,8,72,0.946451147,449,0.47407037,0.293964396,0.333868972,0.526716923,86
D024,O033,8,72,0.946451147,28,0.356894295,0.285864598,0.280390934,0.572892371,5
D024,O034,8,72,0.946451147,172,0.339323194,0.106162856,0.193996227,0.976195745,28
D024,O035,8,72,0.946451147,173,0.041159595,0.256897351,0.341435098,0.936656262,22
D024,O036,8,72,0.946451147,83,0.318040863,0.288671609,0.125731933,0.510862581,11
D024,O037,8,72,0.946451147,232,0.083660283,0.374766445,0.463420281,0.901833982,16
D024,O038,8,72,0.946451147,765,0.137328547,0.153890662,0.395745604,0.824092212,73
D024,O039,8,72,0.946451147,48,0.232718262,0.17994217,0.033136716,0.784320075,1
D024,O040,8,72,0.946451147,585,0.392959459,0.39457393,0.498815231,0.847757244,30
D024,O041,8,72,0.946451147,49,0.297735298,0.268205888,0.212580592,0.765018393,7
D024,O042,8,72,0.946451147,533,0.049123846,0.273615249,0.271891148,0.775509181,28
D024,O043,8,72,0.946451147,936,0.154267686,0.332919895,0.389161836,0.694797352,211
D024,O044,8,72,0.946451147,721,0.432376139,0.324925408,0.144007894,0.742867678,148
D024,O045,8,72,0.946451147,692,0.331104768,0.086465045,0.220042135,0.679206917,59
D024,O046,8,72,0.946451147,402,0.241792287,0.134055119,0.264545347,1.045585484,81
D024,O047,8,72,0.946451147,32,0.457593053,0.357426009,0.365235909,0.729886159,4
D024,O048,8,72,0.946451147,45,0.221925977,0.348159922,0.204633474,0.792986797,8
D024,O049,8,72,0.946451147,33,0.068127718,0.327197905,0.351458552,0.638016666,6
D024,O050,8,72,0.946451147,322,0.206052109,0.123509785,0.230258857,0.710466564,78
D024,O051,8,72,0.946451147,264,0.415458501,0.161179135,0.311726789,0.922834621,12
D024,O052,8,72,0.946451147,249,0.293109713,0.381495942,0.29384703,0.500330142,30
D024,O053,8,72,0.946451147,251,0.008437374,0.219704544,0.077608614,0.857828126,11
D024,O054,8,72,0.946451147,70,0.483939677,0.225369653,0.039302168,0.574845385,11
D024,O055,8,72,0.946451147,143,0.09821222,0.163666817,0.285033773,0.601558378,17
D024,O056,8,72,0.946451147,345,0.064149611,0.031223606,0.23904777,0.691855779,21
D024,O057,8,72,0.946451147,100,0.400541493,0.216556949,0.487740957,1.038462113,22
D024,O058,8,72,0.946451147,22,0.090722232,0.036785238,0.101049312,0.663001423,4
D024,O059,8,72,0.946451147,486,0.079431167,0.248195591,0.397292534,0.804788767,76
D024,O060,8,72,0.946451147,273,0.451061182,0.170720182,0.061912147,0.815113055,50
D024,O061,8,72,0.946451147,27,0.381805437,0.01616482,0.491613692,0.675221612,4
D024,O062,8,72,0.946451147,442,0.418928223,0.359834489,0.417321395,0.554105019,34
D024,O063,8,72,0.946451147,159,0.167777479,0.069957712,0.130372357,0.943907134,38
D024,O064,8,72,0.946451147,358,0.061032209,0.305917985,0.455729849,0.927346891,71
D024,O065,8,72,0.946451147,56,0.248866638,0.340199764,0.379559452,0.583546864,5
D024,O066,8,72,0.946451147,149,0.351209323,0.192455527,0.149427886,0.883050134,9
D024,O067,8,72,0.946451147,60,0.359928689,0.02076874,0.174232425,0.648987034,6
D024,O068,8,72,0.946451147,871,0.148525779,0.2389906,0.43126666,0.56330551,22
D024,O069,8,72,0.946451147,600,0.193256125,0.259153683,0.18565311,0.968309469,107
D024,O070,8,72,0.946451147,139,0.286307662,0.0275532,0.151186277,0.734969069,9
D024,O071,8,72,0.946451147,830,0.025772238,0.059916076,0.006124037,0.854259133,1
D024,O072,8,72,0.946451147,41,0.447028226,0.353970092,0.321029628,0.606201119,5
D024,O073,8,72,0.946451147,22,0.099783277,0.097826372,0.112559894,0.548583884,3
D024,O074,8,72,0.946451147,36,0.042568944,0.004280635,0.087293441,0.86728622,3
D024,O075,8,72,0.946451147,31,0.495260113,0.154710174,0.269857669,0.722353565,5
D024,O076,8,72,0.946451147,202,0.209924614,0.319442165,0.171734319,0.667816616,34
D024,O077,8,72,0.946451147,648,0.325153788,0.303515085,0.316930252,0.613107267,97
D024,O078,8,72,0.946451147,379,0.223960723,0.064878079,0.224272393,0.840645589,80
D024,O079,8,72,0.946451147,65,0.075519811,0.282963886,0.299403793,0.51375586,9
D024,O080,8,72,0.946451147,206,0.124478381,0.390952102,0.159201992,0.812430792,3
D024,O081,8,72,0.946451147,229,0.311863322,0.040757227,0.190953924,0.52059127,6
D024,O082,8,72,0.946451147,630,0.267185735,0.363424574,0.305398084,0.528725737,144
D024,O083,8,72,0.946451147,89,0.002629244,0.11891721,0.012340148,0.799263288,13
D024,O084,8,72,0.946451147,797,0.372992677,0.000386491,0.00152113,0.993396916,169
D024,O085,8,72,0.946451147,66,0.183976656,0.236269207,0.120756181,0.591017322,11
D024,O086,8,72,0.946451147,135,0.469888219,0.056365997,0.043821459,0.952586866,28
D024,O087,8,72,0.946451147,23,0.111840401,0.071296914,0.089679808,0.791166307,2
D024,O088,8,72,0.946451147,74,0.028069089,0.054085246,0.202673962,0.619616712,14
D024,O089,8,72,0.946451147,55,0.492105028,0.101006081,0.474810428,0.657444473,6
D024,O090,8,72,0.946451147,285,0.03434851,0.377557012,0.057284121,0.757204241,14
D024,O091,8,72,0.946451147,85,0.181583703,0.224320695,0.138841885,0.830164928,8
D024,O092,8,72,0.946451147,303,0.442706311,0.172267227,0.436491903,0.897895329,53
D024,O093,8,72,0.946451147,25,0.276275035,0.078153424,0.291384582,0.958605081,1
D024,O094,8,72,0.946451147,888,0.302089761,0.091469055,0.358945917,0.915650339,193
D024,O095,8,72,0.946451147,29,0.365502327,0.314203797,0.177999519,0.631365154,3
D024,O096,8,72,0.946451147,91,0.16170145,0.264353919,0.069555674,0.545005585,20
D025,O001,6,105,0.353875492,184,0.252173292,0.345006223,0.414518539,1.008029851,43
D025,O002,6,105,0.353875492,71,0.386957289,0.33590604,0.423756547,1.030814136,16
D025,O003,6,105,0.353875492,43,0.48531049,0.109844006,0.373132887,0.562934186,5
D025,O004,6,105,0.353875492,544,0.015441285,0.39993713,0.047767101,0.621494583,12
D025,O005,6,105,0.353875492,472,0.458927508,0.08115278,0.018055532,0.751825682,8
D025,O006,6,105,0.353875492,26,0.466438896,0.19990199,0.36047691,0.537345538,5
D025,O007,6,105,0.353875492,20,0.141130372,0.138764594,0.166622366,0.974703346,2
D025,O008,6,105,0.353875492,217,0.118365868,0.010264005,0.438577644,0.70421183,4
D025,O009,6,105,0.353875492,39,0.272204984,0.243100415,0.446678,0.893215891,1
D025,O010,6,105,0.353875492,78,0.42428609,0.04657399,0.47291634,0.886241643,6
D025,O011,6,105,0.353875492,163,0.257766277,0.230369452,0.067376828,1.041013094,24
D025,O012,6,105,0.353875492,121,0.018977159,0.042108472,0.106166432,0.634587855,7
D025,O013,6,105,0.353875492,38,0.13035544,0.200717694,0.465695355,0.90739434,4
D025,O014,6,105,0.353875492,505,0.055050564,0.385744929,0.323573274,0.956197221,126
D025,O015,6,105,0.353875492,369,0.403527677,0.186961283,0.029180542,1.016098144,88
D025,O016,6,105,0.353875492,990,0.188337728,0.211915952,0.403770273,0.683522338,99
D025,O017,6,105,0.353875492,47,0.235947901,0.205558573,0.450421949,0.98550411,1
D025,O018,6,105,0.353875492,128,0.201594351,0.132120615,0.2466657,1.015365814,15
D025,O019,6,105,0.353875492,24,0.431629638,0.254066717,0.253740338,0.934568431,1
D025,O020,6,105,0.353875492,113,0.348269976,0.095285863,0.409466489,0.990902637,28
D025,O021,6,105,0.353875492,35,0.407381528,0.191612689,0.078494355,0.726366674,4
D025,O022,6,105,0.353875492,193,0.265083523,0.114415056,0.48366938,0.770574624,6
D025,O023,6,105,0.353875492,410,0.214451437,0.12789836,0.094002538,0.876090399,34
D025,O024,6,105,0.353875492,109,0.107543079,0.370185632,0.33107989,0.763088384,2
D025,O025,6,105,0.353875492,53,0.129725034,0.023513439,0.022926164,0.647079336,9
D025,O026,6,105,0.353875492,104,0.335746812,0.309055962,0.214783733,0.866605062,9
D025,O027,6,105,0.353875492,120,0.173792118,0.275390581,0.115990185,0.594400816,1
D025,O028,6,105,0.353875492,315,0.161028291,0.149607497,0.243736481,0.836522744,76
D025,O029,6,105,0.353875492,744,0.31398409,0.144642217,0.380464816,1.001095973,47
D025,O030,6,105,0.353875492,96,0.291312931,0.178362873,0.260288981,0.712485371,21
D025,O031,6,105,0.353875492,61,0.375724597,0.298965989,0.344989603,1.023539068,2
D025,O032,6,105,0.353875492,449,0.47407037,0.293964396,0.333868972,0.526716923,86
D025,O033,6,105,0.353875492,28,0.356894295,0.285864598,0.280390934,0.572892371,5
D025,O034,6,105,0.353875492,172,0.339323194,0.106162856,0.193996227,0.976195745,28
D025,O035,6,105,0.353875492,173,0.041159595,0.256897351,0.341435098,0.936656262,22
D025,O036,6,105,0.353875492,83,0.318040863,0.288671609,0.125731933,0.510862581,11
D025,O037,6,105,0.353875492,232,0.083660283,0.374766445,0.463420281,0.901833982,16
D025,O038,6,105,0.353875492,765,0.137328547,0.153890662,0.395745604,0.824092212,73
D025,O039,6,105,0.353875492,48,0.232718262,0.17994217,0.033136716,0.784320075,1
D025,O040,6,105,0.353875492,585,0.392959459,0.39457393,0.498815231,0.847757244,30
D025,O041,6,105,0.353875492,49,0.297735298,0.268205888,0.212580592,0.765018393,7
D025,O042,6,105,0.353875492,533,0.049123846,0.273615249,0.271891148,0.775509181,28
D025,O043,6,105,0.353875492,936,0.154267686,0.332919895,0.389161836,0.694797352,211
D025,O044,6,105,0.353875492,721,0.432376139,0.324925408,0.144007894,0.742867678,148
D025,O045,6,105,0.353875492,692,0.331104768,0.086465045,0.220042135,0.679206917,59
D025,O046,6,105,0.353875492,402,0.241792287,0.134055119,0.264545347,1.045585484,81
D025,O047,6,105,0.353875492,32,0.457593053,0.357426009,0.365235909,0.729886159,4
D025,O048,6,105,0.353875492,45,0.221925977,0.348159922,0.204633474,0.792986797,8
D025,O049,6,105,0.353875492,33,0.068127718,0.327197905,0.351458552,0.638016666,6
D025,O050,6,105,0.353875492,322,0.206052109,0.123509785,0.230258857,0.710466564,78
D025,O051,6,105,0.353875492,264,0.415458501,0.161179135,0.311726789,0.922834621,12
D025,O052,6,105,0.353875492,249,0.293109713,0.381495942,0.29384703,0.500330142,30
D025,O053,6,105,0.353875492,251,0.008437374,0.219704544,0.077608614,0.857828126,11
D025,O054,6,105,0.353875492,70,0.483939677,0.225369653,0.039302168,0.574845385,11
D025,O055,6,105,0.353875492,143,0.09821222,0.163666817,0.285033773,0.601558378,17
D025,O056,6,105,0.353875492,345,0.064149611,0.031223606,0.23904777,0.691855779,21
D025,O057,6,105,0.353875492,100,0.400541493,0.216556949,0.487740957,1.038462113,22
D025,O058,6,105,0.353875492,22,0.090722232,0.036785238,0.101049312,0.663001423,4
D025,O059,6,105,0.353875492,486,0.079431167,0.248195591,0.397292534,0.804788767,76
D025,O060,6,105,0.353875492,273,0.451061182,0.170720182,0.061912147,0.815113055,50
D025,O061,6,105,0.353875492,27,0.381805437,0.01616482,0.491613692,0.675221612,4
D025,O062,6,105,0.353875492,442,0.418928223,0.359834489,0.417321395,0.554105019,34
D025,O063,6,105,0.353875492,159,0.167777479,0.069957712,0.130372357,0.943907134,38
D025,O064,6,105,0.353875492,358,0.061032209,0.305917985,0.455729849,0.927346891,71
D025,O065,6,105,0.353875492,56,0.248866638,0.340199764,0.379559452,0.583546864,5
D025,O066,6,105,0.353875492,149,0.351209323,0.192455527,0.149427886,0.883050134,9
D025,O067,6,105,0.353875492,60,0.359928689,0.02076874,0.174232425,0.648987034,6
D025,O068,6,105,0.353875492,871,0.148525779,0.2389906,0.43126666,0.56330551,22
D025,O069,6,105,0.353875492,600,0.193256125,0.259153683,0.18565311,0.968309469,107
D025,O070,6,105,0.353875492,139,0.286307662,0.0275532,0.151186277,0.734969069,9
D025,O071,6,105,0.353875492,830,0.025772238,0.059916076,0.006124037,0.854259133,1
D025,O072,6,105,0.353875492,41,0.447028226,0.353970092,0.321029628,0.606201119,5
D025,O073,6,105,0.353875492,22,0.099783277,0.097826372,0.112559894,0.548583884,3
D025,O074,6,105,0.353875492,36,0.042568944,0.004280635,0.087293441,0.86728622,3
D025,O075,6,105,0.353875492,31,0.495260113,0.154710174,0.269857669,0.722353565,5
D025,O076,6,105,0.353875492,202,0.209924614,0.319442165,0.171734319,0.667816616,34
D025,O077,6,105,0.353875492,648,0.325153788,0.303515085,0.316930252,0.613107267,97
D025,O078,6,105,0.353875492,379,0.223960723,0.064878079,0.224272393,0.840645589,80
D025,O079,6,105,0.353875492,65,0.075519811,0.282963886,0.299403793,0.51375586,9
D025,O080,6,105,0.353875492,206,0.124478381,0.390952102,0.159201992,0.812430792,3
D025,O081,6,105,0.353875492,229,0.311863322,0.040757227,0.190953924,0.52059127,6
D025,O082,6,105,0.353875492,630,0.267185735,0.363424574,0.305398084,0.528725737,144
D025,O083,6,105,0.353875492,89,0.002629244,0.11891721,0.012340148,0.799263288,13
D025,O084,6,105,0.353875492,797,0.372992677,0.000386491,0.00152113,0.993396916,169
D025,O085,6,105,0.353875492,66,0.183976656,0.236269207,0.120756181,0.591017322,11
D025,O086,6,105,0.353875492,135,0.469888219,0.056365997,0.043821459,0.952586866,28
D025,O087,6,105,0.353875492,23,0.111840401,0.071296914,0.089679808,0.791166307,2
D025,O088,6,105,0.353875492,74,0.028069089,0.054085246,0.202673962,0.619616712,14
D025,O089,6,105,0.353875492,55,0.492105028,0.101006081,0.474810428,0.657444473,6
D025,O090,6,105,0.353875492,285,0.03434851,0.377557012,0.057284121,0.757204241,14
D025,O091,6,105,0.353875492,85,0.181583703,0.224320695,0.138841885,0.830164928,8
D025,O092,6,105,0.353875492,303,0.442706311,0.172267227,0.436491903,0.897895329,53
D025,O093,6,105,0.353875492,25,0.276275035,0.078153424,0.291384582,0.958605081,1
D025,O094,6,105,0.353875492,888,0.302089761,0.091469055,0.358945917,0.915650339,193
D025,O095,6,105,0.353875492,29,0.365502327,0.314203797,0.177999519,0.631365154,3
D025,O096,6,105,0.353875492,91,0.16170145,0.264353919,0.069555674,0.545005585,20
D026,O001,7,296,0.346738461,184,0.252173292,0.345006223,0.414518539,1.008029851,43
D026,O002,7,296,0.346738461,71,0.386957289,0.33590604,0.423756547,1.030814136,16
D026,O003,7,296,0.346738461,43,0.48531049,0.109844006,0.373132887,0.562934186,5
D026,O004,7,296,0.346738461,544,0.015441285,0.39993713,0.047767101,0.621494583,12
D026,O005,7,296,0.346738461,472,0.458927508,0.08115278,0.018055532,0.751825682,8
D026,O006,7,296,0.346738461,26,0.466438896,0.19990199,0.36047691,0.537345538,5
D026,O007,7,296,0.346738461,20,0.141130372,0.138764594,0.166622366,0.974703346,2
D026,O008,7,296,0.346738461,217,0.118365868,0.010264005,0.438577644,0.70421183,4
D026,O009,7,296,0.346738461,39,0.272204984,0.243100415,0.446678,0.893215891,1
D026,O010,7,296,0.346738461,78,0.42428609,0.04657399,0.47291634,0.886241643,6
D026,O011,7,296,0.346738461,163,0.257766277,0.230369452,0.067376828,1.041013094,24
D026,O012,7,296,0.346738461,121,0.018977159,0.042108472,0.106166432,0.634587855,7
D026,O013,7,296,0.346738461,38,0.13035544,0.200717694,0.465695355,0.90739434,4
D026,O014,7,296,0.346738461,505,0.055050564,0.385744929,0.323573274,0.956197221,126
D026,O015,7,296,0.346738461,369,0.403527677,0.186961283,0.029180542,1.016098144,88
D026,O016,7,296,0.346738461,990,0.188337728,0.211915952,0.403770273,0.683522338,99
D026,O017,7,296,0.346738461,47,0.235947901,0.205558573,0.450421949,0.98550411,1
D026,O018,7,296,0.346738461,128,0.201594351,0.132120615,0.2466657,1.015365814,15
D026,O019,7,296,0.346738461,24,0.431629638,0.254066717,0.253740338,0.934568431,1
D026,O020,7,296,0.346738461,113,0.348269976,0.095285863,0.409466489,0.990902637,28
D026,O021,7,296,0.346738461,35,0.407381528,0.191612689,0.078494355,0.726366674,4
D026,O022,7,296,0.346738461,193,0.265083523,0.114415056,0.48366938,0.770574624,6
D026,O023,7,296,0.346738461,410,0.214451437,0.12789836,0.094002538,0.876090399,34
D026,O024,7,296,0.346738461,109,0.107543079,0.370185632,0.33107989,0.763088384,2
D026,O025,7,296,0.346738461,53,0.129725034,0.023513439,0.022926164,0.647079336,9
D026,O026,7,296,0.346738461,104,0.335746812,0.309055962,0.214783733,0.866605062,9
D026,O027,7,296,0.346738461,120,0.173792118,0.275390581,0.115990185,0.594400816,1
D026,O028,7,296,0.346738461,315,0.161028291,0.149607497,0.243736481,0.836522744,76
D026,O029,7,296,0.346738461,744,0.31398409,0.144642217,0.380464816,1.001095973,47
D026,O030,7,296,0.346738461,96,0.291312931,0.178362873,0.260288981,0.712485371,21
D026,O031,7,296,0.346738461,61,0.375724597,0.298965989,0.344989603,1.023539068,2
D026,O032,7,296,0.346738461,449,0.47407037,0.293964396,0.333868972,0.526716923,86
D026,O033,7,296,0.346738461,28,0.356894295,0.285864598,0.280390934,0.572892371,5
D026,O034,7,296,0.346738461,172,0.339323194,0.106162856,0.193996227,0.976195745,28
D026,O035,7,296,0.346738461,173,0.041159595,0.256897351,0.341435098,0.936656262,22
D026,O036,7,296,0.346738461,83,0.318040863,0.288671609,0.125731933,0.510862581,11
D026,O037,7,296,0.346738461,232,0.083660283,0.374766445,0.463420281,0.901833982,16
D026,O038,7,296,0.346738461,765,0.137328547,0.153890662,0.395745604,0.824092212,73
D026,O039,7,296,0.346738461,48,0.232718262,0.17994217,0.033136716,0.784320075,1
D026,O040,7,296,0.346738461,585,0.392959459,0.39457393,0.498815231,0.847757244,30
D026,O041,7,296,0.346738461,49,0.297735298,0.268205888,0.212580592,0.765018393,7
D026,O042,7,296,0.346738461,533,0.049123846,0.273615249,0.271891148,0.775509181,28
D026,O043,7,296,0.346738461,936,0.154267686,0.332919895,0.389161836,0.694797352,211
D026,O044,7,296,0.346738461,721,0.432376139,0.324925408,0.144007894,0.742867678,148
D026,O045,7,296,0.346738461,692,0.331104768,0.086465045,0.220042135,0.679206917,59
D026,O046,7,296,0.346738461,402,0.241792287,0.134055119,0.264545347,1.045585484,81
D026,O047,7,296,0.346738461,32,0.457593053,0.357426009,0.365235909,0.729886159,4
D026,O048,7,296,0.346738461,45,0.221925977,0.348159922,0.204633474,0.792986797,8
D026,O049,7,296,0.346738461,33,0.068127718,0.327197905,0.351458552,0.638016666,6
D026,O050,7,296,0.346738461,322,0.206052109,0.123509785,0.230258857,0.710466564,78
D026,O051,7,296,0.346738461,264,0.415458501,0.161179135,0.311726789,0.922834621,12
D026,O052,7,296,0.346738461,249,0.293109713,0.381495942,0.29384703,0.500330142,30
D026,O053,7,296,0.346738461,251,0.008437374,0.219704544,0.077608614,0.857828126,11
D026,O054,7,296,0.346738461,70,0.483939677,0.225369653,0.039302168,0.574845385,11
D026,O055,7,296,0.346738461,143,0.09821222,0.163666817,0.285033773,0.601558378,17
D026,O056,7,296,0.346738461,345,0.064149611,0.031223606,0.23904777,0.691855779,21
D026,O057,7,296,0.346738461,100,0.400541493,0.216556949,0.487740957,1.038462113,22
D026,O058,7,296,0.346738461,22,0.090722232,0.036785238,0.101049312,0.663001423,4
D026,O059,7,296,0.346738461,486,0.079431167,0.248195591,0.397292534,0.804788767,76
D026,O060,7,296,0.346738461,273,0.451061182,0.170720182,0.061912147,0.815113055,50
D026,O061,7,296,0.346738461,27,0.381805437,0.01616482,0.491613692,0.675221612,4
D026,O062,7,296,0.346738461,442,0.418928223,0.359834489,0.417321395,0.554105019,34
D026,O063,7,296,0.346738461,159,0.167777479,0.069957712,0.130372357,0.943907134,38
D026,O064,7,296,0.346738461,358,0.061032209,0.305917985,0.455729849,0.927346891,71
D026,O065,7,296,0.346738461,56,0.248866638,0.340199764,0.379559452,0.583546864,5
D026,O066,7,296,0.346738461,149,0.351209323,0.192455527,0.149427886,0.883050134,9
D026,O067,7,296,0.346738461,60,0.359928689,0.02076874,0.174232425,0.648987034,6
D026,O068,7,296,0.346738461,871,0.148525779,0.2389906,0.43126666,0.56330551,22
D026,O069,7,296,0.346738461,600,0.193256125,0.259153683,0.18565311,0.968309469,107
D026,O070,7,296,0.346738461,139,0.286307662,0.0275532,0.151186277,0.734969069,9
D026,O071,7,296,0.346738461,830,0.025772238,0.059916076,0.006124037,0.854259133,1
D026,O072,7,296,0.346738461,41,0.447028226,0.353970092,0.321029628,0.606201119,5
D026,O073,7,296,0.346738461,22,0.099783277,0.097826372,0.112559894,0.548583884,3
D026,O074,7,296,0.346738461,36,0.042568944,0.004280635,0.087293441,0.86728622,3
D026,O075,7,296,0.346738461,31,0.495260113,0.154710174,0.269857669,0.722353565,5
D026,O076,7,296,0.346738461,202,0.209924614,0.319442165,0.171734319,0.667816616,34
D026,O077,7,296,0.346738461,648,0.325153788,0.303515085,0.316930252,0.613107267,97
D026,O078,7,296,0.346738461,379,0.223960723,0.064878079,0.224272393,0.840645589,80
D026,O079,7,296,0.346738461,65,0.075519811,0.282963886,0.299403793,0.51375586,9
D026,O080,7,296,0.346738461,206,0.124478381,0.390952102,0.159201992,0.812430792,3
D026,O081,7,296,0.346738461,229,0.311863322,0.040757227,0.190953924,0.52059127,6
D026,O082,7,296,0.346738461,630,0.267185735,0.363424574,0.305398084,0.528725737,144
D026,O083,7,296,0.346738461,89,0.002629244,0.11891721,0.012340148,0.799263288,13
D026,O084,7,296,0.346738461,797,0.372992677,0.000386491,0.00152113,0.993396916,169
D026,O085,7,296,0.346738461,66,0.183976656,0.236269207,0.120756181,0.591017322,11
D026,O086,7,296,0.346738461,135,0.469888219,0.056365997,0.043821459,0.952586866,28
D026,O087,7,296,0.346738461,23,0.111840401,0.071296914,0.089679808,0.791166307,2
D026,O088,7,296,0.346738461,74,0.028069089,0.054085246,0.202673962,0.619616712,14
D026,O089,7,296,0.346738461,55,0.492105028,0.101006081,0.474810428,0.657444473,6
D026,O090,7,296,0.346738461,285,0.03434851,0.377557012,0.057284121,0.757204241,14
D026,O091,7,296,0.346738461,85,0.181583703,0.224320695,0.138841885,0.830164928,8
D026,O092,7,296,0.346738461,303,0.442706311,0.172267227,0.436491903,0.897895329,53
D026,O093,7,296,0.346738461,25,0.276275035,0.078153424,0.291384582,0.958605081,1
D026,O094,7,296,0.346738461,888,0.302089761,0.091469055,0.358945917,0.915650339,193
D026,O095,7,296,0.346738461,29,0.365502327,0.314203797,0.177999519,0.631365154,3
D026,O096,7,296,0.346738461,91,0.16170145,0.264353919,0.069555674,0.545005585,20
D027,O001,3,76,2.340604359,184,0.252173292,0.345006223,0.414518539,1.008029851,43
D027,O002,3,76,2.340604359,71,0.386957289,0.33590604,0.423756547,1.030814136,16
D027,O003,3,76,2.340604359,43,0.48531049,0.109844006,0.373132887,0.562934186,5
D027,O004,3,76,2.340604359,544,0.015441285,0.39993713,0.047767101,0.621494583,12
D027,O005,3,76,2.340604359,472,0.458927508,0.08115278,0.018055532,0.751825682,8
D027,O006,3,76,2.340604359,26,0.466438896,0.19990199,0.36047691,0.537345538,5
D027,O007,3,76,2.340604359,20,0.141130372,0.138764594,0.166622366,0.974703346,2
D027,O008,3,76,2.340604359,217,0.118365868,0.010264005,0.438577644,0.70421183,4
D027,O009,3,76,2.340604359,39,0.272204984,0.243100415,0.446678,0.893215891,1
D027,O010,3,76,2.340604359,78,0.42428609,0.04657399,0.47291634,0.886241643,6
D027,O011,3,76,2.340604359,163,0.257766277,0.230369452,0.067376828,1.041013094,24
D027,O012,3,76,2.340604359,121,0.018977159,0.042108472,0.106166432,0.634587855,7
D027,O013,3,76,2.340604359,38,0.13035544,0.200717694,0.465695355,0.90739434,4
D027,O014,3,76,2.340604359,505,0.055050564,0.385744929,0.323573274,0.956197221,126
D027,O015,3,76,2.340604359,369,0.403527677,0.186961283,0.029180542,1.016098144,88
D027,O016,3,76,2.340604359,990,0.188337728,0.211915952,0.403770273,0.683522338,99
D027,O017,3,76,2.340604359,47,0.235947901,0.205558573,0.450421949,0.98550411,1
D027,O018,3,76,2.340604359,128,0.201594351,0.132120615,0.2466657,1.015365814,15
D027,O019,3,76,2.340604359,24,0.431629638,0.254066717,0.253740338,0.934568431,1
D027,O020,3,76,2.340604359,113,0.348269976,0.095285863,0.409466489,0.990902637,28
D027,O021,3,76,2.340604359,35,0.407381528,0.191612689,0.078494355,0.726366674,4
D027,O022,3,76,2.340604359,193,0.265083523,0.114415056,0.48366938,0.770574624,6
D027,O023,3,76,2.340604359,410,0.214451437,0.12789836,0.094002538,0.876090399,34
D027,O024,3,76,2.340604359,109,0.107543079,0.370185632,0.33107989,0.763088384,2
D027,O025,3,76,2.340604359,53,0.129725034,0.023513439,0.022926164,0.647079336,9
D027,O026,3,76,2.340604359,104,0.335746812,0.309055962,0.214783733,0.866605062,9
D027,O027,3,76,2.340604359,120,0.173792118,0.275390581,0.115990185,0.594400816,1
D027,O028,3,76,2.340604359,315,0.161028291,0.149607497,0.243736481,0.836522744,76
D027,O029,3,76,2.340604359,744,0.31398409,0.144642217,0.380464816,1.001095973,47
D027,O030,3,76,2.340604359,96,0.291312931,0.178362873,0.260288981,0.712485371,21
D027,O031,3,76,2.340604359,61,0.375724597,0.298965989,0.344989603,1.023539068,2
D027,O032,3,76,2.340604359,449,0.47407037,0.293964396,0.333868972,0.526716923,86
D027,O033,3,76,2.340604359,28,0.356894295,0.285864598,0.280390934,0.572892371,5
D027,O034,3,76,2.340604359,172,0.339323194,0.106162856,0.193996227,0.976195745,28
D027,O035,3,76,2.340604359,173,0.041159595,0.256897351,0.341435098,0.936656262,22
D027,O036,3,76,2.340604359,83,0.318040863,0.288671609,0.125731933,0.510862581,11
D027,O037,3,76,2.340604359,232,0.083660283,0.374766445,0.463420281,0.901833982,16
D027,O038,3,76,2.340604359,765,0.137328547,0.153890662,0.395745604,0.824092212,73
D027,O039,3,76,2.340604359,48,0.232718262,0.17994217,0.033136716,0.784320075,1
D027,O040,3,76,2.340604359,585,0.392959459,0.39457393,0.498815231,0.847757244,30
D027,O041,3,76,2.340604359,49,0.297735298,0.268205888,0.212580592,0.765018393,7
D027,O042,3,76,2.340604359,533,0.049123846,0.273615249,0.271891148,0.775509181,28
D027,O043,3,76,2.340604359,936,0.154267686,0.332919895,0.389161836,0.694797352,211
D027,O044,3,76,2.340604359,721,0.432376139,0.324925408,0.144007894,0.742867678,148
D027,O045,3,76,2.340604359,692,0.331104768,0.086465045,0.220042135,0.679206917,59
D027,O046,3,76,2.340604359,402,0.241792287,0.134055119,0.264545347,1.045585484,81
D027,O047,3,76,2.340604359,32,0.457593053,0.357426009,0.365235909,0.729886159,4
D027,O048,3,76,2.340604359,45,0.221925977,0.348159922,0.204633474,0.792986797,8
D027,O049,3,76,2.340604359,33,0.068127718,0.327197905,0.351458552,0.638016666,6
D027,O050,3,76,2.340604359,322,0.206052109,0.123509785,0.230258857,0.710466564,78
D027,O051,3,76,2.340604359,264,0.415458501,0.161179135,0.311726789,0.922834621,12
D027,O052,3,76,2.340604359,249,0.293109713,0.381495942,0.29384703,0.500330142,30
D027,O053,3,76,2.340604359,251,0.008437374,0.219704544,0.077608614,0.857828126,11
D027,O054,3,76,2.340604359,70,0.483939677,0.225369653,0.039302168,0.574845385,11
D027,O055,3,76,2.340604359,143,0.09821222,0.163666817,0.285033773,0.601558378,17
D027,O056,3,76,2.340604359,345,0.064149611,0.031223606,0.23904777,0.691855779,21
D027,O057,3,76,2.340604359,100,0.400541493,0.216556949,0.487740957,1.038462113,22
D027,O058,3,76,2.340604359,22,0.090722232,0.036785238,0.101049312,0.663001423,4
D027,O059,3,76,2.340604359,486,0.079431167,0.248195591,0.397292534,0.804788767,76
D027,O060,3,76,2.340604359,273,0.451061182,0.170720182,0.061912147,0.815113055,50
D027,O061,3,76,2.340604359,27,0.381805437,0.01616482,0.491613692,0.675221612,4
D027,O062,3,76,2.340604359,442,0.418928223,0.359834489,0.417321395,0.554105019,34
D027,O063,3,76,2.340604359,159,0.167777479,0.069957712,0.130372357,0.943907134,38
D027,O064,3,76,2.340604359,358,0.061032209,0.305917985,0.455729849,0.927346891,71
D027,O065,3,76,2.340604359,56,0.248866638,0.340199764,0.379559452,0.583546864,5
D027,O066,3,76,2.340604359,149,0.351209323,0.192455527,0.149427886,0.883050134,9
D027,O067,3,76,2.340604359,60,0.359928689,0.02076874,0.174232425,0.648987034,6
D027,O068,3,76,2.340604359,871,0.148525779,0.2389906,0.43126666,0.56330551,22
D027,O069,3,76,2.340604359,600,0.193256125,0.259153683,0.18565311,0.968309469,107
D027,O070,3,76,2.340604359,139,0.286307662,0.0275532,0.151186277,0.734969069,9
D027,O071,3,76,2.340604359,830,0.025772238,0.059916076,0.006124037,0.854259133,1
D027,O072,3,76,2.340604359,41,0.447028226,0.353970092,0.321029628,0.606201119,5
D027,O073,3,76,2.340604359,22,0.099783277,0.097826372,0.112559894,0.548583884,3
D027,O074,3,76,2.340604359,36,0.042568944,0.004280635,0.087293441,0.86728622,3
D027,O075,3,76,2.340604359,31,0.495260113,0.154710174,0.269857669,0.722353565,5
D027,O076,3,76,2.340604359,202,0.209924614,0.319442165,0.171734319,0.667816616,34
D027,O077,3,76,2.340604359,648,0.325153788,0.303515085,0.316930252,0.613107267,97
D027,O078,3,76,2.340604359,379,0.223960723,0.064878079,0.224272393,0.840645589,80
D027,O079,3,76,2.340604359,65,0.075519811,0.282963886,0.299403793,0.51375586,9
D027,O080,3,76,2.340604359,206,0.124478381,0.390952102,0.159201992,0.812430792,3
D027,O081,3,76,2.340604359,229,0.311863322,0.040757227,0.190953924,0.52059127,6
D027,O082,3,76,2.340604359,630,0.267185735,0.363424574,0.305398084,0.528725737,144
D027,O083,3,76,2.340604359,89,0.002629244,0.11891721,0.012340148,0.799263288,13
D027,O084,3,76,2.340604359,797,0.372992677,0.000386491,0.00152113,0.993396916,169
D027,O085,3,76,2.340604359,66,0.183976656,0.236269207,0.120756181,0.591017322,11
D027,O086,3,76,2.340604359,135,0.469888219,0.056365997,0.043821459,0.952586866,28
D027,O087,3,76,2.340604359,23,0.111840401,0.071296914,0.089679808,0.791166307,2
D027,O088,3,76,2.340604359,74,0.028069089,0.054085246,0.202673962,0.619616712,14
D027,O089,3,76,2.340604359,55,0.492105028,0.101006081,0.474810428,0.657444473,6
D027,O090,3,76,2.340604359,285,0.03434851,0.377557012,0.057284121,0.757204241,14
D027,O091,3,76,2.340604359,85,0.181583703,0.224320695,0.138841885,0.830164928,8
D027,O092,3,76,2.340604359,303,0.442706311,0.172267227,0.436491903,0.897895329,53
D027,O093,3,76,2.340604359,25,0.276275035,0.078153424,0.291384582,0.958605081,1
D027,O094,3,76,2.340604359,888,0.302089761,0.091469055,0.358945917,0.915650339,193
D027,O095,3,76,2.340604359,29,0.365502327,0.314203797,0.177999519,0.631365154,3
D027,O096,3,76,2.340604359,91,0.16170145,0.264353919,0.069555674,0.545005585,20
D028,O001,8,95,2.954209362,184,0.252173292,0.345006223,0.414518539,1.008029851,43
D028,O002,8,95,2.954209362,71,0.386957289,0.33590604,0.423756547,1.030814136,16
D028,O003,8,95,2.954209362,43,0.48531049,0.109844006,0.373132887,0.562934186,5
D028,O004,8,95,2.954209362,544,0.015441285,0.39993713,0.047767101,0.621494583,12
D028,O005,8,95,2.954209362,472,0.458927508,0.08115278,0.018055532,0.751825682,8
D028,O006,8,95,2.954209362,26,0.466438896,0.19990199,0.36047691,0.537345538,5
D028,O007,8,95,2.954209362,20,0.141130372,0.138764594,0.166622366,0.974703346,2
D028,O008,8,95,2.954209362,217,0.118365868,0.010264005,0.438577644,0.70421183,4
D028,O009,8,95,2.954209362,39,0.272204984,0.243100415,0.446678,0.893215891,1
D028,O010,8,95,2.954209362,78,0.42428609,0.04657399,0.47291634,0.886241643,6
D028,O011,8,95,2.954209362,163,0.257766277,0.230369452,0.067376828,1.041013094,24
D028,O012,8,95,2.954209362,121,0.018977159,0.042108472,0.106166432,0.634587855,7
D028,O013,8,95,2.954209362,38,0.13035544,0.200717694,0.465695355,0.90739434,4
D028,O014,8,95,2.954209362,505,0.055050564,0.385744929,0.323573274,0.956197221,126
D028,O015,8,95,2.954209362,369,0.403527677,0.186961283,0.029180542,1.016098144,88
D028,O016,8,95,2.954209362,990,0.188337728,0.211915952,0.403770273,0.683522338,99
D028,O017,8,95,2.954209362,47,0.235947901,0.205558573,0.450421949,0.98550411,1
D028,O018,8,95,2.954209362,128,0.201594351,0.132120615,0.2466657,1.015365814,15
D028,O019,8,95,2.954209362,24,0.431629638,0.254066717,0.253740338,0.934568431,1
D028,O020,8,95,2.954209362,113,0.348269976,0.095285863,0.409466489,0.990902637,28
D028,O021,8,95,2.954209362,35,0.407381528,0.191612689,0.078494355,0.726366674,4
D028,O022,8,95,2.954209362,193,0.265083523,0.114415056,0.48366938,0.770574624,6
D028,O023,8,95,2.954209362,410,0.214451437,0.12789836,0.094002538,0.876090399,34
D028,O024,8,95,2.954209362,109,0.107543079,0.370185632,0.33107989,0.763088384,2
D028,O025,8,95,2.954209362,53,0.129725034,0.023513439,0.022926164,0.647079336,9
D028,O026,8,95,2.954209362,104,0.335746812,0.309055962,0.214783733,0.866605062,9
D028,O027,8,95,2.954209362,120,0.173792118,0.275390581,0.115990185,0.594400816,1
D028,O028,8,95,2.954209362,315,0.161028291,0.149607497,0.243736481,0.836522744,76
D028,O029,8,95,2.954209362,744,0.31398409,0.144642217,0.380464816,1.001095973,47
D028,O030,8,95,2.954209362,96,0.291312931,0.178362873,0.260288981,0.712485371,21
D028,O031,8,95,2.954209362,61,0.375724597,0.298965989,0.344989603,1.023539068,2
D028,O032,8,95,2.954209362,449,0.47407037,0.293964396,0.333868972,0.526716923,86
D028,O033,8,95,2.954209362,28,0.356894295,0.285864598,0.280390934,0.572892371,5
D028,O034,8,95,2.954209362,172,0.339323194,0.106162856,0.193996227,0.976195745,28
D028,O035,8,95,2.954209362,173,0.041159595,0.256897351,0.341435098,0.936656262,22
D028,O036,8,95,2.954209362,83,0.318040863,0.288671609,0.125731933,0.510862581,11
D028,O037,8,95,2.954209362,232,0.083660283,0.374766445,0.463420281,0.901833982,16
D028,O038,8,95,2.954209362,765,0.137328547,0.153890662,0.395745604,0.824092212,73
D028,O039,8,95,2.954209362,48,0.232718262,0.17994217,0.033136716,0.784320075,1
D028,O040,8,95,2.954209362,585,0.392959459,0.39457393,0.498815231,0.847757244,30
D028,O041,8,95,2.954209362,49,0.297735298,0.268205888,0.212580592,0.765018393,7
D028,O042,8,95,2.954209362,533,0.049123846,0.273615249,0.271891148,0.775509181,28
D028,O043,8,95,2.954209362,936,0.154267686,0.332919895,0.389161836,0.694797352,211
D028,O044,8,95,2.954209362,721,0.432376139,0.324925408,0.144007894,0.742867678,148
D028,O045,8,95,2.954209362,692,0.331104768,0.086465045,0.220042135,0.679206917,59
D028,O046,8,95,2.954209362,402,0.241792287,0.134055119,0.264545347,1.045585484,81
D028,O047,8,95,2.954209362,32,0.457593053,0.357426009,0.365235909,0.729886159,4
D028,O048,8,95,2.954209362,45,0.221925977,0.348159922,0.204633474,0.792986797,8
D028,O049,8,95,2.954209362,33,0.068127718,0.327197905,0.351458552,0.638016666,6
D028,O050,8,95,2.954209362,322,0.206052109,0.123509785,0.230258857,0.710466564,78
D028,O051,8,95,2.954209362,264,0.415458501,0.161179135,0.311726789,0.922834621,12
D028,O052,8,95,2.954209362,249,0.293109713,0.381495942,0.29384703,0.500330142,30
D028,O053,8,95,2.954209362,251,0.008437374,0.219704544,0.077608614,0.857828126,11
D028,O054,8,95,2.954209362,70,0.483939677,0.225369653,0.039302168,0.574845385,11
D028,O055,8,95,2.954209362,143,0.09821222,0.163666817,0.285033773,0.601558378,17
D028,O056,8,95,2.954209362,345,0.064149611,0.031223606,0.23904777,0.691855779,21
D028,O057,8,95,2.954209362,100,0.400541493,0.216556949,0.487740957,1.038462113,22
D028,O058,8,95,2.954209362,22,0.090722232,0.036785238,0.101049312,0.663001423,4
D028,O059,8,95,2.954209362,486,0.079431167,0.248195591,0.397292534,0.804788767,76
D028,O060,8,95,2.954209362,273,0.451061182,0.170720182,0.061912147,0.815113055,50
D028,O061,8,95,2.954209362,27,0.381805437,0.01616482,0.491613692,0.675221612,4
D028,O062,8,95,2.954209362,442,0.418928223,0.359834489,0.417321395,0.554105019,34
D028,O063,8,95,2.954209362,159,0.167777479,0.069957712,0.130372357,0.943907134,38
D028,O064,8,95,2.954209362,358,0.061032209,0.305917985,0.455729849,0.927346891,71
D028,O065,8,95,2.954209362,56,0.248866638,0.340199764,0.379559452,0.583546864,5
D028,O066,8,95,2.954209362,149,0.351209323,0.192455527,0.149427886,0.883050134,9
D028,O067,8,95,2.954209362,60,0.359928689,0.02076874,0.174232425,0.648987034,6
D028,O068,8,95,2.954209362,871,0.148525779,0.2389906,0.43126666,0.56330551,22
D028,O069,8,95,2.954209362,600,0.193256125,0.259153683,0.18565311,0.968309469,107
D028,O070,8,95,2.954209362,139,0.286307662,0.0275532,0.151186277,0.734969069,9
D028,O071,8,95,2.954209362,830,0.025772238,0.059916076,0.006124037,0.854259133,1
D028,O072,8,95,2.954209362,41,0.447028226,0.353970092,0.321029628,0.606201119,5
D028,O073,8,95,2.954209362,22,0.099783277,0.097826372,0.112559894,0.548583884,3
D028,O074,8,95,2.954209362,36,0.042568944,0.004280635,0.087293441,0.86728622,3
D028,O075,8,95,2.954209362,31,0.495260113,0.154710174,0.269857669,0.722353565,5
D028,O076,8,95,2.954209362,202,0.209924614,0.319442165,0.171734319,0.667816616,34
D028,O077,8,95,2.954209362,648,0.325153788,0.303515085,0.316930252,0.613107267,97
D028,O078,8,95,2.954209362,379,0.223960723,0.064878079,0.224272393,0.840645589,80
D028,O079,8,95,2.954209362,65,0.075519811,0.282963886,0.299403793,0.51375586,9
D028,O080,8,95,2.954209362,206,0.124478381,0.390952102,0.159201992,0.812430792,3
D028,O081,8,95,2.954209362,229,0.311863322,0.040757227,0.190953924,0.52059127,6
D028,O082,8,95,2.954209362,630,0.267185735,0.363424574,0.305398084,0.528725737,144
D028,O083,8,95,2.954209362,89,0.002629244,0.11891721,0.012340148,0.799263288,13
D028,O084,8,95,2.954209362,797,0.372992677,0.000386491,0.00152113,0.993396916,169
D028,O085,8,95,2.954209362,66,0.183976656,0.236269207,0.120756181,0.591017322,11
D028,O086,8,95,2.954209362,135,0.469888219,0.056365997,0.043821459,0.952586866,28
D028,O087,8,95,2.954209362,23,0.111840401,0.071296914,0.089679808,0.791166307,2
D028,O088,8,95,2.954209362,74,0.028069089,0.054085246,0.202673962,0.619616712,14
D028,O089,8,95,2.954209362,55,0.492105028,0.101006081,0.474810428,0.657444473,6
D028,O090,8,95,2.954209362,285,0.03434851,0.377557012,0.057284121,0.757204241,14
D028,O091,8,95,2.954209362,85,0.181583703,0.224320695,0.138841885,0.830164928,8
D028,O092,8,95,2.954209362,303,0.442706311,0.172267227,0.436491903,0.897895329,53
D028,O093,8,95,2.954209362,25,0.276275035,0.078153424,0.291384582,0.958605081,1
D028,O094,8,95,2.954209362,888,0.302089761,0.091469055,0.358945917,0.915650339,193
D028,O095,8,95,2.954209362,29,0.365502327,0.314203797,0.177999519,0.631365154,3
D028,O096,8,95,2.954209362,91,0.16170145,0.264353919,0.069555674,0.545005585,20
D029,O001,6,1106,1.215069684,184,0.252173292,0.345006223,0.414518539,1.008029851,43
D029,O002,6,1106,1.215069684,71,0.386957289,0.33590604,0.423756547,1.030814136,16
D029,O003,6,1106,1.215069684,43,0.48531049,0.109844006,0.373132887,0.562934186,5
D029,O004,6,1106,1.215069684,544,0.015441285,0.39993713,0.047767101,0.621494583,12
D029,O005,6,1106,1.215069684,472,0.458927508,0.08115278,0.018055532,0.751825682,8
D029,O006,6,1106,1.215069684,26,0.466438896,0.19990199,0.36047691,0.537345538,5
D029,O007,6,1106,1.215069684,20,0.141130372,0.138764594,0.166622366,0.974703346,2
D029,O008,6,1106,1.215069684,217,0.118365868,0.010264005,0.438577644,0.70421183,4
D029,O009,6,1106,1.215069684,39,0.272204984,0.243100415,0.446678,0.893215891,1
D029,O010,6,1106,1.215069684,78,0.42428609,0.04657399,0.47291634,0.886241643,6
D029,O011,6,1106,1.215069684,163,0.257766277,0.230369452,0.067376828,1.041013094,24
D029,O012,6,1106,1.215069684,121,0.018977159,0.042108472,0.106166432,0.634587855,7
D029,O013,6,1106,1.215069684,38,0.13035544,0.200717694,0.465695355,0.90739434,4
D029,O014,6,1106,1.215069684,505,0.055050564,0.385744929,0.323573274,0.956197221,126
D029,O015,6,1106,1.215069684,369,0.403527677,0.186961283,0.029180542,1.016098144,88
D029,O016,6,1106,1.215069684,990,0.188337728,0.211915952,0.403770273,0.683522338,99
D029,O017,6,1106,1.215069684,47,0.235947901,0.205558573,0.450421949,0.98550411,1
D029,O018,6,1106,1.215069684,128,0.201594351,0.132120615,0.2466657,1.015365814,15
D029,O019,6,1106,1.215069684,24,0.431629638,0.254066717,0.253740338,0.934568431,1
D029,O020,6,1106,1.215069684,113,0.348269976,0.095285863,0.409466489,0.990902637,28
D029,O021,6,1106,1.215069684,35,0.407381528,0.191612689,0.078494355,0.726366674,4
D029,O022,6,1106,1.215069684,193,0.265083523,0.114415056,0.48366938,0.770574624,6
D029,O023,6,1106,1.215069684,410,0.214451437,0.12789836,0.094002538,0.876090399,34
D029,O024,6,1106,1.215069684,109,0.107543079,0.370185632,0.33107989,0.763088384,2
D029,O025,6,1106,1.215069684,53,0.129725034,0.023513439,0.022926164,0.647079336,9
D029,O026,6,1106,1.215069684,104,0.335746812,0.309055962,0.214783733,0.866605062,9
D029,O027,6,1106,1.215069684,120,0.173792118,0.275390581,0.115990185,0.594400816,1
D029,O028,6,1106,1.215069684,315,0.161028291,0.149607497,0.243736481,0.836522744,76
D029,O029,6,1106,1.215069684,744,0.31398409,0.144642217,0.380464816,1.001095973,47
D029,O030,6,1106,1.215069684,96,0.291312931,0.178362873,0.260288981,0.712485371,21
D029,O031,6,1106,1.215069684,61,0.375724597,0.298965989,0.344989603,1.023539068,2
D029,O032,6,1106,1.215069684,449,0.47407037,0.293964396,0.333868972,0.526716923,86
D029,O033,6,1106,1.215069684,28,0.356894295,0.285864598,0.280390934,0.572892371,5
D029,O034,6,1106,1.215069684,172,0.339323194,0.106162856,0.193996227,0.976195745,28
D029,O035,6,1106,1.215069684,173,0.041159595,0.256897351,0.341435098,0.936656262,22
D029,O036,6,1106,1.215069684,83,0.318040863,0.288671609,0.125731933,0.510862581,11
D029,O037,6,1106,1.215069684,232,0.083660283,0.374766445,0.463420281,0.901833982,16
D029,O038,6,1106,1.215069684,765,0.137328547,0.153890662,0.395745604,0.824092212,73
D029,O039,6,1106,1.215069684,48,0.232718262,0.17994217,0.033136716,0.784320075,1
D029,O040,6,1106,1.215069684,585,0.392959459,0.39457393,0.498815231,0.847757244,30
D029,O041,6,1106,1.215069684,49,0.297735298,0.268205888,0.212580592,0.765018393,7
D029,O042,6,1106,1.215069684,533,0.049123846,0.273615249,0.271891148,0.775509181,28
D029,O043,6,1106,1.215069684,936,0.154267686,0.332919895,0.389161836,0.694797352,211
D029,O044,6,1106,1.215069684,721,0.432376139,0.324925408,0.144007894,0.742867678,148
D029,O045,6,1106,1.215069684,692,0.331104768,0.086465045,0.220042135,0.679206917,59
D029,O046,6,1106,1.215069684,402,0.241792287,0.134055119,0.264545347,1.045585484,81
D029,O047,6,1106,1.215069684,32,0.457593053,0.357426009,0.365235909,0.729886159,4
D029,O048,6,1106,1.215069684,45,0.221925977,0.348159922,0.204633474,0.792986797,8
D029,O049,6,1106,1.215069684,33,0.068127718,0.327197905,0.351458552,0.638016666,6
D029,O050,6,1106,1.215069684,322,0.206052109,0.123509785,0.230258857,0.710466564,78
D029,O051,6,1106,1.215069684,264,0.415458501,0.161179135,0.311726789,0.922834621,12
D029,O052,6,1106,1.215069684,249,0.293109713,0.381495942,0.29384703,0.500330142,30
D029,O053,6,1106,1.215069684,251,0.008437374,0.219704544,0.077608614,0.857828126,11
D029,O054,6,1106,1.215069684,70,0.483939677,0.225369653,0.039302168,0.574845385,11
D029,O055,6,1106,1.215069684,143,0.09821222,0.163666817,0.285033773,0.601558378,17
D029,O056,6,1106,1.215069684,345,0.064149611,0.031223606,0.23904777,0.691855779,21
D029,O057,6,1106,1.215069684,100,0.400541493,0.216556949,0.487740957,1.038462113,22
D029,O058,6,1106,1.215069684,22,0.090722232,0.036785238,0.101049312,0.663001423,4
D029,O059,6,1106,1.215069684,486,0.079431167,0.248195591,0.397292534,0.804788767,76
D029,O060,6,1106,1.215069684,273,0.451061182,0.170720182,0.061912147,0.815113055,50
D029,O061,6,1106,1.215069684,27,0.381805437,0.01616482,0.491613692,0.675221612,4
D029,O062,6,1106,1.215069684,442,0.418928223,0.359834489,0.417321395,0.554105019,34
D029,O063,6,1106,1.215069684,159,0.167777479,0.069957712,0.130372357,0.943907134,38
D029,O064,6,1106,1.215069684,358,0.061032209,0.305917985,0.455729849,0.927346891,71
D029,O065,6,1106,1.215069684,56,0.248866638,0.340199764,0.379559452,0.583546864,5
D029,O066,6,1106,1.215069684,149,0.351209323,0.192455527,0.149427886,0.883050134,9
D029,O067,6,1106,1.215069684,60,0.359928689,0.02076874,0.174232425,0.648987034,6
D029,O068,6,1106,1.215069684,871,0.148525779,0.2389906,0.43126666,0.56330551,22
D029,O069,6,1106,1.215069684,600,0.193256125,0.259153683,0.18565311,0.968309469,107
D029,O070,6,1106,1.215069684,139,0.286307662,0.0275532,0.151186277,0.734969069,9
D029,O071,6,1106,1.215069684,830,0.025772238,0.059916076,0.006124037,0.854259133,1
D029,O072,6,1106,1.215069684,41,0.447028226,0.353970092,0.321029628,0.606201119,5
D029,O073,6,1106,1.215069684,22,0.099783277,0.097826372,0.112559894,0.548583884,3
D029,O074,6,1106,1.215069684,36,0.042568944,0.004280635,0.087293441,0.86728622,3
D029,O075,6,1106,1.215069684,31,0.495260113,0.154710174,0.269857669,0.722353565,5
D029,O076,6,1106,1.215069684,202,0.209924614,0.319442165,0.171734319,0.667816616,34
D029,O077,6,1106,1.215069684,648,0.325153788,0.303515085,0.316930252,0.613107267,97
D029,O078,6,1106,1.215069684,379,0.223960723,0.064878079,0.224272393,0.840645589,80
D029,O079,6,1106,1.215069684,65,0.075519811,0.282963886,0.299403793,0.51375586,9
D029,O080,6,1106,1.215069684,206,0.124478381,0.390952102,0.159201992,0.812430792,3
D029,O081,6,1106,1.215069684,229,0.311863322,0.040757227,0.190953924,0.52059127,6
D029,O082,6,1106,1.215069684,630,0.267185735,0.363424574,0.305398084,0.528725737,144
D029,O083,6,1106,1.215069684,89,0.002629244,0.11891721,0.012340148,0.799263288,13
D029,O084,6,1106,1.215069684,797,0.372992677,0.000386491,0.00152113,0.993396916,169
D029,O085,6,1106,1.215069684,66,0.183976656,0.236269207,0.120756181,0.591017322,11
D029,O086,6,1106,1.215069684,135,0.469888219,0.056365997,0.043821459,0.952586866,28
D029,O087,6,1106,1.215069684,23,0.111840401,0.071296914,0.089679808,0.791166307,2
D029,O088,6,1106,1.215069684,74,0.028069089,0.054085246,0.202673962,0.619616712,14
D029,O089,6,1106,1.215069684,55,0.492105028,0.101006081,0.474810428,0.657444473,6
D029,O090,6,1106,1.215069684,285,0.03434851,0.377557012,0.057284121,0.757204241,14
D029,O091,6,1106,1.215069684,85,0.181583703,0.224320695,0.138841885,0.830164928,8
D029,O092,6,1106,1.215069684,303,0.442706311,0.172267227,0.436491903,0.897895329,53
D029,O093,6,1106,1.215069684,25,0.276275035,0.078153424,0.291384582,0.958605081,1
D029,O094,6,1106,1.215069684,888,0.302089761,0.091469055,0.358945917,0.915650339,193
D029,O095,6,1106,1.215069684,29,0.365502327,0.314203797,0.177999519,0.631365154,3
D029,O096,6,1106,1.215069684,91,0.16170145,0.264353919,0.069555674,0.545005585,20
D030,O001,3,921,3.850160423,184,0.252173292,0.345006223,0.414518539,1.008029851,43
D030,O002,3,921,3.850160423,71,0.386957289,0.33590604,0.423756547,1.030814136,16
D030,O003,3,921,3.850160423,43,0.48531049,0.109844006,0.373132887,0.562934186,5
D030,O004,3,921,3.850160423,544,0.015441285,0.39993713,0.047767101,0.621494583,12
D030,O005,3,921,3.850160423,472,0.458927508,0.08115278,0.018055532,0.751825682,8
D030,O006,3,921,3.850160423,26,0.466438896,0.19990199,0.36047691,0.537345538,5
D030,O007,3,921,3.850160423,20,0.141130372,0.138764594,0.166622366,0.974703346,2
D030,O008,3,921,3.850160423,217,0.118365868,0.010264005,0.438577644,0.70421183,4
D030,O009,3,921,3.850160423,39,0.272204984,0.243100415,0.446678,0.893215891,1
D030,O010,3,921,3.850160423,78,0.42428609,0.04657399,0.47291634,0.886241643,6
D030,O011,3,921,3.850160423,163,0.257766277,0.230369452,0.067376828,1.041013094,24
D030,O012,3,921,3.850160423,121,0.018977159,0.042108472,0.106166432,0.634587855,7
D030,O013,3,921,3.850160423,38,0.13035544,0.200717694,0.465695355,0.90739434,4
D030,O014,3,921,3.850160423,505,0.055050564,0.385744929,0.323573274,0.956197221,126
D030,O015,3,921,3.850160423,369,0.403527677,0.186961283,0.029180542,1.016098144,88
D030,O016,3,921,3.850160423,990,0.188337728,0.211915952,0.403770273,0.683522338,99
D030,O017,3,921,3.850160423,47,0.235947901,0.205558573,0.450421949,0.98550411,1
D030,O018,3,921,3.850160423,128,0.201594351,0.132120615,0.2466657,1.015365814,15
D030,O019,3,921,3.850160423,24,0.431629638,0.254066717,0.253740338,0.934568431,1
D030,O020,3,921,3.850160423,113,0.348269976,0.095285863,0.409466489,0.990902637,28
D030,O021,3,921,3.850160423,35,0.407381528,0.191612689,0.078494355,0.726366674,4
D030,O022,3,921,3.850160423,193,0.265083523,0.114415056,0.48366938,0.770574624,6
D030,O023,3,921,3.850160423,410,0.214451437,0.12789836,0.094002538,0.876090399,34
D030,O024,3,921,3.850160423,109,0.107543079,0.370185632,0.33107989,0.763088384,2
D030,O025,3,921,3.850160423,53,0.129725034,0.023513439,0.022926164,0.647079336,9
D030,O026,3,921,3.850160423,104,0.335746812,0.309055962,0.214783733,0.866605062,9
D030,O027,3,921,3.850160423,120,0.173792118,0.275390581,0.115990185,0.594400816,1
D030,O028,3,921,3.850160423,315,0.161028291,0.149607497,0.243736481,0.836522744,76
D030,O029,3,921,3.850160423,744,0.31398409,0.144642217,0.380464816,1.001095973,47
D030,O030,3,921,3.850160423,96,0.291312931,0.178362873,0.260288981,0.712485371,21
D030,O031,3,921,3.850160423,61,0.375724597,0.298965989,0.344989603,1.023539068,2
D030,O032,3,921,3.850160423,449,0.47407037,0.293964396,0.333868972,0.526716923,86
D030,O033,3,921,3.850160423,28,0.356894295,0.285864598,0.280390934,0.572892371,5
D030,O034,3,921,3.850160423,172,0.339323194,0.106162856,0.193996227,0.976195745,28
D030,O035,3,921,3.850160423,173,0.041159595,0.256897351,0.341435098,0.936656262,22
D030,O036,3,921,3.850160423,83,0.318040863,0.288671609,0.125731933,0.510862581,11
D030,O037,3,921,3.850160423,232,0.083660283,0.374766445,0.463420281,0.901833982,16
D030,O038,3,921,3.850160423,765,0.137328547,0.153890662,0.395745604,0.824092212,73
D030,O039,3,921,3.850160423,48,0.232718262,0.17994217,0.033136716,0.784320075,1
D030,O040,3,921,3.850160423,585,0.392959459,0.39457393,0.498815231,0.847757244,30
D030,O041,3,921,3.850160423,49,0.297735298,0.268205888,0.212580592,0.765018393,7
D030,O042,3,921,3.850160423,533,0.049123846,0.273615249,0.271891148,0.775509181,28
D030,O043,3,921,3.850160423,936,0.154267686,0.332919895,0.389161836,0.694797352,211
D030,O044,3,921,3.850160423,721,0.432376139,0.324925408,0.144007894,0.742867678,148
D030,O045,3,921,3.850160423,692,0.331104768,0.086465045,0.220042135,0.679206917,59
D030,O046,3,921,3.850160423,402,0.241792287,0.134055119,0.264545347,1.045585484,81
D030,O047,3,921,3.850160423,32,0.457593053,0.357426009,0.365235909,0.729886159,4
D030,O048,3,921,3.850160423,45,0.221925977,0.348159922,0.204633474,0.792986797,8
D030,O049,3,921,3.850160423,33,0.068127718,0.327197905,0.351458552,0.638016666,6
D030,O050,3,921,3.850160423,322,0.206052109,0.123509785,0.230258857,0.710466564,78
D030,O051,3,921,3.850160423,264,0.415458501,0.161179135,0.311726789,0.922834621,12
D030,O052,3,921,3.850160423,249,0.293109713,0.381495942,0.29384703,0.500330142,30
D030,O053,3,921,3.850160423,251,0.008437374,0.219704544,0.077608614,0.857828126,11
D030,O054,3,921,3.850160423,70,0.483939677,0.225369653,0.039302168,0.574845385,11
D030,O055,3,921,3.850160423,143,0.09821222,0.163666817,0.285033773,0.601558378,17
D030,O056,3,921,3.850160423,345,0.064149611,0.031223606,0.23904777,0.691855779,21
D030,O057,3,921,3.850160423,100,0.400541493,0.216556949,0.487740957,1.038462113,22
D030,O058,3,921,3.850160423,22,0.090722232,0.036785238,0.101049312,0.663001423,4
D030,O059,3,921,3.850160423,486,0.079431167,0.248195591,0.397292534,0.804788767,76
D030,O060,3,921,3.850160423,273,0.451061182,0.170720182,0.061912147,0.815113055,50
D030,O061,3,921,3.850160423,27,0.381805437,0.01616482,0.491613692,0.675221612,4
D030,O062,3,921,3.850160423,442,0.418928223,0.359834489,0.417321395,0.554105019,34
D030,O063,3,921,3.850160423,159,0.167777479,0.069957712,0.130372357,0.943907134,38
D030,O064,3,921,3.850160423,358,0.061032209,0.305917985,0.455729849,0.927346891,71
D030,O065,3,921,3.850160423,56,0.248866638,0.340199764,0.379559452,0.583546864,5
D030,O066,3,921,3.850160423,149,0.351209323,0.192455527,0.149427886,0.883050134,9
D030,O067,3,921,3.850160423,60,0.359928689,0.02076874,0.174232425,0.648987034,6
D030,O068,3,921,3.850160423,871,0.148525779,0.2389906,0.43126666,0.56330551,22
D030,O069,3,921,3.850160423,600,0.193256125,0.259153683,0.18565311,0.968309469,107
D030,O070,3,921,3.850160423,139,0.286307662,0.0275532,0.151186277,0.734969069,9
D030,O071,3,921,3.850160423,830,0.025772238,0.059916076,0.006124037,0.854259133,1
D030,O072,3,921,3.850160423,41,0.447028226,0.353970092,0.321029628,0.606201119,5
D030,O073,3,921,3.850160423,22,0.099783277,0.097826372,0.112559894,0.548583884,3
D030,O074,3,921,3.850160423,36,0.042568944,0.004280635,0.087293441,0.86728622,3
D030,O075,3,921,3.850160423,31,0.495260113,0.154710174,0.269857669,0.722353565,5
D030,O076,3,921,3.850160423,202,0.209924614,0.319442165,0.171734319,0.667816616,34
D030,O077,3,921,3.850160423,648,0.325153788,0.303515085,0.316930252,0.613107267,97
D030,O078,3,921,3.850160423,379,0.223960723,0.064878079,0.224272393,0.840645589,80
D030,O079,3,921,3.850160423,65,0.075519811,0.282963886,0.299403793,0.51375586,9
D030,O080,3,921,3.850160423,206,0.124478381,0.390952102,0.159201992,0.812430792,3
D030,O081,3,921,3.850160423,229,0.311863322,0.040757227,0.190953924,0.52059127,6
D030,O082,3,921,3.850160423,630,0.267185735,0.363424574,0.305398084,0.528725737,144
D030,O083,3,921,3.850160423,89,0.002629244,0.11891721,0.012340148,0.799263288,13
D030,O084,3,921,3.850160423,797,0.372992677,0.000386491,0.00152113,0.993396916,169
D030,O085,3,921,3.850160423,66,0.183976656,0.236269207,0.120756181,0.591017322,11
D030,O086,3,921,3.850160423,135,0.469888219,0.056365997,0.043821459,0.952586866,28
D030,O087,3,921,3.850160423,23,0.111840401,0.071296914,0.089679808,0.791166307,2
D030,O088,3,921,3.850160423,74,0.028069089,0.054085246,0.202673962,0.619616712,14
D030,O089,3,921,3.850160423,55,0.492105028,0.101006081,0.474810428,0.657444473,6
D030,O090,3,921,3.850160423,285,0.03434851,0.377557012,0.057284121,0.757204241,14
D030,O091,3,921,3.850160423,85,0.181583703,0.224320695,0.138841885,0.830164928,8
D030,O092,3,921,3.850160423,303,0.442706311,0.172267227,0.436491903,0.897895329,53
D030,O093,3,921,3.850160423,25,0.276275035,0.078153424,0.291384582,0.958605081,1
D030,O094,3,921,3.850160423,888,0.302089761,0.091469055,0.358945917,0.915650339,193
D030,O095,3,921,3.850160423,29,0.365502327,0.314203797,0.177999519,0.631365154,3
D030,O096,3,921,3.850160423,91,0.16170145,0.264353919,0.069555674,0.545005585,20
D031,O001,2,330,5.500368216,184,0.252173292,0.345006223,0.414518539,1.008029851,43
D031,O002,2,330,5.500368216,71,0.386957289,0.33590604,0.423756547,1.030814136,16
D031,O003,2,330,5.500368216,43,0.48531049,0.109844006,0.373132887,0.562934186,5
D031,O004,2,330,5.500368216,544,0.015441285,0.39993713,0.047767101,0.621494583,12
D031,O005,2,330,5.500368216,472,0.458927508,0.08115278,0.018055532,0.751825682,8
D031,O006,2,330,5.500368216,26,0.466438896,0.19990199,0.36047691,0.537345538,5
D031,O007,2,330,5.500368216,20,0.141130372,0.138764594,0.166622366,0.974703346,2
D031,O008,2,330,5.500368216,217,0.118365868,0.010264005,0.438577644,0.70421183,4
D031,O009,2,330,5.500368216,39,0.272204984,0.243100415,0.446678,0.893215891,1
D031,O010,2,330,5.500368216,78,0.42428609,0.04657399,0.47291634,0.886241643,6
D031,O011,2,330,5.500368216,163,0.257766277,0.230369452,0.067376828,1.041013094,24
D031,O012,2,330,5.500368216,121,0.018977159,0.042108472,0.106166432,0.634587855,7
D031,O013,2,330,5.500368216,38,0.13035544,0.200717694,0.465695355,0.90739434,4
D031,O014,2,330,5.500368216,505,0.055050564,0.385744929,0.323573274,0.956197221,126
D031,O015,2,330,5.500368216,369,0.403527677,0.186961283,0.029180542,1.016098144,88
D031,O016,2,330,5.500368216,990,0.188337728,0.211915952,0.403770273,0.683522338,99
D031,O017,2,330,5.500368216,47,0.235947901,0.205558573,0.450421949,0.98550411,1
D031,O018,2,330,5.500368216,128,0.201594351,0.132120615,0.2466657,1.015365814,15
D031,O019,2,330,5.500368216,24,0.431629638,0.254066717,0.253740338,0.934568431,1
D031,O020,2,330,5.500368216,113,0.348269976,0.095285863,0.409466489,0.990902637,28
D031,O021,2,330,5.500368216,35,0.407381528,0.191612689,0.078494355,0.726366674,4
D031,O022,2,330,5.500368216,193,0.265083523,0.114415056,0.48366938,0.770574624,6
D031,O023,2,330,5.500368216,410,0.214451437,0.12789836,0.094002538,0.876090399,34
D031,O024,2,330,5.500368216,109,0.107543079,0.370185632,0.33107989,0.763088384,2
D031,O025,2,330,5.500368216,53,0.129725034,0.023513439,0.022926164,0.647079336,9
D031,O026,2,330,5.500368216,104,0.335746812,0.309055962,0.214783733,0.866605062,9
D031,O027,2,330,5.500368216,120,0.173792118,0.275390581,0.115990185,0.594400816,1
D031,O028,2,330,5.500368216,315,0.161028291,0.149607497,0.243736481,0.836522744,76
D031,O029,2,330,5.500368216,744,0.31398409,0.144642217,0.380464816,1.001095973,47
D031,O030,2,330,5.500368216,96,0.291312931,0.178362873,0.260288981,0.712485371,21
D031,O031,2,330,5.500368216,61,0.375724597,0.298965989,0.344989603,1.023539068,2
D031,O032,2,330,5.500368216,449,0.47407037,0.293964396,0.333868972,0.526716923,86
D031,O033,2,330,5.500368216,28,0.356894295,0.285864598,0.280390934,0.572892371,5
D031,O034,2,330,5.500368216,172,0.339323194,0.106162856,0.193996227,0.976195745,28
D031,O035,2,330,5.500368216,173,0.041159595,0.256897351,0.341435098,0.936656262,22
D031,O036,2,330,5.500368216,83,0.318040863,0.288671609,0.125731933,0.510862581,11
D031,O037,2,330,5.500368216,232,0.083660283,0.374766445,0.463420281,0.901833982,16
D031,O038,2,330,5.500368216,765,0.137328547,0.153890662,0.395745604,0.824092212,73
D031,O039,2,330,5.500368216,48,0.232718262,0.17994217,0.033136716,0.784320075,1
D031,O040,2,330,5.500368216,585,0.392959459,0.39457393,0.498815231,0.847757244,30
D031,O041,2,330,5.500368216,49,0.297735298,0.268205888,0.212580592,0.765018393,7
D031,O042,2,330,5.500368216,533,0.049123846,0.273615249,0.271891148,0.775509181,28
D031,O043,2,330,5.500368216,936,0.154267686,0.332919895,0.389161836,0.694797352,211
D031,O044,2,330,5.500368216,721,0.432376139,0.324925408,0.144007894,0.742867678,148
D031,O045,2,330,5.500368216,692,0.331104768,0.086465045,0.220042135,0.679206917,59
D031,O046,2,330,5.500368216,402,0.241792287,0.134055119,0.264545347,1.045585484,81
D031,O047,2,330,5.500368216,32,0.457593053,0.357426009,0.365235909,0.729886159,4
D031,O048,2,330,5.500368216,45,0.221925977,0.348159922,0.204633474,0.792986797,8
D031,O049,2,330,5.500368216,33,0.068127718,0.327197905,0.351458552,0.638016666,6
D031,O050,2,330,5.500368216,322,0.206052109,0.123509785,0.230258857,0.710466564,78
D031,O051,2,330,5.500368216,264,0.415458501,0.161179135,0.311726789,0.922834621,12
D031,O052,2,330,5.500368216,249,0.293109713,0.381495942,0.29384703,0.500330142,30
D031,O053,2,330,5.500368216,251,0.008437374,0.219704544,0.077608614,0.857828126,11
D031,O054,2,330,5.500368216,70,0.483939677,0.225369653,0.039302168,0.574845385,11
D031,O055,2,330,5.500368216,143,0.09821222,0.163666817,0.285033773,0.601558378,17
D031,O056,2,330,5.500368216,345,0.064149611,0.031223606,0.23904777,0.691855779,21
D031,O057,2,330,5.500368216,100,0.400541493,0.216556949,0.487740957,1.038462113,22
D031,O058,2,330,5.500368216,22,0.090722232,0.036785238,0.101049312,0.663001423,4
D031,O059,2,330,5.500368216,486,0.079431167,0.248195591,0.397292534,0.804788767,76
D031,O060,2,330,5.500368216,273,0.451061182,0.170720182,0.061912147,0.815113055,50
D031,O061,2,330,5.500368216,27,0.381805437,0.01616482,0.491613692,0.675221612,4
D031,O062,2,330,5.500368216,442,0.418928223,0.359834489,0.417321395,0.554105019,34
D031,O063,2,330,5.500368216,159,0.167777479,0.069957712,0.130372357,0.943907134,38
D031,O064,2,330,5.500368216,358,0.061032209,0.305917985,0.455729849,0.927346891,71
D031,O065,2,330,5.500368216,56,0.248866638,0.340199764,0.379559452,0.583546864,5
D031,O066,2,330,5.500368216,149,0.351209323,0.192455527,0.149427886,0.883050134,9
D031,O067,2,330,5.500368216,60,0.359928689,0.02076874,0.174232425,0.648987034,6
D031,O068,2,330,5.500368216,871,0.148525779,0.2389906,0.43126666,0.56330551,22
D031,O069,2,330,5.500368216,600,0.193256125,0.259153683,0.18565311,0.968309469,107
D031,O070,2,330,5.500368216,139,0.286307662,0.0275532,0.151186277,0.734969069,9
D031,O071,2,330,5.500368216,830,0.025772238,0.059916076,0.006124037,0.854259133,1
D031,O072,2,330,5.500368216,41,0.447028226,0.353970092,0.321029628,0.606201119,5
D031,O073,2,330,5.500368216,22,0.099783277,0.097826372,0.112559894,0.548583884,3
D031,O074,2,330,5.500368216,36,0.042568944,0.004280635,0.087293441,0.86728622,3
D031,O075,2,330,5.500368216,31,0.495260113,0.154710174,0.269857669,0.722353565,5
D031,O076,2,330,5.500368216,202,0.209924614,0.319442165,0.171734319,0.667816616,34
D031,O077,2,330,5.500368216,648,0.325153788,0.303515085,0.316930252,0.613107267,97
D031,O078,2,330,5.500368216,379,0.223960723,0.064878079,0.224272393,0.840645589,80
D031,O079,2,330,5.500368216,65,0.075519811,0.282963886,0.299403793,0.51375586,9
D031,O080,2,330,5.500368216,206,0.124478381,0.390952102,0.159201992,0.812430792,3
D031,O081,2,330,5.500368216,229,0.311863322,0.040757227,0.190953924,0.52059127,6
D031,O082,2,330,5.500368216,630,0.267185735,0.363424574,0.305398084,0.528725737,144
D031,O083,2,330,5.500368216,89,0.002629244,0.11891721,0.012340148,0.799263288,13
D031,O084,2,330,5.500368216,797,0.372992677,0.000386491,0.00152113,0.993396916,169
D031,O085,2,330,5.500368216,66,0.183976656,0.236269207,0.120756181,0.591017322,11
D031,O086,2,330,5.500368216,135,0.469888219,0.056365997,0.043821459,0.952586866,28
D031,O087,2,330,5.500368216,23,0.111840401,0.071296914,0.089679808,0.791166307,2
D031,O088,2,330,5.500368216,74,0.028069089,0.054085246,0.202673962,0.619616712,14
D031,O089,2,330,5.500368216,55,0.492105028,0.101006081,0.474810428,0.657444473,6
D031,O090,2,330,5.500368216,285,0.03434851,0.377557012,0.057284121,0.757204241,14
D031,O091,2,330,5.500368216,85,0.181583703,0.224320695,0.138841885,0.830164928,8
D031,O092,2,330,5.500368216,303,0.442706311,0.172267227,0.436491903,0.897895329,53
D031,O093,2,330,5.500368216,25,0.276275035,0.078153424,0.291384582,0.958605081,1
D031,O094,2,330,5.500368216,888,0.302089761,0.091469055,0.358945917,0.915650339,193
D031,O095,2,330,5.500368216,29,0.365502327,0.314203797,0.177999519,0.631365154,3
D031,O096,2,330,5.500368216,91,0.16170145,0.264353919,0.069555674,0.545005585,20
D032,O001,8,69,0.62871001,184,0.252173292,0.345006223,0.414518539,1.008029851,43
D032,O002,8,69,0.62871001,71,0.386957289,0.33590604,0.423756547,1.030814136,16
D032,O003,8,69,0.62871001,43,0.48531049,0.109844006,0.373132887,0.562934186,5
D032,O004,8,69,0.62871001,544,0.015441285,0.39993713,0.047767101,0.621494583,12
D032,O005,8,69,0.62871001,472,0.458927508,0.08115278,0.018055532,0.751825682,8
D032,O006,8,69,0.62871001,26,0.466438896,0.19990199,0.36047691,0.537345538,5
D032,O007,8,69,0.62871001,20,0.141130372,0.138764594,0.166622366,0.974703346,2
D032,O008,8,69,0.62871001,217,0.118365868,0.010264005,0.438577644,0.70421183,4
D032,O009,8,69,0.62871001,39,0.272204984,0.243100415,0.446678,0.893215891,1
D032,O010,8,69,0.62871001,78,0.42428609,0.04657399,0.47291634,0.886241643,6
D032,O011,8,69,0.62871001,163,0.257766277,0.230369452,0.067376828,1.041013094,24
D032,O012,8,69,0.62871001,121,0.018977159,0.042108472,0.106166432,0.634587855,7
D032,O013,8,69,0.62871001,38,0.13035544,0.200717694,0.465695355,0.90739434,4
D032,O014,8,69,0.62871001,505,0.055050564,0.385744929,0.323573274,0.956197221,126
D032,O015,8,69,0.62871001,369,0.403527677,0.186961283,0.029180542,1.016098144,88
D032,O016,8,69,0.62871001,990,0.188337728,0.211915952,0.403770273,0.683522338,99
D032,O017,8,69,0.62871001,47,0.235947901,0.205558573,0.450421949,0.98550411,1
D032,O018,8,69,0.62871001,128,0.201594351,0.132120615,0.2466657,1.015365814,15
D032,O019,8,69,0.62871001,24,0.431629638,0.254066717,0.253740338,0.934568431,1
D032,O020,8,69,0.62871001,113,0.348269976,0.095285863,0.409466489,0.990902637,28
D032,O021,8,69,0.62871001,35,0.407381528,0.191612689,0.078494355,0.726366674,4
D032,O022,8,69,0.62871001,193,0.265083523,0.114415056,0.48366938,0.770574624,6
D032,O023,8,69,0.62871001,410,0.214451437,0.12789836,0.094002538,0.876090399,34
D032,O024,8,69,0.62871001,109,0.107543079,0.370185632,0.33107989,0.763088384,2
D032,O025,8,69,0.62871001,53,0.129725034,0.023513439,0.022926164,0.647079336,9
D032,O026,8,69,0.62871001,104,0.335746812,0.309055962,0.214783733,0.866605062,9
D032,O027,8,69,0.62871001,120,0.173792118,0.275390581,0.115990185,0.594400816,1
D032,O028,8,69,0.62871001,315,0.161028291,0.149607497,0.243736481,0.836522744,76
D032,O029,8,69,0.62871001,744,0.31398409,0.144642217,0.380464816,1.001095973,47
D032,O030,8,69,0.62871001,96,0.291312931,0.178362873,0.260288981,0.712485371,21
D032,O031,8,69,0.62871001,61,0.375724597,0.298965989,0.344989603,1.023539068,2
D032,O032,8,69,0.62871001,449,0.47407037,0.293964396,0.333868972,0.526716923,86
D032,O033,8,69,0.62871001,28,0.356894295,0.285864598,0.280390934,0.572892371,5
D032,O034,8,69,0.62871001,172,0.339323194,0.106162856,0.193996227,0.976195745,28
D032,O035,8,69,0.62871001,173,0.041159595,0.256897351,0.341435098,0.936656262,22
D032,O036,8,69,0.62871001,83,0.318040863,0.288671609,0.125731933,0.510862581,11
D032,O037,8,69,0.62871001,232,0.083660283,0.374766445,0.463420281,0.901833982,16
D032,O038,8,69,0.62871001,765,0.137328547,0.153890662,0.395745604,0.824092212,73
D032,O039,8,69,0.62871001,48,0.232718262,0.17994217,0.033136716,0.784320075,1
D032,O040,8,69,0.62871001,585,0.392959459,0.39457393,0.498815231,0.847757244,30
D032,O041,8,69,0.62871001,49,0.297735298,0.268205888,0.212580592,0.765018393,7
D032,O042,8,69,0.62871001,533,0.049123846,0.273615249,0.271891148,0.775509181,28
D032,O043,8,69,0.62871001,936,0.154267686,0.332919895,0.389161836,0.694797352,211
D032,O044,8,69,0.62871001,721,0.432376139,0.324925408,0.144007894,0.742867678,148
D032,O045,8,69,0.62871001,692,0.331104768,0.086465045,0.220042135,0.679206917,59
D032,O046,8,69,0.62871001,402,0.241792287,0.134055119,0.264545347,1.045585484,81
D032,O047,8,69,0.62871001,32,0.457593053,0.357426009,0.365235909,0.729886159,4
D032,O048,8,69,0.62871001,45,0.221925977,0.348159922,0.204633474,0.792986797,8
D032,O049,8,69,0.62871001,33,0.068127718,0.327197905,0.351458552,0.638016666,6
D032,O050,8,69,0.62871001,322,0.206052109,0.123509785,0.230258857,0.710466564,78
D032,O051,8,69,0.62871001,264,0.415458501,0.161179135,0.311726789,0.922834621,12
D032,O052,8,69,0.62871001,249,0.293109713,0.381495942,0.29384703,0.500330142,30
D032,O053,8,69,0.62871001,251,0.008437374,0.219704544,0.077608614,0.857828126,11
D032,O054,8,69,0.62871001,70,0.483939677,0.225369653,0.039302168,0.574845385,11
D032,O055,8,69,0.62871001,143,0.09821222,0.163666817,0.285033773,0.601558378,17
D032,O056,8,69,0.62871001,345,0.064149611,0.031223606,0.23904777,0.691855779,21
D032,O057,8,69,0.62871001,100,0.400541493,0.216556949,0.487740957,1.038462113,22
D032,O058,8,69,0.62871001,22,0.090722232,0.036785238,0.101049312,0.663001423,4
D032,O059,8,69,0.62871001,486,0.079431167,0.248195591,0.397292534,0.804788767,76
D032,O060,8,69,0.62871001,273,0.451061182,0.170720182,0.061912147,0.815113055,50
D032,O061,8,69,0.62871001,27,0.381805437,0.01616482,0.491613692,0.675221612,4
D032,O062,8,69,0.62871001,442,0.418928223,0.359834489,0.417321395,0.554105019,34
D032,O063,8,69,0.62871001,159,0.167777479,0.069957712,0.130372357,0.943907134,38
D032,O064,8,69,0.62871001,358,0.061032209,0.305917985,0.455729849,0.927346891,71
D032,O065,8,69,0.62871001,56,0.248866638,0.340199764,0.379559452,0.583546864,5
D032,O066,8,69,0.62871001,149,0.351209323,0.192455527,0.149427886,0.883050134,9
D032,O067,8,69,0.62871001,60,0.359928689,0.02076874,0.174232425,0.648987034,6
D032,O068,8,69,0.62871001,871,0.148525779,0.2389906,0.43126666,0.56330551,22
D032,O069,8,69,0.62871001,600,0.193256125,0.259153683,0.18565311,0.968309469,107
D032,O070,8,69,0.62871001,139,0.286307662,0.0275532,0.151186277,0.734969069,9
D032,O071,8,69,0.62871001,830,0.025772238,0.059916076,0.006124037,0.854259133,1
D032,O072,8,69,0.62871001,41,0.447028226,0.353970092,0.321029628,0.606201119,5
D032,O073,8,69,0.62871001,22,0.099783277,0.097826372,0.112559894,0.548583884,3
D032,O074,8,69,0.62871001,36,0.042568944,0.004280635,0.087293441,0.86728622,3
D032,O075,8,69,0.62871001,31,0.495260113,0.154710174,0.269857669,0.722353565,5
D032,O076,8,69,0.62871001,202,0.209924614,0.319442165,0.171734319,0.667816616,34
D032,O077,8,69,0.62871001,648,0.325153788,0.303515085,0.316930252,0.613107267,97
D032,O078,8,69,0.62871001,379,0.223960723,0.064878079,0.224272393,0.840645589,80
D032,O079,8,69,0.62871001,65,0.075519811,0.282963886,0.299403793,0.51375586,9
D032,O080,8,69,0.62871001,206,0.124478381,0.390952102,0.159201992,0.812430792,3
D032,O081,8,69,0.62871001,229,0.311863322,0.040757227,0.190953924,0.52059127,6
D032,O082,8,69,0.62871001,630,0.267185735,0.363424574,0.305398084,0.528725737,144
D032,O083,8,69,0.62871001,89,0.002629244,0.11891721,0.012340148,0.799263288,13
D032,O084,8,69,0.62871001,797,0.372992677,0.000386491,0.00152113,0.993396916,169
D032,O085,8,69,0.62871001,66,0.183976656,0.236269207,0.120756181,0.591017322,11
D032,O086,8,69,0.62871001,135,0.469888219,0.056365997,0.043821459,0.952586866,28
D032,O087,8,69,0.62871001,23,0.111840401,0.071296914,0.089679808,0.791166307,2
D032,O088,8,69,0.62871001,74,0.028069089,0.054085246,0.202673962,0.619616712,14
D032,O089,8,69,0.62871001,55,0.492105028,0.101006081,0.474810428,0.657444473,6
D032,O090,8,69,0.62871001,285,0.03434851,0.377557012,0.057284121,0.757204241,14
D032,O091,8,69,0.62871001,85,0.181583703,0.224320695,0.138841885,0.830164928,8
D032,O092,8,69,0.62871001,303,0.442706311,0.172267227,0.436491903,0.897895329,53
D032,O093,8,69,0.62871001,25,0.276275035,0.078153424,0.291384582,0.958605081,1
D032,O094,8,69,0.62871001,888,0.302089761,0.091469055,0.358945917,0.915650339,193
D032,O095,8,69,0.62871001,29,0.365502327,0.314203797,0.177999519,0.631365154,3
D032,O096,8,69,0.62871001,91,0.16170145,0.264353919,0.069555674,0.545005585,20
D033,O001,7,91,2.174956508,184,0.252173292,0.345006223,0.414518539,1.008029851,43
D033,O002,7,91,2.174956508,71,0.386957289,0.33590604,0.423756547,1.030814136,16
D033,O003,7,91,2.174956508,43,0.48531049,0.109844006,0.373132887,0.562934186,5
D033,O004,7,91,2.174956508,544,0.015441285,0.39993713,0.047767101,0.621494583,12
D033,O005,7,91,2.174956508,472,0.458927508,0.08115278,0.018055532,0.751825682,8
D033,O006,7,91,2.174956508,26,0.466438896,0.19990199,0.36047691,0.537345538,5
D033,O007,7,91,2.174956508,20,0.141130372,0.138764594,0.166622366,0.974703346,2
D033,O008,7,91,2.174956508,217,0.118365868,0.010264005,0.438577644,0.70421183,4
D033,O009,7,91,2.174956508,39,0.272204984,0.243100415,0.446678,0.893215891,1
D033,O010,7,91,2.174956508,78,0.42428609,0.04657399,0.47291634,0.886241643,6
D033,O011,7,91,2.174956508,163,0.257766277,0.230369452,0.067376828,1.041013094,24
D033,O012,7,91,2.174956508,121,0.018977159,0.042108472,0.106166432,0.634587855,7
D033,O013,7,91,2.174956508,38,0.13035544,0.200717694,0.465695355,0.90739434,4
D033,O014,7,91,2.174956508,505,0.055050564,0.385744929,0.323573274,0.956197221,126
D033,O015,7,91,2.174956508,369,0.403527677,0.186961283,0.029180542,1.016098144,88
D033,O016,7,91,2.174956508,990,0.188337728,0.211915952,0.403770273,0.683522338,99
D033,O017,7,91,2.174956508,47,0.235947901,0.205558573,0.450421949,0.98550411,1
D033,O018,7,91,2.174956508,128,0.201594351,0.132120615,0.2466657,1.015365814,15
D033,O019,7,91,2.174956508,24,0.431629638,0.254066717,0.253740338,0.934568431,1
D033,O020,7,91,2.174956508,113,0.348269976,0.095285863,0.409466489,0.990902637,28
D033,O021,7,91,2.174956508,35,0.407381528,0.191612689,0.078494355,0.726366674,4
D033,O022,7,91,2.174956508,193,0.265083523,0.114415056,0.48366938,0.770574624,6
D033,O023,7,91,2.174956508,410,0.214451437,0.12789836,0.094002538,0.876090399,34
D033,O024,7,91,2.174956508,109,0.107543079,0.370185632,0.33107989,0.763088384,2
D033,O025,7,91,2.174956508,53,0.129725034,0.023513439,0.022926164,0.647079336,9
D033,O026,7,91,2.174956508,104,0.335746812,0.309055962,0.214783733,0.866605062,9
D033,O027,7,91,2.174956508,120,0.173792118,0.275390581,0.115990185,0.594400816,1
D033,O028,7,91,2.174956508,315,0.161028291,0.149607497,0.243736481,0.836522744,76
D033,O029,7,91,2.174956508,744,0.31398409,0.144642217,0.380464816,1.001095973,47
D033,O030,7,91,2.174956508,96,0.291312931,0.178362873,0.260288981,0.712485371,21
D033,O031,7,91,2.174956508,61,0.375724597,0.298965989,0.344989603,1.023539068,2
D033,O032,7,91,2.174956508,449,0.47407037,0.293964396,0.333868972,0.526716923,86
D033,O033,7,91,2.174956508,28,0.356894295,0.285864598,0.280390934,0.572892371,5
D033,O034,7,91,2.174956508,172,0.339323194,0.106162856,0.193996227,0.976195745,28
D033,O035,7,91,2.174956508,173,0.041159595,0.256897351,0.341435098,0.936656262,22
D033,O036,7,91,2.174956508,83,0.318040863,0.288671609,0.125731933,0.510862581,11
D033,O037,7,91,2.174956508,232,0.083660283,0.374766445,0.463420281,0.901833982,16
D033,O038,7,91,2.174956508,765,0.137328547,0.153890662,0.395745604,0.824092212,73
D033,O039,7,91,2.174956508,48,0.232718262,0.17994217,0.033136716,0.784320075,1
D033,O040,7,91,2.174956508,585,0.392959459,0.39457393,0.498815231,0.847757244,30
D033,O041,7,91,2.174956508,49,0.297735298,0.268205888,0.212580592,0.765018393,7
D033,O042,7,91,2.174956508,533,0.049123846,0.273615249,0.271891148,0.775509181,28
D033,O043,7,91,2.174956508,936,0.154267686,0.332919895,0.389161836,0.694797352,211
D033,O044,7,91,2.174956508,721,0.432376139,0.324925408,0.144007894,0.742867678,148
D033,O045,7,91,2.174956508,692,0.331104768,0.086465045,0.220042135,0.679206917,59
D033,O046,7,91,2.174956508,402,0.241792287,0.134055119,0.264545347,1.045585484,81
D033,O047,7,91,2.174956508,32,0.457593053,0.357426009,0.365235909,0.729886159,4
D033,O048,7,91,2.174956508,45,0.221925977,0.348159922,0.204633474,0.792986797,8
D033,O049,7,91,2.174956508,33,0.068127718,0.327197905,0.351458552,0.638016666,6
D033,O050,7,91,2.174956508,322,0.206052109,0.123509785,0.230258857,0.710466564,78
D033,O051,7,91,2.174956508,264,0.415458501,0.161179135,0.311726789,0.922834621,12
D033,O052,7,91,2.174956508,249,0.293109713,0.381495942,0.29384703,0.500330142,30
D033,O053,7,91,2.174956508,251,0.008437374,0.219704544,0.077608614,0.857828126,11
D033,O054,7,91,2.174956508,70,0.483939677,0.225369653,0.039302168,0.574845385,11
D033,O055,7,91,2.174956508,143,0.09821222,0.163666817,0.285033773,0.601558378,17
D033,O056,7,91,2.174956508,345,0.064149611,0.031223606,0.23904777,0.691855779,21
D033,O057,7,91,2.174956508,100,0.400541493,0.216556949,0.487740957,1.038462113,22
D033,O058,7,91,2.174956508,22,0.090722232,0.036785238,0.101049312,0.663001423,4
D033,O059,7,91,2.174956508,486,0.079431167,0.248195591,0.397292534,0.804788767,76
D033,O060,7,91,2.174956508,273,0.451061182,0.170720182,0.061912147,0.815113055,50
D033,O061,7,91,2.174956508,27,0.381805437,0.01616482,0.491613692,0.675221612,4
D033,O062,7,91,2.174956508,442,0.418928223,0.359834489,0.417321395,0.554105019,34
D033,O063,7,91,2.174956508,159,0.167777479,0.069957712,0.130372357,0.943907134,38
D033,O064,7,91,2.174956508,358,0.061032209,0.305917985,0.455729849,0.927346891,71
D033,O065,7,91,2.174956508,56,0.248866638,0.340199764,0.379559452,0.583546864,5
D033,O066,7,91,2.174956508,149,0.351209323,0.192455527,0.149427886,0.883050134,9
D033,O067,7,91,2.174956508,60,0.359928689,0.02076874,0.174232425,0.648987034,6
D033,O068,7,91,2.174956508,871,0.148525779,0.2389906,0.43126666,0.56330551,22
D033,O069,7,91,2.174956508,600,0.193256125,0.259153683,0.18565311,0.968309469,107
D033,O070,7,91,2.174956508,139,0.286307662,0.0275532,0.151186277,0.734969069,9
D033,O071,7,91,2.174956508,830,0.025772238,0.059916076,0.006124037,0.854259133,1
D033,O072,7,91,2.174956508,41,0.447028226,0.353970092,0.321029628,0.606201119,5
D033,O073,7,91,2.174956508,22,0.099783277,0.097826372,0.112559894,0.548583884,3
D033,O074,7,91,2.174956508,36,0.042568944,0.004280635,0.087293441,0.86728622,3
D033,O075,7,91,2.174956508,31,0.495260113,0.154710174,0.269857669,0.722353565,5
D033,O076,7,91,2.174956508,202,0.209924614,0.319442165,0.171734319,0.667816616,34
D033,O077,7,91,2.174956508,648,0.325153788,0.303515085,0.316930252,0.613107267,97
D033,O078,7,91,2.174956508,379,0.223960723,0.064878079,0.224272393,0.840645589,80
D033,O079,7,91,2.174956508,65,0.075519811,0.282963886,0.299403793,0.51375586,9
D033,O080,7,91,2.174956508,206,0.124478381,0.390952102,0.159201992,0.812430792,3
D033,O081,7,91,2.174956508,229,0.311863322,0.040757227,0.190953924,0.52059127,6
D033,O082,7,91,2.174956508,630,0.267185735,0.363424574,0.305398084,0.528725737,144
D033,O083,7,91,2.174956508,89,0.002629244,0.11891721,0.012340148,0.799263288,13
D033,O084,7,91,2.174956508,797,0.372992677,0.000386491,0.00152113,0.993396916,169
D033,O085,7,91,2.174956508,66,0.183976656,0.236269207,0.120756181,0.591017322,11
D033,O086,7,91,2.174956508,135,0.469888219,0.056365997,0.043821459,0.952586866,28
D033,O087,7,91,2.174956508,23,0.111840401,0.071296914,0.089679808,0.791166307,2
D033,O088,7,91,2.174956508,74,0.028069089,0.054085246,0.202673962,0.619616712,14
D033,O089,7,91,2.174956508,55,0.492105028,0.101006081,0.474810428,0.657444473,6
D033,O090,7,91,2.174956508,285,0.03434851,0.377557012,0.057284121,0.757204241,14
D033,O091,7,91,2.174956508,85,0.181583703,0.224320695,0.138841885,0.830164928,8
D033,O092,7,91,2.174956508,303,0.442706311,0.172267227,0.436491903,0.897895329,53
D033,O093,7,91,2.174956508,25,0.276275035,0.078153424,0.291384582,0.958605081,1
D033,O094,7,91,2.174956508,888,0.302089761,0.091469055,0.358945917,0.915650339,193
D033,O095,7,91,2.174956508,29,0.365502327,0.314203797,0.177999519,0.631365154,3
D033,O096,7,91,2.174956508,91,0.16170145,0.264353919,0.069555674,0.545005585,20
D034,O001,4,123,0.496955863,184,0.252173292,0.345006223,0.414518539,1.008029851,43
D034,O002,4,123,0.496955863,71,0.386957289,0.33590604,0.423756547,1.030814136,16
D034,O003,4,123,0.496955863,43,0.48531049,0.109844006,0.373132887,0.562934186,5
D034,O004,4,123,0.496955863,544,0.015441285,0.39993713,0.047767101,0.621494583,12
D034,O005,4,123,0.496955863,472,0.458927508,0.08115278,0.018055532,0.751825682,8
D034,O006,4,123,0.496955863,26,0.466438896,0.19990199,0.36047691,0.537345538,5
D034,O007,4,123,0.496955863,20,0.141130372,0.138764594,0.166622366,0.974703346,2
D034,O008,4,123,0.496955863,217,0.118365868,0.010264005,0.438577644,0.70421183,4
D034,O009,4,123,0.496955863,39,0.272204984,0.243100415,0.446678,0.893215891,1
D034,O010,4,123,0.496955863,78,0.42428609,0.04657399,0.47291634,0.886241643,6
D034,O011,4,123,0.496955863,163,0.257766277,0.230369452,0.067376828,1.041013094,24
D034,O012,4,123,0.496955863,121,0.018977159,0.042108472,0.106166432,0.634587855,7
D034,O013,4,123,0.496955863,38,0.13035544,0.200717694,0.465695355,0.90739434,4
D034,O014,4,123,0.496955863,505,0.055050564,0.385744929,0.323573274,0.956197221,126
D034,O015,4,123,0.496955863,369,0.403527677,0.186961283,0.029180542,1.016098144,88
D034,O016,4,123,0.496955863,990,0.188337728,0.211915952,0.403770273,0.683522338,99
D034,O017,4,123,0.496955863,47,0.235947901,0.205558573,0.450421949,0.98550411,1
D034,O018,4,123,0.496955863,128,0.201594351,0.132120615,0.2466657,1.015365814,15
D034,O019,4,123,0.496955863,24,0.431629638,0.254066717,0.253740338,0.934568431,1
D034,O020,4,123,0.496955863,113,0.348269976,0.095285863,0.409466489,0.990902637,28
D034,O021,4,123,0.496955863,35,0.407381528,0.191612689,0.078494355,0.726366674,4
D034,O022,4,123,0.496955863,193,0.265083523,0.114415056,0.48366938,0.770574624,6
D034,O023,4,123,0.496955863,410,0.214451437,0.12789836,0.094002538,0.876090399,34
D034,O024,4,123,0.496955863,109,0.107543079,0.370185632,0.33107989,0.763088384,2
D034,O025,4,123,0.496955863,53,0.129725034,0.023513439,0.022926164,0.647079336,9
D034,O026,4,123,0.496955863,104,0.335746812,0.309055962,0.214783733,0.866605062,9
D034,O027,4,123,0.496955863,120,0.173792118,0.275390581,0.115990185,0.594400816,1
D034,O028,4,123,0.496955863,315,0.161028291,0.149607497,0.243736481,0.836522744,76
D034,O029,4,123,0.496955863,744,0.31398409,0.144642217,0.380464816,1.001095973,47
D034,O030,4,123,0.496955863,96,0.291312931,0.178362873,0.260288981,0.712485371,21
D034,O031,4,123,0.496955863,61,0.375724597,0.298965989,0.344989603,1.023539068,2
D034,O032,4,123,0.496955863,449,0.47407037,0.293964396,0.333868972,0.526716923,86
D034,O033,4,123,0.496955863,28,0.356894295,0.285864598,0.280390934,0.572892371,5
D034,O034,4,123,0.496955863,172,0.339323194,0.106162856,0.193996227,0.976195745,28
D034,O035,4,123,0.496955863,173,0.041159595,0.256897351,0.341435098,0.936656262,22
D034,O036,4,123,0.496955863,83,0.318040863,0.288671609,0.125731933,0.510862581,11
D034,O037,4,123,0.496955863,232,0.083660283,0.374766445,0.463420281,0.901833982,16
D034,O038,4,123,0.496955863,765,0.137328547,0.153890662,0.395745604,0.824092212,73
D034,O039,4,123,0.496955863,48,0.232718262,0.17994217,0.033136716,0.784320075,1
D034,O040,4,123,0.496955863,585,0.392959459,0.39457393,0.498815231,0.847757244,30
D034,O041,4,123,0.496955863,49,0.297735298,0.268205888,0.212580592,0.765018393,7
D034,O042,4,123,0.496955863,533,0.049123846,0.273615249,0.271891148,0.775509181,28
D034,O043,4,123,0.496955863,936,0.154267686,0.332919895,0.389161836,0.694797352,211
D034,O044,4,123,0.496955863,721,0.432376139,0.324925408,0.144007894,0.742867678,148
D034,O045,4,123,0.496955863,692,0.331104768,0.086465045,0.220042135,0.679206917,59
D034,O046,4,123,0.496955863,402,0.241792287,0.134055119,0.264545347,1.045585484,81
D034,O047,4,123,0.496955863,32,0.457593053,0.357426009,0.365235909,0.729886159,4
D034,O048,4,123,0.496955863,45,0.221925977,0.348159922,0.204633474,0.792986797,8
D034,O049,4,123,0.496955863,33,0.068127718,0.327197905,0.351458552,0.638016666,6
D034,O050,4,123,0.496955863,322,0.206052109,0.123509785,0.230258857,0.710466564,78
D034,O051,4,123,0.496955863,264,0.415458501,0.161179135,0.311726789,0.922834621,12
D034,O052,4,123,0.496955863,249,0.293109713,0.381495942,0.29384703,0.500330142,30
D034,O053,4,123,0.496955863,251,0.008437374,0.219704544,0.077608614,0.857828126,11
D034,O054,4,123,0.496955863,70,0.483939677,0.225369653,0.039302168,0.574845385,11
D034,O055,4,123,0.496955863,143,0.09821222,0.163666817,0.285033773,0.601558378,17
D034,O056,4,123,0.496955863,345,0.064149611,0.031223606,0.23904777,0.691855779,21
D034,O057,4,123,0.496955863,100,0.400541493,0.216556949,0.487740957,1.038462113,22
D034,O058,4,123,0.496955863,22,0.090722232,0.036785238,0.101049312,0.663001423,4
D034,O059,4,123,0.496955863,486,0.079431167,0.248195591,0.397292534,0.804788767,76
D034,O060,4,123,0.496955863,273,0.451061182,0.170720182,0.061912147,0.815113055,50
D034,O061,4,123,0.496955863,27,0.381805437,0.01616482,0.491613692,0.675221612,4
D034,O062,4,123,0.496955863,442,0.418928223,0.359834489,0.417321395,0.554105019,34
D034,O063,4,123,0.496955863,159,0.167777479,0.069957712,0.130372357,0.943907134,38
D034,O064,4,123,0.496955863,358,0.061032209,0.305917985,0.455729849,0.927346891,71
D034,O065,4,123,0.496955863,56,0.248866638,0.340199764,0.379559452,0.583546864,5
D034,O066,4,123,0.496955863,149,0.351209323,0.192455527,0.149427886,0.883050134,9
D034,O067,4,123,0.496955863,60,0.359928689,0.02076874,0.174232425,0.648987034,6
D034,O068,4,123,0.496955863,871,0.148525779,0.2389906,0.43126666,0.56330551,22
D034,O069,4,123,0.496955863,600,0.193256125,0.259153683,0.18565311,0.968309469,107
D034,O070,4,123,0.496955863,139,0.286307662,0.0275532,0.151186277,0.734969069,9
D034,O071,4,123,0.496955863,830,0.025772238,0.059916076,0.006124037,0.854259133,1
D034,O072,4,123,0.496955863,41,0.447028226,0.353970092,0.321029628,0.606201119,5
D034,O073,4,123,0.496955863,22,0.099783277,0.097826372,0.112559894,0.548583884,3
D034,O074,4,123,0.496955863,36,0.042568944,0.004280635,0.087293441,0.86728622,3
D034,O075,4,123,0.496955863,31,0.495260113,0.154710174,0.269857669,0.722353565,5
D034,O076,4,123,0.496955863,202,0.209924614,0.319442165,0.171734319,0.667816616,34
D034,O077,4,123,0.496955863,648,0.325153788,0.303515085,0.316930252,0.613107267,97
D034,O078,4,123,0.496955863,379,0.223960723,0.064878079,0.224272393,0.840645589,80
D034,O079,4,123,0.496955863,65,0.075519811,0.282963886,0.299403793,0.51375586,9
D034,O080,4,123,0.496955863,206,0.124478381,0.390952102,0.159201992,0.812430792,3
D034,O081,4,123,0.496955863,229,0.311863322,0.040757227,0.190953924,0.52059127,6
D034,O082,4,123,0.496955863,630,0.267185735,0.363424574,0.305398084,0.528725737,144
D034,O083,4,123,0.496955863,89,0.002629244,0.11891721,0.012340148,0.799263288,13
D034,O084,4,123,0.496955863,797,0.372992677,0.000386491,0.00152113,0.993396916,169
D034,O085,4,123,0.496955863,66,0.183976656,0.236269207,0.120756181,0.591017322,11
D034,O086,4,123,0.496955863,135,0.469888219,0.056365997,0.043821459,0.952586866,28
D034,O087,4,123,0.496955863,23,0.111840401,0.071296914,0.089679808,0.791166307,2
D034,O088,4,123,0.496955863,74,0.028069089,0.054085246,0.202673962,0.619616712,14
D034,O089,4,123,0.496955863,55,0.492105028,0.101006081,0.474810428,0.657444473,6
D034,O090,4,123,0.496955863,285,0.03434851,0.377557012,0.057284121,0.757204241,14
D034,O091,4,123,0.496955863,85,0.181583703,0.224320695,0.138841885,0.830164928,8
D034,O092,4,123,0.496955863,303,0.442706311,0.172267227,0.436491903,0.897895329,53
D034,O093,4,123,0.496955863,25,0.276275035,0.078153424,0.291384582,0.958605081,1
D034,O094,4,123,0.496955863,888,0.302089761,0.091469055,0.358945917,0.915650339,193
D034,O095,4,123,0.496955863,29,0.365502327,0.314203797,0.177999519,0.631365154,3
D034,O096,4,123,0.496955863,91,0.16170145,0.264353919,0.069555674,0.545005585,20
D035,O001,1,62,0.375666448,184,0.252173292,0.345006223,0.414518539,1.008029851,43
D035,O002,1,62,0.375666448,71,0.386957289,0.33590604,0.423756547,1.030814136,16
D035,O003,1,62,0.375666448,43,0.48531049,0.109844006,0.373132887,0.562934186,5
D035,O004,1,62,0.375666448,544,0.015441285,0.39993713,0.047767101,0.621494583,12
D035,O005,1,62,0.375666448,472,0.458927508,0.08115278,0.018055532,0.751825682,8
D035,O006,1,62,0.375666448,26,0.466438896,0.19990199,0.36047691,0.537345538,5
D035,O007,1,62,0.375666448,20,0.141130372,0.138764594,0.166622366,0.974703346,2
D035,O008,1,62,0.375666448,217,0.118365868,0.010264005,0.438577644,0.70421183,4
D035,O009,1,62,0.375666448,39,0.272204984,0.243100415,0.446678,0.893215891,1
D035,O010,1,62,0.375666448,78,0.42428609,0.04657399,0.47291634,0.886241643,6
D035,O011,1,62,0.375666448,163,0.257766277,0.230369452,0.067376828,1.041013094,24
D035,O012,1,62,0.375666448,121,0.018977159,0.042108472,0.106166432,0.634587855,7
D035,O013,1,62,0.375666448,38,0.13035544,0.200717694,0.465695355,0.90739434,4
D035,O014,1,62,0.375666448,505,0.055050564,0.385744929,0.323573274,0.956197221,126
D035,O015,1,62,0.375666448,369,0.403527677,0.186961283,0.029180542,1.016098144,88
D035,O016,1,62,0.375666448,990,0.188337728,0.211915952,0.403770273,0.683522338,99
D035,O017,1,62,0.375666448,47,0.235947901,0.205558573,0.450421949,0.98550411,1
D035,O018,1,62,0.375666448,128,0.201594351,0.132120615,0.2466657,1.015365814,15
D035,O019,1,62,0.375666448,24,0.431629638,0.254066717,0.253740338,0.934568431,1
D035,O020,1,62,0.375666448,113,0.348269976,0.095285863,0.409466489,0.990902637,28
D035,O021,1,62,0.375666448,35,0.407381528,0.191612689,0.078494355,0.726366674,4
D035,O022,1,62,0.375666448,193,0.265083523,0.114415056,0.48366938,0.770574624,6
D035,O023,1,62,0.375666448,410,0.214451437,0.12789836,0.094002538,0.876090399,34
D035,O024,1,62,0.375666448,109,0.107543079,0.370185632,0.33107989,0.763088384,2
D035,O025,1,62,0.375666448,53,0.129725034,0.023513439,0.022926164,0.647079336,9
D035,O026,1,62,0.375666448,104,0.335746812,0.309055962,0.214783733,0.866605062,9
D035,O027,1,62,0.375666448,120,0.173792118,0.275390581,0.115990185,0.594400816,1
D035,O028,1,62,0.375666448,315,0.161028291,0.149607497,0.243736481,0.836522744,76
D035,O029,1,62,0.375666448,744,0.31398409,0.144642217,0.380464816,1.001095973,47
D035,O030,1,62,0.375666448,96,0.291312931,0.178362873,0.260288981,0.712485371,21
D035,O031,1,62,0.375666448,61,0.375724597,0.298965989,0.344989603,1.023539068,2
D035,O032,1,62,0.375666448,449,0.47407037,0.293964396,0.333868972,0.526716923,86
D035,O033,1,62,0.375666448,28,0.356894295,0.285864598,0.280390934,0.572892371,5
D035,O034,1,62,0.375666448,172,0.339323194,0.106162856,0.193996227,0.976195745,28
D035,O035,1,62,0.375666448,173,0.041159595,0.256897351,0.341435098,0.936656262,22
D035,O036,1,62,0.375666448,83,0.318040863,0.288671609,0.125731933,0.510862581,11
D035,O037,1,62,0.375666448,232,0.083660283,0.374766445,0.463420281,0.901833982,16
D035,O038,1,62,0.375666448,765,0.137328547,0.153890662,0.395745604,0.824092212,73
D035,O039,1,62,0.375666448,48,0.232718262,0.17994217,0.033136716,0.784320075,1
D035,O040,1,62,0.375666448,585,0.392959459,0.39457393,0.498815231,0.847757244,30
D035,O041,1,62,0.375666448,49,0.297735298,0.268205888,0.212580592,0.765018393,7
D035,O042,1,62,0.375666448,533,0.049123846,0.273615249,0.271891148,0.775509181,28
D035,O043,1,62,0.375666448,936,0.154267686,0.332919895,0.389161836,0.694797352,211
D035,O044,1,62,0.375666448,721,0.432376139,0.324925408,0.144007894,0.742867678,148
D035,O045,1,62,0.375666448,692,0.331104768,0.086465045,0.220042135,0.679206917,59
D035,O046,1,62,0.375666448,402,0.241792287,0.134055119,0.264545347,1.045585484,81
D035,O047,1,62,0.375666448,32,0.457593053,0.357426009,0.365235909,0.729886159,4
D035,O048,1,62,0.375666448,45,0.221925977,0.348159922,0.204633474,0.792986797,8
D035,O049,1,62,0.375666448,33,0.068127718,0.327197905,0.351458552,0.638016666,6
D035,O050,1,62,0.375666448,322,0.206052109,0.123509785,0.230258857,0.710466564,78
D035,O051,1,62,0.375666448,264,0.415458501,0.161179135,0.311726789,0.922834621,12
D035,O052,1,62,0.375666448,249,0.293109713,0.381495942,0.29384703,0.500330142,30
D035,O053,1,62,0.375666448,251,0.008437374,0.219704544,0.077608614,0.857828126,11
D035,O054,1,62,0.375666448,70,0.483939677,0.225369653,0.039302168,0.574845385,11
D035,O055,1,62,0.375666448,143,0.09821222,0.163666817,0.285033773,0.601558378,17
D035,O056,1,62,0.375666448,345,0.064149611,0.031223606,0.23904777,0.691855779,21
D035,O057,1,62,0.375666448,100,0.400541493,0.216556949,0.487740957,1.038462113,22
D035,O058,1,62,0.375666448,22,0.090722232,0.036785238,0.101049312,0.663001423,4
D035,O059,1,62,0.375666448,486,0.079431167,0.248195591,0.397292534,0.804788767,76
D035,O060,1,62,0.375666448,273,0.451061182,0.170720182,0.061912147,0.815113055,50
D035,O061,1,62,0.375666448,27,0.381805437,0.01616482,0.491613692,0.675221612,4
D035,O062,1,62,0.375666448,442,0.418928223,0.359834489,0.417321395,0.554105019,34
D035,O063,1,62,0.375666448,159,0.167777479,0.069957712,0.130372357,0.943907134,38
D035,O064,1,62,0.375666448,358,0.061032209,0.305917985,0.455729849,0.927346891,71
D035,O065,1,62,0.375666448,56,0.248866638,0.340199764,0.379559452,0.583546864,5
D035,O066,1,62,0.375666448,149,0.351209323,0.192455527,0.149427886,0.883050134,9
D035,O067,1,62,0.375666448,60,0.359928689,0.02076874,0.174232425,0.648987034,6
D035,O068,1,62,0.375666448,871,0.148525779,0.2389906,0.43126666,0.56330551,22
D035,O069,1,62,0.375666448,600,0.193256125,0.259153683,0.18565311,0.968309469,107
D035,O070,1,62,0.375666448,139,0.286307662,0.0275532,0.151186277,0.734969069,9
D035,O071,1,62,0.375666448,830,0.025772238,0.059916076,0.006124037,0.854259133,1
D035,O072,1,62,0.375666448,41,0.447028226,0.353970092,0.321029628,0.606201119,5
D035,O073,1,62,0.375666448,22,0.099783277,0.097826372,0.112559894,0.548583884,3
D035,O074,1,62,0.375666448,36,0.042568944,0.004280635,0.087293441,0.86728622,3
D035,O075,1,62,0.375666448,31,0.495260113,0.154710174,0.269857669,0.722353565,5
D035,O076,1,62,0.375666448,202,0.209924614,0.319442165,0.171734319,0.667816616,34
D035,O077,1,62,0.375666448,648,0.325153788,0.303515085,0.316930252,0.613107267,97
D035,O078,1,62,0.375666448,379,0.223960723,0.064878079,0.224272393,0.840645589,80
D035,O079,1,62,0.375666448,65,0.075519811,0.282963886,0.299403793,0.51375586,9
D035,O080,1,62,0.375666448,206,0.124478381,0.390952102,0.159201992,0.812430792,3
D035,O081,1,62,0.375666448,229,0.311863322,0.040757227,0.190953924,0.52059127,6
D035,O082,1,62,0.375666448,630,0.267185735,0.363424574,0.305398084,0.528725737,144
D035,O083,1,62,0.375666448,89,0.002629244,0.11891721,0.012340148,0.799263288,13
D035,O084,1,62,0.375666448,797,0.372992677,0.000386491,0.00152113,0.993396916,169
D035,O085,1,62,0.375666448,66,0.183976656,0.236269207,0.120756181,0.591017322,11
D035,O086,1,62,0.375666448,135,0.469888219,0.056365997,0.043821459,0.952586866,28
D035,O087,1,62,0.375666448,23,0.111840401,0.071296914,0.089679808,0.791166307,2
D035,O088,1,62,0.375666448,74,0.028069089,0.054085246,0.202673962,0.619616712,14
D035,O089,1,62,0.375666448,55,0.492105028,0.101006081,0.474810428,0.657444473,6
D035,O090,1,62,0.375666448,285,0.03434851,0.377557012,0.057284121,0.757204241,14
D035,O091,1,62,0.375666448,85,0.181583703,0.224320695,0.138841885,0.830164928,8
D035,O092,1,62,0.375666448,303,0.442706311,0.172267227,0.436491903,0.897895329,53
D035,O093,1,62,0.375666448,25,0.276275035,0.078153424,0.291384582,0.958605081,1
D035,O094,1,62,0.375666448,888,0.302089761,0.091469055,0.358945917,0.915650339,193
D035,O095,1,62,0.375666448,29,0.365502327,0.314203797,0.177999519,0.631365154,3
D035,O096,1,62,0.375666448,91,0.16170145,0.264353919,0.069555674,0.545005585,20
D036,O001,6,138,1.948187769,184,0.252173292,0.345006223,0.414518539,1.008029851,43
D036,O002,6,138,1.948187769,71,0.386957289,0.33590604,0.423756547,1.030814136,16
D036,O003,6,138,1.948187769,43,0.48531049,0.109844006,0.373132887,0.562934186,5
D036,O004,6,138,1.948187769,544,0.015441285,0.39993713,0.047767101,0.621494583,12
D036,O005,6,138,1.948187769,472,0.458927508,0.08115278,0.018055532,0.751825682,8
D036,O006,6,138,1.948187769,26,0.466438896,0.19990199,0.36047691,0.537345538,5
D036,O007,6,138,1.948187769,20,0.141130372,0.138764594,0.166622366,0.974703346,2
D036,O008,6,138,1.948187769,217,0.118365868,0.010264005,0.438577644,0.70421183,4
D036,O009,6,138,1.948187769,39,0.272204984,0.243100415,0.446678,0.893215891,1
D036,O010,6,138,1.948187769,78,0.42428609,0.04657399,0.47291634,0.886241643,6
D036,O011,6,138,1.948187769,163,0.257766277,0.230369452,0.067376828,1.041013094,24
D036,O012,6,138,1.948187769,121,0.018977159,0.042108472,0.106166432,0.634587855,7
D036,O013,6,138,1.948187769,38,0.13035544,0.200717694,0.465695355,0.90739434,4
D036,O014,6,138,1.948187769,505,0.055050564,0.385744929,0.323573274,0.956197221,126
D036,O015,6,138,1.948187769,369,0.403527677,0.186961283,0.029180542,1.016098144,88
D036,O016,6,138,1.948187769,990,0.188337728,0.211915952,0.403770273,0.683522338,99
D036,O017,6,138,1.948187769,47,0.235947901,0.205558573,0.450421949,0.98550411,1
D036,O018,6,138,1.948187769,128,0.201594351,0.132120615,0.2466657,1.015365814,15
D036,O019,6,138,1.948187769,24,0.431629638,0.254066717,0.253740338,0.934568431,1
D036,O020,6,138,1.948187769,113,0.348269976,0.095285863,0.409466489,0.990902637,28
D036,O021,6,138,1.948187769,35,0.407381528,0.191612689,0.078494355,0.726366674,4
D036,O022,6,138,1.948187769,193,0.265083523,0.114415056,0.48366938,0.770574624,6
D036,O023,6,138,1.948187769,410,0.214451437,0.12789836,0.094002538,0.876090399,34
D036,O024,6,138,1.948187769,109,0.107543079,0.370185632,0.33107989,0.763088384,2
D036,O025,6,138,1.948187769,53,0.129725034,0.023513439,0.022926164,0.647079336,9
D036,O026,6,138,1.948187769,104,0.335746812,0.309055962,0.214783733,0.866605062,9
D036,O027,6,138,1.948187769,120,0.173792118,0.275390581,0.115990185,0.594400816,1
D036,O028,6,138,1.948187769,315,0.161028291,0.149607497,0.243736481,0.836522744,76
D036,O029,6,138,1.948187769,744,0.31398409,0.144642217,0.380464816,1.001095973,47
D036,O030,6,138,1.948187769,96,0.291312931,0.178362873,0.260288981,0.712485371,21
D036,O031,6,138,1.948187769,61,0.375724597,0.298965989,0.344989603,1.023539068,2
D036,O032,6,138,1.948187769,449,0.47407037,0.293964396,0.333868972,0.526716923,86
D036,O033,6,138,1.948187769,28,0.356894295,0.285864598,0.280390934,0.572892371,5
D036,O034,6,138,1.948187769,172,0.339323194,0.106162856,0.193996227,0.976195745,28
D036,O035,6,138,1.948187769,173,0.041159595,0.256897351,0.341435098,0.936656262,22
D036,O036,6,138,1.948187769,83,0.318040863,0.288671609,0.125731933,0.510862581,11
D036,O037,6,138,1.948187769,232,0.083660283,0.374766445,0.463420281,0.901833982,16
D036,O038,6,138,1.948187769,765,0.137328547,0.153890662,0.395745604,0.824092212,73
D036,O039,6,138,1.948187769,48,0.232718262,0.17994217,0.033136716,0.784320075,1
D036,O040,6,138,1.948187769,585,0.392959459,0.39457393,0.498815231,0.847757244,30
D036,O041,6,138,1.948187769,49,0.297735298,0.268205888,0.212580592,0.765018393,7
D036,O042,6,138,1.948187769,533,0.049123846,0.273615249,0.271891148,0.775509181,28
D036,O043,6,138,1.948187769,936,0.154267686,0.332919895,0.389161836,0.694797352,211
D036,O044,6,138,1.948187769,721,0.432376139,0.324925408,0.144007894,0.742867678,148
D036,O045,6,138,1.948187769,692,0.331104768,0.086465045,0.220042135,0.679206917,59
D036,O046,6,138,1.948187769,402,0.241792287,0.134055119,0.264545347,1.045585484,81
D036,O047,6,138,1.948187769,32,0.457593053,0.357426009,0.365235909,0.729886159,4
D036,O048,6,138,1.948187769,45,0.221925977,0.348159922,0.204633474,0.792986797,8
D036,O049,6,138,1.948187769,33,0.068127718,0.327197905,0.351458552,0.638016666,6
D036,O050,6,138,1.948187769,322,0.206052109,0.123509785,0.230258857,0.710466564,78
D036,O051,6,138,1.948187769,264,0.415458501,0.161179135,0.311726789,0.922834621,12
D036,O052,6,138,1.948187769,249,0.293109713,0.381495942,0.29384703,0.500330142,30
D036,O053,6,138,1.948187769,251,0.008437374,0.219704544,0.077608614,0.857828126,11
D036,O054,6,138,1.948187769,70,0.483939677,0.225369653,0.039302168,0.574845385,11
D036,O055,6,138,1.948187769,143,0.09821222,0.163666817,0.285033773,0.601558378,17
D036,O056,6,138,1.948187769,345,0.064149611,0.031223606,0.23904777,0.691855779,21
D036,O057,6,138,1.948187769,100,0.400541493,0.216556949,0.487740957,1.038462113,22
D036,O058,6,138,1.948187769,22,0.090722232,0.036785238,0.101049312,0.663001423,4
D036,O059,6,138,1.948187769,486,0.079431167,0.248195591,0.397292534,0.804788767,76
D036,O060,6,138,1.948187769,273,0.451061182,0.170720182,0.061912147,0.815113055,50
D036,O061,6,138,1.948187769,27,0.381805437,0.01616482,0.491613692,0.675221612,4
D036,O062,6,138,1.948187769,442,0.418928223,0.359834489,0.417321395,0.554105019,34
D036,O063,6,138,1.948187769,159,0.167777479,0.069957712,0.130372357,0.943907134,38
D036,O064,6,138,1.948187769,358,0.061032209,0.305917985,0.455729849,0.927346891,71
D036,O065,6,138,1.948187769,56,0.248866638,0.340199764,0.379559452,0.583546864,5
D036,O066,6,138,1.948187769,149,0.351209323,0.192455527,0.149427886,0.883050134,9
D036,O067,6,138,1.948187769,60,0.359928689,0.02076874,0.174232425,0.648987034,6
D036,O068,6,138,1.948187769,871,0.148525779,0.2389906,0.43126666,0.56330551,22
D036,O069,6,138,1.948187769,600,0.193256125,0.259153683,0.18565311,0.968309469,107
D036,O070,6,138,1.948187769,139,0.286307662,0.0275532,0.151186277,0.734969069,9
D036,O071,6,138,1.948187769,830,0.025772238,0.059916076,0.006124037,0.854259133,1
D036,O072,6,138,1.948187769,41,0.447028226,0.353970092,0.321029628,0.606201119,5
D036,O073,6,138,1.948187769,22,0.099783277,0.097826372,0.112559894,0.548583884,3
D036,O074,6,138,1.948187769,36,0.042568944,0.004280635,0.087293441,0.86728622,3
D036,O075,6,138,1.948187769,31,0.495260113,0.154710174,0.269857669,0.722353565,5
D036,O076,6,138,1.948187769,202,0.209924614,0.319442165,0.171734319,0.667816616,34
D036,O077,6,138,1.948187769,648,0.325153788,0.303515085,0.316930252,0.613107267,97
D036,O078,6,138,1.948187769,379,0.223960723,0.064878079,0.224272393,0.840645589,80
D036,O079,6,138,1.948187769,65,0.075519811,0.282963886,0.299403793,0.51375586,9
D036,O080,6,138,1.948187769,206,0.124478381,0.390952102,0.159201992,0.812430792,3
D036,O081,6,138,1.948187769,229,0.311863322,0.040757227,0.190953924,0.52059127,6
D036,O082,6,138,1.948187769,630,0.267185735,0.363424574,0.305398084,0.528725737,144
D036,O083,6,138,1.948187769,89,0.002629244,0.11891721,0.012340148,0.799263288,13
D036,O084,6,138,1.948187769,797,0.372992677,0.000386491,0.00152113,0.993396916,169
D036,O085,6,138,1.948187769,66,0.183976656,0.236269207,0.120756181,0.591017322,11
D036,O086,6,138,1.948187769,135,0.469888219,0.056365997,0.043821459,0.952586866,28
D036,O087,6,138,1.948187769,23,0.111840401,0.071296914,0.089679808,0.791166307,2
D036,O088,6,138,1.948187769,74,0.028069089,0.054085246,0.202673962,0.619616712,14
D036,O089,6,138,1.948187769,55,0.492105028,0.101006081,0.474810428,0.657444473,6
D036,O090,6,138,1.948187769,285,0.03434851,0.377557012,0.057284121,0.757204241,14
D036,O091,6,138,1.948187769,85,0.181583703,0.224320695,0.138841885,0.830164928,8
D036,O092,6,138,1.948187769,303,0.442706311,0.172267227,0.436491903,0.897895329,53
D036,O093,6,138,1.948187769,25,0.276275035,0.078153424,0.291384582,0.958605081,1
D036,O094,6,138,1.948187769,888,0.302089761,0.091469055,0.358945917,0.915650339,193
D036,O095,6,138,1.948187769,29,0.365502327,0.314203797,0.177999519,0.631365154,3
D036,O096,6,138,1.948187769,91,0.16170145,0.264353919,0.069555674,0.545005585,20
D037,O001,2,436,3.335577859,184,0.252173292,0.345006223,0.414518539,1.008029851,43
D037,O002,2,436,3.335577859,71,0.386957289,0.33590604,0.423756547,1.030814136,16
D037,O003,2,436,3.335577859,43,0.48531049,0.109844006,0.373132887,0.562934186,5
D037,O004,2,436,3.335577859,544,0.015441285,0.39993713,0.047767101,0.621494583,12
D037,O005,2,436,3.335577859,472,0.458927508,0.08115278,0.018055532,0.751825682,8
D037,O006,2,436,3.335577859,26,0.466438896,0.19990199,0.36047691,0.537345538,5
D037,O007,2,436,3.335577859,20,0.141130372,0.138764594,0.166622366,0.974703346,2
D037,O008,2,436,3.335577859,217,0.118365868,0.010264005,0.438577644,0.70421183,4
D037,O009,2,436,3.335577859,39,0.272204984,0.243100415,0.446678,0.893215891,1
D037,O010,2,436,3.335577859,78,0.42428609,0.04657399,0.47291634,0.886241643,6
D037,O011,2,436,3.335577859,163,0.257766277,0.230369452,0.067376828,1.041013094,24
D037,O012,2,436,3.335577859,121,0.018977159,0.042108472,0.106166432,0.634587855,7
D037,O013,2,436,3.335577859,38,0.13035544,0.200717694,0.465695355,0.90739434,4
D037,O014,2,436,3.335577859,505,0.055050564,0.385744929,0.323573274,0.956197221,126
D037,O015,2,436,3.335577859,369,0.403527677,0.186961283,0.029180542,1.016098144,88
D037,O016,2,436,3.335577859,990,0.188337728,0.211915952,0.403770273,0.683522338,99
D037,O017,2,436,3.335577859,47,0.235947901,0.205558573,0.450421949,0.98550411,1
D037,O018,2,436,3.335577859,128,0.201594351,0.132120615,0.2466657,1.015365814,15
D037,O019,2,436,3.335577859,24,0.431629638,0.254066717,0.253740338,0.934568431,1
D037,O020,2,436,3.335577859,113,0.348269976,0.095285863,0.409466489,0.990902637,28
D037,O021,2,436,3.335577859,35,0.407381528,0.191612689,0.078494355,0.726366674,4
D037,O022,2,436,3.335577859,193,0.265083523,0.114415056,0.48366938,0.770574624,6
D037,O023,2,436,3.335577859,410,0.214451437,0.12789836,0.094002538,0.876090399,34
D037,O024,2,436,3.335577859,109,0.107543079,0.370185632,0.33107989,0.763088384,2
D037,O025,2,436,3.335577859,53,0.129725034,0.023513439,0.022926164,0.647079336,9
D037,O026,2,436,3.335577859,104,0.335746812,0.309055962,0.214783733,0.866605062,9
D037,O027,2,436,3.335577859,120,0.173792118,0.275390581,0.115990185,0.594400816,1
D037,O028,2,436,3.335577859,315,0.161028291,0.149607497,0.243736481,0.836522744,76
D037,O029,2,436,3.335577859,744,0.31398409,0.144642217,0.380464816,1.001095973,47
D037,O030,2,436,3.335577859,96,0.291312931,0.178362873,0.260288981,0.712485371,21
D037,O031,2,436,3.335577859,61,0.375724597,0.298965989,0.344989603,1.023539068,2
D037,O032,2,436,3.335577859,449,0.47407037,0.293964396,0.333868972,0.526716923,86
D037,O033,2,436,3.335577859,28,0.356894295,0.285864598,0.280390934,0.572892371,5
D037,O034,2,436,3.335577859,172,0.339323194,0.106162856,0.193996227,0.976195745,28
D037,O035,2,436,3.335577859,173,0.041159595,0.256897351,0.341435098,0.936656262,22
D037,O036,2,436,3.335577859,83,0.318040863,0.288671609,0.125731933,0.510862581,11
D037,O037,2,436,3.335577859,232,0.083660283,0.374766445,0.463420281,0.901833982,16
D037,O038,2,436,3.335577859,765,0.137328547,0.153890662,0.395745604,0.824092212,73
D037,O039,2,436,3.335577859,48,0.232718262,0.17994217,0.033136716,0.784320075,1
D037,O040,2,436,3.335577859,585,0.392959459,0.39457393,0.498815231,0.847757244,30
D037,O041,2,436,3.335577859,49,0.297735298,0.268205888,0.212580592,0.765018393,7
D037,O042,2,436,3.335577859,533,0.049123846,0.273615249,0.271891148,0.775509181,28
D037,O043,2,436,3.335577859,936,0.154267686,0.332919895,0.389161836,0.694797352,211
D037,O044,2,436,3.335577859,721,0.432376139,0.324925408,0.144007894,0.742867678,148
D037,O045,2,436,3.335577859,692,0.331104768,0.086465045,0.220042135,0.679206917,59
D037,O046,2,436,3.335577859,402,0.241792287,0.134055119,0.264545347,1.045585484,81
D037,O047,2,436,3.335577859,32,0.457593053,0.357426009,0.365235909,0.729886159,4
D037,O048,2,436,3.335577859,45,0.221925977,0.348159922,0.204633474,0.792986797,8
D037,O049,2,436,3.335577859,33,0.068127718,0.327197905,0.351458552,0.638016666,6
D037,O050,2,436,3.335577859,322,0.206052109,0.123509785,0.230258857,0.710466564,78
D037,O051,2,436,3.335577859,264,0.415458501,0.161179135,0.311726789,0.922834621,12
D037,O052,2,436,3.335577859,249,0.293109713,0.381495942,0.29384703,0.500330142,30
D037,O053,2,436,3.335577859,251,0.008437374,0.219704544,0.077608614,0.857828126,11
D037,O054,2,436,3.335577859,70,0.483939677,0.225369653,0.039302168,0.574845385,11
D037,O055,2,436,3.335577859,143,0.09821222,0.163666817,0.285033773,0.601558378,17
D037,O056,2,436,3.335577859,345,0.064149611,0.031223606,0.23904777,0.691855779,21
D037,O057,2,436,3.335577859,100,0.400541493,0.216556949,0.487740957,1.038462113,22
D037,O058,2,436,3.335577859,22,0.090722232,0.036785238,0.101049312,0.663001423,4
D037,O059,2,436,3.335577859,486,0.079431167,0.248195591,0.397292534,0.804788767,76
D037,O060,2,436,3.335577859,273,0.451061182,0.170720182,0.061912147,0.815113055,50
D037,O061,2,436,3.335577859,27,0.381805437,0.01616482,0.491613692,0.675221612,4
D037,O062,2,436,3.335577859,442,0.418928223,0.359834489,0.417321395,0.554105019,34
D037,O063,2,436,3.335577859,159,0.167777479,0.069957712,0.130372357,0.943907134,38
D037,O064,2,436,3.335577859,358,0.061032209,0.305917985,0.455729849,0.927346891,71
D037,O065,2,436,3.335577859,56,0.248866638,0.340199764,0.379559452,0.583546864,5
D037,O066,2,436,3.335577859,149,0.351209323,0.192455527,0.149427886,0.883050134,9
D037,O067,2,436,3.335577859,60,0.359928689,0.02076874,0.174232425,0.648987034,6
D037,O068,2,436,3.335577859,871,0.148525779,0.2389906,0.43126666,0.56330551,22
D037,O069,2,436,3.335577859,600,0.193256125,0.259153683,0.18565311,0.968309469,107
D037,O070,2,436,3.335577859,139,0.286307662,0.0275532,0.151186277,0.734969069,9
D037,O071,2,436,3.335577859,830,0.025772238,0.059916076,0.006124037,0.854259133,1
D037,O072,2,436,3.335577859,41,0.447028226,0.353970092,0.321029628,0.606201119,5
D037,O073,2,436,3.335577859,22,0.099783277,0.097826372,0.112559894,0.548583884,3
D037,O074,2,436,3.335577859,36,0.042568944,0.004280635,0.087293441,0.86728622,3
D037,O075,2,436,3.335577859,31,0.495260113,0.154710174,0.269857669,0.722353565,5
D037,O076,2,436,3.335577859,202,0.209924614,0.319442165,0.171734319,0.667816616,34
D037,O077,2,436,3.335577859,648,0.325153788,0.303515085,0.316930252,0.613107267,97
D037,O078,2,436,3.335577859,379,0.223960723,0.064878079,0.224272393,0.840645589,80
D037,O079,2,436,3.335577859,65,0.075519811,0.282963886,0.299403793,0.51375586,9
D037,O080,2,436,3.335577859,206,0.124478381,0.390952102,0.159201992,0.812430792,3
D037,O081,2,436,3.335577859,229,0.311863322,0.040757227,0.190953924,0.52059127,6
D037,O082,2,436,3.335577859,630,0.267185735,0.363424574,0.305398084,0.528725737,144
D037,O083,2,436,3.335577859,89,0.002629244,0.11891721,0.012340148,0.799263288,13
D037,O084,2,436,3.335577859,797,0.372992677,0.000386491,0.00152113,0.993396916,169
D037,O085,2,436,3.335577859,66,0.183976656,0.236269207,0.120756181,0.591017322,11
D037,O086,2,436,3.335577859,135,0.469888219,0.056365997,0.043821459,0.952586866,28
D037,O087,2,436,3.335577859,23,0.111840401,0.071296914,0.089679808,0.791166307,2
D037,O088,2,436,3.335577859,74,0.028069089,0.054085246,0.202673962,0.619616712,14
D037,O089,2,436,3.335577859,55,0.492105028,0.101006081,0.474810428,0.657444473,6
D037,O090,2,436,3.335577859,285,0.03434851,0.377557012,0.057284121,0.757204241,14
D037,O091,2,436,3.335577859,85,0.181583703,0.224320695,0.138841885,0.830164928,8
D037,O092,2,436,3.335577859,303,0.442706311,0.172267227,0.436491903,0.897895329,53
D037,O093,2,436,3.335577859,25,0.276275035,0.078153424,0.291384582,0.958605081,1
D037,O094,2,436,3.335577859,888,0.302089761,0.091469055,0.358945917,0.915650339,193
D037,O095,2,436,3.335577859,29,0.365502327,0.314203797,0.177999519,0.631365154,3
D037,O096,2,436,3.335577859,91,0.16170145,0.264353919,0.069555674,0.545005585,20
D038,O001,1,86,1.467773761,184,0.252173292,0.345006223,0.414518539,1.008029851,43
D038,O002,1,86,1.467773761,71,0.386957289,0.33590604,0.423756547,1.030814136,16
D038,O003,1,86,1.467773761,43,0.48531049,0.109844006,0.373132887,0.562934186,5
D038,O004,1,86,1.467773761,544,0.015441285,0.39993713,0.047767101,0.621494583,12
D038,O005,1,86,1.467773761,472,0.458927508,0.08115278,0.018055532,0.751825682,8
D038,O006,1,86,1.467773761,26,0.466438896,0.19990199,0.36047691,0.537345538,5
D038,O007,1,86,1.467773761,20,0.141130372,0.138764594,0.166622366,0.974703346,2
D038,O008,1,86,1.467773761,217,0.118365868,0.010264005,0.438577644,0.70421183,4
D038,O009,1,86,1.467773761,39,0.272204984,0.243100415,0.446678,0.893215891,1
D038,O010,1,86,1.467773761,78,0.42428609,0.04657399,0.47291634,0.886241643,6
D038,O011,1,86,1.467773761,163,0.257766277,0.230369452,0.067376828,1.041013094,24
D038,O012,1,86,1.467773761,121,0.018977159,0.042108472,0.106166432,0.634587855,7
D038,O013,1,86,1.467773761,38,0.13035544,0.200717694,0.465695355,0.90739434,4
D038,O014,1,86,1.467773761,505,0.055050564,0.385744929,0.323573274,0.956197221,126
D038,O015,1,86,1.467773761,369,0.403527677,0.186961283,0.029180542,1.016098144,88
D038,O016,1,86,1.467773761,990,0.188337728,0.211915952,0.403770273,0.683522338,99
D038,O017,1,86,1.467773761,47,0.235947901,0.205558573,0.450421949,0.98550411,1
D038,O018,1,86,1.467773761,128,0.201594351,0.132120615,0.2466657,1.015365814,15
D038,O019,1,86,1.467773761,24,0.431629638,0.254066717,0.253740338,0.934568431,1
D038,O020,1,86,1.467773761,113,0.348269976,0.095285863,0.409466489,0.990902637,28
D038,O021,1,86,1.467773761,35,0.407381528,0.191612689,0.078494355,0.726366674,4
D038,O022,1,86,1.467773761,193,0.265083523,0.114415056,0.48366938,0.770574624,6
D038,O023,1,86,1.467773761,410,0.214451437,0.12789836,0.094002538,0.876090399,34
D038,O024,1,86,1.467773761,109,0.107543079,0.370185632,0.33107989,0.763088384,2
D038,O025,1,86,1.467773761,53,0.129725034,0.023513439,0.022926164,0.647079336,9
D038,O026,1,86,1.467773761,104,0.335746812,0.309055962,0.214783733,0.866605062,9
D038,O027,1,86,1.467773761,120,0.173792118,0.275390581,0.115990185,0.594400816,1
D038,O028,1,86,1.467773761,315,0.161028291,0.149607497,0.243736481,0.836522744,76
D038,O029,1,86,1.467773761,744,0.31398409,0.144642217,0.380464816,1.001095973,47
D038,O030,1,86,1.467773761,96,0.291312931,0.178362873,0.260288981,0.712485371,21
D038,O031,1,86,1.467773761,61,0.375724597,0.298965989,0.344989603,1.023539068,2
D038,O032,1,86,1.467773761,449,0.47407037,0.293964396,0.333868972,0.526716923,86
D038,O033,1,86,1.467773761,28,0.356894295,0.285864598,0.280390934,0.572892371,5
D038,O034,1,86,1.467773761,172,0.339323194,0.106162856,0.193996227,0.976195745,28
D038,O035,1,86,1.467773761,173,0.041159595,0.256897351,0.341435098,0.936656262,22
D038,O036,1,86,1.467773761,83,0.318040863,0.288671609,0.125731933,0.510862581,11
D038,O037,1,86,1.467773761,232,0.083660283,0.374766445,0.463420281,0.901833982,16
D038,O038,1,86,1.467773761,765,0.137328547,0.153890662,0.395745604,0.824092212,73
D038,O039,1,86,1.467773761,48,0.232718262,0.17994217,0.033136716,0.784320075,1
D038,O040,1,86,1.467773761,585,0.392959459,0.39457393,0.498815231,0.847757244,30
D038,O041,1,86,1.467773761,49,0.297735298,0.268205888,0.212580592,0.765018393,7
D038,O042,1,86,1.467773761,533,0.049123846,0.273615249,0.271891148,0.775509181,28
D038,O043,1,86,1.467773761,936,0.154267686,0.332919895,0.389161836,0.694797352,211
D038,O044,1,86,1.467773761,721,0.432376139,0.324925408,0.144007894,0.742867678,148
D038,O045,1,86,1.467773761,692,0.331104768,0.086465045,0.220042135,0.679206917,59
D038,O046,1,86,1.467773761,402,0.241792287,0.134055119,0.264545347,1.045585484,81
D038,O047,1,86,1.467773761,32,0.457593053,0.357426009,0.365235909,0.729886159,4
D038,O048,1,86,1.467773761,45,0.221925977,0.348159922,0.204633474,0.792986797,8
D038,O049,1,86,1.467773761,33,0.068127718,0.327197905,0.351458552,0.638016666,6
D038,O050,1,86,1.467773761,322,0.206052109,0.123509785,0.230258857,0.710466564,78
D038,O051,1,86,1.467773761,264,0.415458501,0.161179135,0.311726789,0.922834621,12
D038,O052,1,86,1.467773761,249,0.293109713,0.381495942,0.29384703,0.500330142,30
D038,O053,1,86,1.467773761,251,0.008437374,0.219704544,0.077608614,0.857828126,11
D038,O054,1,86,1.467773761,70,0.483939677,0.225369653,0.039302168,0.574845385,11
D038,O055,1,86,1.467773761,143,0.09821222,0.163666817,0.285033773,0.601558378,17
D038,O056,1,86,1.467773761,345,0.064149611,0.031223606,0.23904777,0.691855779,21
D038,O057,1,86,1.467773761,100,0.400541493,0.216556949,0.487740957,1.038462113,22
D038,O058,1,86,1.467773761,22,0.090722232,0.036785238,0.101049312,0.663001423,4
D038,O059,1,86,1.467773761,486,0.079431167,0.248195591,0.397292534,0.804788767,76
D038,O060,1,86,1.467773761,273,0.451061182,0.170720182,0.061912147,0.815113055,50
D038,O061,1,86,1.467773761,27,0.381805437,0.01616482,0.491613692,0.675221612,4
D038,O062,1,86,1.467773761,442,0.418928223,0.359834489,0.417321395,0.554105019,34
D038,O063,1,86,1.467773761,159,0.167777479,0.069957712,0.130372357,0.943907134,38
D038,O064,1,86,1.467773761,358,0.061032209,0.305917985,0.455729849,0.927346891,71
D038,O065,1,86,1.467773761,56,0.248866638,0.340199764,0.379559452,0.583546864,5
D038,O066,1,86,1.467773761,149,0.351209323,0.192455527,0.149427886,0.883050134,9
D038,O067,1,86,1.467773761,60,0.359928689,0.02076874,0.174232425,0.648987034,6
D038,O068,1,86,1.467773761,871,0.148525779,0.2389906,0.43126666,0.56330551,22
D038,O069,1,86,1.467773761,600,0.193256125,0.259153683,0.18565311,0.968309469,107
D038,O070,1,86,1.467773761,139,0.286307662,0.0275532,0.151186277,0.734969069,9
D038,O071,1,86,1.467773761,830,0.025772238,0.059916076,0.006124037,0.854259133,1
D038,O072,1,86,1.467773761,41,0.447028226,0.353970092,0.321029628,0.606201119,5
D038,O073,1,86,1.467773761,22,0.099783277,0.097826372,0.112559894,0.548583884,3
D038,O074,1,86,1.467773761,36,0.042568944,0.004280635,0.087293441,0.86728622,3
D038,O075,1,86,1.467773761,31,0.495260113,0.154710174,0.269857669,0.722353565,5
D038,O076,1,86,1.467773761,202,0.209924614,0.319442165,0.171734319,0.667816616,34
D038,O077,1,86,1.467773761,648,0.325153788,0.303515085,0.316930252,0.613107267,97
D038,O078,1,86,1.467773761,379,0.223960723,0.064878079,0.224272393,0.840645589,80
D038,O079,1,86,1.467773761,65,0.075519811,0.282963886,0.299403793,0.51375586,9
D038,O080,1,86,1.467773761,206,0.124478381,0.390952102,0.159201992,0.812430792,3
D038,O081,1,86,1.467773761,229,0.311863322,0.040757227,0.190953924,0.52059127,6
D038,O082,1,86,1.467773761,630,0.267185735,0.363424574,0.305398084,0.528725737,144
D038,O083,1,86,1.467773761,89,0.002629244,0.11891721,0.012340148,0.799263288,13
D038,O084,1,86,1.467773761,797,0.372992677,0.000386491,0.00152113,0.993396916,169
D038,O085,1,86,1.467773761,66,0.183976656,0.236269207,0.120756181,0.591017322,11
D038,O086,1,86,1.467773761,135,0.469888219,0.056365997,0.043821459,0.952586866,28
D038,O087,1,86,1.467773761,23,0.111840401,0.071296914,0.089679808,0.791166307,2
D038,O088,1,86,1.467773761,74,0.028069089,0.054085246,0.202673962,0.619616712,14
D038,O089,1,86,1.467773761,55,0.492105028,0.101006081,0.474810428,0.657444473,6
D038,O090,1,86,1.467773761,285,0.03434851,0.377557012,0.057284121,0.757204241,14
D038,O091,1,86,1.467773761,85,0.181583703,0.224320695,0.138841885,0.830164928,8
D038,O092,1,86,1.467773761,303,0.442706311,0.172267227,0.436491903,0.897895329,53
D038,O093,1,86,1.467773761,25,0.276275035,0.078153424,0.291384582,0.958605081,1
D038,O094,1,86,1.467773761,888,0.302089761,0.091469055,0.358945917,0.915650339,193
D038,O095,1,86,1.467773761,29,0.365502327,0.314203797,0.177999519,0.631365154,3
D038,O096,1,86,1.467773761,91,0.16170145,0.264353919,0.069555674,0.545005585,20
D039,O001,7,767,6.727002821,184,0.252173292,0.345006223,0.414518539,1.008029851,43
D039,O002,7,767,6.727002821,71,0.386957289,0.33590604,0.423756547,1.030814136,16
D039,O003,7,767,6.727002821,43,0.48531049,0.109844006,0.373132887,0.562934186,5
D039,O004,7,767,6.727002821,544,0.015441285,0.39993713,0.047767101,0.621494583,12
D039,O005,7,767,6.727002821,472,0.458927508,0.08115278,0.018055532,0.751825682,8
D039,O006,7,767,6.727002821,26,0.466438896,0.19990199,0.36047691,0.537345538,5
D039,O007,7,767,6.727002821,20,0.141130372,0.138764594,0.166622366,0.974703346,2
D039,O008,7,767,6.727002821,217,0.118365868,0.010264005,0.438577644,0.70421183,4
D039,O009,7,767,6.727002821,39,0.272204984,0.243100415,0.446678,0.893215891,1
D039,O010,7,767,6.727002821,78,0.42428609,0.04657399,0.47291634,0.886241643,6
D039,O011,7,767,6.727002821,163,0.257766277,0.230369452,0.067376828,1.041013094,24
D039,O012,7,767,6.727002821,121,0.018977159,0.042108472,0.106166432,0.634587855,7
D039,O013,7,767,6.727002821,38,0.13035544,0.200717694,0.465695355,0.90739434,4
D039,O014,7,767,6.727002821,505,0.055050564,0.385744929,0.323573274,0.956197221,126
D039,O015,7,767,6.727002821,369,0.403527677,0.186961283,0.029180542,1.016098144,88
D039,O016,7,767,6.727002821,990,0.188337728,0.211915952,0.403770273,0.683522338,99
D039,O017,7,767,6.727002821,47,0.235947901,0.205558573,0.450421949,0.98550411,1
D039,O018,7,767,6.727002821,128,0.201594351,0.132120615,0.2466657,1.015365814,15
D039,O019,7,767,6.727002821,24,0.431629638,0.254066717,0.253740338,0.934568431,1
D039,O020,7,767,6.727002821,113,0.348269976,0.095285863,0.409466489,0.990902637,28
D039,O021,7,767,6.727002821,35,0.407381528,0.191612689,0.078494355,0.726366674,4
D039,O022,7,767,6.727002821,193,0.265083523,0.114415056,0.48366938,0.770574624,6
D039,O023,7,767,6.727002821,410,0.214451437,0.12789836,0.094002538,0.876090399,34
D039,O024,7,767,6.727002821,109,0.107543079,0.370185632,0.33107989,0.763088384,2
D039,O025,7,767,6.727002821,53,0.129725034,0.023513439,0.022926164,0.647079336,9
D039,O026,7,767,6.727002821,104,0.335746812,0.309055962,0.214783733,0.866605062,9
D039,O027,7,767,6.727002821,120,0.173792118,0.275390581,0.115990185,0.594400816,1
D039,O028,7,767,6.727002821,315,0.161028291,0.149607497,0.243736481,0.836522744,76
D039,O029,7,767,6.727002821,744,0.31398409,0.144642217,0.380464816,1.001095973,47
D039,O030,7,767,6.727002821,96,0.291312931,0.178362873,0.260288981,0.712485371,21
D039,O031,7,767,6.727002821,61,0.375724597,0.298965989,0.344989603,1.023539068,2
D039,O032,7,767,6.727002821,449,0.47407037,0.293964396,0.333868972,0.526716923,86
D039,O033,7,767,6.727002821,28,0.356894295,0.285864598,0.280390934,0.572892371,5
D039,O034,7,767,6.727002821,172,0.339323194,0.106162856,0.193996227,0.976195745,28
D039,O035,7,767,6.727002821,173,0.041159595,0.256897351,0.341435098,0.936656262,22
D039,O036,7,767,6.727002821,83,0.318040863,0.288671609,0.125731933,0.510862581,11
D039,O037,7,767,6.727002821,232,0.083660283,0.374766445,0.463420281,0.901833982,16
D039,O038,7,767,6.727002821,765,0.137328547,0.153890662,0.395745604,0.824092212,73
D039,O039,7,767,6.727002821,48,0.232718262,0.17994217,0.033136716,0.784320075,1
D039,O040,7,767,6.727002821,585,0.392959459,0.39457393,0.498815231,0.847757244,30
D039,O041,7,767,6.727002821,49,0.297735298,0.268205888,0.212580592,0.765018393,7
D039,O042,7,767,6.727002821,533,0.049123846,0.273615249,0.271891148,0.775509181,28
D039,O043,7,767,6.727002821,936,0.154267686,0.332919895,0.389161836,0.694797352,211
D039,O044,7,767,6.727002821,721,0.432376139,0.324925408,0.144007894,0.742867678,148
D039,O045,7,767,6.727002821,692,0.331104768,0.086465045,0.220042135,0.679206917,59
D039,O046,7,767,6.727002821,402,0.241792287,0.134055119,0.264545347,1.045585484,81
D039,O047,7,767,6.727002821,32,0.457593053,0.357426009,0.365235909,0.729886159,4
D039,O048,7,767,6.727002821,45,0.221925977,0.348159922,0.204633474,0.792986797,8
D039,O049,7,767,6.727002821,33,0.068127718,0.327197905,0.351458552,0.638016666,6
D039,O050,7,767,6.727002821,322,0.206052109,0.123509785,0.230258857,0.710466564,78
D039,O051,7,767,6.727002821,264,0.415458501,0.161179135,0.311726789,0.922834621,12
D039,O052,7,767,6.727002821,249,0.293109713,0.381495942,0.29384703,0.500330142,30
D039,O053,7,767,6.727002821,251,0.008437374,0.219704544,0.077608614,0.857828126,11
D039,O054,7,767,6.727002821,70,0.483939677,0.225369653,0.039302168,0.574845385,11
D039,O055,7,767,6.727002821,143,0.09821222,0.163666817,0.285033773,0.601558378,17
D039,O056,7,767,6.727002821,345,0.064149611,0.031223606,0.23904777,0.691855779,21
D039,O057,7,767,6.727002821,100,0.400541493,0.216556949,0.487740957,1.038462113,22
D039,O058,7,767,6.727002821,22,0.090722232,0.036785238,0.101049312,0.663001423,4
D039,O059,7,767,6.727002821,486,0.079431167,0.248195591,0.397292534,0.804788767,76
D039,O060,7,767,6.727002821,273,0.451061182,0.170720182,0.061912147,0.815113055,50
D039,O061,7,767,6.727002821,27,0.381805437,0.01616482,0.491613692,0.675221612,4
D039,O062,7,767,6.727002821,442,0.418928223,0.359834489,0.417321395,0.554105019,34
D039,O063,7,767,6.727002821,159,0.167777479,0.069957712,0.130372357,0.943907134,38
D039,O064,7,767,6.727002821,358,0.061032209,0.305917985,0.455729849,0.927346891,71
D039,O065,7,767,6.727002821,56,0.248866638,0.340199764,0.379559452,0.583546864,5
D039,O066,7,767,6.727002821,149,0.351209323,0.192455527,0.149427886,0.883050134,9
D039,O067,7,767,6.727002821,60,0.359928689,0.02076874,0.174232425,0.648987034,6
D039,O068,7,767,6.727002821,871,0.148525779,0.2389906,0.43126666,0.56330551,22
D039,O069,7,767,6.727002821,600,0.193256125,0.259153683,0.18565311,0.968309469,107
D039,O070,7,767,6.727002821,139,0.286307662,0.0275532,0.151186277,0.734969069,9
D039,O071,7,767,6.727002821,830,0.025772238,0.059916076,0.006124037,0.854259133,1
D039,O072,7,767,6.727002821,41,0.447028226,0.353970092,0.321029628,0.606201119,5
D039,O073,7,767,6.727002821,22,0.099783277,0.097826372,0.112559894,0.548583884,3
D039,O074,7,767,6.727002821,36,0.042568944,0.004280635,0.087293441,0.86728622,3
D039,O075,7,767,6.727002821,31,0.495260113,0.154710174,0.269857669,0.722353565,5
D039,O076,7,767,6.727002821,202,0.209924614,0.319442165,0.171734319,0.667816616,34
D039,O077,7,767,6.727002821,648,0.325153788,0.303515085,0.316930252,0.613107267,97
D039,O078,7,767,6.727002821,379,0.223960723,0.064878079,0.224272393,0.840645589,80
D039,O079,7,767,6.727002821,65,0.075519811,0.282963886,0.299403793,0.51375586,9
D039,O080,7,767,6.727002821,206,0.124478381,0.390952102,0.159201992,0.812430792,3
D039,O081,7,767,6.727002821,229,0.311863322,0.040757227,0.190953924,0.52059127,6
D039,O082,7,767,6.727002821,630,0.267185735,0.363424574,0.305398084,0.528725737,144
D039,O083,7,767,6.727002821,89,0.002629244,0.11891721,0.012340148,0.799263288,13
D039,O084,7,767,6.727002821,797,0.372992677,0.000386491,0.00152113,0.993396916,169
D039,O085,7,767,6.727002821,66,0.183976656,0.236269207,0.120756181,0.591017322,11
D039,O086,7,767,6.727002821,135,0.469888219,0.056365997,0.043821459,0.952586866,28
D039,O087,7,767,6.727002821,23,0.111840401,0.071296914,0.089679808,0.791166307,2
D039,O088,7,767,6.727002821,74,0.028069089,0.054085246,0.202673962,0.619616712,14
D039,O089,7,767,6.727002821,55,0.492105028,0.101006081,0.474810428,0.657444473,6
D039,O090,7,767,6.727002821,285,0.03434851,0.377557012,0.057284121,0.757204241,14
D039,O091,7,767,6.727002821,85,0.181583703,0.224320695,0.138841885,0.830164928,8
D039,O092,7,767,6.727002821,303,0.442706311,0.172267227,0.436491903,0.897895329,53
D039,O093,7,767,6.727002821,25,0.276275035,0.078153424,0.291384582,0.958605081,1
D039,O094,7,767,6.727002821,888,0.302089761,0.091469055,0.358945917,0.915650339,193
D039,O095,7,767,6.727002821,29,0.365502327,0.314203797,0.177999519,0.631365154,3
D039,O096,7,767,6.727002821,91,0.16170145,0.264353919,0.069555674,0.545005585,20
D040,O001,3,866,0.26404988,184,0.252173292,0.345006223,0.414518539,1.008029851,43
D040,O002,3,866,0.26404988,71,0.386957289,0.33590604,0.423756547,1.030814136,16
D040,O003,3,866,0.26404988,43,0.48531049,0.109844006,0.373132887,0.562934186,5
D040,O004,3,866,0.26404988,544,0.015441285,0.39993713,0.047767101,0.621494583,12
D040,O005,3,866,0.26404988,472,0.458927508,0.08115278,0.018055532,0.751825682,8
D040,O006,3,866,0.26404988,26,0.466438896,0.19990199,0.36047691,0.537345538,5
D040,O007,3,866,0.26404988,20,0.141130372,0.138764594,0.166622366,0.974703346,2
D040,O008,3,866,0.26404988,217,0.118365868,0.010264005,0.438577644,0.70421183,4
D040,O009,3,866,0.26404988,39,0.272204984,0.243100415,0.446678,0.893215891,1
D040,O010,3,866,0.26404988,78,0.42428609,0.04657399,0.47291634,0.886241643,6
D040,O011,3,866,0.26404988,163,0.257766277,0.230369452,0.067376828,1.041013094,24
D040,O012,3,866,0.26404988,121,0.018977159,0.042108472,0.106166432,0.634587855,7
D040,O013,3,866,0.26404988,38,0.13035544,0.200717694,0.465695355,0.90739434,4
D040,O014,3,866,0.26404988,505,0.055050564,0.385744929,0.323573274,0.956197221,126
D040,O015,3,866,0.26404988,369,0.403527677,0.186961283,0.029180542,1.016098144,88
D040,O016,3,866,0.26404988,990,0.188337728,0.211915952,0.403770273,0.683522338,99
D040,O017,3,866,0.26404988,47,0.235947901,0.205558573,0.450421949,0.98550411,1
D040,O018,3,866,0.26404988,128,0.201594351,0.132120615,0.2466657,1.015365814,15
D040,O019,3,866,0.26404988,24,0.431629638,0.254066717,0.253740338,0.934568431,1
D040,O020,3,866,0.26404988,113,0.348269976,0.095285863,0.409466489,0.990902637,28
D040,O021,3,866,0.26404988,35,0.407381528,0.191612689,0.078494355,0.726366674,4
D040,O022,3,866,0.26404988,193,0.265083523,0.114415056,0.48366938,0.770574624,6
D040,O023,3,866,0.26404988,410,0.214451437,0.12789836,0.094002538,0.876090399,34
D040,O024,3,866,0.26404988,109,0.107543079,0.370185632,0.33107989,0.763088384,2
D040,O025,3,866,0.26404988,53,0.129725034,0.023513439,0.022926164,0.647079336,9
D040,O026,3,866,0.26404988,104,0.335746812,0.309055962,0.214783733,0.866605062,9
D040,O027,3,866,0.26404988,120,0.173792118,0.275390581,0.115990185,0.594400816,1
D040,O028,3,866,0.26404988,315,0.161028291,0.149607497,0.243736481,0.836522744,76
D040,O029,3,866,0.26404988,744,0.31398409,0.144642217,0.380464816,1.001095973,47
D040,O030,3,866,0.26404988,96,0.291312931,0.178362873,0.260288981,0.712485371,21
D040,O031,3,866,0.26404988,61,0.375724597,0.298965989,0.344989603,1.023539068,2
D040,O032,3,866,0.26404988,449,0.47407037,0.293964396,0.333868972,0.526716923,86
D040,O033,3,866,0.26404988,28,0.356894295,0.285864598,0.280390934,0.572892371,5
D040,O034,3,866,0.26404988,172,0.339323194,0.106162856,0.193996227,0.976195745,28
D040,O035,3,866,0.26404988,173,0.041159595,0.256897351,0.341435098,0.936656262,22
D040,O036,3,866,0.26404988,83,0.318040863,0.288671609,0.125731933,0.510862581,11
D040,O037,3,866,0.26404988,232,0.083660283,0.374766445,0.463420281,0.901833982,16
D040,O038,3,866,0.26404988,765,0.137328547,0.153890662,0.395745604,0.824092212,73
D040,O039,3,866,0.26404988,48,0.232718262,0.17994217,0.033136716,0.784320075,1
D040,O040,3,866,0.26404988,585,0.392959459,0.39457393,0.498815231,0.847757244,30
D040,O041,3,866,0.26404988,49,0.297735298,0.268205888,0.212580592,0.765018393,7
D040,O042,3,866,0.26404988,533,0.049123846,0.273615249,0.271891148,0.775509181,28
D040,O043,3,866,0.26404988,936,0.154267686,0.332919895,0.389161836,0.694797352,211
D040,O044,3,866,0.26404988,721,0.432376139,0.324925408,0.144007894,0.742867678,148
D040,O045,3,866,0.26404988,692,0.331104768,0.086465045,0.220042135,0.679206917,59
D040,O046,3,866,0.26404988,402,0.241792287,0.134055119,0.264545347,1.045585484,81
D040,O047,3,866,0.26404988,32,0.457593053,0.357426009,0.365235909,0.729886159,4
D040,O048,3,866,0.26404988,45,0.221925977,0.348159922,0.204633474,0.792986797,8
D040,O049,3,866,0.26404988,33,0.068127718,0.327197905,0.351458552,0.638016666,6
D040,O050,3,866,0.26404988,322,0.206052109,0.123509785,0.230258857,0.710466564,78
D040,O051,3,866,0.26404988,264,0.415458501,0.161179135,0.311726789,0.922834621,12
D040,O052,3,866,0.26404988,249,0.293109713,0.381495942,0.29384703,0.500330142,30
D040,O053,3,866,0.26404988,251,0.008437374,0.219704544,0.077608614,0.857828126,11
D040,O054,3,866,0.26404988,70,0.483939677,0.225369653,0.039302168,0.574845385,11
D040,O055,3,866,0.26404988,143,0.09821222,0.163666817,0.285033773,0.601558378,17
D040,O056,3,866,0.26404988,345,0.064149611,0.031223606,0.23904777,0.691855779,21
D040,O057,3,866,0.26404988,100,0.400541493,0.216556949,0.487740957,1.038462113,22
D040,O058,3,866,0.26404988,22,0.090722232,0.036785238,0.101049312,0.663001423,4
D040,O059,3,866,0.26404988,486,0.079431167,0.248195591,0.397292534,0.804788767,76
D040,O060,3,866,0.26404988,273,0.451061182,0.170720182,0.061912147,0.815113055,50
D040,O061,3,866,0.26404988,27,0.381805437,0.01616482,0.491613692,0.675221612,4
D040,O062,3,866,0.26404988,442,0.418928223,0.359834489,0.417321395,0.554105019,34
D040,O063,3,866,0.26404988,159,0.167777479,0.069957712,0.130372357,0.943907134,38
D040,O064,3,866,0.26404988,358,0.061032209,0.305917985,0.455729849,0.927346891,71
D040,O065,3,866,0.26404988,56,0.248866638,0.340199764,0.379559452,0.583546864,5
D040,O066,3,866,0.26404988,149,0.351209323,0.192455527,0.149427886,0.883050134,9
D040,O067,3,866,0.26404988,60,0.359928689,0.02076874,0.174232425,0.648987034,6
D040,O068,3,866,0.26404988,871,0.148525779,0.2389906,0.43126666,0.56330551,22
D040,O069,3,866,0.26404988,600,0.193256125,0.259153683,0.18565311,0.968309469,107
D040,O070,3,866,0.26404988,139,0.286307662,0.0275532,0.151186277,0.734969069,9
D040,O071,3,866,0.26404988,830,0.025772238,0.059916076,0.006124037,0.854259133,1
D040,O072,3,866,0.26404988,41,0.447028226,0.353970092,0.321029628,0.606201119,5
D040,O073,3,866,0.26404988,22,0.099783277,0.097826372,0.112559894,0.548583884,3
D040,O074,3,866,0.26404988,36,0.042568944,0.004280635,0.087293441,0.86728622,3
D040,O075,3,866,0.26404988,31,0.495260113,0.154710174,0.269857669,0.722353565,5
D040,O076,3,866,0.26404988,202,0.209924614,0.319442165,0.171734319,0.667816616,34
D040,O077,3,866,0.26404988,648,0.325153788,0.303515085,0.316930252,0.613107267,97
D040,O078,3,866,0.26404988,379,0.223960723,0.064878079,0.224272393,0.840645589,80
D040,O079,3,866,0.26404988,65,0.075519811,0.282963886,0.299403793,0.51375586,9
D040,O080,3,866,0.26404988,206,0.124478381,0.390952102,0.159201992,0.812430792,3
D040,O081,3,866,0.26404988,229,0.311863322,0.040757227,0.190953924,0.52059127,6
D040,O082,3,866,0.26404988,630,0.267185735,0.363424574,0.305398084,0.528725737,144
D040,O083,3,866,0.26404988,89,0.002629244,0.11891721,0.012340148,0.799263288,13
D040,O084,3,866,0.26404988,797,0.372992677,0.000386491,0.00152113,0.993396916,169
D040,O085,3,866,0.26404988,66,0.183976656,0.236269207,0.120756181,0.591017322,11
D040,O086,3,866,0.26404988,135,0.469888219,0.056365997,0.043821459,0.952586866,28
D040,O087,3,866,0.26404988,23,0.111840401,0.071296914,0.089679808,0.791166307,2
D040,O088,3,866,0.26404988,74,0.028069089,0.054085246,0.202673962,0.619616712,14
D040,O089,3,866,0.26404988,55,0.492105028,0.101006081,0.474810428,0.657444473,6
D040,O090,3,866,0.26404988,285,0.03434851,0.377557012,0.057284121,0.757204241,14
D040,O091,3,866,0.26404988,85,0.181583703,0.224320695,0.138841885,0.830164928,8
D040,O092,3,866,0.26404988,303,0.442706311,0.172267227,0.436491903,0.897895329,53
D040,O093,3,866,0.26404988,25,0.276275035,0.078153424,0.291384582,0.958605081,1
D040,O094,3,866,0.26404988,888,0.302089761,0.091469055,0.358945917,0.915650339,193
D040,O095,3,866,0.26404988,29,0.365502327,0.314203797,0.177999519,0.631365154,3
D040,O096,3,866,0.26404988,91,0.16170145,0.264353919,0.069555674,0.545005585,20
D041,O001,8,148,0.63676512,184,0.252173292,0.345006223,0.414518539,1.008029851,43
D041,O002,8,148,0.63676512,71,0.386957289,0.33590604,0.423756547,1.030814136,16
D041,O003,8,148,0.63676512,43,0.48531049,0.109844006,0.373132887,0.562934186,5
D041,O004,8,148,0.63676512,544,0.015441285,0.39993713,0.047767101,0.621494583,12
D041,O005,8,148,0.63676512,472,0.458927508,0.08115278,0.018055532,0.751825682,8
D041,O006,8,148,0.63676512,26,0.466438896,0.19990199,0.36047691,0.537345538,5
D041,O007,8,148,0.63676512,20,0.141130372,0.138764594,0.166622366,0.974703346,2
D041,O008,8,148,0.63676512,217,0.118365868,0.010264005,0.438577644,0.70421183,4
D041,O009,8,148,0.63676512,39,0.272204984,0.243100415,0.446678,0.893215891,1
D041,O010,8,148,0.63676512,78,0.42428609,0.04657399,0.47291634,0.886241643,6
D041,O011,8,148,0.63676512,163,0.257766277,0.230369452,0.067376828,1.041013094,24
D041,O012,8,148,0.63676512,121,0.018977159,0.042108472,0.106166432,0.634587855,7
D041,O013,8,148,0.63676512,38,0.13035544,0.200717694,0.465695355,0.90739434,4
D041,O014,8,148,0.63676512,505,0.055050564,0.385744929,0.323573274,0.956197221,126
D041,O015,8,148,0.63676512,369,0.403527677,0.186961283,0.029180542,1.016098144,88
D041,O016,8,148,0.63676512,990,0.188337728,0.211915952,0.403770273,0.683522338,99
D041,O017,8,148,0.63676512,47,0.235947901,0.205558573,0.450421949,0.98550411,1
D041,O018,8,148,0.63676512,128,0.201594351,0.132120615,0.2466657,1.015365814,15
D041,O019,8,148,0.63676512,24,0.431629638,0.254066717,0.253740338,0.934568431,1
D041,O020,8,148,0.63676512,113,0.348269976,0.095285863,0.409466489,0.990902637,28
D041,O021,8,148,0.63676512,35,0.407381528,0.191612689,0.078494355,0.726366674,4
D041,O022,8,148,0.63676512,193,0.265083523,0.114415056,0.48366938,0.770574624,6
D041,O023,8,148,0.63676512,410,0.214451437,0.12789836,0.094002538,0.876090399,34
D041,O024,8,148,0.63676512,109,0.107543079,0.370185632,0.33107989,0.763088384,2
D041,O025,8,148,0.63676512,53,0.129725034,0.023513439,0.022926164,0.647079336,9
D041,O026,8,148,0.63676512,104,0.335746812,0.309055962,0.214783733,0.866605062,9
D041,O027,8,148,0.63676512,120,0.173792118,0.275390581,0.115990185,0.594400816,1
D041,O028,8,148,0.63676512,315,0.161028291,0.149607497,0.243736481,0.836522744,76
D041,O029,8,148,0.63676512,744,0.31398409,0.144642217,0.380464816,1.001095973,47
D041,O030,8,148,0.63676512,96,0.291312931,0.178362873,0.260288981,0.712485371,21
D041,O031,8,148,0.63676512,61,0.375724597,0.298965989,0.344989603,1.023539068,2
D041,O032,8,148,0.63676512,449,0.47407037,0.293964396,0.333868972,0.526716923,86
D041,O033,8,148,0.63676512,28,0.356894295,0.285864598,0.280390934,0.572892371,5
D041,O034,8,148,0.63676512,172,0.339323194,0.106162856,0.193996227,0.976195745,28
D041,O035,8,148,0.63676512,173,0.041159595,0.256897351,0.341435098,0.936656262,22
D041,O036,8,148,0.63676512,83,0.318040863,0.288671609,0.125731933,0.510862581,11
D041,O037,8,148,0.63676512,232,0.083660283,0.374766445,0.463420281,0.901833982,16
D041,O038,8,148,0.63676512,765,0.137328547,0.153890662,0.395745604,0.824092212,73
D041,O039,8,148,0.63676512,48,0.232718262,0.17994217,0.033136716,0.784320075,1
D041,O040,8,148,0.63676512,585,0.392959459,0.39457393,0.498815231,0.847757244,30
D041,O041,8,148,0.63676512,49,0.297735298,0.268205888,0.212580592,0.765018393,7
D041,O042,8,148,0.63676512,533,0.049123846,0.273615249,0.271891148,0.775509181,28
D041,O043,8,148,0.63676512,936,0.154267686,0.332919895,0.389161836,0.694797352,211
D041,O044,8,148,0.63676512,721,0.432376139,0.324925408,0.144007894,0.742867678,148
D041,O045,8,148,0.63676512,692,0.331104768,0.086465045,0.220042135,0.679206917,59
D041,O046,8,148,0.63676512,402,0.241792287,0.134055119,0.264545347,1.045585484,81
D041,O047,8,148,0.63676512,32,0.457593053,0.357426009,0.365235909,0.729886159,4
D041,O048,8,148,0.63676512,45,0.221925977,0.348159922,0.204633474,0.792986797,8
D041,O049,8,148,0.63676512,33,0.068127718,0.327197905,0.351458552,0.638016666,6
D041,O050,8,148,0.63676512,322,0.206052109,0.123509785,0.230258857,0.710466564,78
D041,O051,8,148,0.63676512,264,0.415458501,0.161179135,0.311726789,0.922834621,12
D041,O052,8,148,0.63676512,249,0.293109713,0.381495942,0.29384703,0.500330142,30
D041,O053,8,148,0.63676512,251,0.008437374,0.219704544,0.077608614,0.857828126,11
D041,O054,8,148,0.63676512,70,0.483939677,0.225369653,0.039302168,0.574845385,11
D041,O055,8,148,0.63676512,143,0.09821222,0.163666817,0.285033773,0.601558378,17
D041,O056,8,148,0.63676512,345,0.064149611,0.031223606,0.23904777,0.691855779,21
D041,O057,8,148,0.63676512,100,0.400541493,0.216556949,0.487740957,1.038462113,22
D041,O058,8,148,0.63676512,22,0.090722232,0.036785238,0.101049312,0.663001423,4
D041,O059,8,148,0.63676512,486,0.079431167,0.248195591,0.397292534,0.804788767,76
D041,O060,8,148,0.63676512,273,0.451061182,0.170720182,0.061912147,0.815113055,50
D041,O061,8,148,0.63676512,27,0.381805437,0.01616482,0.491613692,0.675221612,4
D041,O062,8,148,0.63676512,442,0.418928223,0.359834489,0.417321395,0.554105019,34
D041,O063,8,148,0.63676512,159,0.167777479,0.069957712,0.130372357,0.943907134,38
D041,O064,8,148,0.63676512,358,0.061032209,0.305917985,0.455729849,0.927346891,71
D041,O065,8,148,0.63676512,56,0.248866638,0.340199764,0.379559452,0.583546864,5
D041,O066,8,148,0.63676512,149,0.351209323,0.192455527,0.149427886,0.883050134,9
D041,O067,8,148,0.63676512,60,0.359928689,0.02076874,0.174232425,0.648987034,6
D041,O068,8,148,0.63676512,871,0.148525779,0.2389906,0.43126666,0.56330551,22
D041,O069,8,148,0.63676512,600,0.193256125,0.259153683,0.18565311,0.968309469,107
D041,O070,8,148,0.63676512,139,0.286307662,0.0275532,0.151186277,0.734969069,9
D041,O071,8,148,0.63676512,830,0.025772238,0.059916076,0.006124037,0.854259133,1
D041,O072,8,148,0.63676512,41,0.447028226,0.353970092,0.321029628,0.606201119,5
D041,O073,8,148,0.63676512,22,0.099783277,0.097826372,0.112559894,0.548583884,3
D041,O074,8,148,0.63676512,36,0.042568944,0.004280635,0.087293441,0.86728622,3
D041,O075,8,148,0.63676512,31,0.495260113,0.154710174,0.269857669,0.722353565,5
D041,O076,8,148,0.63676512,202,0.209924614,0.319442165,0.171734319,0.667816616,34
D041,O077,8,148,0.63676512,648,0.325153788,0.303515085,0.316930252,0.613107267,97
D041,O078,8,148,0.63676512,379,0.223960723,0.064878079,0.224272393,0.840645589,80
D041,O079,8,148,0.63676512,65,0.075519811,0.282963886,0.299403793,0.51375586,9
D041,O080,8,148,0.63676512,206,0.124478381,0.390952102,0.159201992,0.812430792,3
D041,O081,8,148,0.63676512,229,0.311863322,0.040757227,0.190953924,0.52059127,6
D041,O082,8,148,0.63676512,630,0.267185735,0.363424574,0.305398084,0.528725737,144
D041,O083,8,148,0.63676512,89,0.002629244,0.11891721,0.012340148,0.799263288,13
D041,O084,8,148,0.63676512,797,0.372992677,0.000386491,0.00152113,0.993396916,169
D041,O085,8,148,0.63676512,66,0.183976656,0.236269207,0.120756181,0.591017322,11
D041,O086,8,148,0.63676512,135,0.469888219,0.056365997,0.043821459,0.952586866,28
D041,O087,8,148,0.63676512,23,0.111840401,0.071296914,0.089679808,0.791166307,2
D041,O088,8,148,0.63676512,74,0.028069089,0.054085246,0.202673962,0.619616712,14
D041,O089,8,148,0.63676512,55,0.492105028,0.101006081,0.474810428,0.657444473,6
D041,O090,8,148,0.63676512,285,0.03434851,0.377557012,0.057284121,0.757204241,14
D041,O091,8,148,0.63676512,85,0.181583703,0.224320695,0.138841885,0.830164928,8
D041,O092,8,148,0.63676512,303,0.442706311,0.172267227,0.436491903,0.897895329,53
D041,O093,8,148,0.63676512,25,0.276275035,0.078153424,0.291384582,0.958605081,1
D041,O094,8,148,0.63676512,888,0.302089761,0.091469055,0.358945917,0.915650339,193
D041,O095,8,148,0.63676512,29,0.365502327,0.314203797,0.177999519,0.631365154,3
D041,O096,8,148,0.63676512,91,0.16170145,0.264353919,0.069555674,0.545005585,20
D042,O001,1,1019,4.517436841,184,0.252173292,0.345006223,0.414518539,1.008029851,43
D042,O002,1,1019,4.517436841,71,0.386957289,0.33590604,0.423756547,1.030814136,16
D042,O003,1,1019,4.517436841,43,0.48531049,0.109844006,0.373132887,0.562934186,5
D042,O004,1,1019,4.517436841,544,0.015441285,0.39993713,0.047767101,0.621494583,12
D042,O005,1,1019,4.517436841,472,0.458927508,0.08115278,0.018055532,0.751825682,8
D042,O006,1,1019,4.517436841,26,0.466438896,0.19990199,0.36047691,0.537345538,5
D042,O007,1,1019,4.517436841,20,0.141130372,0.138764594,0.166622366,0.974703346,2
D042,O008,1,1019,4.517436841,217,0.118365868,0.010264005,0.438577644,0.70421183,4
D042,O009,1,1019,4.517436841,39,0.272204984,0.243100415,0.446678,0.893215891,1
D042,O010,1,1019,4.517436841,78,0.42428609,0.04657399,0.47291634,0.886241643,6
D042,O011,1,1019,4.517436841,163,0.257766277,0.230369452,0.067376828,1.041013094,24
D042,O012,1,1019,4.517436841,121,0.018977159,0.042108472,0.106166432,0.634587855,7
D042,O013,1,1019,4.517436841,38,0.13035544,0.200717694,0.465695355,0.90739434,4
D042,O014,1,1019,4.517436841,505,0.055050564,0.385744929,0.323573274,0.956197221,126
D042,O015,1,1019,4.517436841,369,0.403527677,0.186961283,0.029180542,1.016098144,88
D042,O016,1,1019,4.517436841,990,0.188337728,0.211915952,0.403770273,0.683522338,99
D042,O017,1,1019,4.517436841,47,0.235947901,0.205558573,0.450421949,0.98550411,1
D042,O018,1,1019,4.517436841,128,0.201594351,0.132120615,0.2466657,1.015365814,15
D042,O019,1,1019,4.517436841,24,0.431629638,0.254066717,0.253740338,0.934568431,1
D042,O020,1,1019,4.517436841,113,0.348269976,0.095285863,0.409466489,0.990902637,28
D042,O021,1,1019,4.517436841,35,0.407381528,0.191612689,0.078494355,0.726366674,4
D042,O022,1,1019,4.517436841,193,0.265083523,0.114415056,0.48366938,0.770574624,6
D042,O023,1,1019,4.517436841,410,0.214451437,0.12789836,0.094002538,0.876090399,34
D042,O024,1,1019,4.517436841,109,0.107543079,0.370185632,0.33107989,0.763088384,2
D042,O025,1,1019,4.517436841,53,0.129725034,0.023513439,0.022926164,0.647079336,9
D042,O026,1,1019,4.517436841,104,0.335746812,0.309055962,0.214783733,0.866605062,9
D042,O027,1,1019,4.517436841,120,0.173792118,0.275390581,0.115990185,0.594400816,1
D042,O028,1,1019,4.517436841,315,0.161028291,0.149607497,0.243736481,0.836522744,76
D042,O029,1,1019,4.517436841,744,0.31398409,0.144642217,0.380464816,1.001095973,47
D042,O030,1,1019,4.517436841,96,0.291312931,0.178362873,0.260288981,0.712485371,21
D042,O031,1,1019,4.517436841,61,0.375724597,0.298965989,0.344989603,1.023539068,2
D042,O032,1,1019,4.517436841,449,0.47407037,0.293964396,0.333868972,0.526716923,86
D042,O033,1,1019,4.517436841,28,0.356894295,0.285864598,0.280390934,0.572892371,5
D042,O034,1,1019,4.517436841,172,0.339323194,0.106162856,0.193996227,0.976195745,28
D042,O035,1,1019,4.517436841,173,0.041159595,0.256897351,0.341435098,0.936656262,22
D042,O036,1,1019,4.517436841,83,0.318040863,0.288671609,0.125731933,0.510862581,11
D042,O037,1,1019,4.517436841,232,0.083660283,0.374766445,0.463420281,0.901833982,16
D042,O038,1,1019,4.517436841,765,0.137328547,0.153890662,0.395745604,0.824092212,73
D042,O039,1,1019,4.517436841,48,0.232718262,0.17994217,0.033136716,0.784320075,1
D042,O040,1,1019,4.517436841,585,0.392959459,0.39457393,0.498815231,0.847757244,30
D042,O041,1,1019,4.517436841,49,0.297735298,0.268205888,0.212580592,0.765018393,7
D042,O042,1,1019,4.517436841,533,0.049123846,0.273615249,0.271891148,0.775509181,28
D042,O043,1,1019,4.517436841,936,0.154267686,0.332919895,0.389161836,0.694797352,211
D042,O044,1,1019,4.517436841,721,0.432376139,0.324925408,0.144007894,0.742867678,148
D042,O045,1,1019,4.517436841,692,0.331104768,0.086465045,0.220042135,0.679206917,59
D042,O046,1,1019,4.517436841,402,0.241792287,0.134055119,0.264545347,1.045585484,81
D042,O047,1,1019,4.517436841,32,0.457593053,0.357426009,0.365235909,0.729886159,4
D042,O048,1,1019,4.517436841,45,0.221925977,0.348159922,0.204633474,0.792986797,8
D042,O049,1,1019,4.517436841,33,0.068127718,0.327197905,0.351458552,0.638016666,6
D042,O050,1,1019,4.517436841,322,0.206052109,0.123509785,0.230258857,0.710466564,78
D042,O051,1,1019,4.517436841,264,0.415458501,0.161179135,0.311726789,0.922834621,12
D042,O052,1,1019,4.517436841,249,0.293109713,0.381495942,0.29384703,0.500330142,30
D042,O053,1,1019,4.517436841,251,0.008437374,0.219704544,0.077608614,0.857828126,11
D042,O054,1,1019,4.517436841,70,0.483939677,0.225369653,0.039302168,0.574845385,11
D042,O055,1,1019,4.517436841,143,0.09821222,0.163666817,0.285033773,0.601558378,17
D042,O056,1,1019,4.517436841,345,0.064149611,0.031223606,0.23904777,0.691855779,21
D042,O057,1,1019,4.517436841,100,0.400541493,0.216556949,0.487740957,1.038462113,22
D042,O058,1,1019,4.517436841,22,0.090722232,0.036785238,0.101049312,0.663001423,4
D042,O059,1,1019,4.517436841,486,0.079431167,0.248195591,0.397292534,0.804788767,76
D042,O060,1,1019,4.517436841,273,0.451061182,0.170720182,0.061912147,0.815113055,50
D042,O061,1,1019,4.517436841,27,0.381805437,0.01616482,0.491613692,0.675221612,4
D042,O062,1,1019,4.517436841,442,0.418928223,0.359834489,0.417321395,0.554105019,34
D042,O063,1,1019,4.517436841,159,0.167777479,0.069957712,0.130372357,0.943907134,38
D042,O064,1,1019,4.517436841,358,0.061032209,0.305917985,0.455729849,0.927346891,71
D042,O065,1,1019,4.517436841,56,0.248866638,0.340199764,0.379559452,0.583546864,5
D042,O066,1,1019,4.517436841,149,0.351209323,0.192455527,0.149427886,0.883050134,9
D042,O067,1,1019,4.517436841,60,0.359928689,0.02076874,0.174232425,0.648987034,6
D042,O068,1,1019,4.517436841,871,0.148525779,0.2389906,0.43126666,0.56330551,22
D042,O069,1,1019,4.517436841,600,0.193256125,0.259153683,0.18565311,0.968309469,107
D042,O070,1,1019,4.517436841,139,0.286307662,0.0275532,0.151186277,0.734969069,9
D042,O071,1,1019,4.517436841,830,0.025772238,0.059916076,0.006124037,0.854259133,1
D042,O072,1,1019,4.517436841,41,0.447028226,0.353970092,0.321029628,0.606201119,5
D042,O073,1,1019,4.517436841,22,0.099783277,0.097826372,0.112559894,0.548583884,3
D042,O074,1,1019,4.517436841,36,0.042568944,0.004280635,0.087293441,0.86728622,3
D042,O075,1,1019,4.517436841,31,0.495260113,0.154710174,0.269857669,0.722353565,5
D042,O076,1,1019,4.517436841,202,0.209924614,0.319442165,0.171734319,0.667816616,34
D042,O077,1,1019,4.517436841,648,0.325153788,0.303515085,0.316930252,0.613107267,97
D042,O078,1,1019,4.517436841,379,0.223960723,0.064878079,0.224272393,0.840645589,80
D042,O079,1,1019,4.517436841,65,0.075519811,0.282963886,0.299403793,0.51375586,9
D042,O080,1,1019,4.517436841,206,0.124478381,0.390952102,0.159201992,0.812430792,3
D042,O081,1,1019,4.517436841,229,0.311863322,0.040757227,0.190953924,0.52059127,6
D042,O082,1,1019,4.517436841,630,0.267185735,0.363424574,0.305398084,0.528725737,144
D042,O083,1,1019,4.517436841,89,0.002629244,0.11891721,0.012340148,0.799263288,13
D042,O084,1,1019,4.517436841,797,0.372992677,0.000386491,0.00152113,0.993396916,169
D042,O085,1,1019,4.517436841,66,0.183976656,0.236269207,0.120756181,0.591017322,11
D042,O086,1,1019,4.517436841,135,0.469888219,0.056365997,0.043821459,0.952586866,28
D042,O087,1,1019,4.517436841,23,0.111840401,0.071296914,0.089679808,0.791166307,2
D042,O088,1,1019,4.517436841,74,0.028069089,0.054085246,0.202673962,0.619616712,14
D042,O089,1,1019,4.517436841,55,0.492105028,0.101006081,0.474810428,0.657444473,6
D042,O090,1,1019,4.517436841,285,0.03434851,0.377557012,0.057284121,0.757204241,14
D042,O091,1,1019,4.517436841,85,0.181583703,0.224320695,0.138841885,0.830164928,8
D042,O092,1,1019,4.517436841,303,0.442706311,0.172267227,0.436491903,0.897895329,53
D042,O093,1,1019,4.517436841,25,0.276275035,0.078153424,0.291384582,0.958605081,1
D042,O094,1,1019,4.517436841,888,0.302089761,0.091469055,0.358945917,0.915650339,193
D042,O095,1,1019,4.517436841,29,0.365502327,0.314203797,0.177999519,0.631365154,3
D042,O096,1,1019,4.517436841,91,0.16170145,0.264353919,0.069555674,0.545005585,20
D043,O001,7,1175,2.004291591,184,0.252173292,0.345006223,0.414518539,1.008029851,43
D043,O002,7,1175,2.004291591,71,0.386957289,0.33590604,0.423756547,1.030814136,16
D043,O003,7,1175,2.004291591,43,0.48531049,0.109844006,0.373132887,0.562934186,5
D043,O004,7,1175,2.004291591,544,0.015441285,0.39993713,0.047767101,0.621494583,12
D043,O005,7,1175,2.004291591,472,0.458927508,0.08115278,0.018055532,0.751825682,8
D043,O006,7,1175,2.004291591,26,0.466438896,0.19990199,0.36047691,0.537345538,5
D043,O007,7,1175,2.004291591,20,0.141130372,0.138764594,0.166622366,0.974703346,2
D043,O008,7,1175,2.004291591,217,0.118365868,0.010264005,0.438577644,0.70421183,4
D043,O009,7,1175,2.004291591,39,0.272204984,0.243100415,0.446678,0.893215891,1
D043,O010,7,1175,2.004291591,78,0.42428609,0.04657399,0.47291634,0.886241643,6
D043,O011,7,1175,2.004291591,163,0.257766277,0.230369452,0.067376828,1.041013094,24
D043,O012,7,1175,2.004291591,121,0.018977159,0.042108472,0.106166432,0.634587855,7
D043,O013,7,1175,2.004291591,38,0.13035544,0.200717694,0.465695355,0.90739434,4
D043,O014,7,1175,2.004291591,505,0.055050564,0.385744929,0.323573274,0.956197221,126
D043,O015,7,1175,2.004291591,369,0.403527677,0.186961283,0.029180542,1.016098144,88
D043,O016,7,1175,2.004291591,990,0.188337728,0.211915952,0.403770273,0.683522338,99
D043,O017,7,1175,2.004291591,47,0.235947901,0.205558573,0.450421949,0.98550411,1
D043,O018,7,1175,2.004291591,128,0.201594351,0.132120615,0.2466657,1.015365814,15
D043,O019,7,1175,2.004291591,24,0.431629638,0.254066717,0.253740338,0.934568431,1
D043,O020,7,1175,2.004291591,113,0.348269976,0.095285863,0.409466489,0.990902637,28
D043,O021,7,1175,2.004291591,35,0.407381528,0.191612689,0.078494355,0.726366674,4
D043,O022,7,1175,2.004291591,193,0.265083523,0.114415056,0.48366938,0.770574624,6
D043,O023,7,1175,2.004291591,410,0.214451437,0.12789836,0.094002538,0.876090399,34
D043,O024,7,1175,2.004291591,109,0.107543079,0.370185632,0.33107989,0.763088384,2
D043,O025,7,1175,2.004291591,53,0.129725034,0.023513439,0.022926164,0.647079336,9
D043,O026,7,1175,2.004291591,104,0.335746812,0.309055962,0.214783733,0.866605062,9
D043,O027,7,1175,2.004291591,120,0.173792118,0.275390581,0.115990185,0.594400816,1
D043,O028,7,1175,2.004291591,315,0.161028291,0.149607497,0.243736481,0.836522744,76
D043,O029,7,1175,2.004291591,744,0.31398409,0.144642217,0.380464816,1.001095973,47
D043,O030,7,1175,2.004291591,96,0.291312931,0.178362873,0.260288981,0.712485371,21
D043,O031,7,1175,2.004291591,61,0.375724597,0.298965989,0.344989603,1.023539068,2
D043,O032,7,1175,2.004291591,449,0.47407037,0.293964396,0.333868972,0.526716923,86
D043,O033,7,1175,2.004291591,28,0.356894295,0.285864598,0.280390934,0.572892371,5
D043,O034,7,1175,2.004291591,172,0.339323194,0.106162856,0.193996227,0.976195745,28
D043,O035,7,1175,2.004291591,173,0.041159595,0.256897351,0.341435098,0.936656262,22
D043,O036,7,1175,2.004291591,83,0.318040863,0.288671609,0.125731933,0.510862581,11
D043,O037,7,1175,2.004291591,232,0.083660283,0.374766445,0.463420281,0.901833982,16
D043,O038,7,1175,2.004291591,765,0.137328547,0.153890662,0.395745604,0.824092212,73
D043,O039,7,1175,2.004291591,48,0.232718262,0.17994217,0.033136716,0.784320075,1
D043,O040,7,1175,2.004291591,585,0.392959459,0.39457393,0.498815231,0.847757244,30
D043,O041,7,1175,2.004291591,49,0.297735298,0.268205888,0.212580592,0.765018393,7
D043,O042,7,1175,2.004291591,533,0.049123846,0.273615249,0.271891148,0.775509181,28
D043,O043,7,1175,2.004291591,936,0.154267686,0.332919895,0.389161836,0.694797352,211
D043,O044,7,1175,2.004291591,721,0.432376139,0.324925408,0.144007894,0.742867678,148
D043,O045,7,1175,2.004291591,692,0.331104768,0.086465045,0.220042135,0.679206917,59
D043,O046,7,1175,2.004291591,402,0.241792287,0.134055119,0.264545347,1.045585484,81
D043,O047,7,1175,2.004291591,32,0.457593053,0.357426009,0.365235909,0.729886159,4
D043,O048,7,1175,2.004291591,45,0.221925977,0.348159922,0.204633474,0.792986797,8
D043,O049,7,1175,2.004291591,33,0.068127718,0.327197905,0.351458552,0.638016666,6
D043,O050,7,1175,2.004291591,322,0.206052109,0.123509785,0.230258857,0.710466564,78
D043,O051,7,1175,2.004291591,264,0.415458501,0.161179135,0.311726789,0.922834621,12
D043,O052,7,1175,2.004291591,249,0.293109713,0.381495942,0.29384703,0.500330142,30
D043,O053,7,1175,2.004291591,251,0.008437374,0.219704544,0.077608614,0.857828126,11
D043,O054,7,1175,2.004291591,70,0.483939677,0.225369653,0.039302168,0.574845385,11
D043,O055,7,1175,2.004291591,143,0.09821222,0.163666817,0.285033773,0.601558378,17
D043,O056,7,1175,2.004291591,345,0.064149611,0.031223606,0.23904777,0.691855779,21
D043,O057,7,1175,2.004291591,100,0.400541493,0.216556949,0.487740957,1.038462113,22
D043,O058,7,1175,2.004291591,22,0.090722232,0.036785238,0.101049312,0.663001423,4
D043,O059,7,1175,2.004291591,486,0.079431167,0.248195591,0.397292534,0.804788767,76
D043,O060,7,1175,2.004291591,273,0.451061182,0.170720182,0.061912147,0.815113055,50
D043,O061,7,1175,2.004291591,27,0.381805437,0.01616482,0.491613692,0.675221612,4
D043,O062,7,1175,2.004291591,442,0.418928223,0.359834489,0.417321395,0.554105019,34
D043,O063,7,1175,2.004291591,159,0.167777479,0.069957712,0.130372357,0.943907134,38
D043,O064,7,1175,2.004291591,358,0.061032209,0.305917985,0.455729849,0.927346891,71
D043,O065,7,1175,2.004291591,56,0.248866638,0.340199764,0.379559452,0.583546864,5
D043,O066,7,1175,2.004291591,149,0.351209323,0.192455527,0.149427886,0.883050134,9
D043,O067,7,1175,2.004291591,60,0.359928689,0.02076874,0.174232425,0.648987034,6
D043,O068,7,1175,2.004291591,871,0.148525779,0.2389906,0.43126666,0.56330551,22
D043,O069,7,1175,2.004291591,600,0.193256125,0.259153683,0.18565311,0.968309469,107
D043,O070,7,1175,2.004291591,139,0.286307662,0.0275532,0.151186277,0.734969069,9
D043,O071,7,1175,2.004291591,830,0.025772238,0.059916076,0.006124037,0.854259133,1
D043,O072,7,1175,2.004291591,41,0.447028226,0.353970092,0.321029628,0.606201119,5
D043,O073,7,1175,2.004291591,22,0.099783277,0.097826372,0.112559894,0.548583884,3
D043,O074,7,1175,2.004291591,36,0.042568944,0.004280635,0.087293441,0.86728622,3
D043,O075,7,1175,2.004291591,31,0.495260113,0.154710174,0.269857669,0.722353565,5
D043,O076,7,1175,2.004291591,202,0.209924614,0.319442165,0.171734319,0.667816616,34
D043,O077,7,1175,2.004291591,648,0.325153788,0.303515085,0.316930252,0.613107267,97
D043,O078,7,1175,2.004291591,379,0.223960723,0.064878079,0.224272393,0.840645589,80
D043,O079,7,1175,2.004291591,65,0.075519811,0.282963886,0.299403793,0.51375586,9
D043,O080,7,1175,2.004291591,206,0.124478381,0.390952102,0.159201992,0.812430792,3
D043,O081,7,1175,2.004291591,229,0.311863322,0.040757227,0.190953924,0.52059127,6
D043,O082,7,1175,2.004291591,630,0.267185735,0.363424574,0.305398084,0.528725737,144
D043,O083,7,1175,2.004291591,89,0.002629244,0.11891721,0.012340148,0.799263288,13
D043,O084,7,1175,2.004291591,797,0.372992677,0.000386491,0.00152113,0.993396916,169
D043,O085,7,1175,2.004291591,66,0.183976656,0.236269207,0.120756181,0.591017322,11
D043,O086,7,1175,2.004291591,135,0.469888219,0.056365997,0.043821459,0.952586866,28
D043,O087,7,1175,2.004291591,23,0.111840401,0.071296914,0.089679808,0.791166307,2
D043,O088,7,1175,2.004291591,74,0.028069089,0.054085246,0.202673962,0.619616712,14
D043,O089,7,1175,2.004291591,55,0.492105028,0.101006081,0.474810428,0.657444473,6
D043,O090,7,1175,2.004291591,285,0.03434851,0.377557012,0.057284121,0.757204241,14
D043,O091,7,1175,2.004291591,85,0.181583703,0.224320695,0.138841885,0.830164928,8
D043,O092,7,1175,2.004291591,303,0.442706311,0.172267227,0.436491903,0.897895329,53
D043,O093,7,1175,2.004291591,25,0.276275035,0.078153424,0.291384582,0.958605081,1
D043,O094,7,1175,2.004291591,888,0.302089761,0.091469055,0.358945917,0.915650339,193
D043,O095,7,1175,2.004291591,29,0.365502327,0.314203797,0.177999519,0.631365154,3
D043,O096,7,1175,2.004291591,91,0.16170145,0.264353919,0.069555674,0.545005585,20
D044,O001,5,668,0.860780966,184,0.252173292,0.345006223,0.414518539,1.008029851,43
D044,O002,5,668,0.860780966,71,0.386957289,0.33590604,0.423756547,1.030814136,16
D044,O003,5,668,0.860780966,43,0.48531049,0.109844006,0.373132887,0.562934186,5
D044,O004,5,668,0.860780966,544,0.015441285,0.39993713,0.047767101,0.621494583,12
D044,O005,5,668,0.860780966,472,0.458927508,0.08115278,0.018055532,0.751825682,8
D044,O006,5,668,0.860780966,26,0.466438896,0.19990199,0.36047691,0.537345538,5
D044,O007,5,668,0.860780966,20,0.141130372,0.138764594,0.166622366,0.974703346,2
D044,O008,5,668,0.860780966,217,0.118365868,0.010264005,0.438577644,0.70421183,4
D044,O009,5,668,0.860780966,39,0.272204984,0.243100415,0.446678,0.893215891,1
D044,O010,5,668,0.860780966,78,0.42428609,0.04657399,0.47291634,0.886241643,6
D044,O011,5,668,0.860780966,163,0.257766277,0.230369452,0.067376828,1.041013094,24
D044,O012,5,668,0.860780966,121,0.018977159,0.042108472,0.106166432,0.634587855,7
D044,O013,5,668,0.860780966,38,0.13035544,0.200717694,0.465695355,0.90739434,4
D044,O014,5,668,0.860780966,505,0.055050564,0.385744929,0.323573274,0.956197221,126
D044,O015,5,668,0.860780966,369,0.403527677,0.186961283,0.029180542,1.016098144,88
D044,O016,5,668,0.860780966,990,0.188337728,0.211915952,0.403770273,0.683522338,99
D044,O017,5,668,0.860780966,47,0.235947901,0.205558573,0.450421949,0.98550411,1
D044,O018,5,668,0.860780966,128,0.201594351,0.132120615,0.2466657,1.015365814,15
D044,O019,5,668,0.860780966,24,0.431629638,0.254066717,0.253740338,0.934568431,1
D044,O020,5,668,0.860780966,113,0.348269976,0.095285863,0.409466489,0.990902637,28
D044,O021,5,668,0.860780966,35,0.407381528,0.191612689,0.078494355,0.726366674,4
D044,O022,5,668,0.860780966,193,0.265083523,0.114415056,0.48366938,0.770574624,6
D044,O023,5,668,0.860780966,410,0.214451437,0.12789836,0.094002538,0.876090399,34
D044,O024,5,668,0.860780966,109,0.107543079,0.370185632,0.33107989,0.763088384,2
D044,O025,5,668,0.860780966,53,0.129725034,0.023513439,0.022926164,0.647079336,9
D044,O026,5,668,0.860780966,104,0.335746812,0.309055962,0.214783733,0.866605062,9
D044,O027,5,668,0.860780966,120,0.173792118,0.275390581,0.115990185,0.594400816,1
D044,O028,5,668,0.860780966,315,0.161028291,0.149607497,0.243736481,0.836522744,76
D044,O029,5,668,0.860780966,744,0.31398409,0.144642217,0.380464816,1.001095973,47
D044,O030,5,668,0.860780966,96,0.291312931,0.178362873,0.260288981,0.712485371,21
D044,O031,5,668,0.860780966,61,0.375724597,0.298965989,0.344989603,1.023539068,2
D044,O032,5,668,0.860780966,449,0.47407037,0.293964396,0.333868972,0.526716923,86
D044,O033,5,668,0.860780966,28,0.356894295,0.285864598,0.280390934,0.572892371,5
D044,O034,5,668,0.860780966,172,0.339323194,0.106162856,0.193996227,0.976195745,28
D044,O035,5,668,0.860780966,173,0.041159595,0.256897351,0.341435098,0.936656262,22
D044,O036,5,668,0.860780966,83,0.318040863,0.288671609,0.125731933,0.510862581,11
D044,O037,5,668,0.860780966,232,0.083660283,0.374766445,0.463420281,0.901833982,16
D044,O038,5,668,0.860780966,765,0.137328547,0.153890662,0.395745604,0.824092212,73
D044,O039,5,668,0.860780966,48,0.232718262,0.17994217,0.033136716,0.784320075,1
D044,O040,5,668,0.860780966,585,0.392959459,0.39457393,0.498815231,0.847757244,30
D044,O041,5,668,0.860780966,49,0.297735298,0.268205888,0.212580592,0.765018393,7
D044,O042,5,668,0.860780966,533,0.049123846,0.273615249,0.271891148,0.775509181,28
D044,O043,5,668,0.860780966,936,0.154267686,0.332919895,0.389161836,0.694797352,211
D044,O044,5,668,0.860780966,721,0.432376139,0.324925408,0.144007894,0.742867678,148
D044,O045,5,668,0.860780966,692,0.331104768,0.086465045,0.220042135,0.679206917,59
D044,O046,5,668,0.860780966,402,0.241792287,0.134055119,0.264545347,1.045585484,81
D044,O047,5,668,0.860780966,32,0.457593053,0.357426009,0.365235909,0.729886159,4
D044,O048,5,668,0.860780966,45,0.221925977,0.348159922,0.204633474,0.792986797,8
D044,O049,5,668,0.860780966,33,0.068127718,0.327197905,0.351458552,0.638016666,6
D044,O050,5,668,0.860780966,322,0.206052109,0.123509785,0.230258857,0.710466564,78
D044,O051,5,668,0.860780966,264,0.415458501,0.161179135,0.311726789,0.922834621,12
D044,O052,5,668,0.860780966,249,0.293109713,0.381495942,0.29384703,0.500330142,30
D044,O053,5,668,0.860780966,251,0.008437374,0.219704544,0.077608614,0.857828126,11
D044,O054,5,668,0.860780966,70,0.483939677,0.225369653,0.039302168,0.574845385,11
D044,O055,5,668,0.860780966,143,0.09821222,0.163666817,0.285033773,0.601558378,17
D044,O056,5,668,0.860780966,345,0.064149611,0.031223606,0.23904777,0.691855779,21
D044,O057,5,668,0.860780966,100,0.400541493,0.216556949,0.487740957,1.038462113,22
D044,O058,5,668,0.860780966,22,0.090722232,0.036785238,0.101049312,0.663001423,4
D044,O059,5,668,0.860780966,486,0.079431167,0.248195591,0.397292534,0.804788767,76
D044,O060,5,668,0.860780966,273,0.451061182,0.170720182,0.061912147,0.815113055,50
D044,O061,5,668,0.860780966,27,0.381805437,0.01616482,0.491613692,0.675221612,4
D044,O062,5,668,0.860780966,442,0.418928223,0.359834489,0.417321395,0.554105019,34
D044,O063,5,668,0.860780966,159,0.167777479,0.069957712,0.130372357,0.943907134,38
D044,O064,5,668,0.860780966,358,0.061032209,0.305917985,0.455729849,0.927346891,71
D044,O065,5,668,0.860780966,56,0.248866638,0.340199764,0.379559452,0.583546864,5
D044,O066,5,668,0.860780966,149,0.351209323,0.192455527,0.149427886,0.883050134,9
D044,O067,5,668,0.860780966,60,0.359928689,0.02076874,0.174232425,0.648987034,6
D044,O068,5,668,0.860780966,871,0.148525779,0.2389906,0.43126666,0.56330551,22
D044,O069,5,668,0.860780966,600,0.193256125,0.259153683,0.18565311,0.968309469,107
D044,O070,5,668,0.860780966,139,0.286307662,0.0275532,0.151186277,0.734969069,9
D044,O071,5,668,0.860780966,830,0.025772238,0.059916076,0.006124037,0.854259133,1
D044,O072,5,668,0.860780966,41,0.447028226,0.353970092,0.321029628,0.606201119,5
D044,O073,5,668,0.860780966,22,0.099783277,0.097826372,0.112559894,0.548583884,3
D044,O074,5,668,0.860780966,36,0.042568944,0.004280635,0.087293441,0.86728622,3
D044,O075,5,668,0.860780966,31,0.495260113,0.154710174,0.269857669,0.722353565,5
D044,O076,5,668,0.860780966,202,0.209924614,0.319442165,0.171734319,0.667816616,34
D044,O077,5,668,0.860780966,648,0.325153788,0.303515085,0.316930252,0.613107267,97
D044,O078,5,668,0.860780966,379,0.223960723,0.064878079,0.224272393,0.840645589,80
D044,O079,5,668,0.860780966,65,0.075519811,0.282963886,0.299403793,0.51375586,9
D044,O080,5,668,0.860780966,206,0.124478381,0.390952102,0.159201992,0.812430792,3
D044,O081,5,668,0.860780966,229,0.311863322,0.040757227,0.190953924,0.52059127,6
D044,O082,5,668,0.860780966,630,0.267185735,0.363424574,0.305398084,0.528725737,144
D044,O083,5,668,0.860780966,89,0.002629244,0.11891721,0.012340148,0.799263288,13
D044,O084,5,668,0.860780966,797,0.372992677,0.000386491,0.00152113,0.993396916,169
D044,O085,5,668,0.860780966,66,0.183976656,0.236269207,0.120756181,0.591017322,11
D044,O086,5,668,0.860780966,135,0.469888219,0.056365997,0.043821459,0.952586866,28
D044,O087,5,668,0.860780966,23,0.111840401,0.071296914,0.089679808,0.791166307,2
D044,O088,5,668,0.860780966,74,0.028069089,0.054085246,0.202673962,0.619616712,14
D044,O089,5,668,0.860780966,55,0.492105028,0.101006081,0.474810428,0.657444473,6
D044,O090,5,668,0.860780966,285,0.03434851,0.377557012,0.057284121,0.757204241,14
D044,O091,5,668,0.860780966,85,0.181583703,0.224320695,0.138841885,0.830164928,8
D044,O092,5,668,0.860780966,303,0.442706311,0.172267227,0.436491903,0.897895329,53
D044,O093,5,668,0.860780966,25,0.276275035,0.078153424,0.291384582,0.958605081,1
D044,O094,5,668,0.860780966,888,0.302089761,0.091469055,0.358945917,0.915650339,193
D044,O095,5,668,0.860780966,29,0.365502327,0.314203797,0.177999519,0.631365154,3
D044,O096,5,668,0.860780966,91,0.16170145,0.264353919,0.069555674,0.545005585,20
D045,O001,2,646,3.630358007,184,0.252173292,0.345006223,0.414518539,1.008029851,43
D045,O002,2,646,3.630358007,71,0.386957289,0.33590604,0.423756547,1.030814136,16
D045,O003,2,646,3.630358007,43,0.48531049,0.109844006,0.373132887,0.562934186,5
D045,O004,2,646,3.630358007,544,0.015441285,0.39993713,0.047767101,0.621494583,12
D045,O005,2,646,3.630358007,472,0.458927508,0.08115278,0.018055532,0.751825682,8
D045,O006,2,646,3.630358007,26,0.466438896,0.19990199,0.36047691,0.537345538,5
D045,O007,2,646,3.630358007,20,0.141130372,0.138764594,0.166622366,0.974703346,2
D045,O008,2,646,3.630358007,217,0.118365868,0.010264005,0.438577644,0.70421183,4
D045,O009,2,646,3.630358007,39,0.272204984,0.243100415,0.446678,0.893215891,1
D045,O010,2,646,3.630358007,78,0.42428609,0.04657399,0.47291634,0.886241643,6
D045,O011,2,646,3.630358007,163,0.257766277,0.230369452,0.067376828,1.041013094,24
D045,O012,2,646,3.630358007,121,0.018977159,0.042108472,0.106166432,0.634587855,7
D045,O013,2,646,3.630358007,38,0.13035544,0.200717694,0.465695355,0.90739434,4
D045,O014,2,646,3.630358007,505,0.055050564,0.385744929,0.323573274,0.956197221,126
D045,O015,2,646,3.630358007,369,0.403527677,0.186961283,0.029180542,1.016098144,88
D045,O016,2,646,3.630358007,990,0.188337728,0.211915952,0.403770273,0.683522338,99
D045,O017,2,646,3.630358007,47,0.235947901,0.205558573,0.450421949,0.98550411,1
D045,O018,2,646,3.630358007,128,0.201594351,0.132120615,0.2466657,1.015365814,15
D045,O019,2,646,3.630358007,24,0.431629638,0.254066717,0.253740338,0.934568431,1
D045,O020,2,646,3.630358007,113,0.348269976,0.095285863,0.409466489,0.990902637,28
D045,O021,2,646,3.630358007,35,0.407381528,0.191612689,0.078494355,0.726366674,4
D045,O022,2,646,3.630358007,193,0.265083523,0.114415056,0.48366938,0.770574624,6
D045,O023,2,646,3.630358007,410,0.214451437,0.12789836,0.094002538,0.876090399,34
D045,O024,2,646,3.630358007,109,0.107543079,0.370185632,0.33107989,0.763088384,2
D045,O025,2,646,3.630358007,53,0.129725034,0.023513439,0.022926164,0.647079336,9
D045,O026,2,646,3.630358007,104,0.335746812,0.309055962,0.214783733,0.866605062,9
D045,O027,2,646,3.630358007,120,0.173792118,0.275390581,0.115990185,0.594400816,1
D045,O028,2,646,3.630358007,315,0.161028291,0.149607497,0.243736481,0.836522744,76
D045,O029,2,646,3.630358007,744,0.31398409,0.144642217,0.380464816,1.001095973,47
D045,O030,2,646,3.630358007,96,0.291312931,0.178362873,0.260288981,0.712485371,21
D045,O031,2,646,3.630358007,61,0.375724597,0.298965989,0.344989603,1.023539068,2
D045,O032,2,646,3.630358007,449,0.47407037,0.293964396,0.333868972,0.526716923,86
D045,O033,2,646,3.630358007,28,0.356894295,0.285864598,0.280390934,0.572892371,5
D045,O034,2,646,3.630358007,172,0.339323194,0.106162856,0.193996227,0.976195745,28
D045,O035,2,646,3.630358007,173,0.041159595,0.256897351,0.341435098,0.936656262,22
D045,O036,2,646,3.630358007,83,0.318040863,0.288671609,0.125731933,0.510862581,11
D045,O037,2,646,3.630358007,232,0.083660283,0.374766445,0.463420281,0.901833982,16
D045,O038,2,646,3.630358007,765,0.137328547,0.153890662,0.395745604,0.824092212,73
D045,O039,2,646,3.630358007,48,0.232718262,0.17994217,0.033136716,0.784320075,1
D045,O040,2,646,3.630358007,585,0.392959459,0.39457393,0.498815231,0.847757244,30
D045,O041,2,646,3.630358007,49,0.297735298,0.268205888,0.212580592,0.765018393,7
D045,O042,2,646,3.630358007,533,0.049123846,0.273615249,0.271891148,0.775509181,28
D045,O043,2,646,3.630358007,936,0.154267686,0.332919895,0.389161836,0.694797352,211
D045,O044,2,646,3.630358007,721,0.432376139,0.324925408,0.144007894,0.742867678,148
D045,O045,2,646,3.630358007,692,0.331104768,0.086465045,0.220042135,0.679206917,59
D045,O046,2,646,3.630358007,402,0.241792287,0.134055119,0.264545347,1.045585484,81
D045,O047,2,646,3.630358007,32,0.457593053,0.357426009,0.365235909,0.729886159,4
D045,O048,2,646,3.630358007,45,0.221925977,0.348159922,0.204633474,0.792986797,8
D045,O049,2,646,3.630358007,33,0.068127718,0.327197905,0.351458552,0.638016666,6
D045,O050,2,646,3.630358007,322,0.206052109,0.123509785,0.230258857,0.710466564,78
D045,O051,2,646,3.630358007,264,0.415458501,0.161179135,0.311726789,0.922834621,12
D045,O052,2,646,3.630358007,249,0.293109713,0.381495942,0.29384703,0.500330142,30
D045,O053,2,646,3.630358007,251,0.008437374,0.219704544,0.077608614,0.857828126,11
D045,O054,2,646,3.630358007,70,0.483939677,0.225369653,0.039302168,0.574845385,11
D045,O055,2,646,3.630358007,143,0.09821222,0.163666817,0.285033773,0.601558378,17
D045,O056,2,646,3.630358007,345,0.064149611,0.031223606,0.23904777,0.691855779,21
D045,O057,2,646,3.630358007,100,0.400541493,0.216556949,0.487740957,1.038462113,22
D045,O058,2,646,3.630358007,22,0.090722232,0.036785238,0.101049312,0.663001423,4
D045,O059,2,646,3.630358007,486,0.079431167,0.248195591,0.397292534,0.804788767,76
D045,O060,2,646,3.630358007,273,0.451061182,0.170720182,0.061912147,0.815113055,50
D045,O061,2,646,3.630358007,27,0.381805437,0.01616482,0.491613692,0.675221612,4
D045,O062,2,646,3.630358007,442,0.418928223,0.359834489,0.417321395,0.554105019,34
D045,O063,2,646,3.630358007,159,0.167777479,0.069957712,0.130372357,0.943907134,38
D045,O064,2,646,3.630358007,358,0.061032209,0.305917985,0.455729849,0.927346891,71
D045,O065,2,646,3.630358007,56,0.248866638,0.340199764,0.379559452,0.583546864,5
D045,O066,2,646,3.630358007,149,0.351209323,0.192455527,0.149427886,0.883050134,9
D045,O067,2,646,3.630358007,60,0.359928689,0.02076874,0.174232425,0.648987034,6
D045,O068,2,646,3.630358007,871,0.148525779,0.2389906,0.43126666,0.56330551,22
D045,O069,2,646,3.630358007,600,0.193256125,0.259153683,0.18565311,0.968309469,107
D045,O070,2,646,3.630358007,139,0.286307662,0.0275532,0.151186277,0.734969069,9
D045,O071,2,646,3.630358007,830,0.025772238,0.059916076,0.006124037,0.854259133,1
D045,O072,2,646,3.630358007,41,0.447028226,0.353970092,0.321029628,0.606201119,5
D045,O073,2,646,3.630358007,22,0.099783277,0.097826372,0.112559894,0.548583884,3
D045,O074,2,646,3.630358007,36,0.042568944,0.004280635,0.087293441,0.86728622,3
D045,O075,2,646,3.630358007,31,0.495260113,0.154710174,0.269857669,0.722353565,5
D045,O076,2,646,3.630358007,202,0.209924614,0.319442165,0.171734319,0.667816616,34
D045,O077,2,646,3.630358007,648,0.325153788,0.303515085,0.316930252,0.613107267,97
D045,O078,2,646,3.630358007,379,0.223960723,0.064878079,0.224272393,0.840645589,80
D045,O079,2,646,3.630358007,65,0.075519811,0.282963886,0.299403793,0.51375586,9
D045,O080,2,646,3.630358007,206,0.124478381,0.390952102,0.159201992,0.812430792,3
D045,O081,2,646,3.630358007,229,0.311863322,0.040757227,0.190953924,0.52059127,6
D045,O082,2,646,3.630358007,630,0.267185735,0.363424574,0.305398084,0.528725737,144
D045,O083,2,646,3.630358007,89,0.002629244,0.11891721,0.012340148,0.799263288,13
D045,O084,2,646,3.630358007,797,0.372992677,0.000386491,0.00152113,0.993396916,169
D045,O085,2,646,3.630358007,66,0.183976656,0.236269207,0.120756181,0.591017322,11
D045,O086,2,646,3.630358007,135,0.469888219,0.056365997,0.043821459,0.952586866,28
D045,O087,2,646,3.630358007,23,0.111840401,0.071296914,0.089679808,0.791166307,2
D045,O088,2,646,3.630358007,74,0.028069089,0.054085246,0.202673962,0.619616712,14
D045,O089,2,646,3.630358007,55,0.492105028,0.101006081,0.474810428,0.657444473,6
D045,O090,2,646,3.630358007,285,0.03434851,0.377557012,0.057284121,0.757204241,14
D045,O091,2,646,3.630358007,85,0.181583703,0.224320695,0.138841885,0.830164928,8
D045,O092,2,646,3.630358007,303,0.442706311,0.172267227,0.436491903,0.897895329,53
D045,O093,2,646,3.630358007,25,0.276275035,0.078153424,0.291384582,0.958605081,1
D045,O094,2,646,3.630358007,888,0.302089761,0.091469055,0.358945917,0.915650339,193
D045,O095,2,646,3.630358007,29,0.365502327,0.314203797,0.177999519,0.631365154,3
D045,O096,2,646,3.630358007,91,0.16170145,0.264353919,0.069555674,0.545005585,20
D046,O001,2,64,0.689220512,184,0.252173292,0.345006223,0.414518539,1.008029851,43
D046,O002,2,64,0.689220512,71,0.386957289,0.33590604,0.423756547,1.030814136,16
D046,O003,2,64,0.689220512,43,0.48531049,0.109844006,0.373132887,0.562934186,5
D046,O004,2,64,0.689220512,544,0.015441285,0.39993713,0.047767101,0.621494583,12
D046,O005,2,64,0.689220512,472,0.458927508,0.08115278,0.018055532,0.751825682,8
D046,O006,2,64,0.689220512,26,0.466438896,0.19990199,0.36047691,0.537345538,5
D046,O007,2,64,0.689220512,20,0.141130372,0.138764594,0.166622366,0.974703346,2
D046,O008,2,64,0.689220512,217,0.118365868,0.010264005,0.438577644,0.70421183,4
D046,O009,2,64,0.689220512,39,0.272204984,0.243100415,0.446678,0.893215891,1
D046,O010,2,64,0.689220512,78,0.42428609,0.04657399,0.47291634,0.886241643,6
D046,O011,2,64,0.689220512,163,0.257766277,0.230369452,0.067376828,1.041013094,24
D046,O012,2,64,0.689220512,121,0.018977159,0.042108472,0.106166432,0.634587855,7
D046,O013,2,64,0.689220512,38,0.13035544,0.200717694,0.465695355,0.90739434,4
D046,O014,2,64,0.689220512,505,0.055050564,0.385744929,0.323573274,0.956197221,126
D046,O015,2,64,0.689220512,369,0.403527677,0.186961283,0.029180542,1.016098144,88
D046,O016,2,64,0.689220512,990,0.188337728,0.211915952,0.403770273,0.683522338,99
D046,O017,2,64,0.689220512,47,0.235947901,0.205558573,0.450421949,0.98550411,1
D046,O018,2,64,0.689220512,128,0.201594351,0.132120615,0.2466657,1.015365814,15
D046,O019,2,64,0.689220512,24,0.431629638,0.254066717,0.253740338,0.934568431,1
D046,O020,2,64,0.689220512,113,0.348269976,0.095285863,0.409466489,0.990902637,28
D046,O021,2,64,0.689220512,35,0.407381528,0.191612689,0.078494355,0.726366674,4
D046,O022,2,64,0.689220512,193,0.265083523,0.114415056,0.48366938,0.770574624,6
D046,O023,2,64,0.689220512,410,0.214451437,0.12789836,0.094002538,0.876090399,34
D046,O024,2,64,0.689220512,109,0.107543079,0.370185632,0.33107989,0.763088384,2
D046,O025,2,64,0.689220512,53,0.129725034,0.023513439,0.022926164,0.647079336,9
D046,O026,2,64,0.689220512,104,0.335746812,0.309055962,0.214783733,0.866605062,9
D046,O027,2,64,0.689220512,120,0.173792118,0.275390581,0.115990185,0.594400816,1
D046,O028,2,64,0.689220512,315,0.161028291,0.149607497,0.243736481,0.836522744,76
D046,O029,2,64,0.689220512,744,0.31398409,0.144642217,0.380464816,1.001095973,47
D046,O030,2,64,0.689220512,96,0.291312931,0.178362873,0.260288981,0.712485371,21
D046,O031,2,64,0.689220512,61,0.375724597,0.298965989,0.344989603,1.023539068,2
D046,O032,2,64,0.689220512,449,0.47407037,0.293964396,0.333868972,0.526716923,86
D046,O033,2,64,0.689220512,28,0.356894295,0.285864598,0.280390934,0.572892371,5
D046,O034,2,64,0.689220512,172,0.339323194,0.106162856,0.193996227,0.976195745,28
D046,O035,2,64,0.689220512,173,0.041159595,0.256897351,0.341435098,0.936656262,22
D046,O036,2,64,0.689220512,83,0.318040863,0.288671609,0.125731933,0.510862581,11
D046,O037,2,64,0.689220512,232,0.083660283,0.374766445,0.463420281,0.901833982,16
D046,O038,2,64,0.689220512,765,0.137328547,0.153890662,0.395745604,0.824092212,73
D046,O039,2,64,0.689220512,48,0.232718262,0.17994217,0.033136716,0.784320075,1
D046,O040,2,64,0.689220512,585,0.392959459,0.39457393,0.498815231,0.847757244,30
D046,O041,2,64,0.689220512,49,0.297735298,0.268205888,0.212580592,0.765018393,7
D046,O042,2,64,0.689220512,533,0.049123846,0.273615249,0.271891148,0.775509181,28
D046,O043,2,64,0.689220512,936,0.154267686,0.332919895,0.389161836,0.694797352,211
D046,O044,2,64,0.689220512,721,0.432376139,0.324925408,0.144007894,0.742867678,148
D046,O045,2,64,0.689220512,692,0.331104768,0.086465045,0.220042135,0.679206917,59
D046,O046,2,64,0.689220512,402,0.241792287,0.134055119,0.264545347,1.045585484,81
D046,O047,2,64,0.689220512,32,0.457593053,0.357426009,0.365235909,0.729886159,4
D046,O048,2,64,0.689220512,45,0.221925977,0.348159922,0.204633474,0.792986797,8
D046,O049,2,64,0.689220512,33,0.068127718,0.327197905,0.351458552,0.638016666,6
D046,O050,2,64,0.689220512,322,0.206052109,0.123509785,0.230258857,0.710466564,78
D046,O051,2,64,0.689220512,264,0.415458501,0.161179135,0.311726789,0.922834621,12
D046,O052,2,64,0.689220512,249,0.293109713,0.381495942,0.29384703,0.500330142,30
D046,O053,2,64,0.689220512,251,0.008437374,0.219704544,0.077608614,0.857828126,11
D046,O054,2,64,0.689220512,70,0.483939677,0.225369653,0.039302168,0.574845385,11
D046,O055,2,64,0.689220512,143,0.09821222,0.163666817,0.285033773,0.601558378,17
D046,O056,2,64,0.689220512,345,0.064149611,0.031223606,0.23904777,0.691855779,21
D046,O057,2,64,0.689220512,100,0.400541493,0.216556949,0.487740957,1.038462113,22
D046,O058,2,64,0.689220512,22,0.090722232,0.036785238,0.101049312,0.663001423,4
D046,O059,2,64,0.689220512,486,0.079431167,0.248195591,0.397292534,0.804788767,76
D046,O060,2,64,0.689220512,273,0.451061182,0.170720182,0.061912147,0.815113055,50
D046,O061,2,64,0.689220512,27,0.381805437,0.01616482,0.491613692,0.675221612,4
D046,O062,2,64,0.689220512,442,0.418928223,0.359834489,0.417321395,0.554105019,34
D046,O063,2,64,0.689220512,159,0.167777479,0.069957712,0.130372357,0.943907134,38
D046,O064,2,64,0.689220512,358,0.061032209,0.305917985,0.455729849,0.927346891,71
D046,O065,2,64,0.689220512,56,0.248866638,0.340199764,0.379559452,0.583546864,5
D046,O066,2,64,0.689220512,149,0.351209323,0.192455527,0.149427886,0.883050134,9
D046,O067,2,64,0.689220512,60,0.359928689,0.02076874,0.174232425,0.648987034,6
D046,O068,2,64,0.689220512,871,0.148525779,0.2389906,0.43126666,0.56330551,22
D046,O069,2,64,0.689220512,600,0.193256125,0.259153683,0.18565311,0.968309469,107
D046,O070,2,64,0.689220512,139,0.286307662,0.0275532,0.151186277,0.734969069,9
D046,O071,2,64,0.689220512,830,0.025772238,0.059916076,0.006124037,0.854259133,1
D046,O072,2,64,0.689220512,41,0.447028226,0.353970092,0.321029628,0.606201119,5
D046,O073,2,64,0.689220512,22,0.099783277,0.097826372,0.112559894,0.548583884,3
D046,O074,2,64,0.689220512,36,0.042568944,0.004280635,0.087293441,0.86728622,3
D046,O075,2,64,0.689220512,31,0.495260113,0.154710174,0.269857669,0.722353565,5
D046,O076,2,64,0.689220512,202,0.209924614,0.319442165,0.171734319,0.667816616,34
D046,O077,2,64,0.689220512,648,0.325153788,0.303515085,0.316930252,0.613107267,97
D046,O078,2,64,0.689220512,379,0.223960723,0.064878079,0.224272393,0.840645589,80
D046,O079,2,64,0.689220512,65,0.075519811,0.282963886,0.299403793,0.51375586,9
D046,O080,2,64,0.689220512,206,0.124478381,0.390952102,0.159201992,0.812430792,3
D046,O081,2,64,0.689220512,229,0.311863322,0.040757227,0.190953924,0.52059127,6
D046,O082,2,64,0.689220512,630,0.267185735,0.363424574,0.305398084,0.528725737,144
D046,O083,2,64,0.689220512,89,0.002629244,0.11891721,0.012340148,0.799263288,13
D046,O084,2,64,0.689220512,797,0.372992677,0.000386491,0.00152113,0.993396916,169
D046,O085,2,64,0.689220512,66,0.183976656,0.236269207,0.120756181,0.591017322,11
D046,O086,2,64,0.689220512,135,0.469888219,0.056365997,0.043821459,0.952586866,28
D046,O087,2,64,0.689220512,23,0.111840401,0.071296914,0.089679808,0.791166307,2
D046,O088,2,64,0.689220512,74,0.028069089,0.054085246,0.202673962,0.619616712,14
D046,O089,2,64,0.689220512,55,0.492105028,0.101006081,0.474810428,0.657444473,6
D046,O090,2,64,0.689220512,285,0.03434851,0.377557012,0.057284121,0.757204241,14
D046,O091,2,64,0.689220512,85,0.181583703,0.224320695,0.138841885,0.830164928,8
D046,O092,2,64,0.689220512,303,0.442706311,0.172267227,0.436491903,0.897895329,53
D046,O093,2,64,0.689220512,25,0.276275035,0.078153424,0.291384582,0.958605081,1
D046,O094,2,64,0.689220512,888,0.302089761,0.091469055,0.358945917,0.915650339,193
D046,O095,2,64,0.689220512,29,0.365502327,0.314203797,0.177999519,0.631365154,3
D046,O096,2,64,0.689220512,91,0.16170145,0.264353919,0.069555674,0.545005585,20
D047,O001,7,115,7.623590142,184,0.252173292,0.345006223,0.414518539,1.008029851,43
D047,O002,7,115,7.623590142,71,0.386957289,0.33590604,0.423756547,1.030814136,16
D047,O003,7,115,7.623590142,43,0.48531049,0.109844006,0.373132887,0.562934186,5
D047,O004,7,115,7.623590142,544,0.015441285,0.39993713,0.047767101,0.621494583,12
D047,O005,7,115,7.623590142,472,0.458927508,0.08115278,0.018055532,0.751825682,8
D047,O006,7,115,7.623590142,26,0.466438896,0.19990199,0.36047691,0.537345538,5
D047,O007,7,115,7.623590142,20,0.141130372,0.138764594,0.166622366,0.974703346,2
D047,O008,7,115,7.623590142,217,0.118365868,0.010264005,0.438577644,0.70421183,4
D047,O009,7,115,7.623590142,39,0.272204984,0.243100415,0.446678,0.893215891,1
D047,O010,7,115,7.623590142,78,0.42428609,0.04657399,0.47291634,0.886241643,6
D047,O011,7,115,7.623590142,163,0.257766277,0.230369452,0.067376828,1.041013094,24
D047,O012,7,115,7.623590142,121,0.018977159,0.042108472,0.106166432,0.634587855,7
D047,O013,7,115,7.623590142,38,0.13035544,0.200717694,0.465695355,0.90739434,4
D047,O014,7,115,7.623590142,505,0.055050564,0.385744929,0.323573274,0.956197221,126
D047,O015,7,115,7.623590142,369,0.403527677,0.186961283,0.029180542,1.016098144,88
D047,O016,7,115,7.623590142,990,0.188337728,0.211915952,0.403770273,0.683522338,99
D047,O017,7,115,7.623590142,47,0.235947901,0.205558573,0.450421949,0.98550411,1
D047,O018,7,115,7.623590142,128,0.201594351,0.132120615,0.2466657,1.015365814,15
D047,O019,7,115,7.623590142,24,0.431629638,0.254066717,0.253740338,0.934568431,1
D047,O020,7,115,7.623590142,113,0.348269976,0.095285863,0.409466489,0.990902637,28
D047,O021,7,115,7.623590142,35,0.407381528,0.191612689,0.078494355,0.726366674,4
D047,O022,7,115,7.623590142,193,0.265083523,0.114415056,0.48366938,0.770574624,6
D047,O023,7,115,7.623590142,410,0.214451437,0.12789836,0.094002538,0.876090399,34
D047,O024,7,115,7.623590142,109,0.107543079,0.370185632,0.33107989,0.763088384,2
D047,O025,7,115,7.623590142,53,0.129725034,0.023513439,0.022926164,0.647079336,9
D047,O026,7,115,7.623590142,104,0.335746812,0.309055962,0.214783733,0.866605062,9
D047,O027,7,115,7.623590142,120,0.173792118,0.275390581,0.115990185,0.594400816,1
D047,O028,7,115,7.623590142,315,0.161028291,0.149607497,0.243736481,0.836522744,76
D047,O029,7,115,7.623590142,744,0.31398409,0.144642217,0.380464816,1.001095973,47
D047,O030,7,115,7.623590142,96,0.291312931,0.178362873,0.260288981,0.712485371,21
D047,O031,7,115,7.623590142,61,0.375724597,0.298965989,0.344989603,1.023539068,2
D047,O032,7,115,7.623590142,449,0.47407037,0.293964396,0.333868972,0.526716923,86
D047,O033,7,115,7.623590142,28,0.356894295,0.285864598,0.280390934,0.572892371,5
D047,O034,7,115,7.623590142,172,0.339323194,0.106162856,0.193996227,0.976195745,28
D047,O035,7,115,7.623590142,173,0.041159595,0.256897351,0.341435098,0.936656262,22
D047,O036,7,115,7.623590142,83,0.318040863,0.288671609,0.125731933,0.510862581,11
D047,O037,7,115,7.623590142,232,0.083660283,0.374766445,0.463420281,0.901833982,16
D047,O038,7,115,7.623590142,765,0.137328547,0.153890662,0.395745604,0.824092212,73
D047,O039,7,115,7.623590142,48,0.232718262,0.17994217,0.033136716,0.784320075,1
D047,O040,7,115,7.623590142,585,0.392959459,0.39457393,0.498815231,0.847757244,30
D047,O041,7,115,7.623590142,49,0.297735298,0.268205888,0.212580592,0.765018393,7
D047,O042,7,115,7.623590142,533,0.049123846,0.273615249,0.271891148,0.775509181,28
D047,O043,7,115,7.623590142,936,0.154267686,0.332919895,0.389161836,0.694797352,211
D047,O044,7,115,7.623590142,721,0.432376139,0.324925408,0.144007894,0.742867678,148
D047,O045,7,115,7.623590142,692,0.331104768,0.086465045,0.220042135,0.679206917,59
D047,O046,7,115,7.623590142,402,0.241792287,0.134055119,0.264545347,1.045585484,81
D047,O047,7,115,7.623590142,32,0.457593053,0.357426009,0.365235909,0.729886159,4
D047,O048,7,115,7.623590142,45,0.221925977,0.348159922,0.204633474,0.792986797,8
D047,O049,7,115,7.623590142,33,0.068127718,0.327197905,0.351458552,0.638016666,6
D047,O050,7,115,7.623590142,322,0.206052109,0.123509785,0.230258857,0.710466564,78
D047,O051,7,115,7.623590142,264,0.415458501,0.161179135,0.311726789,0.922834621,12
D047,O052,7,115,7.623590142,249,0.293109713,0.381495942,0.29384703,0.500330142,30
D047,O053,7,115,7.623590142,251,0.008437374,0.219704544,0.077608614,0.857828126,11
D047,O054,7,115,7.623590142,70,0.483939677,0.225369653,0.039302168,0.574845385,11
D047,O055,7,115,7.623590142,143,0.09821222,0.163666817,0.285033773,0.601558378,17
D047,O056,7,115,7.623590142,345,0.064149611,0.031223606,0.23904777,0.691855779,21
D047,O057,7,115,7.623590142,100,0.400541493,0.216556949,0.487740957,1.038462113,22
D047,O058,7,115,7.623590142,22,0.090722232,0.036785238,0.101049312,0.663001423,4
D047,O059,7,115,7.623590142,486,0.079431167,0.248195591,0.397292534,0.804788767,76
D047,O060,7,115,7.623590142,273,0.451061182,0.170720182,0.061912147,0.815113055,50
D047,O061,7,115,7.623590142,27,0.381805437,0.01616482,0.491613692,0.675221612,4
D047,O062,7,115,7.623590142,442,0.418928223,0.359834489,0.417321395,0.554105019,34
D047,O063,7,115,7.623590142,159,0.167777479,0.069957712,0.130372357,0.943907134,38
D047,O064,7,115,7.623590142,358,0.061032209,0.305917985,0.455729849,0.927346891,71
D047,O065,7,115,7.623590142,56,0.248866638,0.340199764,0.379559452,0.583546864,5
D047,O066,7,115,7.623590142,149,0.351209323,0.192455527,0.149427886,0.883050134,9
D047,O067,7,115,7.623590142,60,0.359928689,0.02076874,0.174232425,0.648987034,6
D047,O068,7,115,7.623590142,871,0.148525779,0.2389906,0.43126666,0.56330551,22
D047,O069,7,115,7.623590142,600,0.193256125,0.259153683,0.18565311,0.968309469,107
D047,O070,7,115,7.623590142,139,0.286307662,0.0275532,0.151186277,0.734969069,9
D047,O071,7,115,7.623590142,830,0.025772238,0.059916076,0.006124037,0.854259133,1
D047,O072,7,115,7.623590142,41,0.447028226,0.353970092,0.321029628,0.606201119,5
D047,O073,7,115,7.623590142,22,0.099783277,0.097826372,0.112559894,0.548583884,3
D047,O074,7,115,7.623590142,36,0.042568944,0.004280635,0.087293441,0.86728622,3
D047,O075,7,115,7.623590142,31,0.495260113,0.154710174,0.269857669,0.722353565,5
D047,O076,7,115,7.623590142,202,0.209924614,0.319442165,0.171734319,0.667816616,34
D047,O077,7,115,7.623590142,648,0.325153788,0.303515085,0.316930252,0.613107267,97
D047,O078,7,115,7.623590142,379,0.223960723,0.064878079,0.224272393,0.840645589,80
D047,O079,7,115,7.623590142,65,0.075519811,0.282963886,0.299403793,0.51375586,9
D047,O080,7,115,7.623590142,206,0.124478381,0.390952102,0.159201992,0.812430792,3
D047,O081,7,115,7.623590142,229,0.311863322,0.040757227,0.190953924,0.52059127,6
D047,O082,7,115,7.623590142,630,0.267185735,0.363424574,0.305398084,0.528725737,144
D047,O083,7,115,7.623590142,89,0.002629244,0.11891721,0.012340148,0.799263288,13
D047,O084,7,115,7.623590142,797,0.372992677,0.000386491,0.00152113,0.993396916,169
D047,O085,7,115,7.623590142,66,0.183976656,0.236269207,0.120756181,0.591017322,11
D047,O086,7,115,7.623590142,135,0.469888219,0.056365997,0.043821459,0.952586866,28
D047,O087,7,115,7.623590142,23,0.111840401,0.071296914,0.089679808,0.791166307,2
D047,O088,7,115,7.623590142,74,0.028069089,0.054085246,0.202673962,0.619616712,14
D047,O089,7,115,7.623590142,55,0.492105028,0.101006081,0.474810428,0.657444473,6
D047,O090,7,115,7.623590142,285,0.03434851,0.377557012,0.057284121,0.757204241,14
D047,O091,7,115,7.623590142,85,0.181583703,0.224320695,0.138841885,0.830164928,8
D047,O092,7,115,7.623590142,303,0.442706311,0.172267227,0.436491903,0.897895329,53
D047,O093,7,115,7.623590142,25,0.276275035,0.078153424,0.291384582,0.958605081,1
D047,O094,7,115,7.623590142,888,0.302089761,0.091469055,0.358945917,0.915650339,193
D047,O095,7,115,7.623590142,29,0.365502327,0.314203797,0.177999519,0.631365154,3
D047,O096,7,115,7.623590142,91,0.16170145,0.264353919,0.069555674,0.545005585,20
D048,O001,7,580,0.508987326,184,0.252173292,0.345006223,0.414518539,1.008029851,43
D048,O002,7,580,0.508987326,71,0.386957289,0.33590604,0.423756547,1.030814136,16
D048,O003,7,580,0.508987326,43,0.48531049,0.109844006,0.373132887,0.562934186,5
D048,O004,7,580,0.508987326,544,0.015441285,0.39993713,0.047767101,0.621494583,12
D048,O005,7,580,0.508987326,472,0.458927508,0.08115278,0.018055532,0.751825682,8
D048,O006,7,580,0.508987326,26,0.466438896,0.19990199,0.36047691,0.537345538,5
D048,O007,7,580,0.508987326,20,0.141130372,0.138764594,0.166622366,0.974703346,2
D048,O008,7,580,0.508987326,217,0.118365868,0.010264005,0.438577644,0.70421183,4
D048,O009,7,580,0.508987326,39,0.272204984,0.243100415,0.446678,0.893215891,1
D048,O010,7,580,0.508987326,78,0.42428609,0.04657399,0.47291634,0.886241643,6
D048,O011,7,580,0.508987326,163,0.257766277,0.230369452,0.067376828,1.041013094,24
D048,O012,7,580,0.508987326,121,0.018977159,0.042108472,0.106166432,0.634587855,7
D048,O013,7,580,0.508987326,38,0.13035544,0.200717694,0.465695355,0.90739434,4
D048,O014,7,580,0.508987326,505,0.055050564,0.385744929,0.323573274,0.956197221,126
D048,O015,7,580,0.508987326,369,0.403527677,0.186961283,0.029180542,1.016098144,88
D048,O016,7,580,0.508987326,990,0.188337728,0.211915952,0.403770273,0.683522338,99
D048,O017,7,580,0.508987326,47,0.235947901,0.205558573,0.450421949,0.98550411,1
D048,O018,7,580,0.508987326,128,0.201594351,0.132120615,0.2466657,1.015365814,15
D048,O019,7,580,0.508987326,24,0.431629638,0.254066717,0.253740338,0.934568431,1
D048,O020,7,580,0.508987326,113,0.348269976,0.095285863,0.409466489,0.990902637,28
D048,O021,7,580,0.508987326,35,0.407381528,0.191612689,0.078494355,0.726366674,4
D048,O022,7,580,0.508987326,193,0.265083523,0.114415056,0.48366938,0.770574624,6
D048,O023,7,580,0.508987326,410,0.214451437,0.12789836,0.094002538,0.876090399,34
D048,O024,7,580,0.508987326,109,0.107543079,0.370185632,0.33107989,0.763088384,2
D048,O025,7,580,0.508987326,53,0.129725034,0.023513439,0.022926164,0.647079336,9
D048,O026,7,580,0.508987326,104,0.335746812,0.309055962,0.214783733,0.866605062,9
D048,O027,7,580,0.508987326,120,0.173792118,0.275390581,0.115990185,0.594400816,1
D048,O028,7,580,0.508987326,315,0.161028291,0.149607497,0.243736481,0.836522744,76
D048,O029,7,580,0.508987326,744,0.31398409,0.144642217,0.380464816,1.001095973,47
D048,O030,7,580,0.508987326,96,0.291312931,0.178362873,0.260288981,0.712485371,21
D048,O031,7,580,0.508987326,61,0.375724597,0.298965989,0.344989603,1.023539068,2
D048,O032,7,580,0.508987326,449,0.47407037,0.293964396,0.333868972,0.526716923,86
D048,O033,7,580,0.508987326,28,0.356894295,0.285864598,0.280390934,0.572892371,5
D048,O034,7,580,0.508987326,172,0.339323194,0.106162856,0.193996227,0.976195745,28
D048,O035,7,580,0.508987326,173,0.041159595,0.256897351,0.341435098,0.936656262,22
D048,O036,7,580,0.508987326,83,0.318040863,0.288671609,0.125731933,0.510862581,11
D048,O037,7,580,0.508987326,232,0.083660283,0.374766445,0.463420281,0.901833982,16
D048,O038,7,580,0.508987326,765,0.137328547,0.153890662,0.395745604,0.824092212,73
D048,O039,7,580,0.508987326,48,0.232718262,0.17994217,0.033136716,0.784320075,1
D048,O040,7,580,0.508987326,585,0.392959459,0.39457393,0.498815231,0.847757244,30
D048,O041,7,580,0.508987326,49,0.297735298,0.268205888,0.212580592,0.765018393,7
D048,O042,7,580,0.508987326,533,0.049123846,0.273615249,0.271891148,0.775509181,28
D048,O043,7,580,0.508987326,936,0.154267686,0.332919895,0.389161836,0.694797352,211
D048,O044,7,580,0.508987326,721,0.432376139,0.324925408,0.144007894,0.742867678,148
D048,O045,7,580,0.508987326,692,0.331104768,0.086465045,0.220042135,0.679206917,59
D048,O046,7,580,0.508987326,402,0.241792287,0.134055119,0.264545347,1.045585484,81
D048,O047,7,580,0.508987326,32,0.457593053,0.357426009,0.365235909,0.729886159,4
D048,O048,7,580,0.508987326,45,0.221925977,0.348159922,0.204633474,0.792986797,8
D048,O049,7,580,0.508987326,33,0.068127718,0.327197905,0.351458552,0.638016666,6
D048,O050,7,580,0.508987326,322,0.206052109,0.123509785,0.230258857,0.710466564,78
D048,O051,7,580,0.508987326,264,0.415458501,0.161179135,0.311726789,0.922834621,12
D048,O052,7,580,0.508987326,249,0.293109713,0.381495942,0.29384703,0.500330142,30
D048,O053,7,580,0.508987326,251,0.008437374,0.219704544,0.077608614,0.857828126,11
D048,O054,7,580,0.508987326,70,0.483939677,0.225369653,0.039302168,0.574845385,11
D048,O055,7,580,0.508987326,143,0.09821222,0.163666817,0.285033773,0.601558378,17
D048,O056,7,580,0.508987326,345,0.064149611,0.031223606,0.23904777,0.691855779,21
D048,O057,7,580,0.508987326,100,0.400541493,0.216556949,0.487740957,1.038462113,22
D048,O058,7,580,0.508987326,22,0.090722232,0.036785238,0.101049312,0.663001423,4
D048,O059,7,580,0.508987326,486,0.079431167,0.248195591,0.397292534,0.804788767,76
D048,O060,7,580,0.508987326,273,0.451061182,0.170720182,0.061912147,0.815113055,50
D048,O061,7,580,0.508987326,27,0.381805437,0.01616482,0.491613692,0.675221612,4
D048,O062,7,580,0.508987326,442,0.418928223,0.359834489,0.417321395,0.554105019,34
D048,O063,7,580,0.508987326,159,0.167777479,0.069957712,0.130372357,0.943907134,38
D048,O064,7,580,0.508987326,358,0.061032209,0.305917985,0.455729849,0.927346891,71
D048,O065,7,580,0.508987326,56,0.248866638,0.340199764,0.379559452,0.583546864,5
D048,O066,7,580,0.508987326,149,0.351209323,0.192455527,0.149427886,0.883050134,9
D048,O067,7,580,0.508987326,60,0.359928689,0.02076874,0.174232425,0.648987034,6
D048,O068,7,580,0.508987326,871,0.148525779,0.2389906,0.43126666,0.56330551,22
D048,O069,7,580,0.508987326,600,0.193256125,0.259153683,0.18565311,0.968309469,107
D048,O070,7,580,0.508987326,139,0.286307662,0.0275532,0.151186277,0.734969069,9
D048,O071,7,580,0.508987326,830,0.025772238,0.059916076,0.006124037,0.854259133,1
D048,O072,7,580,0.508987326,41,0.447028226,0.353970092,0.321029628,0.606201119,5
D048,O073,7,580,0.508987326,22,0.099783277,0.097826372,0.112559894,0.548583884,3
D048,O074,7,580,0.508987326,36,0.042568944,0.004280635,0.087293441,0.86728622,3
D048,O075,7,580,0.508987326,31,0.495260113,0.154710174,0.269857669,0.722353565,5
D048,O076,7,580,0.508987326,202,0.209924614,0.319442165,0.171734319,0.667816616,34
D048,O077,7,580,0.508987326,648,0.325153788,0.303515085,0.316930252,0.613107267,97
D048,O078,7,580,0.508987326,379,0.223960723,0.064878079,0.224272393,0.840645589,80
D048,O079,7,580,0.508987326,65,0.075519811,0.282963886,0.299403793,0.51375586,9
D048,O080,7,580,0.508987326,206,0.124478381,0.390952102,0.159201992,0.812430792,3
D048,O081,7,580,0.508987326,229,0.311863322,0.040757227,0.190953924,0.52059127,6
D048,O082,7,580,0.508987326,630,0.267185735,0.363424574,0.305398084,0.528725737,144
D048,O083,7,580,0.508987326,89,0.002629244,0.11891721,0.012340148,0.799263288,13
D048,O084,7,580,0.508987326,797,0.372992677,0.000386491,0.00152113,0.993396916,169
D048,O085,7,580,0.508987326,66,0.183976656,0.236269207,0.120756181,0.591017322,11
D048,O086,7,580,0.508987326,135,0.469888219,0.056365997,0.043821459,0.952586866,28
D048,O087,7,580,0.508987326,23,0.111840401,0.071296914,0.089679808,0.791166307,2
D048,O088,7,580,0.508987326,74,0.028069089,0.054085246,0.202673962,0.619616712,14
D048,O089,7,580,0.508987326,55,0.492105028,0.101006081,0.474810428,0.657444473,6
D048,O090,7,580,0.508987326,285,0.03434851,0.377557012,0.057284121,0.757204241,14
D048,O091,7,580,0.508987326,85,0.181583703,0.224320695,0.138841885,0.830164928,8
D048,O092,7,580,0.508987326,303,0.442706311,0.172267227,0.436491903,0.897895329,53
D048,O093,7,580,0.508987326,25,0.276275035,0.078153424,0.291384582,0.958605081,1
D048,O094,7,580,0.508987326,888,0.302089761,0.091469055,0.358945917,0.915650339,193
D048,O095,7,580,0.508987326,29,0.365502327,0.314203797,0.177999519,0.631365154,3
D048,O096,7,580,0.508987326,91,0.16170145,0.264353919,0.069555674,0.545005585,20
D049,O001,3,728,5.019002325,184,0.252173292,0.345006223,0.414518539,1.008029851,43
D049,O002,3,728,5.019002325,71,0.386957289,0.33590604,0.423756547,1.030814136,16
D049,O003,3,728,5.019002325,43,0.48531049,0.109844006,0.373132887,0.562934186,5
D049,O004,3,728,5.019002325,544,0.015441285,0.39993713,0.047767101,0.621494583,12
D049,O005,3,728,5.019002325,472,0.458927508,0.08115278,0.018055532,0.751825682,8
D049,O006,3,728,5.019002325,26,0.466438896,0.19990199,0.36047691,0.537345538,5
D049,O007,3,728,5.019002325,20,0.141130372,0.138764594,0.166622366,0.974703346,2
D049,O008,3,728,5.019002325,217,0.118365868,0.010264005,0.438577644,0.70421183,4
D049,O009,3,728,5.019002325,39,0.272204984,0.243100415,0.446678,0.893215891,1
D049,O010,3,728,5.019002325,78,0.42428609,0.04657399,0.47291634,0.886241643,6
D049,O011,3,728,5.019002325,163,0.257766277,0.230369452,0.067376828,1.041013094,24
D049,O012,3,728,5.019002325,121,0.018977159,0.042108472,0.106166432,0.634587855,7
D049,O013,3,728,5.019002325,38,0.13035544,0.200717694,0.465695355,0.90739434,4
D049,O014,3,728,5.019002325,505,0.055050564,0.385744929,0.323573274,0.956197221,126
D049,O015,3,728,5.019002325,369,0.403527677,0.186961283,0.029180542,1.016098144,88
D049,O016,3,728,5.019002325,990,0.188337728,0.211915952,0.403770273,0.683522338,99
D049,O017,3,728,5.019002325,47,0.235947901,0.205558573,0.450421949,0.98550411,1
D049,O018,3,728,5.019002325,128,0.201594351,0.132120615,0.2466657,1.015365814,15
D049,O019,3,728,5.019002325,24,0.431629638,0.254066717,0.253740338,0.934568431,1
D049,O020,3,728,5.019002325,113,0.348269976,0.095285863,0.409466489,0.990902637,28
D049,O021,3,728,5.019002325,35,0.407381528,0.191612689,0.078494355,0.726366674,4
D049,O022,3,728,5.019002325,193,0.265083523,0.114415056,0.48366938,0.770574624,6
D049,O023,3,728,5.019002325,410,0.214451437,0.12789836,0.094002538,0.876090399,34
D049,O024,3,728,5.019002325,109,0.107543079,0.370185632,0.33107989,0.763088384,2
D049,O025,3,728,5.019002325,53,0.129725034,0.023513439,0.022926164,0.647079336,9
D049,O026,3,728,5.019002325,104,0.335746812,0.309055962,0.214783733,0.866605062,9
D049,O027,3,728,5.019002325,120,0.173792118,0.275390581,0.115990185,0.594400816,1
D049,O028,3,728,5.019002325,315,0.161028291,0.149607497,0.243736481,0.836522744,76
D049,O029,3,728,5.019002325,744,0.31398409,0.144642217,0.380464816,1.001095973,47
D049,O030,3,728,5.019002325,96,0.291312931,0.178362873,0.260288981,0.712485371,21
D049,O031,3,728,5.019002325,61,0.375724597,0.298965989,0.344989603,1.023539068,2
D049,O032,3,728,5.019002325,449,0.47407037,0.293964396,0.333868972,0.526716923,86
D049,O033,3,728,5.019002325,28,0.356894295,0.285864598,0.280390934,0.572892371,5
D049,O034,3,728,5.019002325,172,0.339323194,0.106162856,0.193996227,0.976195745,28
D049,O035,3,728,5.019002325,173,0.041159595,0.256897351,0.341435098,0.936656262,22
D049,O036,3,728,5.019002325,83,0.318040863,0.288671609,0.125731933,0.510862581,11
D049,O037,3,728,5.019002325,232,0.083660283,0.374766445,0.463420281,0.901833982,16
D049,O038,3,728,5.019002325,765,0.137328547,0.153890662,0.395745604,0.824092212,73
D049,O039,3,728,5.019002325,48,0.232718262,0.17994217,0.033136716,0.784320075,1
D049,O040,3,728,5.019002325,585,0.392959459,0.39457393,0.498815231,0.847757244,30
D049,O041,3,728,5.019002325,49,0.297735298,0.268205888,0.212580592,0.765018393,7
D049,O042,3,728,5.019002325,533,0.049123846,0.273615249,0.271891148,0.775509181,28
D049,O043,3,728,5.019002325,936,0.154267686,0.332919895,0.389161836,0.694797352,211
D049,O044,3,728,5.019002325,721,0.432376139,0.324925408,0.144007894,0.742867678,148
D049,O045,3,728,5.019002325,692,0.331104768,0.086465045,0.220042135,0.679206917,59
D049,O046,3,728,5.019002325,402,0.241792287,0.134055119,0.264545347,1.045585484,81
D049,O047,3,728,5.019002325,32,0.457593053,0.357426009,0.365235909,0.729886159,4
D049,O048,3,728,5.019002325,45,0.221925977,0.348159922,0.204633474,0.792986797,8
D049,O049,3,728,5.019002325,33,0.068127718,0.327197905,0.351458552,0.638016666,6
D049,O050,3,728,5.019002325,322,0.206052109,0.123509785,0.230258857,0.710466564,78
D049,O051,3,728,5.019002325,264,0.415458501,0.161179135,0.311726789,0.922834621,12
D049,O052,3,728,5.019002325,249,0.293109713,0.381495942,0.29384703,0.500330142,30
D049,O053,3,728,5.019002325,251,0.008437374,0.219704544,0.077608614,0.857828126,11
D049,O054,3,728,5.019002325,70,0.483939677,0.225369653,0.039302168,0.574845385,11
D049,O055,3,728,5.019002325,143,0.09821222,0.163666817,0.285033773,0.601558378,17
D049,O056,3,728,5.019002325,345,0.064149611,0.031223606,0.23904777,0.691855779,21
D049,O057,3,728,5.019002325,100,0.400541493,0.216556949,0.487740957,1.038462113,22
D049,O058,3,728,5.019002325,22,0.090722232,0.036785238,0.101049312,0.663001423,4
D049,O059,3,728,5.019002325,486,0.079431167,0.248195591,0.397292534,0.804788767,76
D049,O060,3,728,5.019002325,273,0.451061182,0.170720182,0.061912147,0.815113055,50
D049,O061,3,728,5.019002325,27,0.381805437,0.01616482,0.491613692,0.675221612,4
D049,O062,3,728,5.019002325,442,0.418928223,0.359834489,0.417321395,0.554105019,34
D049,O063,3,728,5.019002325,159,0.167777479,0.069957712,0.130372357,0.943907134,38
D049,O064,3,728,5.019002325,358,0.061032209,0.305917985,0.455729849,0.927346891,71
D049,O065,3,728,5.019002325,56,0.248866638,0.340199764,0.379559452,0.583546864,5
D049,O066,3,728,5.019002325,149,0.351209323,0.192455527,0.149427886,0.883050134,9
D049,O067,3,728,5.019002325,60,0.359928689,0.02076874,0.174232425,0.648987034,6
D049,O068,3,728,5.019002325,871,0.148525779,0.2389906,0.43126666,0.56330551,22
D049,O069,3,728,5.019002325,600,0.193256125,0.259153683,0.18565311,0.968309469,107
D049,O070,3,728,5.019002325,139,0.286307662,0.0275532,0.151186277,0.734969069,9
D049,O071,3,728,5.019002325,830,0.025772238,0.059916076,0.006124037,0.854259133,1
D049,O072,3,728,5.019002325,41,0.447028226,0.353970092,0.321029628,0.606201119,5
D049,O073,3,728,5.019002325,22,0.099783277,0.097826372,0.112559894,0.548583884,3
D049,O074,3,728,5.019002325,36,0.042568944,0.004280635,0.087293441,0.86728622,3
D049,O075,3,728,5.019002325,31,0.495260113,0.154710174,0.269857669,0.722353565,5
D049,O076,3,728,5.019002325,202,0.209924614,0.319442165,0.171734319,0.667816616,34
D049,O077,3,728,5.019002325,648,0.325153788,0.303515085,0.316930252,0.613107267,97
D049,O078,3,728,5.019002325,379,0.223960723,0.064878079,0.224272393,0.840645589,80
D049,O079,3,728,5.019002325,65,0.075519811,0.282963886,0.299403793,0.51375586,9
D049,O080,3,728,5.019002325,206,0.124478381,0.390952102,0.159201992,0.812430792,3
D049,O081,3,728,5.019002325,229,0.311863322,0.040757227,0.190953924,0.52059127,6
D049,O082,3,728,5.019002325,630,0.267185735,0.363424574,0.305398084,0.528725737,144
D049,O083,3,728,5.019002325,89,0.002629244,0.11891721,0.012340148,0.799263288,13
D049,O084,3,728,5.019002325,797,0.372992677,0.000386491,0.00152113,0.993396916,169
D049,O085,3,728,5.019002325,66,0.183976656,0.236269207,0.120756181,0.591017322,11
D049,O086,3,728,5.019002325,135,0.469888219,0.056365997,0.043821459,0.952586866,28
D049,O087,3,728,5.019002325,23,0.111840401,0.071296914,0.089679808,0.791166307,2
D049,O088,3,728,5.019002325,74,0.028069089,0.054085246,0.202673962,0.619616712,14
D049,O089,3,728,5.019002325,55,0.492105028,0.101006081,0.474810428,0.657444473,6
D049,O090,3,728,5.019002325,285,0.03434851,0.377557012,0.057284121,0.757204241,14
D049,O091,3,728,5.019002325,85,0.181583703,0.224320695,0.138841885,0.830164928,8
D049,O092,3,728,5.019002325,303,0.442706311,0.172267227,0.436491903,0.897895329,53
D049,O093,3,728,5.019002325,25,0.276275035,0.078153424,0.291384582,0.958605081,1
D049,O094,3,728,5.019002325,888,0.302089761,0.091469055,0.358945917,0.915650339,193
D049,O095,3,728,5.019002325,29,0.365502327,0.314203797,0.177999519,0.631365154,3
D049,O096,3,728,5.019002325,91,0.16170145,0.264353919,0.069555674,0.545005585,20
D050,O001,2,156,0.897034845,184,0.252173292,0.345006223,0.414518539,1.008029851,43
D050,O002,2,156,0.897034845,71,0.386957289,0.33590604,0.423756547,1.030814136,16
D050,O003,2,156,0.897034845,43,0.48531049,0.109844006,0.373132887,0.562934186,5
D050,O004,2,156,0.897034845,544,0.015441285,0.39993713,0.047767101,0.621494583,12
D050,O005,2,156,0.897034845,472,0.458927508,0.08115278,0.018055532,0.751825682,8
D050,O006,2,156,0.897034845,26,0.466438896,0.19990199,0.36047691,0.537345538,5
D050,O007,2,156,0.897034845,20,0.141130372,0.138764594,0.166622366,0.974703346,2
D050,O008,2,156,0.897034845,217,0.118365868,0.010264005,0.438577644,0.70421183,4
D050,O009,2,156,0.897034845,39,0.272204984,0.243100415,0.446678,0.893215891,1
D050,O010,2,156,0.897034845,78,0.42428609,0.04657399,0.47291634,0.886241643,6
D050,O011,2,156,0.897034845,163,0.257766277,0.230369452,0.067376828,1.041013094,24
D050,O012,2,156,0.897034845,121,0.018977159,0.042108472,0.106166432,0.634587855,7
D050,O013,2,156,0.897034845,38,0.13035544,0.200717694,0.465695355,0.90739434,4
D050,O014,2,156,0.897034845,505,0.055050564,0.385744929,0.323573274,0.956197221,126
D050,O015,2,156,0.897034845,369,0.403527677,0.186961283,0.029180542,1.016098144,88
D050,O016,2,156,0.897034845,990,0.188337728,0.211915952,0.403770273,0.683522338,99
D050,O017,2,156,0.897034845,47,0.235947901,0.205558573,0.450421949,0.98550411,1
D050,O018,2,156,0.897034845,128,0.201594351,0.132120615,0.2466657,1.015365814,15
D050,O019,2,156,0.897034845,24,0.431629638,0.254066717,0.253740338,0.934568431,1
D050,O020,2,156,0.897034845,113,0.348269976,0.095285863,0.409466489,0.990902637,28
D050,O021,2,156,0.897034845,35,0.407381528,0.191612689,0.078494355,0.726366674,4
D050,O022,2,156,0.897034845,193,0.265083523,0.114415056,0.48366938,0.770574624,6
D050,O023,2,156,0.897034845,410,0.214451437,0.12789836,0.094002538,0.876090399,34
D050,O024,2,156,0.897034845,109,0.107543079,0.370185632,0.33107989,0.763088384,2
D050,O025,2,156,0.897034845,53,0.129725034,0.023513439,0.022926164,0.647079336,9
D050,O026,2,156,0.897034845,104,0.335746812,0.309055962,0.214783733,0.866605062,9
D050,O027,2,156,0.897034845,120,0.173792118,0.275390581,0.115990185,0.594400816,1
D050,O028,2,156,0.897034845,315,0.161028291,0.149607497,0.243736481,0.836522744,76
D050,O029,2,156,0.897034845,744,0.31398409,0.144642217,0.380464816,1.001095973,47
D050,O030,2,156,0.897034845,96,0.291312931,0.178362873,0.260288981,0.712485371,21
D050,O031,2,156,0.897034845,61,0.375724597,0.298965989,0.344989603,1.023539068,2
D050,O032,2,156,0.897034845,449,0.47407037,0.293964396,0.333868972,0.526716923,86
D050,O033,2,156,0.897034845,28,0.356894295,0.285864598,0.280390934,0.572892371,5
D050,O034,2,156,0.897034845,172,0.339323194,0.106162856,0.193996227,0.976195745,28
D050,O035,2,156,0.897034845,173,0.041159595,0.256897351,0.341435098,0.936656262,22
D050,O036,2,156,0.897034845,83,0.318040863,0.288671609,0.125731933,0.510862581,11
D050,O037,2,156,0.897034845,232,0.083660283,0.374766445,0.463420281,0.901833982,16
D050,O038,2,156,0.897034845,765,0.137328547,0.153890662,0.395745604,0.824092212,73
D050,O039,2,156,0.897034845,48,0.232718262,0.17994217,0.033136716,0.784320075,1
D050,O040,2,156,0.897034845,585,0.392959459,0.39457393,0.498815231,0.847757244,30
D050,O041,2,156,0.897034845,49,0.297735298,0.268205888,0.212580592,0.765018393,7
D050,O042,2,156,0.897034845,533,0.049123846,0.273615249,0.271891148,0.775509181,28
D050,O043,2,156,0.897034845,936,0.154267686,0.332919895,0.389161836,0.694797352,211
D050,O044,2,156,0.897034845,721,0.432376139,0.324925408,0.144007894,0.742867678,148
D050,O045,2,156,0.897034845,692,0.331104768,0.086465045,0.220042135,0.679206917,59
D050,O046,2,156,0.897034845,402,0.241792287,0.134055119,0.264545347,1.045585484,81
D050,O047,2,156,0.897034845,32,0.457593053,0.357426009,0.365235909,0.729886159,4
D050,O048,2,156,0.897034845,45,0.221925977,0.348159922,0.204633474,0.792986797,8
D050,O049,2,156,0.897034845,33,0.068127718,0.327197905,0.351458552,0.638016666,6
D050,O050,2,156,0.897034845,322,0.206052109,0.123509785,0.230258857,0.710466564,78
D050,O051,2,156,0.897034845,264,0.415458501,0.161179135,0.311726789,0.922834621,12
D050,O052,2,156,0.897034845,249,0.293109713,0.381495942,0.29384703,0.500330142,30
D050,O053,2,156,0.897034845,251,0.008437374,0.219704544,0.077608614,0.857828126,11
D050,O054,2,156,0.897034845,70,0.483939677,0.225369653,0.039302168,0.574845385,11
D050,O055,2,156,0.897034845,143,0.09821222,0.163666817,0.285033773,0.601558378,17
D050,O056,2,156,0.897034845,345,0.064149611,0.031223606,0.23904777,0.691855779,21
D050,O057,2,156,0.897034845,100,0.400541493,0.216556949,0.487740957,1.038462113,22
D050,O058,2,156,0.897034845,22,0.090722232,0.036785238,0.101049312,0.663001423,4
D050,O059,2,156,0.897034845,486,0.079431167,0.248195591,0.397292534,0.804788767,76
D050,O060,2,156,0.897034845,273,0.451061182,0.170720182,0.061912147,0.815113055,50
D050,O061,2,156,0.897034845,27,0.381805437,0.01616482,0.491613692,0.675221612,4
D050,O062,2,156,0.897034845,442,0.418928223,0.359834489,0.417321395,0.554105019,34
D050,O063,2,156,0.897034845,159,0.167777479,0.069957712,0.130372357,0.943907134,38
D050,O064,2,156,0.897034845,358,0.061032209,0.305917985,0.455729849,0.927346891,71
D050,O065,2,156,0.897034845,56,0.248866638,0.340199764,0.379559452,0.583546864,5
D050,O066,2,156,0.897034845,149,0.351209323,0.192455527,0.149427886,0.883050134,9
D050,O067,2,156,0.897034845,60,0.359928689,0.02076874,0.174232425,0.648987034,6
D050,O068,2,156,0.897034845,871,0.148525779,0.2389906,0.43126666,0.56330551,22
D050,O069,2,156,0.897034845,600,0.193256125,0.259153683,0.18565311,0.968309469,107
D050,O070,2,156,0.897034845,139,0.286307662,0.0275532,0.151186277,0.734969069,9
D050,O071,2,156,0.897034845,830,0.025772238,0.059916076,0.006124037,0.854259133,1
D050,O072,2,156,0.897034845,41,0.447028226,0.353970092,0.321029628,0.606201119,5
D050,O073,2,156,0.897034845,22,0.099783277,0.097826372,0.112559894,0.548583884,3
D050,O074,2,156,0.897034845,36,0.042568944,0.004280635,0.087293441,0.86728622,3
D050,O075,2,156,0.897034845,31,0.495260113,0.154710174,0.269857669,0.722353565,5
D050,O076,2,156,0.897034845,202,0.209924614,0.319442165,0.171734319,0.667816616,34
D050,O077,2,156,0.897034845,648,0.325153788,0.303515085,0.316930252,0.613107267,97
D050,O078,2,156,0.897034845,379,0.223960723,0.064878079,0.224272393,0.840645589,80
D050,O079,2,156,0.897034845,65,0.075519811,0.282963886,0.299403793,0.51375586,9
D050,O080,2,156,0.897034845,206,0.124478381,0.390952102,0.159201992,0.812430792,3
D050,O081,2,156,0.897034845,229,0.311863322,0.040757227,0.190953924,0.52059127,6
D050,O082,2,156,0.897034845,630,0.267185735,0.363424574,0.305398084,0.528725737,144
D050,O083,2,156,0.897034845,89,0.002629244,0.11891721,0.012340148,0.799263288,13
D050,O084,2,156,0.897034845,797,0.372992677,0.000386491,0.00152113,0.993396916,169
D050,O085,2,156,0.897034845,66,0.183976656,0.236269207,0.120756181,0.591017322,11
D050,O086,2,156,0.897034845,135,0.469888219,0.056365997,0.043821459,0.952586866,28
D050,O087,2,156,0.897034845,23,0.111840401,0.071296914,0.089679808,0.791166307,2
D050,O088,2,156,0.897034845,74,0.028069089,0.054085246,0.202673962,0.619616712,14
D050,O089,2,156,0.897034845,55,0.492105028,0.101006081,0.474810428,0.657444473,6
D050,O090,2,156,0.897034845,285,0.03434851,0.377557012,0.057284121,0.757204241,14
D050,O091,2,156,0.897034845,85,0.181583703,0.224320695,0.138841885,0.830164928,8
D050,O092,2,156,0.897034845,303,0.442706311,0.172267227,0.436491903,0.897895329,53
D050,O093,2,156,0.897034845,25,0.276275035,0.078153424,0.291384582,0.958605081,1
D050,O094,2,156,0.897034845,888,0.302089761,0.091469055,0.358945917,0.915650339,193
D050,O095,2,156,0.897034845,29,0.365502327,0.314203797,0.177999519,0.631365154,3
D050,O096,2,156,0.897034845,91,0.16170145,0.264353919,0.069555674,0.545005585,20
D051,O001,7,279,0.289512522,184,0.252173292,0.345006223,0.414518539,1.008029851,43
D051,O002,7,279,0.289512522,71,0.386957289,0.33590604,0.423756547,1.030814136,16
D051,O003,7,279,0.289512522,43,0.48531049,0.109844006,0.373132887,0.562934186,5
D051,O004,7,279,0.289512522,544,0.015441285,0.39993713,0.047767101,0.621494583,12
D051,O005,7,279,0.289512522,472,0.458927508,0.08115278,0.018055532,0.751825682,8
D051,O006,7,279,0.289512522,26,0.466438896,0.19990199,0.36047691,0.537345538,5
D051,O007,7,279,0.289512522,20,0.141130372,0.138764594,0.166622366,0.974703346,2
D051,O008,7,279,0.289512522,217,0.118365868,0.010264005,0.438577644,0.70421183,4
D051,O009,7,279,0.289512522,39,0.272204984,0.243100415,0.446678,0.893215891,1
D051,O010,7,279,0.289512522,78,0.42428609,0.04657399,0.47291634,0.886241643,6
D051,O011,7,279,0.289512522,163,0.257766277,0.230369452,0.067376828,1.041013094,24
D051,O012,7,279,0.289512522,121,0.018977159,0.042108472,0.106166432,0.634587855,7
D051,O013,7,279,0.289512522,38,0.13035544,0.200717694,0.465695355,0.90739434,4
D051,O014,7,279,0.289512522,505,0.055050564,0.385744929,0.323573274,0.956197221,126
D051,O015,7,279,0.289512522,369,0.403527677,0.186961283,0.029180542,1.016098144,88
D051,O016,7,279,0.289512522,990,0.188337728,0.211915952,0.403770273,0.683522338,99
D051,O017,7,279,0.289512522,47,0.235947901,0.205558573,0.450421949,0.98550411,1
D051,O018,7,279,0.289512522,128,0.201594351,0.132120615,0.2466657,1.015365814,15
D051,O019,7,279,0.289512522,24,0.431629638,0.254066717,0.253740338,0.934568431,1
D051,O020,7,279,0.289512522,113,0.348269976,0.095285863,0.409466489,0.990902637,28
D051,O021,7,279,0.289512522,35,0.407381528,0.191612689,0.078494355,0.726366674,4
D051,O022,7,279,0.289512522,193,0.265083523,0.114415056,0.48366938,0.770574624,6
D051,O023,7,279,0.289512522,410,0.214451437,0.12789836,0.094002538,0.876090399,34
D051,O024,7,279,0.289512522,109,0.107543079,0.370185632,0.33107989,0.763088384,2
D051,O025,7,279,0.289512522,53,0.129725034,0.023513439,0.022926164,0.647079336,9
D051,O026,7,279,0.289512522,104,0.335746812,0.309055962,0.214783733,0.866605062,9
D051,O027,7,279,0.289512522,120,0.173792118,0.275390581,0.115990185,0.594400816,1
D051,O028,7,279,0.289512522,315,0.161028291,0.149607497,0.243736481,0.836522744,76
D051,O029,7,279,0.289512522,744,0.31398409,0.144642217,0.380464816,1.001095973,47
D051,O030,7,279,0.289512522,96,0.291312931,0.178362873,0.260288981,0.712485371,21
D051,O031,7,279,0.289512522,61,0.375724597,0.298965989,0.344989603,1.023539068,2
D051,O032,7,279,0.289512522,449,0.47407037,0.293964396,0.333868972,0.526716923,86
D051,O033,7,279,0.289512522,28,0.356894295,0.285864598,0.280390934,0.572892371,5
D051,O034,7,279,0.289512522,172,0.339323194,0.106162856,0.193996227,0.976195745,28
D051,O035,7,279,0.289512522,173,0.041159595,0.256897351,0.341435098,0.936656262,22
D051,O036,7,279,0.289512522,83,0.318040863,0.288671609,0.125731933,0.510862581,11
D051,O037,7,279,0.289512522,232,0.083660283,0.374766445,0.463420281,0.901833982,16
D051,O038,7,279,0.289512522,765,0.137328547,0.153890662,0.395745604,0.824092212,73
D051,O039,7,279,0.289512522,48,0.232718262,0.17994217,0.033136716,0.784320075,1
D051,O040,7,279,0.289512522,585,0.392959459,0.39457393,0.498815231,0.847757244,30
D051,O041,7,279,0.289512522,49,0.297735298,0.268205888,0.212580592,0.765018393,7
D051,O042,7,279,0.289512522,533,0.049123846,0.273615249,0.271891148,0.775509181,28
D051,O043,7,279,0.289512522,936,0.154267686,0.332919895,0.389161836,0.694797352,211
D051,O044,7,279,0.289512522,721,0.432376139,0.324925408,0.144007894,0.742867678,148
D051,O045,7,279,0.289512522,692,0.331104768,0.086465045,0.220042135,0.679206917,59
D051,O046,7,279,0.289512522,402,0.241792287,0.134055119,0.264545347,1.045585484,81
D051,O047,7,279,0.289512522,32,0.457593053,0.357426009,0.365235909,0.729886159,4
D051,O048,7,279,0.289512522,45,0.221925977,0.348159922,0.204633474,0.792986797,8
D051,O049,7,279,0.289512522,33,0.068127718,0.327197905,0.351458552,0.638016666,6
D051,O050,7,279,0.289512522,322,0.206052109,0.123509785,0.230258857,0.710466564,78
D051,O051,7,279,0.289512522,264,0.415458501,0.161179135,0.311726789,0.922834621,12
D051,O052,7,279,0.289512522,249,0.293109713,0.381495942,0.29384703,0.500330142,30
D051,O053,7,279,0.289512522,251,0.008437374,0.219704544,0.077608614,0.857828126,11
D051,O054,7,279,0.289512522,70,0.483939677,0.225369653,0.039302168,0.574845385,11
D051,O055,7,279,0.289512522,143,0.09821222,0.163666817,0.285033773,0.601558378,17
D051,O056,7,279,0.289512522,345,0.064149611,0.031223606,0.23904777,0.691855779,21
D051,O057,7,279,0.289512522,100,0.400541493,0.216556949,0.487740957,1.038462113,22
D051,O058,7,279,0.289512522,22,0.090722232,0.036785238,0.101049312,0.663001423,4
D051,O059,7,279,0.289512522,486,0.079431167,0.248195591,0.397292534,0.804788767,76
D051,O060,7,279,0.289512522,273,0.451061182,0.170720182,0.061912147,0.815113055,50
D051,O061,7,279,0.289512522,27,0.381805437,0.01616482,0.491613692,0.675221612,4
D051,O062,7,279,0.289512522,442,0.418928223,0.359834489,0.417321395,0.554105019,34
D051,O063,7,279,0.289512522,159,0.167777479,0.069957712,0.130372357,0.943907134,38
D051,O064,7,279,0.289512522,358,0.061032209,0.305917985,0.455729849,0.927346891,71
D051,O065,7,279,0.289512522,56,0.248866638,0.340199764,0.379559452,0.583546864,5
D051,O066,7,279,0.289512522,149,0.351209323,0.192455527,0.149427886,0.883050134,9
D051,O067,7,279,0.289512522,60,0.359928689,0.02076874,0.174232425,0.648987034,6
D051,O068,7,279,0.289512522,871,0.148525779,0.2389906,0.43126666,0.56330551,22
D051,O069,7,279,0.289512522,600,0.193256125,0.259153683,0.18565311,0.968309469,107
D051,O070,7,279,0.289512522,139,0.286307662,0.0275532,0.151186277,0.734969069,9
D051,O071,7,279,0.289512522,830,0.025772238,0.059916076,0.006124037,0.854259133,1
D051,O072,7,279,0.289512522,41,0.447028226,0.353970092,0.321029628,0.606201119,5
D051,O073,7,279,0.289512522,22,0.099783277,0.097826372,0.112559894,0.548583884,3
D051,O074,7,279,0.289512522,36,0.042568944,0.004280635,0.087293441,0.86728622,3
D051,O075,7,279,0.289512522,31,0.495260113,0.154710174,0.269857669,0.722353565,5
D051,O076,7,279,0.289512522,202,0.209924614,0.319442165,0.171734319,0.667816616,34
D051,O077,7,279,0.289512522,648,0.325153788,0.303515085,0.316930252,0.613107267,97
D051,O078,7,279,0.289512522,379,0.223960723,0.064878079,0.224272393,0.840645589,80
D051,O079,7,279,0.289512522,65,0.075519811,0.282963886,0.299403793,0.51375586,9
D051,O080,7,279,0.289512522,206,0.124478381,0.390952102,0.159201992,0.812430792,3
D051,O081,7,279,0.289512522,229,0.311863322,0.040757227,0.190953924,0.52059127,6
D051,O082,7,279,0.289512522,630,0.267185735,0.363424574,0.305398084,0.528725737,144
D051,O083,7,279,0.289512522,89,0.002629244,0.11891721,0.012340148,0.799263288,13
D051,O084,7,279,0.289512522,797,0.372992677,0.000386491,0.00152113,0.993396916,169
D051,O085,7,279,0.289512522,66,0.183976656,0.236269207,0.120756181,0.591017322,11
D051,O086,7,279,0.289512522,135,0.469888219,0.056365997,0.043821459,0.952586866,28
D051,O087,7,279,0.289512522,23,0.111840401,0.071296914,0.089679808,0.791166307,2
D051,O088,7,279,0.289512522,74,0.028069089,0.054085246,0.202673962,0.619616712,14
D051,O089,7,279,0.289512522,55,0.492105028,0.101006081,0.474810428,0.657444473,6
D051,O090,7,279,0.289512522,285,0.03434851,0.377557012,0.057284121,0.757204241,14
D051,O091,7,279,0.289512522,85,0.181583703,0.224320695,0.138841885,0.830164928,8
D051,O092,7,279,0.289512522,303,0.442706311,0.172267227,0.436491903,0.897895329,53
D051,O093,7,279,0.289512522,25,0.276275035,0.078153424,0.291384582,0.958605081,1
D051,O094,7,279,0.289512522,888,0.302089761,0.091469055,0.358945917,0.915650339,193
D051,O095,7,279,0.289512522,29,0.365502327,0.314203797,0.177999519,0.631365154,3
D051,O096,7,279,0.289512522,91,0.16170145,0.264353919,0.069555674,0.545005585,20
D052,O001,2,65,3.950760673,184,0.252173292,0.345006223,0.414518539,1.008029851,43
D052,O002,2,65,3.950760673,71,0.386957289,0.33590604,0.423756547,1.030814136,16
D052,O003,2,65,3.950760673,43,0.48531049,0.109844006,0.373132887,0.562934186,5
D052,O004,2,65,3.950760673,544,0.015441285,0.39993713,0.047767101,0.621494583,12
D052,O005,2,65,3.950760673,472,0.458927508,0.08115278,0.018055532,0.751825682,8
D052,O006,2,65,3.950760673,26,0.466438896,0.19990199,0.36047691,0.537345538,5
D052,O007,2,65,3.950760673,20,0.141130372,0.138764594,0.166622366,0.974703346,2
D052,O008,2,65,3.950760673,217,0.118365868,0.010264005,0.438577644,0.70421183,4
D052,O009,2,65,3.950760673,39,0.272204984,0.243100415,0.446678,0.893215891,1
D052,O010,2,65,3.950760673,78,0.42428609,0.04657399,0.47291634,0.886241643,6
D052,O011,2,65,3.950760673,163,0.257766277,0.230369452,0.067376828,1.041013094,24
D052,O012,2,65,3.950760673,121,0.018977159,0.042108472,0.106166432,0.634587855,7
D052,O013,2,65,3.950760673,38,0.13035544,0.200717694,0.465695355,0.90739434,4
D052,O014,2,65,3.950760673,505,0.055050564,0.385744929,0.323573274,0.956197221,126
D052,O015,2,65,3.950760673,369,0.403527677,0.186961283,0.029180542,1.016098144,88
D052,O016,2,65,3.950760673,990,0.188337728,0.211915952,0.403770273,0.683522338,99
D052,O017,2,65,3.950760673,47,0.235947901,0.205558573,0.450421949,0.98550411,1
D052,O018,2,65,3.950760673,128,0.201594351,0.132120615,0.2466657,1.015365814,15
D052,O019,2,65,3.950760673,24,0.431629638,0.254066717,0.253740338,0.934568431,1
D052,O020,2,65,3.950760673,113,0.348269976,0.095285863,0.409466489,0.990902637,28
D052,O021,2,65,3.950760673,35,0.407381528,0.191612689,0.078494355,0.726366674,4
D052,O022,2,65,3.950760673,193,0.265083523,0.114415056,0.48366938,0.770574624,6
D052,O023,2,65,3.950760673,410,0.214451437,0.12789836,0.094002538,0.876090399,34
D052,O024,2,65,3.950760673,109,0.107543079,0.370185632,0.33107989,0.763088384,2
D052,O025,2,65,3.950760673,53,0.129725034,0.023513439,0.022926164,0.647079336,9
D052,O026,2,65,3.950760673,104,0.335746812,0.309055962,0.214783733,0.866605062,9
D052,O027,2,65,3.950760673,120,0.173792118,0.275390581,0.115990185,0.594400816,1
D052,O028,2,65,3.950760673,315,0.161028291,0.149607497,0.243736481,0.836522744,76
D052,O029,2,65,3.950760673,744,0.31398409,0.144642217,0.380464816,1.001095973,47
D052,O030,2,65,3.950760673,96,0.291312931,0.178362873,0.260288981,0.712485371,21
D052,O031,2,65,3.950760673,61,0.375724597,0.298965989,0.344989603,1.023539068,2
D052,O032,2,65,3.950760673,449,0.47407037,0.293964396,0.333868972,0.526716923,86
D052,O033,2,65,3.950760673,28,0.356894295,0.285864598,0.280390934,0.572892371,5
D052,O034,2,65,3.950760673,172,0.339323194,0.106162856,0.193996227,0.976195745,28
D052,O035,2,65,3.950760673,173,0.041159595,0.256897351,0.341435098,0.936656262,22
D052,O036,2,65,3.950760673,83,0.318040863,0.288671609,0.125731933,0.510862581,11
D052,O037,2,65,3.950760673,232,0.083660283,0.374766445,0.463420281,0.901833982,16
D052,O038,2,65,3.950760673,765,0.137328547,0.153890662,0.395745604,0.824092212,73
D052,O039,2,65,3.950760673,48,0.232718262,0.17994217,0.033136716,0.784320075,1
D052,O040,2,65,3.950760673,585,0.392959459,0.39457393,0.498815231,0.847757244,30
D052,O041,2,65,3.950760673,49,0.297735298,0.268205888,0.212580592,0.765018393,7
D052,O042,2,65,3.950760673,533,0.049123846,0.273615249,0.271891148,0.775509181,28
D052,O043,2,65,3.950760673,936,0.154267686,0.332919895,0.389161836,0.694797352,211
D052,O044,2,65,3.950760673,721,0.432376139,0.324925408,0.144007894,0.742867678,148
D052,O045,2,65,3.950760673,692,0.331104768,0.086465045,0.220042135,0.679206917,59
D052,O046,2,65,3.950760673,402,0.241792287,0.134055119,0.264545347,1.045585484,81
D052,O047,2,65,3.950760673,32,0.457593053,0.357426009,0.365235909,0.729886159,4
D052,O048,2,65,3.950760673,45,0.221925977,0.348159922,0.204633474,0.792986797,8
D052,O049,2,65,3.950760673,33,0.068127718,0.327197905,0.351458552,0.638016666,6
D052,O050,2,65,3.950760673,322,0.206052109,0.123509785,0.230258857,0.710466564,78
D052,O051,2,65,3.950760673,264,0.415458501,0.161179135,0.311726789,0.922834621,12
D052,O052,2,65,3.950760673,249,0.293109713,0.381495942,0.29384703,0.500330142,30
D052,O053,2,65,3.950760673,251,0.008437374,0.219704544,0.077608614,0.857828126,11
D052,O054,2,65,3.950760673,70,0.483939677,0.225369653,0.039302168,0.574845385,11
D052,O055,2,65,3.950760673,143,0.09821222,0.163666817,0.285033773,0.601558378,17
D052,O056,2,65,3.950760673,345,0.064149611,0.031223606,0.23904777,0.691855779,21
D052,O057,2,65,3.950760673,100,0.400541493,0.216556949,0.487740957,1.038462113,22
D052,O058,2,65,3.950760673,22,0.090722232,0.036785238,0.101049312,0.663001423,4
D052,O059,2,65,3.950760673,486,0.079431167,0.248195591,0.397292534,0.804788767,76
D052,O060,2,65,3.950760673,273,0.451061182,0.170720182,0.061912147,0.815113055,50
D052,O061,2,65,3.950760673,27,0.381805437,0.01616482,0.491613692,0.675221612,4
D052,O062,2,65,3.950760673,442,0.418928223,0.359834489,0.417321395,0.554105019,34
D052,O063,2,65,3.950760673,159,0.167777479,0.069957712,0.130372357,0.943907134,38
D052,O064,2,65,3.950760673,358,0.061032209,0.305917985,0.455729849,0.927346891,71
D052,O065,2,65,3.950760673,56,0.248866638,0.340199764,0.379559452,0.583546864,5
D052,O066,2,65,3.950760673,149,0.351209323,0.192455527,0.149427886,0.883050134,9
D052,O067,2,65,3.950760673,60,0.359928689,0.02076874,0.174232425,0.648987034,6
D052,O068,2,65,3.950760673,871,0.148525779,0.2389906,0.43126666,0.56330551,22
D052,O069,2,65,3.950760673,600,0.193256125,0.259153683,0.18565311,0.968309469,107
D052,O070,2,65,3.950760673,139,0.286307662,0.0275532,0.151186277,0.734969069,9
D052,O071,2,65,3.950760673,830,0.025772238,0.059916076,0.006124037,0.854259133,1
D052,O072,2,65,3.950760673,41,0.447028226,0.353970092,0.321029628,0.606201119,5
D052,O073,2,65,3.950760673,22,0.099783277,0.097826372,0.112559894,0.548583884,3
D052,O074,2,65,3.950760673,36,0.042568944,0.004280635,0.087293441,0.86728622,3
D052,O075,2,65,3.950760673,31,0.495260113,0.154710174,0.269857669,0.722353565,5
D052,O076,2,65,3.950760673,202,0.209924614,0.319442165,0.171734319,0.667816616,34
D052,O077,2,65,3.950760673,648,0.325153788,0.303515085,0.316930252,0.613107267,97
D052,O078,2,65,3.950760673,379,0.223960723,0.064878079,0.224272393,0.840645589,80
D052,O079,2,65,3.950760673,65,0.075519811,0.282963886,0.299403793,0.51375586,9
D052,O080,2,65,3.950760673,206,0.124478381,0.390952102,0.159201992,0.812430792,3
D052,O081,2,65,3.950760673,229,0.311863322,0.040757227,0.190953924,0.52059127,6
D052,O082,2,65,3.950760673,630,0.267185735,0.363424574,0.305398084,0.528725737,144
D052,O083,2,65,3.950760673,89,0.002629244,0.11891721,0.012340148,0.799263288,13
D052,O084,2,65,3.950760673,797,0.372992677,0.000386491,0.00152113,0.993396916,169
D052,O085,2,65,3.950760673,66,0.183976656,0.236269207,0.120756181,0.591017322,11
D052,O086,2,65,3.950760673,135,0.469888219,0.056365997,0.043821459,0.952586866,28
D052,O087,2,65,3.950760673,23,0.111840401,0.071296914,0.089679808,0.791166307,2
D052,O088,2,65,3.950760673,74,0.028069089,0.054085246,0.202673962,0.619616712,14
D052,O089,2,65,3.950760673,55,0.492105028,0.101006081,0.474810428,0.657444473,6
D052,O090,2,65,3.950760673,285,0.03434851,0.377557012,0.057284121,0.757204241,14
D052,O091,2,65,3.950760673,85,0.181583703,0.224320695,0.138841885,0.830164928,8
D052,O092,2,65,3.950760673,303,0.442706311,0.172267227,0.436491903,0.897895329,53
D052,O093,2,65,3.950760673,25,0.276275035,0.078153424,0.291384582,0.958605081,1
D052,O094,2,65,3.950760673,888,0.302089761,0.091469055,0.358945917,0.915650339,193
D052,O095,2,65,3.950760673,29,0.365502327,0.314203797,0.177999519,0.631365154,3
D052,O096,2,65,3.950760673,91,0.16170145,0.264353919,0.069555674,0.545005585,20
D053,O001,3,97,4.67155745,184,0.252173292,0.345006223,0.414518539,1.008029851,43
D053,O002,3,97,4.67155745,71,0.386957289,0.33590604,0.423756547,1.030814136,16
D053,O003,3,97,4.67155745,43,0.48531049,0.109844006,0.373132887,0.562934186,5
D053,O004,3,97,4.67155745,544,0.015441285,0.39993713,0.047767101,0.621494583,12
D053,O005,3,97,4.67155745,472,0.458927508,0.08115278,0.018055532,0.751825682,8
D053,O006,3,97,4.67155745,26,0.466438896,0.19990199,0.36047691,0.537345538,5
D053,O007,3,97,4.67155745,20,0.141130372,0.138764594,0.166622366,0.974703346,2
D053,O008,3,97,4.67155745,217,0.118365868,0.010264005,0.438577644,0.70421183,4
D053,O009,3,97,4.67155745,39,0.272204984,0.243100415,0.446678,0.893215891,1
D053,O010,3,97,4.67155745,78,0.42428609,0.04657399,0.47291634,0.886241643,6
D053,O011,3,97,4.67155745,163,0.257766277,0.230369452,0.067376828,1.041013094,24
D053,O012,3,97,4.67155745,121,0.018977159,0.042108472,0.106166432,0.634587855,7
D053,O013,3,97,4.67155745,38,0.13035544,0.200717694,0.465695355,0.90739434,4
D053,O014,3,97,4.67155745,505,0.055050564,0.385744929,0.323573274,0.956197221,126
D053,O015,3,97,4.67155745,369,0.403527677,0.186961283,0.029180542,1.016098144,88
D053,O016,3,97,4.67155745,990,0.188337728,0.211915952,0.403770273,0.683522338,99
D053,O017,3,97,4.67155745,47,0.235947901,0.205558573,0.450421949,0.98550411,1
D053,O018,3,97,4.67155745,128,0.201594351,0.132120615,0.2466657,1.015365814,15
D053,O019,3,97,4.67155745,24,0.431629638,0.254066717,0.253740338,0.934568431,1
D053,O020,3,97,4.67155745,113,0.348269976,0.095285863,0.409466489,0.990902637,28
D053,O021,3,97,4.67155745,35,0.407381528,0.191612689,0.078494355,0.726366674,4
D053,O022,3,97,4.67155745,193,0.265083523,0.114415056,0.48366938,0.770574624,6
D053,O023,3,97,4.67155745,410,0.214451437,0.12789836,0.094002538,0.876090399,34
D053,O024,3,97,4.67155745,109,0.107543079,0.370185632,0.33107989,0.763088384,2
D053,O025,3,97,4.67155745,53,0.129725034,0.023513439,0.022926164,0.647079336,9
D053,O026,3,97,4.67155745,104,0.335746812,0.309055962,0.214783733,0.866605062,9
D053,O027,3,97,4.67155745,120,0.173792118,0.275390581,0.115990185,0.594400816,1
D053,O028,3,97,4.67155745,315,0.161028291,0.149607497,0.243736481,0.836522744,76
D053,O029,3,97,4.67155745,744,0.31398409,0.144642217,0.380464816,1.001095973,47
D053,O030,3,97,4.67155745,96,0.291312931,0.178362873,0.260288981,0.712485371,21
D053,O031,3,97,4.67155745,61,0.375724597,0.298965989,0.344989603,1.023539068,2
D053,O032,3,97,4.67155745,449,0.47407037,0.293964396,0.333868972,0.526716923,86
D053,O033,3,97,4.67155745,28,0.356894295,0.285864598,0.280390934,0.572892371,5
D053,O034,3,97,4.67155745,172,0.339323194,0.106162856,0.193996227,0.976195745,28
D053,O035,3,97,4.67155745,173,0.041159595,0.256897351,0.341435098,0.936656262,22
D053,O036,3,97,4.67155745,83,0.318040863,0.288671609,0.125731933,0.510862581,11
D053,O037,3,97,4.67155745,232,0.083660283,0.374766445,0.463420281,0.901833982,16
D053,O038,3,97,4.67155745,765,0.137328547,0.153890662,0.395745604,0.824092212,73
D053,O039,3,97,4.67155745,48,0.232718262,0.17994217,0.033136716,0.784320075,1
D053,O040,3,97,4.67155745,585,0.392959459,0.39457393,0.498815231,0.847757244,30
D053,O041,3,97,4.67155745,49,0.297735298,0.268205888,0.212580592,0.765018393,7
D053,O042,3,97,4.67155745,533,0.049123846,0.273615249,0.271891148,0.775509181,28
D053,O043,3,97,4.67155745,936,0.154267686,0.332919895,0.389161836,0.694797352,211
D053,O044,3,97,4.67155745,721,0.432376139,0.324925408,0.144007894,0.742867678,148
D053,O045,3,97,4.67155745,692,0.331104768,0.086465045,0.220042135,0.679206917,59
D053,O046,3,97,4.67155745,402,0.241792287,0.134055119,0.264545347,1.045585484,81
D053,O047,3,97,4.67155745,32,0.457593053,0.357426009,0.365235909,0.729886159,4
D053,O048,3,97,4.67155745,45,0.221925977,0.348159922,0.204633474,0.792986797,8
D053,O049,3,97,4.67155745,33,0.068127718,0.327197905,0.351458552,0.638016666,6
D053,O050,3,97,4.67155745,322,0.206052109,0.123509785,0.230258857,0.710466564,78
D053,O051,3,97,4.67155745,264,0.415458501,0.161179135,0.311726789,0.922834621,12
D053,O052,3,97,4.67155745,249,0.293109713,0.381495942,0.29384703,0.500330142,30
D053,O053,3,97,4.67155745,251,0.008437374,0.219704544,0.077608614,0.857828126,11
D053,O054,3,97,4.67155745,70,0.483939677,0.225369653,0.039302168,0.574845385,11
D053,O055,3,97,4.67155745,143,0.09821222,0.163666817,0.285033773,0.601558378,17
D053,O056,3,97,4.67155745,345,0.064149611,0.031223606,0.23904777,0.691855779,21
D053,O057,3,97,4.67155745,100,0.400541493,0.216556949,0.487740957,1.038462113,22
D053,O058,3,97,4.67155745,22,0.090722232,0.036785238,0.101049312,0.663001423,4
D053,O059,3,97,4.67155745,486,0.079431167,0.248195591,0.397292534,0.804788767,76
D053,O060,3,97,4.67155745,273,0.451061182,0.170720182,0.061912147,0.815113055,50
D053,O061,3,97,4.67155745,27,0.381805437,0.01616482,0.491613692,0.675221612,4
D053,O062,3,97,4.67155745,442,0.418928223,0.359834489,0.417321395,0.554105019,34
D053,O063,3,97,4.67155745,159,0.167777479,0.069957712,0.130372357,0.943907134,38
D053,O064,3,97,4.67155745,358,0.061032209,0.305917985,0.455729849,0.927346891,71
D053,O065,3,97,4.67155745,56,0.248866638,0.340199764,0.379559452,0.583546864,5
D053,O066,3,97,4.67155745,149,0.351209323,0.192455527,0.149427886,0.883050134,9
D053,O067,3,97,4.67155745,60,0.359928689,0.02076874,0.174232425,0.648987034,6
D053,O068,3,97,4.67155745,871,0.148525779,0.2389906,0.43126666,0.56330551,22
D053,O069,3,97,4.67155745,600,0.193256125,0.259153683,0.18565311,0.968309469,107
D053,O070,3,97,4.67155745,139,0.286307662,0.0275532,0.151186277,0.734969069,9
D053,O071,3,97,4.67155745,830,0.025772238,0.059916076,0.006124037,0.854259133,1
D053,O072,3,97,4.67155745,41,0.447028226,0.353970092,0.321029628,0.606201119,5
D053,O073,3,97,4.67155745,22,0.099783277,0.097826372,0.112559894,0.548583884,3
D053,O074,3,97,4.67155745,36,0.042568944,0.004280635,0.087293441,0.86728622,3
D053,O075,3,97,4.67155745,31,0.495260113,0.154710174,0.269857669,0.722353565,5
D053,O076,3,97,4.67155745,202,0.209924614,0.319442165,0.171734319,0.667816616,34
D053,O077,3,97,4.67155745,648,0.325153788,0.303515085,0.316930252,0.613107267,97
D053,O078,3,97,4.67155745,379,0.223960723,0.064878079,0.224272393,0.840645589,80
D053,O079,3,97,4.67155745,65,0.075519811,0.282963886,0.299403793,0.51375586,9
D053,O080,3,97,4.67155745,206,0.124478381,0.390952102,0.159201992,0.812430792,3
D053,O081,3,97,4.67155745,229,0.311863322,0.040757227,0.190953924,0.52059127,6
D053,O082,3,97,4.67155745,630,0.267185735,0.363424574,0.305398084,0.528725737,144
D053,O083,3,97,4.67155745,89,0.002629244,0.11891721,0.012340148,0.799263288,13
D053,O084,3,97,4.67155745,797,0.372992677,0.000386491,0.00152113,0.993396916,169
D053,O085,3,97,4.67155745,66,0.183976656,0.236269207,0.120756181,0.591017322,11
D053,O086,3,97,4.67155745,135,0.469888219,0.056365997,0.043821459,0.952586866,28
D053,O087,3,97,4.67155745,23,0.111840401,0.071296914,0.089679808,0.791166307,2
D053,O088,3,97,4.67155745,74,0.028069089,0.054085246,0.202673962,0.619616712,14
D053,O089,3,97,4.67155745,55,0.492105028,0.101006081,0.474810428,0.657444473,6
D053,O090,3,97,4.67155745,285,0.03434851,0.377557012,0.057284121,0.757204241,14
D053,O091,3,97,4.67155745,85,0.181583703,0.224320695,0.138841885,0.830164928,8
D053,O092,3,97,4.67155745,303,0.442706311,0.172267227,0.436491903,0.897895329,53
D053,O093,3,97,4.67155745,25,0.276275035,0.078153424,0.291384582,0.958605081,1
D053,O094,3,97,4.67155745,888,0.302089761,0.091469055,0.358945917,0.915650339,193
D053,O095,3,97,4.67155745,29,0.365502327,0.314203797,0.177999519,0.631365154,3
D053,O096,3,97,4.67155745,91,0.16170145,0.264353919,0.069555674,0.545005585,20
D054,O001,2,596,4.175058529,184,0.252173292,0.345006223,0.414518539,1.008029851,43
D054,O002,2,596,4.175058529,71,0.386957289,0.33590604,0.423756547,1.030814136,16
D054,O003,2,596,4.175058529,43,0.48531049,0.109844006,0.373132887,0.562934186,5
D054,O004,2,596,4.175058529,544,0.015441285,0.39993713,0.047767101,0.621494583,12
D054,O005,2,596,4.175058529,472,0.458927508,0.08115278,0.018055532,0.751825682,8
D054,O006,2,596,4.175058529,26,0.466438896,0.19990199,0.36047691,0.537345538,5
D054,O007,2,596,4.175058529,20,0.141130372,0.138764594,0.166622366,0.974703346,2
D054,O008,2,596,4.175058529,217,0.118365868,0.010264005,0.438577644,0.70421183,4
D054,O009,2,596,4.175058529,39,0.272204984,0.243100415,0.446678,0.893215891,1
D054,O010,2,596,4.175058529,78,0.42428609,0.04657399,0.47291634,0.886241643,6
D054,O011,2,596,4.175058529,163,0.257766277,0.230369452,0.067376828,1.041013094,24
D054,O012,2,596,4.175058529,121,0.018977159,0.042108472,0.106166432,0.634587855,7
D054,O013,2,596,4.175058529,38,0.13035544,0.200717694,0.465695355,0.90739434,4
D054,O014,2,596,4.175058529,505,0.055050564,0.385744929,0.323573274,0.956197221,126
D054,O015,2,596,4.175058529,369,0.403527677,0.186961283,0.029180542,1.016098144,88
D054,O016,2,596,4.175058529,990,0.188337728,0.211915952,0.403770273,0.683522338,99
D054,O017,2,596,4.175058529,47,0.235947901,0.205558573,0.450421949,0.98550411,1
D054,O018,2,596,4.175058529,128,0.201594351,0.132120615,0.2466657,1.015365814,15
D054,O019,2,596,4.175058529,24,0.431629638,0.254066717,0.253740338,0.934568431,1
D054,O020,2,596,4.175058529,113,0.348269976,0.095285863,0.409466489,0.990902637,28
D054,O021,2,596,4.175058529,35,0.407381528,0.191612689,0.078494355,0.726366674,4
D054,O022,2,596,4.175058529,193,0.265083523,0.114415056,0.48366938,0.770574624,6
D054,O023,2,596,4.175058529,410,0.214451437,0.12789836,0.094002538,0.876090399,34
D054,O024,2,596,4.175058529,109,0.107543079,0.370185632,0.33107989,0.763088384,2
D054,O025,2,596,4.175058529,53,0.129725034,0.023513439,0.022926164,0.647079336,9
D054,O026,2,596,4.175058529,104,0.335746812,0.309055962,0.214783733,0.866605062,9
D054,O027,2,596,4.175058529,120,0.173792118,0.275390581,0.115990185,0.594400816,1
D054,O028,2,596,4.175058529,315,0.161028291,0.149607497,0.243736481,0.836522744,76
D054,O029,2,596,4.175058529,744,0.31398409,0.144642217,0.380464816,1.001095973,47
D054,O030,2,596,4.175058529,96,0.291312931,0.178362873,0.260288981,0.712485371,21
D054,O031,2,596,4.175058529,61,0.375724597,0.298965989,0.344989603,1.023539068,2
D054,O032,2,596,4.175058529,449,0.47407037,0.293964396,0.333868972,0.526716923,86
D054,O033,2,596,4.175058529,28,0.356894295,0.285864598,0.280390934,0.572892371,5
D054,O034,2,596,4.175058529,172,0.339323194,0.106162856,0.193996227,0.976195745,28
D054,O035,2,596,4.175058529,173,0.041159595,0.256897351,0.341435098,0.936656262,22
D054,O036,2,596,4.175058529,83,0.318040863,0.288671609,0.125731933,0.510862581,11
D054,O037,2,596,4.175058529,232,0.083660283,0.374766445,0.463420281,0.901833982,16
D054,O038,2,596,4.175058529,765,0.137328547,0.153890662,0.395745604,0.824092212,73
D054,O039,2,596,4.175058529,48,0.232718262,0.17994217,0.033136716,0.784320075,1
D054,O040,2,596,4.175058529,585,0.392959459,0.39457393,0.498815231,0.847757244,30
D054,O041,2,596,4.175058529,49,0.297735298,0.268205888,0.212580592,0.765018393,7
D054,O042,2,596,4.175058529,533,0.049123846,0.273615249,0.271891148,0.775509181,28
D054,O043,2,596,4.175058529,936,0.154267686,0.332919895,0.389161836,0.694797352,211
D054,O044,2,596,4.175058529,721,0.432376139,0.324925408,0.144007894,0.742867678,148
D054,O045,2,596,4.175058529,692,0.331104768,0.086465045,0.220042135,0.679206917,59
D054,O046,2,596,4.175058529,402,0.241792287,0.134055119,0.264545347,1.045585484,81
D054,O047,2,596,4.175058529,32,0.457593053,0.357426009,0.365235909,0.729886159,4
D054,O048,2,596,4.175058529,45,0.221925977,0.348159922,0.204633474,0.792986797,8
D054,O049,2,596,4.175058529,33,0.068127718,0.327197905,0.351458552,0.638016666,6
D054,O050,2,596,4.175058529,322,0.206052109,0.123509785,0.230258857,0.710466564,78
D054,O051,2,596,4.175058529,264,0.415458501,0.161179135,0.311726789,0.922834621,12
D054,O052,2,596,4.175058529,249,0.293109713,0.381495942,0.29384703,0.500330142,30
D054,O053,2,596,4.175058529,251,0.008437374,0.219704544,0.077608614,0.857828126,11
D054,O054,2,596,4.175058529,70,0.483939677,0.225369653,0.039302168,0.574845385,11
D054,O055,2,596,4.175058529,143,0.09821222,0.163666817,0.285033773,0.601558378,17
D054,O056,2,596,4.175058529,345,0.064149611,0.031223606,0.23904777,0.691855779,21
D054,O057,2,596,4.175058529,100,0.400541493,0.216556949,0.487740957,1.038462113,22
D054,O058,2,596,4.175058529,22,0.090722232,0.036785238,0.101049312,0.663001423,4
D054,O059,2,596,4.175058529,486,0.079431167,0.248195591,0.397292534,0.804788767,76
D054,O060,2,596,4.175058529,273,0.451061182,0.170720182,0.061912147,0.815113055,50
D054,O061,2,596,4.175058529,27,0.381805437,0.01616482,0.491613692,0.675221612,4
D054,O062,2,596,4.175058529,442,0.418928223,0.359834489,0.417321395,0.554105019,34
D054,O063,2,596,4.175058529,159,0.167777479,0.069957712,0.130372357,0.943907134,38
D054,O064,2,596,4.175058529,358,0.061032209,0.305917985,0.455729849,0.927346891,71
D054,O065,2,596,4.175058529,56,0.248866638,0.340199764,0.379559452,0.583546864,5
D054,O066,2,596,4.175058529,149,0.351209323,0.192455527,0.149427886,0.883050134,9
D054,O067,2,596,4.175058529,60,0.359928689,0.02076874,0.174232425,0.648987034,6
D054,O068,2,596,4.175058529,871,0.148525779,0.2389906,0.43126666,0.56330551,22
D054,O069,2,596,4.175058529,600,0.193256125,0.259153683,0.18565311,0.968309469,107
D054,O070,2,596,4.175058529,139,0.286307662,0.0275532,0.151186277,0.734969069,9
D054,O071,2,596,4.175058529,830,0.025772238,0.059916076,0.006124037,0.854259133,1
D054,O072,2,596,4.175058529,41,0.447028226,0.353970092,0.321029628,0.606201119,5
D054,O073,2,596,4.175058529,22,0.099783277,0.097826372,0.112559894,0.548583884,3
D054,O074,2,596,4.175058529,36,0.042568944,0.004280635,0.087293441,0.86728622,3
D054,O075,2,596,4.175058529,31,0.495260113,0.154710174,0.269857669,0.722353565,5
D054,O076,2,596,4.175058529,202,0.209924614,0.319442165,0.171734319,0.667816616,34
D054,O077,2,596,4.175058529,648,0.325153788,0.303515085,0.316930252,0.613107267,97
D054,O078,2,596,4.175058529,379,0.223960723,0.064878079,0.224272393,0.840645589,80
D054,O079,2,596,4.175058529,65,0.075519811,0.282963886,0.299403793,0.51375586,9
D054,O080,2,596,4.175058529,206,0.124478381,0.390952102,0.159201992,0.812430792,3
D054,O081,2,596,4.175058529,229,0.311863322,0.040757227,0.190953924,0.52059127,6
D054,O082,2,596,4.175058529,630,0.267185735,0.363424574,0.305398084,0.528725737,144
D054,O083,2,596,4.175058529,89,0.002629244,0.11891721,0.012340148,0.799263288,13
D054,O084,2,596,4.175058529,797,0.372992677,0.000386491,0.00152113,0.993396916,169
D054,O085,2,596,4.175058529,66,0.183976656,0.236269207,0.120756181,0.591017322,11
D054,O086,2,596,4.175058529,135,0.469888219,0.056365997,0.043821459,0.952586866,28
D054,O087,2,596,4.175058529,23,0.111840401,0.071296914,0.089679808,0.791166307,2
D054,O088,2,596,4.175058529,74,0.028069089,0.054085246,0.202673962,0.619616712,14
D054,O089,2,596,4.175058529,55,0.492105028,0.101006081,0.474810428,0.657444473,6
D054,O090,2,596,4.175058529,285,0.03434851,0.377557012,0.057284121,0.757204241,14
D054,O091,2,596,4.175058529,85,0.181583703,0.224320695,0.138841885,0.830164928,8
D054,O092,2,596,4.175058529,303,0.442706311,0.172267227,0.436491903,0.897895329,53
D054,O093,2,596,4.175058529,25,0.276275035,0.078153424,0.291384582,0.958605081,1
D054,O094,2,596,4.175058529,888,0.302089761,0.091469055,0.358945917,0.915650339,193
D054,O095,2,596,4.175058529,29,0.365502327,0.314203797,0.177999519,0.631365154,3
D054,O096,2,596,4.175058529,91,0.16170145,0.264353919,0.069555674,0.545005585,20
D055,O001,5,813,0.369960103,184,0.252173292,0.345006223,0.414518539,1.008029851,43
D055,O002,5,813,0.369960103,71,0.386957289,0.33590604,0.423756547,1.030814136,16
D055,O003,5,813,0.369960103,43,0.48531049,0.109844006,0.373132887,0.562934186,5
D055,O004,5,813,0.369960103,544,0.015441285,0.39993713,0.047767101,0.621494583,12
D055,O005,5,813,0.369960103,472,0.458927508,0.08115278,0.018055532,0.751825682,8
D055,O006,5,813,0.369960103,26,0.466438896,0.19990199,0.36047691,0.537345538,5
D055,O007,5,813,0.369960103,20,0.141130372,0.138764594,0.166622366,0.974703346,2
D055,O008,5,813,0.369960103,217,0.118365868,0.010264005,0.438577644,0.70421183,4
D055,O009,5,813,0.369960103,39,0.272204984,0.243100415,0.446678,0.893215891,1
D055,O010,5,813,0.369960103,78,0.42428609,0.04657399,0.47291634,0.886241643,6
D055,O011,5,813,0.369960103,163,0.257766277,0.230369452,0.067376828,1.041013094,24
D055,O012,5,813,0.369960103,121,0.018977159,0.042108472,0.106166432,0.634587855,7
D055,O013,5,813,0.369960103,38,0.13035544,0.200717694,0.465695355,0.90739434,4
D055,O014,5,813,0.369960103,505,0.055050564,0.385744929,0.323573274,0.956197221,126
D055,O015,5,813,0.369960103,369,0.403527677,0.186961283,0.029180542,1.016098144,88
D055,O016,5,813,0.369960103,990,0.188337728,0.211915952,0.403770273,0.683522338,99
D055,O017,5,813,0.369960103,47,0.235947901,0.205558573,0.450421949,0.98550411,1
D055,O018,5,813,0.369960103,128,0.201594351,0.132120615,0.2466657,1.015365814,15
D055,O019,5,813,0.369960103,24,0.431629638,0.254066717,0.253740338,0.934568431,1
D055,O020,5,813,0.369960103,113,0.348269976,0.095285863,0.409466489,0.990902637,28
D055,O021,5,813,0.369960103,35,0.407381528,0.191612689,0.078494355,0.726366674,4
D055,O022,5,813,0.369960103,193,0.265083523,0.114415056,0.48366938,0.770574624,6
D055,O023,5,813,0.369960103,410,0.214451437,0.12789836,0.094002538,0.876090399,34
D055,O024,5,813,0.369960103,109,0.107543079,0.370185632,0.33107989,0.763088384,2
D055,O025,5,813,0.369960103,53,0.129725034,0.023513439,0.022926164,0.647079336,9
D055,O026,5,813,0.369960103,104,0.335746812,0.309055962,0.214783733,0.866605062,9
D055,O027,5,813,0.369960103,120,0.173792118,0.275390581,0.115990185,0.594400816,1
D055,O028,5,813,0.369960103,315,0.161028291,0.149607497,0.243736481,0.836522744,76
D055,O029,5,813,0.369960103,744,0.31398409,0.144642217,0.380464816,1.001095973,47
D055,O030,5,813,0.369960103,96,0.291312931,0.178362873,0.260288981,0.712485371,21
D055,O031,5,813,0.369960103,61,0.375724597,0.298965989,0.344989603,1.023539068,2
D055,O032,5,813,0.369960103,449,0.47407037,0.293964396,0.333868972,0.526716923,86
D055,O033,5,813,0.369960103,28,0.356894295,0.285864598,0.280390934,0.572892371,5
D055,O034,5,813,0.369960103,172,0.339323194,0.106162856,0.193996227,0.976195745,28
D055,O035,5,813,0.369960103,173,0.041159595,0.256897351,0.341435098,0.936656262,22
D055,O036,5,813,0.369960103,83,0.318040863,0.288671609,0.125731933,0.510862581,11
D055,O037,5,813,0.369960103,232,0.083660283,0.374766445,0.463420281,0.901833982,16
D055,O038,5,813,0.369960103,765,0.137328547,0.153890662,0.395745604,0.824092212,73
D055,O039,5,813,0.369960103,48,0.232718262,0.17994217,0.033136716,0.784320075,1
D055,O040,5,813,0.369960103,585,0.392959459,0.39457393,0.498815231,0.847757244,30
D055,O041,5,813,0.369960103,49,0.297735298,0.268205888,0.212580592,0.765018393,7
D055,O042,5,813,0.369960103,533,0.049123846,0.273615249,0.271891148,0.775509181,28
D055,O043,5,813,0.369960103,936,0.154267686,0.332919895,0.389161836,0.694797352,211
D055,O044,5,813,0.369960103,721,0.432376139,0.324925408,0.144007894,0.742867678,148
D055,O045,5,813,0.369960103,692,0.331104768,0.086465045,0.220042135,0.679206917,59
D055,O046,5,813,0.369960103,402,0.241792287,0.134055119,0.264545347,1.045585484,81
D055,O047,5,813,0.369960103,32,0.457593053,0.357426009,0.365235909,0.729886159,4
D055,O048,5,813,0.369960103,45,0.221925977,0.348159922,0.204633474,0.792986797,8
D055,O049,5,813,0.369960103,33,0.068127718,0.327197905,0.351458552,0.638016666,6
D055,O050,5,813,0.369960103,322,0.206052109,0.123509785,0.230258857,0.710466564,78
D055,O051,5,813,0.369960103,264,0.415458501,0.161179135,0.311726789,0.922834621,12
D055,O052,5,813,0.369960103,249,0.293109713,0.381495942,0.29384703,0.500330142,30
D055,O053,5,813,0.369960103,251,0.008437374,0.219704544,0.077608614,0.857828126,11
D055,O054,5,813,0.369960103,70,0.483939677,0.225369653,0.039302168,0.574845385,11
D055,O055,5,813,0.369960103,143,0.09821222,0.163666817,0.285033773,0.601558378,17
D055,O056,5,813,0.369960103,345,0.064149611,0.031223606,0.23904777,0.691855779,21
D055,O057,5,813,0.369960103,100,0.400541493,0.216556949,0.487740957,1.038462113,22
D055,O058,5,813,0.369960103,22,0.090722232,0.036785238,0.101049312,0.663001423,4
D055,O059,5,813,0.369960103,486,0.079431167,0.248195591,0.397292534,0.804788767,76
D055,O060,5,813,0.369960103,273,0.451061182,0.170720182,0.061912147,0.815113055,50
D055,O061,5,813,0.369960103,27,0.381805437,0.01616482,0.491613692,0.675221612,4
D055,O062,5,813,0.369960103,442,0.418928223,0.359834489,0.417321395,0.554105019,34
D055,O063,5,813,0.369960103,159,0.167777479,0.069957712,0.130372357,0.943907134,38
D055,O064,5,813,0.369960103,358,0.061032209,0.305917985,0.455729849,0.927346891,71
D055,O065,5,813,0.369960103,56,0.248866638,0.340199764,0.379559452,0.583546864,5
D055,O066,5,813,0.369960103,149,0.351209323,0.192455527,0.149427886,0.883050134,9
D055,O067,5,813,0.369960103,60,0.359928689,0.02076874,0.174232425,0.648987034,6
D055,O068,5,813,0.369960103,871,0.148525779,0.2389906,0.43126666,0.56330551,22
D055,O069,5,813,0.369960103,600,0.193256125,0.259153683,0.18565311,0.968309469,107
D055,O070,5,813,0.369960103,139,0.286307662,0.0275532,0.151186277,0.734969069,9
D055,O071,5,813,0.369960103,830,0.025772238,0.059916076,0.006124037,0.854259133,1
D055,O072,5,813,0.369960103,41,0.447028226,0.353970092,0.321029628,0.606201119,5
D055,O073,5,813,0.369960103,22,0.099783277,0.097826372,0.112559894,0.548583884,3
D055,O074,5,813,0.369960103,36,0.042568944,0.004280635,0.087293441,0.86728622,3
D055,O075,5,813,0.369960103,31,0.495260113,0.154710174,0.269857669,0.722353565,5
D055,O076,5,813,0.369960103,202,0.209924614,0.319442165,0.171734319,0.667816616,34
D055,O077,5,813,0.369960103,648,0.325153788,0.303515085,0.316930252,0.613107267,97
D055,O078,5,813,0.369960103,379,0.223960723,0.064878079,0.224272393,0.840645589,80
D055,O079,5,813,0.369960103,65,0.075519811,0.282963886,0.299403793,0.51375586,9
D055,O080,5,813,0.369960103,206,0.124478381,0.390952102,0.159201992,0.812430792,3
D055,O081,5,813,0.369960103,229,0.311863322,0.040757227,0.190953924,0.52059127,6
D055,O082,5,813,0.369960103,630,0.267185735,0.363424574,0.305398084,0.528725737,144
D055,O083,5,813,0.369960103,89,0.002629244,0.11891721,0.012340148,0.799263288,13
D055,O084,5,813,0.369960103,797,0.372992677,0.000386491,0.00152113,0.993396916,169
D055,O085,5,813,0.369960103,66,0.183976656,0.236269207,0.120756181,0.591017322,11
D055,O086,5,813,0.369960103,135,0.469888219,0.056365997,0.043821459,0.952586866,28
D055,O087,5,813,0.369960103,23,0.111840401,0.071296914,0.089679808,0.791166307,2
D055,O088,5,813,0.369960103,74,0.028069089,0.054085246,0.202673962,0.619616712,14
D055,O089,5,813,0.369960103,55,0.492105028,0.101006081,0.474810428,0.657444473,6
D055,O090,5,813,0.369960103,285,0.03434851,0.377557012,0.057284121,0.757204241,14
D055,O091,5,813,0.369960103,85,0.181583703,0.224320695,0.138841885,0.830164928,8
D055,O092,5,813,0.369960103,303,0.442706311,0.172267227,0.436491903,0.897895329,53
D055,O093,5,813,0.369960103,25,0.276275035,0.078153424,0.291384582,0.958605081,1
D055,O094,5,813,0.369960103,888,0.302089761,0.091469055,0.358945917,0.915650339,193
D055,O095,5,813,0.369960103,29,0.365502327,0.314203797,0.177999519,0.631365154,3
D055,O096,5,813,0.369960103,91,0.16170145,0.264353919,0.069555674,0.545005585,20
D056,O001,8,119,4.76031618,184,0.252173292,0.345006223,0.414518539,1.008029851,43
D056,O002,8,119,4.76031618,71,0.386957289,0.33590604,0.423756547,1.030814136,16
D056,O003,8,119,4.76031618,43,0.48531049,0.109844006,0.373132887,0.562934186,5
D056,O004,8,119,4.76031618,544,0.015441285,0.39993713,0.047767101,0.621494583,12
D056,O005,8,119,4.76031618,472,0.458927508,0.08115278,0.018055532,0.751825682,8
D056,O006,8,119,4.76031618,26,0.466438896,0.19990199,0.36047691,0.537345538,5
D056,O007,8,119,4.76031618,20,0.141130372,0.138764594,0.166622366,0.974703346,2
D056,O008,8,119,4.76031618,217,0.118365868,0.010264005,0.438577644,0.70421183,4
D056,O009,8,119,4.76031618,39,0.272204984,0.243100415,0.446678,0.893215891,1
D056,O010,8,119,4.76031618,78,0.42428609,0.04657399,0.47291634,0.886241643,6
D056,O011,8,119,4.76031618,163,0.257766277,0.230369452,0.067376828,1.041013094,24
D056,O012,8,119,4.76031618,121,0.018977159,0.042108472,0.106166432,0.634587855,7
D056,O013,8,119,4.76031618,38,0.13035544,0.200717694,0.465695355,0.90739434,4
D056,O014,8,119,4.76031618,505,0.055050564,0.385744929,0.323573274,0.956197221,126
D056,O015,8,119,4.76031618,369,0.403527677,0.186961283,0.029180542,1.016098144,88
D056,O016,8,119,4.76031618,990,0.188337728,0.211915952,0.403770273,0.683522338,99
D056,O017,8,119,4.76031618,47,0.235947901,0.205558573,0.450421949,0.98550411,1
D056,O018,8,119,4.76031618,128,0.201594351,0.132120615,0.2466657,1.015365814,15
D056,O019,8,119,4.76031618,24,0.431629638,0.254066717,0.253740338,0.934568431,1
D056,O020,8,119,4.76031618,113,0.348269976,0.095285863,0.409466489,0.990902637,28
D056,O021,8,119,4.76031618,35,0.407381528,0.191612689,0.078494355,0.726366674,4
D056,O022,8,119,4.76031618,193,0.265083523,0.114415056,0.48366938,0.770574624,6
D056,O023,8,119,4.76031618,410,0.214451437,0.12789836,0.094002538,0.876090399,34
D056,O024,8,119,4.76031618,109,0.107543079,0.370185632,0.33107989,0.763088384,2
D056,O025,8,119,4.76031618,53,0.129725034,0.023513439,0.022926164,0.647079336,9
D056,O026,8,119,4.76031618,104,0.335746812,0.309055962,0.214783733,0.866605062,9
D056,O027,8,119,4.76031618,120,0.173792118,0.275390581,0.115990185,0.594400816,1
D056,O028,8,119,4.76031618,315,0.161028291,0.149607497,0.243736481,0.836522744,76
D056,O029,8,119,4.76031618,744,0.31398409,0.144642217,0.380464816,1.001095973,47
D056,O030,8,119,4.76031618,96,0.291312931,0.178362873,0.260288981,0.712485371,21
D056,O031,8,119,4.76031618,61,0.375724597,0.298965989,0.344989603,1.023539068,2
D056,O032,8,119,4.76031618,449,0.47407037,0.293964396,0.333868972,0.526716923,86
D056,O033,8,119,4.76031618,28,0.356894295,0.285864598,0.280390934,0.572892371,5
D056,O034,8,119,4.76031618,172,0.339323194,0.106162856,0.193996227,0.976195745,28
D056,O035,8,119,4.76031618,173,0.041159595,0.256897351,0.341435098,0.936656262,22
D056,O036,8,119,4.76031618,83,0.318040863,0.288671609,0.125731933,0.510862581,11
D056,O037,8,119,4.76031618,232,0.083660283,0.374766445,0.463420281,0.901833982,16
D056,O038,8,119,4.76031618,765,0.137328547,0.153890662,0.395745604,0.824092212,73
D056,O039,8,119,4.76031618,48,0.232718262,0.17994217,0.033136716,0.784320075,1
D056,O040,8,119,4.76031618,585,0.392959459,0.39457393,0.498815231,0.847757244,30
D056,O041,8,119,4.76031618,49,0.297735298,0.268205888,0.212580592,0.765018393,7
D056,O042,8,119,4.76031618,533,0.049123846,0.273615249,0.271891148,0.775509181,28
D056,O043,8,119,4.76031618,936,0.154267686,0.332919895,0.389161836,0.694797352,211
D056,O044,8,119,4.76031618,721,0.432376139,0.324925408,0.144007894,0.742867678,148
D056,O045,8,119,4.76031618,692,0.331104768,0.086465045,0.220042135,0.679206917,59
D056,O046,8,119,4.76031618,402,0.241792287,0.134055119,0.264545347,1.045585484,81
D056,O047,8,119,4.76031618,32,0.457593053,0.357426009,0.365235909,0.729886159,4
D056,O048,8,119,4.76031618,45,0.221925977,0.348159922,0.204633474,0.792986797,8
D056,O049,8,119,4.76031618,33,0.068127718,0.327197905,0.351458552,0.638016666,6
D056,O050,8,119,4.76031618,322,0.206052109,0.123509785,0.230258857,0.710466564,78
D056,O051,8,119,4.76031618,264,0.415458501,0.161179135,0.311726789,0.922834621,12
D056,O052,8,119,4.76031618,249,0.293109713,0.381495942,0.29384703,0.500330142,30
D056,O053,8,119,4.76031618,251,0.008437374,0.219704544,0.077608614,0.857828126,11
D056,O054,8,119,4.76031618,70,0.483939677,0.225369653,0.039302168,0.574845385,11
D056,O055,8,119,4.76031618,143,0.09821222,0.163666817,0.285033773,0.601558378,17
D056,O056,8,119,4.76031618,345,0.064149611,0.031223606,0.23904777,0.691855779,21
D056,O057,8,119,4.76031618,100,0.400541493,0.216556949,0.487740957,1.038462113,22
D056,O058,8,119,4.76031618,22,0.090722232,0.036785238,0.101049312,0.663001423,4
D056,O059,8,119,4.76031618,486,0.079431167,0.248195591,0.397292534,0.804788767,76
D056,O060,8,119,4.76031618,273,0.451061182,0.170720182,0.061912147,0.815113055,50
D056,O061,8,119,4.76031618,27,0.381805437,0.01616482,0.491613692,0.675221612,4
D056,O062,8,119,4.76031618,442,0.418928223,0.359834489,0.417321395,0.554105019,34
D056,O063,8,119,4.76031618,159,0.167777479,0.069957712,0.130372357,0.943907134,38
D056,O064,8,119,4.76031618,358,0.061032209,0.305917985,0.455729849,0.927346891,71
D056,O065,8,119,4.76031618,56,0.248866638,0.340199764,0.379559452,0.583546864,5
D056,O066,8,119,4.76031618,149,0.351209323,0.192455527,0.149427886,0.883050134,9
D056,O067,8,119,4.76031618,60,0.359928689,0.02076874,0.174232425,0.648987034,6
D056,O068,8,119,4.76031618,871,0.148525779,0.2389906,0.43126666,0.56330551,22
D056,O069,8,119,4.76031618,600,0.193256125,0.259153683,0.18565311,0.968309469,107
D056,O070,8,119,4.76031618,139,0.286307662,0.0275532,0.151186277,0.734969069,9
D056,O071,8,119,4.76031618,830,0.025772238,0.059916076,0.006124037,0.854259133,1
D056,O072,8,119,4.76031618,41,0.447028226,0.353970092,0.321029628,0.606201119,5
D056,O073,8,119,4.76031618,22,0.099783277,0.097826372,0.112559894,0.548583884,3
D056,O074,8,119,4.76031618,36,0.042568944,0.004280635,0.087293441,0.86728622,3
D056,O075,8,119,4.76031618,31,0.495260113,0.154710174,0.269857669,0.722353565,5
D056,O076,8,119,4.76031618,202,0.209924614,0.319442165,0.171734319,0.667816616,34
D056,O077,8,119,4.76031618,648,0.325153788,0.303515085,0.316930252,0.613107267,97
D056,O078,8,119,4.76031618,379,0.223960723,0.064878079,0.224272393,0.840645589,80
D056,O079,8,119,4.76031618,65,0.075519811,0.282963886,0.299403793,0.51375586,9
D056,O080,8,119,4.76031618,206,0.124478381,0.390952102,0.159201992,0.812430792,3
D056,O081,8,119,4.76031618,229,0.311863322,0.040757227,0.190953924,0.52059127,6
D056,O082,8,119,4.76031618,630,0.267185735,0.363424574,0.305398084,0.528725737,144
D056,O083,8,119,4.76031618,89,0.002629244,0.11891721,0.012340148,0.799263288,13
D056,O084,8,119,4.76031618,797,0.372992677,0.000386491,0.00152113,0.993396916,169
D056,O085,8,119,4.76031618,66,0.183976656,0.236269207,0.120756181,0.591017322,11
D056,O086,8,119,4.76031618,135,0.469888219,0.056365997,0.043821459,0.952586866,28
D056,O087,8,119,4.76031618,23,0.111840401,0.071296914,0.089679808,0.791166307,2
D056,O088,8,119,4.76031618,74,0.028069089,0.054085246,0.202673962,0.619616712,14
D056,O089,8,119,4.76031618,55,0.492105028,0.101006081,0.474810428,0.657444473,6
D056,O090,8,119,4.76031618,285,0.03434851,0.377557012,0.057284121,0.757204241,14
D056,O091,8,119,4.76031618,85,0.181583703,0.224320695,0.138841885,0.830164928,8
D056,O092,8,119,4.76031618,303,0.442706311,0.172267227,0.436491903,0.897895329,53
D056,O093,8,119,4.76031618,25,0.276275035,0.078153424,0.291384582,0.958605081,1
D056,O094,8,119,4.76031618,888,0.302089761,0.091469055,0.358945917,0.915650339,193
D056,O095,8,119,4.76031618,29,0.365502327,0.314203797,0.177999519,0.631365154,3
D056,O096,8,119,4.76031618,91,0.16170145,0.264353919,0.069555674,0.545005585,20
D057,O001,6,245,0.458656858,184,0.252173292,0.345006223,0.414518539,1.008029851,43
D057,O002,6,245,0.458656858,71,0.386957289,0.33590604,0.423756547,1.030814136,16
D057,O003,6,245,0.458656858,43,0.48531049,0.109844006,0.373132887,0.562934186,5
D057,O004,6,245,0.458656858,544,0.015441285,0.39993713,0.047767101,0.621494583,12
D057,O005,6,245,0.458656858,472,0.458927508,0.08115278,0.018055532,0.751825682,8
D057,O006,6,245,0.458656858,26,0.466438896,0.19990199,0.36047691,0.537345538,5
D057,O007,6,245,0.458656858,20,0.141130372,0.138764594,0.166622366,0.974703346,2
D057,O008,6,245,0.458656858,217,0.118365868,0.010264005,0.438577644,0.70421183,4
D057,O009,6,245,0.458656858,39,0.272204984,0.243100415,0.446678,0.893215891,1
D057,O010,6,245,0.458656858,78,0.42428609,0.04657399,0.47291634,0.886241643,6
D057,O011,6,245,0.458656858,163,0.257766277,0.230369452,0.067376828,1.041013094,24
D057,O012,6,245,0.458656858,121,0.018977159,0.042108472,0.106166432,0.634587855,7
D057,O013,6,245,0.458656858,38,0.13035544,0.200717694,0.465695355,0.90739434,4
D057,O014,6,245,0.458656858,505,0.055050564,0.385744929,0.323573274,0.956197221,126
D057,O015,6,245,0.458656858,369,0.403527677,0.186961283,0.029180542,1.016098144,88
D057,O016,6,245,0.458656858,990,0.188337728,0.211915952,0.403770273,0.683522338,99
D057,O017,6,245,0.458656858,47,0.235947901,0.205558573,0.450421949,0.98550411,1
D057,O018,6,245,0.458656858,128,0.201594351,0.132120615,0.2466657,1.015365814,15
D057,O019,6,245,0.458656858,24,0.431629638,0.254066717,0.253740338,0.934568431,1
D057,O020,6,245,0.458656858,113,0.348269976,0.095285863,0.409466489,0.990902637,28
D057,O021,6,245,0.458656858,35,0.407381528,0.191612689,0.078494355,0.726366674,4
D057,O022,6,245,0.458656858,193,0.265083523,0.114415056,0.48366938,0.770574624,6
D057,O023,6,245,0.458656858,410,0.214451437,0.12789836,0.094002538,0.876090399,34
D057,O024,6,245,0.458656858,109,0.107543079,0.370185632,0.33107989,0.763088384,2
D057,O025,6,245,0.458656858,53,0.129725034,0.023513439,0.022926164,0.647079336,9
D057,O026,6,245,0.458656858,104,0.335746812,0.309055962,0.214783733,0.866605062,9
D057,O027,6,245,0.458656858,120,0.173792118,0.275390581,0.115990185,0.594400816,1
D057,O028,6,245,0.458656858,315,0.161028291,0.149607497,0.243736481,0.836522744,76
D057,O029,6,245,0.458656858,744,0.31398409,0.144642217,0.380464816,1.001095973,47
D057,O030,6,245,0.458656858,96,0.291312931,0.178362873,0.260288981,0.712485371,21
D057,O031,6,245,0.458656858,61,0.375724597,0.298965989,0.344989603,1.023539068,2
D057,O032,6,245,0.458656858,449,0.47407037,0.293964396,0.333868972,0.526716923,86
D057,O033,6,245,0.458656858,28,0.356894295,0.285864598,0.280390934,0.572892371,5
D057,O034,6,245,0.458656858,172,0.339323194,0.106162856,0.193996227,0.976195745,28
D057,O035,6,245,0.458656858,173,0.041159595,0.256897351,0.341435098,0.936656262,22
D057,O036,6,245,0.458656858,83,0.318040863,0.288671609,0.125731933,0.510862581,11
D057,O037,6,245,0.458656858,232,0.083660283,0.374766445,0.463420281,0.901833982,16
D057,O038,6,245,0.458656858,765,0.137328547,0.153890662,0.395745604,0.824092212,73
D057,O039,6,245,0.458656858,48,0.232718262,0.17994217,0.033136716,0.784320075,1
D057,O040,6,245,0.458656858,585,0.392959459,0.39457393,0.498815231,0.847757244,30
D057,O041,6,245,0.458656858,49,0.297735298,0.268205888,0.212580592,0.765018393,7
D057,O042,6,245,0.458656858,533,0.049123846,0.273615249,0.271891148,0.775509181,28
D057,O043,6,245,0.458656858,936,0.154267686,0.332919895,0.389161836,0.694797352,211
D057,O044,6,245,0.458656858,721,0.432376139,0.324925408,0.144007894,0.742867678,148
D057,O045,6,245,0.458656858,692,0.331104768,0.086465045,0.220042135,0.679206917,59
D057,O046,6,245,0.458656858,402,0.241792287,0.134055119,0.264545347,1.045585484,81
D057,O047,6,245,0.458656858,32,0.457593053,0.357426009,0.365235909,0.729886159,4
D057,O048,6,245,0.458656858,45,0.221925977,0.348159922,0.204633474,0.792986797,8
D057,O049,6,245,0.458656858,33,0.068127718,0.327197905,0.351458552,0.638016666,6
D057,O050,6,245,0.458656858,322,0.206052109,0.123509785,0.230258857,0.710466564,78
D057,O051,6,245,0.458656858,264,0.415458501,0.161179135,0.311726789,0.922834621,12
D057,O052,6,245,0.458656858,249,0.293109713,0.381495942,0.29384703,0.500330142,30
D057,O053,6,245,0.458656858,251,0.008437374,0.219704544,0.077608614,0.857828126,11
D057,O054,6,245,0.458656858,70,0.483939677,0.225369653,0.039302168,0.574845385,11
D057,O055,6,245,0.458656858,143,0.09821222,0.163666817,0.285033773,0.601558378,17
D057,O056,6,245,0.458656858,345,0.064149611,0.031223606,0.23904777,0.691855779,21
D057,O057,6,245,0.458656858,100,0.400541493,0.216556949,0.487740957,1.038462113,22
D057,O058,6,245,0.458656858,22,0.090722232,0.036785238,0.101049312,0.663001423,4
D057,O059,6,245,0.458656858,486,0.079431167,0.248195591,0.397292534,0.804788767,76
D057,O060,6,245,0.458656858,273,0.451061182,0.170720182,0.061912147,0.815113055,50
D057,O061,6,245,0.458656858,27,0.381805437,0.01616482,0.491613692,0.675221612,4
D057,O062,6,245,0.458656858,442,0.418928223,0.359834489,0.417321395,0.554105019,34
D057,O063,6,245,0.458656858,159,0.167777479,0.069957712,0.130372357,0.943907134,38
D057,O064,6,245,0.458656858,358,0.061032209,0.305917985,0.455729849,0.927346891,71
D057,O065,6,245,0.458656858,56,0.248866638,0.340199764,0.379559452,0.583546864,5
D057,O066,6,245,0.458656858,149,0.351209323,0.192455527,0.149427886,0.883050134,9
D057,O067,6,245,0.458656858,60,0.359928689,0.02076874,0.174232425,0.648987034,6
D057,O068,6,245,0.458656858,871,0.148525779,0.2389906,0.43126666,0.56330551,22
D057,O069,6,245,0.458656858,600,0.193256125,0.259153683,0.18565311,0.968309469,107
D057,O070,6,245,0.458656858,139,0.286307662,0.0275532,0.151186277,0.734969069,9
D057,O071,6,245,0.458656858,830,0.025772238,0.059916076,0.006124037,0.854259133,1
D057,O072,6,245,0.458656858,41,0.447028226,0.353970092,0.321029628,0.606201119,5
D057,O073,6,245,0.458656858,22,0.099783277,0.097826372,0.112559894,0.548583884,3
D057,O074,6,245,0.458656858,36,0.042568944,0.004280635,0.087293441,0.86728622,3
D057,O075,6,245,0.458656858,31,0.495260113,0.154710174,0.269857669,0.722353565,5
D057,O076,6,245,0.458656858,202,0.209924614,0.319442165,0.171734319,0.667816616,34
D057,O077,6,245,0.458656858,648,0.325153788,0.303515085,0.316930252,0.613107267,97
D057,O078,6,245,0.458656858,379,0.223960723,0.064878079,0.224272393,0.840645589,80
D057,O079,6,245,0.458656858,65,0.075519811,0.282963886,0.299403793,0.51375586,9
D057,O080,6,245,0.458656858,206,0.124478381,0.390952102,0.159201992,0.812430792,3
D057,O081,6,245,0.458656858,229,0.311863322,0.040757227,0.190953924,0.52059127,6
D057,O082,6,245,0.458656858,630,0.267185735,0.363424574,0.305398084,0.528725737,144
D057,O083,6,245,0.458656858,89,0.002629244,0.11891721,0.012340148,0.799263288,13
D057,O084,6,245,0.458656858,797,0.372992677,0.000386491,0.00152113,0.993396916,169
D057,O085,6,245,0.458656858,66,0.183976656,0.236269207,0.120756181,0.591017322,11
D057,O086,6,245,0.458656858,135,0.469888219,0.056365997,0.043821459,0.952586866,28
D057,O087,6,245,0.458656858,23,0.111840401,0.071296914,0.089679808,0.791166307,2
D057,O088,6,245,0.458656858,74,0.028069089,0.054085246,0.202673962,0.619616712,14
D057,O089,6,245,0.458656858,55,0.492105028,0.101006081,0.474810428,0.657444473,6
D057,O090,6,245,0.458656858,285,0.03434851,0.377557012,0.057284121,0.757204241,14
D057,O091,6,245,0.458656858,85,0.181583703,0.224320695,0.138841885,0.830164928,8
D057,O092,6,245,0.458656858,303,0.442706311,0.172267227,0.436491903,0.897895329,53
D057,O093,6,245,0.458656858,25,0.276275035,0.078153424,0.291384582,0.958605081,1
D057,O094,6,245,0.458656858,888,0.302089761,0.091469055,0.358945917,0.915650339,193
D057,O095,6,245,0.458656858,29,0.365502327,0.314203797,0.177999519,0.631365154,3
D057,O096,6,245,0.458656858,91,0.16170145,0.264353919,0.069555674,0.545005585,20
D058,O001,5,730,0.523579254,184,0.252173292,0.345006223,0.414518539,1.008029851,43
D058,O002,5,730,0.523579254,71,0.386957289,0.33590604,0.423756547,1.030814136,16
D058,O003,5,730,0.523579254,43,0.48531049,0.109844006,0.373132887,0.562934186,5
D058,O004,5,730,0.523579254,544,0.015441285,0.39993713,0.047767101,0.621494583,12
D058,O005,5,730,0.523579254,472,0.458927508,0.08115278,0.018055532,0.751825682,8
D058,O006,5,730,0.523579254,26,0.466438896,0.19990199,0.36047691,0.537345538,5
D058,O007,5,730,0.523579254,20,0.141130372,0.138764594,0.166622366,0.974703346,2
D058,O008,5,730,0.523579254,217,0.118365868,0.010264005,0.438577644,0.70421183,4
D058,O009,5,730,0.523579254,39,0.272204984,0.243100415,0.446678,0.893215891,1
D058,O010,5,730,0.523579254,78,0.42428609,0.04657399,0.47291634,0.886241643,6
D058,O011,5,730,0.523579254,163,0.257766277,0.230369452,0.067376828,1.041013094,24
D058,O012,5,730,0.523579254,121,0.018977159,0.042108472,0.106166432,0.634587855,7
D058,O013,5,730,0.523579254,38,0.13035544,0.200717694,0.465695355,0.90739434,4
D058,O014,5,730,0.523579254,505,0.055050564,0.385744929,0.323573274,0.956197221,126
D058,O015,5,730,0.523579254,369,0.403527677,0.186961283,0.029180542,1.016098144,88
D058,O016,5,730,0.523579254,990,0.188337728,0.211915952,0.403770273,0.683522338,99
D058,O017,5,730,0.523579254,47,0.235947901,0.205558573,0.450421949,0.98550411,1
D058,O018,5,730,0.523579254,128,0.201594351,0.132120615,0.2466657,1.015365814,15
D058,O019,5,730,0.523579254,24,0.431629638,0.254066717,0.253740338,0.934568431,1
D058,O020,5,730,0.523579254,113,0.348269976,0.095285863,0.409466489,0.990902637,28
D058,O021,5,730,0.523579254,35,0.407381528,0.191612689,0.078494355,0.726366674,4
D058,O022,5,730,0.523579254,193,0.265083523,0.114415056,0.48366938,0.770574624,6
D058,O023,5,730,0.523579254,410,0.214451437,0.12789836,0.094002538,0.876090399,34
D058,O024,5,730,0.523579254,109,0.107543079,0.370185632,0.33107989,0.763088384,2
D058,O025,5,730,0.523579254,53,0.129725034,0.023513439,0.022926164,0.647079336,9
D058,O026,5,730,0.523579254,104,0.335746812,0.309055962,0.214783733,0.866605062,9
D058,O027,5,730,0.523579254,120,0.173792118,0.275390581,0.115990185,0.594400816,1
D058,O028,5,730,0.523579254,315,0.161028291,0.149607497,0.243736481,0.836522744,76
D058,O029,5,730,0.523579254,744,0.31398409,0.144642217,0.380464816,1.001095973,47
D058,O030,5,730,0.523579254,96,0.291312931,0.178362873,0.260288981,0.712485371,21
D058,O031,5,730,0.523579254,61,0.375724597,0.298965989,0.344989603,1.023539068,2
D058,O032,5,730,0.523579254,449,0.47407037,0.293964396,0.333868972,0.526716923,86
D058,O033,5,730,0.523579254,28,0.356894295,0.285864598,0.280390934,0.572892371,5
D058,O034,5,730,0.523579254,172,0.339323194,0.106162856,0.193996227,0.976195745,28
D058,O035,5,730,0.523579254,173,0.041159595,0.256897351,0.341435098,0.936656262,22
D058,O036,5,730,0.523579254,83,0.318040863,0.288671609,0.125731933,0.510862581,11
D058,O037,5,730,0.523579254,232,0.083660283,0.374766445,0.463420281,0.901833982,16
D058,O038,5,730,0.523579254,765,0.137328547,0.153890662,0.395745604,0.824092212,73
D058,O039,5,730,0.523579254,48,0.232718262,0.17994217,0.033136716,0.784320075,1
D058,O040,5,730,0.523579254,585,0.392959459,0.39457393,0.498815231,0.847757244,30
D058,O041,5,730,0.523579254,49,0.297735298,0.268205888,0.212580592,0.765018393,7
D058,O042,5,730,0.523579254,533,0.049123846,0.273615249,0.271891148,0.775509181,28
D058,O043,5,730,0.523579254,936,0.154267686,0.332919895,0.389161836,0.694797352,211
D058,O044,5,730,0.523579254,721,0.432376139,0.324925408,0.144007894,0.742867678,148
D058,O045,5,730,0.523579254,692,0.331104768,0.086465045,0.220042135,0.679206917,59
D058,O046,5,730,0.523579254,402,0.241792287,0.134055119,0.264545347,1.045585484,81
D058,O047,5,730,0.523579254,32,0.457593053,0.357426009,0.365235909,0.729886159,4
D058,O048,5,730,0.523579254,45,0.221925977,0.348159922,0.204633474,0.792986797,8
D058,O049,5,730,0.523579254,33,0.068127718,0.327197905,0.351458552,0.638016666,6
D058,O050,5,730,0.523579254,322,0.206052109,0.123509785,0.230258857,0.710466564,78
D058,O051,5,730,0.523579254,264,0.415458501,0.161179135,0.311726789,0.922834621,12
D058,O052,5,730,0.523579254,249,0.293109713,0.381495942,0.29384703,0.500330142,30
D058,O053,5,730,0.523579254,251,0.008437374,0.219704544,0.077608614,0.857828126,11
D058,O054,5,730,0.523579254,70,0.483939677,0.225369653,0.039302168,0.574845385,11
D058,O055,5,730,0.523579254,143,0.09821222,0.163666817,0.285033773,0.601558378,17
D058,O056,5,730,0.523579254,345,0.064149611,0.031223606,0.23904777,0.691855779,21
D058,O057,5,730,0.523579254,100,0.400541493,0.216556949,0.487740957,1.038462113,22
D058,O058,5,730,0.523579254,22,0.090722232,0.036785238,0.101049312,0.663001423,4
D058,O059,5,730,0.523579254,486,0.079431167,0.248195591,0.397292534,0.804788767,76
D058,O060,5,730,0.523579254,273,0.451061182,0.170720182,0.061912147,0.815113055,50
D058,O061,5,730,0.523579254,27,0.381805437,0.01616482,0.491613692,0.675221612,4
D058,O062,5,730,0.523579254,442,0.418928223,0.359834489,0.417321395,0.554105019,34
D058,O063,5,730,0.523579254,159,0.167777479,0.069957712,0.130372357,0.943907134,38
D058,O064,5,730,0.523579254,358,0.061032209,0.305917985,0.455729849,0.927346891,71
D058,O065,5,730,0.523579254,56,0.248866638,0.340199764,0.379559452,0.583546864,5
D058,O066,5,730,0.523579254,149,0.351209323,0.192455527,0.149427886,0.883050134,9
D058,O067,5,730,0.523579254,60,0.359928689,0.02076874,0.174232425,0.648987034,6
D058,O068,5,730,0.523579254,871,0.148525779,0.2389906,0.43126666,0.56330551,22
D058,O069,5,730,0.523579254,600,0.193256125,0.259153683,0.18565311,0.968309469,107
D058,O070,5,730,0.523579254,139,0.286307662,0.0275532,0.151186277,0.734969069,9
D058,O071,5,730,0.523579254,830,0.025772238,0.059916076,0.006124037,0.854259133,1
D058,O072,5,730,0.523579254,41,0.447028226,0.353970092,0.321029628,0.606201119,5
D058,O073,5,730,0.523579254,22,0.099783277,0.097826372,0.112559894,0.548583884,3
D058,O074,5,730,0.523579254,36,0.042568944,0.004280635,0.087293441,0.86728622,3
D058,O075,5,730,0.523579254,31,0.495260113,0.154710174,0.269857669,0.722353565,5
D058,O076,5,730,0.523579254,202,0.209924614,0.319442165,0.171734319,0.667816616,34
D058,O077,5,730,0.523579254,648,0.325153788,0.303515085,0.316930252,0.613107267,97
D058,O078,5,730,0.523579254,379,0.223960723,0.064878079,0.224272393,0.840645589,80
D058,O079,5,730,0.523579254,65,0.075519811,0.282963886,0.299403793,0.51375586,9
D058,O080,5,730,0.523579254,206,0.124478381,0.390952102,0.159201992,0.812430792,3
D058,O081,5,730,0.523579254,229,0.311863322,0.040757227,0.190953924,0.52059127,6
D058,O082,5,730,0.523579254,630,0.267185735,0.363424574,0.305398084,0.528725737,144
D058,O083,5,730,0.523579254,89,0.002629244,0.11891721,0.012340148,0.799263288,13
D058,O084,5,730,0.523579254,797,0.372992677,0.000386491,0.00152113,0.993396916,169
D058,O085,5,730,0.523579254,66,0.183976656,0.236269207,0.120756181,0.591017322,11
D058,O086,5,730,0.523579254,135,0.469888219,0.056365997,0.043821459,0.952586866,28
D058,O087,5,730,0.523579254,23,0.111840401,0.071296914,0.089679808,0.791166307,2
D058,O088,5,730,0.523579254,74,0.028069089,0.054085246,0.202673962,0.619616712,14
D058,O089,5,730,0.523579254,55,0.492105028,0.101006081,0.474810428,0.657444473,6
D058,O090,5,730,0.523579254,285,0.03434851,0.377557012,0.057284121,0.757204241,14
D058,O091,5,730,0.523579254,85,0.181583703,0.224320695,0.138841885,0.830164928,8
D058,O092,5,730,0.523579254,303,0.442706311,0.172267227,0.436491903,0.897895329,53
D058,O093,5,730,0.523579254,25,0.276275035,0.078153424,0.291384582,0.958605081,1
D058,O094,5,730,0.523579254,888,0.302089761,0.091469055,0.358945917,0.915650339,193
D058,O095,5,730,0.523579254,29,0.365502327,0.314203797,0.177999519,0.631365154,3
D058,O096,5,730,0.523579254,91,0.16170145,0.264353919,0.069555674,0.545005585,20
D059,O001,4,449,5.169287775,184,0.252173292,0.345006223,0.414518539,1.008029851,43
D059,O002,4,449,5.169287775,71,0.386957289,0.33590604,0.423756547,1.030814136,16
D059,O003,4,449,5.169287775,43,0.48531049,0.109844006,0.373132887,0.562934186,5
D059,O004,4,449,5.169287775,544,0.015441285,0.39993713,0.047767101,0.621494583,12
D059,O005,4,449,5.169287775,472,0.458927508,0.08115278,0.018055532,0.751825682,8
D059,O006,4,449,5.169287775,26,0.466438896,0.19990199,0.36047691,0.537345538,5
D059,O007,4,449,5.169287775,20,0.141130372,0.138764594,0.166622366,0.974703346,2
D059,O008,4,449,5.169287775,217,0.118365868,0.010264005,0.438577644,0.70421183,4
D059,O009,4,449,5.169287775,39,0.272204984,0.243100415,0.446678,0.893215891,1
D059,O010,4,449,5.169287775,78,0.42428609,0.04657399,0.47291634,0.886241643,6
D059,O011,4,449,5.169287775,163,0.257766277,0.230369452,0.067376828,1.041013094,24
D059,O012,4,449,5.169287775,121,0.018977159,0.042108472,0.106166432,0.634587855,7
D059,O013,4,449,5.169287775,38,0.13035544,0.200717694,0.465695355,0.90739434,4
D059,O014,4,449,5.169287775,505,0.055050564,0.385744929,0.323573274,0.956197221,126
D059,O015,4,449,5.169287775,369,0.403527677,0.186961283,0.029180542,1.016098144,88
D059,O016,4,449,5.169287775,990,0.188337728,0.211915952,0.403770273,0.683522338,99
D059,O017,4,449,5.169287775,47,0.235947901,0.205558573,0.450421949,0.98550411,1
D059,O018,4,449,5.169287775,128,0.201594351,0.132120615,0.2466657,1.015365814,15
D059,O019,4,449,5.169287775,24,0.431629638,0.254066717,0.253740338,0.934568431,1
D059,O020,4,449,5.169287775,113,0.348269976,0.095285863,0.409466489,0.990902637,28
D059,O021,4,449,5.169287775,35,0.407381528,0.191612689,0.078494355,0.726366674,4
D059,O022,4,449,5.169287775,193,0.265083523,0.114415056,0.48366938,0.770574624,6
D059,O023,4,449,5.169287775,410,0.214451437,0.12789836,0.094002538,0.876090399,34
D059,O024,4,449,5.169287775,109,0.107543079,0.370185632,0.33107989,0.763088384,2
D059,O025,4,449,5.169287775,53,0.129725034,0.023513439,0.022926164,0.647079336,9
D059,O026,4,449,5.169287775,104,0.335746812,0.309055962,0.214783733,0.866605062,9
D059,O027,4,449,5.169287775,120,0.173792118,0.275390581,0.115990185,0.594400816,1
D059,O028,4,449,5.169287775,315,0.161028291,0.149607497,0.243736481,0.836522744,76
D059,O029,4,449,5.169287775,744,0.31398409,0.144642217,0.380464816,1.001095973,47
D059,O030,4,449,5.169287775,96,0.291312931,0.178362873,0.260288981,0.712485371,21
D059,O031,4,449,5.169287775,61,0.375724597,0.298965989,0.344989603,1.023539068,2
D059,O032,4,449,5.169287775,449,0.47407037,0.293964396,0.333868972,0.526716923,86
D059,O033,4,449,5.169287775,28,0.356894295,0.285864598,0.280390934,0.572892371,5
D059,O034,4,449,5.169287775,172,0.339323194,0.106162856,0.193996227,0.976195745,28
D059,O035,4,449,5.169287775,173,0.041159595,0.256897351,0.341435098,0.936656262,22
D059,O036,4,449,5.169287775,83,0.318040863,0.288671609,0.125731933,0.510862581,11
D059,O037,4,449,5.169287775,232,0.083660283,0.374766445,0.463420281,0.901833982,16
D059,O038,4,449,5.169287775,765,0.137328547,0.153890662,0.395745604,0.824092212,73
D059,O039,4,449,5.169287775,48,0.232718262,0.17994217,0.033136716,0.784320075,1
D059,O040,4,449,5.169287775,585,0.392959459,0.39457393,0.498815231,0.847757244,30
D059,O041,4,449,5.169287775,49,0.297735298,0.268205888,0.212580592,0.765018393,7
D059,O042,4,449,5.169287775,533,0.049123846,0.273615249,0.271891148,0.775509181,28
D059,O043,4,449,5.169287775,936,0.154267686,0.332919895,0.389161836,0.694797352,211
D059,O044,4,449,5.169287775,721,0.432376139,0.324925408,0.144007894,0.742867678,148
D059,O045,4,449,5.169287775,692,0.331104768,0.086465045,0.220042135,0.679206917,59
D059,O046,4,449,5.169287775,402,0.241792287,0.134055119,0.264545347,1.045585484,81
D059,O047,4,449,5.169287775,32,0.457593053,0.357426009,0.365235909,0.729886159,4
D059,O048,4,449,5.169287775,45,0.221925977,0.348159922,0.204633474,0.792986797,8
D059,O049,4,449,5.169287775,33,0.068127718,0.327197905,0.351458552,0.638016666,6
D059,O050,4,449,5.169287775,322,0.206052109,0.123509785,0.230258857,0.710466564,78
D059,O051,4,449,5.169287775,264,0.415458501,0.161179135,0.311726789,0.922834621,12
D059,O052,4,449,5.169287775,249,0.293109713,0.381495942,0.29384703,0.500330142,30
D059,O053,4,449,5.169287775,251,0.008437374,0.219704544,0.077608614,0.857828126,11
D059,O054,4,449,5.169287775,70,0.483939677,0.225369653,0.039302168,0.574845385,11
D059,O055,4,449,5.169287775,143,0.09821222,0.163666817,0.285033773,0.601558378,17
D059,O056,4,449,5.169287775,345,0.064149611,0.031223606,0.23904777,0.691855779,21
D059,O057,4,449,5.169287775,100,0.400541493,0.216556949,0.487740957,1.038462113,22
D059,O058,4,449,5.169287775,22,0.090722232,0.036785238,0.101049312,0.663001423,4
D059,O059,4,449,5.169287775,486,0.079431167,0.248195591,0.397292534,0.804788767,76
D059,O060,4,449,5.169287775,273,0.451061182,0.170720182,0.061912147,0.815113055,50
D059,O061,4,449,5.169287775,27,0.381805437,0.01616482,0.491613692,0.675221612,4
D059,O062,4,449,5.169287775,442,0.418928223,0.359834489,0.417321395,0.554105019,34
D059,O063,4,449,5.169287775,159,0.167777479,0.069957712,0.130372357,0.943907134,38
D059,O064,4,449,5.169287775,358,0.061032209,0.305917985,0.455729849,0.927346891,71
D059,O065,4,449,5.169287775,56,0.248866638,0.340199764,0.379559452,0.583546864,5
D059,O066,4,449,5.169287775,149,0.351209323,0.192455527,0.149427886,0.883050134,9
D059,O067,4,449,5.169287775,60,0.359928689,0.02076874,0.174232425,0.648987034,6
D059,O068,4,449,5.169287775,871,0.148525779,0.2389906,0.43126666,0.56330551,22
D059,O069,4,449,5.169287775,600,0.193256125,0.259153683,0.18565311,0.968309469,107
D059,O070,4,449,5.169287775,139,0.286307662,0.0275532,0.151186277,0.734969069,9
D059,O071,4,449,5.169287775,830,0.025772238,0.059916076,0.006124037,0.854259133,1
D059,O072,4,449,5.169287775,41,0.447028226,0.353970092,0.321029628,0.606201119,5
D059,O073,4,449,5.169287775,22,0.099783277,0.097826372,0.112559894,0.548583884,3
D059,O074,4,449,5.169287775,36,0.042568944,0.004280635,0.087293441,0.86728622,3
D059,O075,4,449,5.169287775,31,0.495260113,0.154710174,0.269857669,0.722353565,5
D059,O076,4,449,5.169287775,202,0.209924614,0.319442165,0.171734319,0.667816616,34
D059,O077,4,449,5.169287775,648,0.325153788,0.303515085,0.316930252,0.613107267,97
D059,O078,4,449,5.169287775,379,0.223960723,0.064878079,0.224272393,0.840645589,80
D059,O079,4,449,5.169287775,65,0.075519811,0.282963886,0.299403793,0.51375586,9
D059,O080,4,449,5.169287775,206,0.124478381,0.390952102,0.159201992,0.812430792,3
D059,O081,4,449,5.169287775,229,0.311863322,0.040757227,0.190953924,0.52059127,6
D059,O082,4,449,5.169287775,630,0.267185735,0.363424574,0.305398084,0.528725737,144
D059,O083,4,449,5.169287775,89,0.002629244,0.11891721,0.012340148,0.799263288,13
D059,O084,4,449,5.169287775,797,0.372992677,0.000386491,0.00152113,0.993396916,169
D059,O085,4,449,5.169287775,66,0.183976656,0.236269207,0.120756181,0.591017322,11
D059,O086,4,449,5.169287775,135,0.469888219,0.056365997,0.043821459,0.952586866,28
D059,O087,4,449,5.169287775,23,0.111840401,0.071296914,0.089679808,0.791166307,2
D059,O088,4,449,5.169287775,74,0.028069089,0.054085246,0.202673962,0.619616712,14
D059,O089,4,449,5.169287775,55,0.492105028,0.101006081,0.474810428,0.657444473,6
D059,O090,4,449,5.169287775,285,0.03434851,0.377557012,0.057284121,0.757204241,14
D059,O091,4,449,5.169287775,85,0.181583703,0.224320695,0.138841885,0.830164928,8
D059,O092,4,449,5.169287775,303,0.442706311,0.172267227,0.436491903,0.897895329,53
D059,O093,4,449,5.169287775,25,0.276275035,0.078153424,0.291384582,0.958605081,1
D059,O094,4,449,5.169287775,888,0.302089761,0.091469055,0.358945917,0.915650339,193
D059,O095,4,449,5.169287775,29,0.365502327,0.314203797,0.177999519,0.631365154,3
D059,O096,4,449,5.169287775,91,0.16170145,0.264353919,0.069555674,0.545005585,20
D060,O001,4,126,0.278788784,184,0.252173292,0.345006223,0.414518539,1.008029851,43
D060,O002,4,126,0.278788784,71,0.386957289,0.33590604,0.423756547,1.030814136,16
D060,O003,4,126,0.278788784,43,0.48531049,0.109844006,0.373132887,0.562934186,5
D060,O004,4,126,0.278788784,544,0.015441285,0.39993713,0.047767101,0.621494583,12
D060,O005,4,126,0.278788784,472,0.458927508,0.08115278,0.018055532,0.751825682,8
D060,O006,4,126,0.278788784,26,0.466438896,0.19990199,0.36047691,0.537345538,5
D060,O007,4,126,0.278788784,20,0.141130372,0.138764594,0.166622366,0.974703346,2
D060,O008,4,126,0.278788784,217,0.118365868,0.010264005,0.438577644,0.70421183,4
D060,O009,4,126,0.278788784,39,0.272204984,0.243100415,0.446678,0.893215891,1
D060,O010,4,126,0.278788784,78,0.42428609,0.04657399,0.47291634,0.886241643,6
D060,O011,4,126,0.278788784,163,0.257766277,0.230369452,0.067376828,1.041013094,24
D060,O012,4,126,0.278788784,121,0.018977159,0.042108472,0.106166432,0.634587855,7
D060,O013,4,126,0.278788784,38,0.13035544,0.200717694,0.465695355,0.90739434,4
D060,O014,4,126,0.278788784,505,0.055050564,0.385744929,0.323573274,0.956197221,126
D060,O015,4,126,0.278788784,369,0.403527677,0.186961283,0.029180542,1.016098144,88
D060,O016,4,126,0.278788784,990,0.188337728,0.211915952,0.403770273,0.683522338,99
D060,O017,4,126,0.278788784,47,0.235947901,0.205558573,0.450421949,0.98550411,1
D060,O018,4,126,0.278788784,128,0.201594351,0.132120615,0.2466657,1.015365814,15
D060,O019,4,126,0.278788784,24,0.431629638,0.254066717,0.253740338,0.934568431,1
D060,O020,4,126,0.278788784,113,0.348269976,0.095285863,0.409466489,0.990902637,28
D060,O021,4,126,0.278788784,35,0.407381528,0.191612689,0.078494355,0.726366674,4
D060,O022,4,126,0.278788784,193,0.265083523,0.114415056,0.48366938,0.770574624,6
D060,O023,4,126,0.278788784,410,0.214451437,0.12789836,0.094002538,0.876090399,34
D060,O024,4,126,0.278788784,109,0.107543079,0.370185632,0.33107989,0.763088384,2
D060,O025,4,126,0.278788784,53,0.129725034,0.023513439,0.022926164,0.647079336,9
D060,O026,4,126,0.278788784,104,0.335746812,0.309055962,0.214783733,0.866605062,9
D060,O027,4,126,0.278788784,120,0.173792118,0.275390581,0.115990185,0.594400816,1
D060,O028,4,126,0.278788784,315,0.161028291,0.149607497,0.243736481,0.836522744,76
D060,O029,4,126,0.278788784,744,0.31398409,0.144642217,0.380464816,1.001095973,47
D060,O030,4,126,0.278788784,96,0.291312931,0.178362873,0.260288981,0.712485371,21
D060,O031,4,126,0.278788784,61,0.375724597,0.298965989,0.344989603,1.023539068,2
D060,O032,4,126,0.278788784,449,0.47407037,0.293964396,0.333868972,0.526716923,86
D060,O033,4,126,0.278788784,28,0.356894295,0.285864598,0.280390934,0.572892371,5
D060,O034,4,126,0.278788784,172,0.339323194,0.106162856,0.193996227,0.976195745,28
D060,O035,4,126,0.278788784,173,0.041159595,0.256897351,0.341435098,0.936656262,22
D060,O036,4,126,0.278788784,83,0.318040863,0.288671609,0.125731933,0.510862581,11
D060,O037,4,126,0.278788784,232,0.083660283,0.374766445,0.463420281,0.901833982,16
D060,O038,4,126,0.278788784,765,0.137328547,0.153890662,0.395745604,0.824092212,73
D060,O039,4,126,0.278788784,48,0.232718262,0.17994217,0.033136716,0.784320075,1
D060,O040,4,126,0.278788784,585,0.392959459,0.39457393,0.498815231,0.847757244,30
D060,O041,4,126,0.278788784,49,0.297735298,0.268205888,0.212580592,0.765018393,7
D060,O042,4,126,0.278788784,533,0.049123846,0.273615249,0.271891148,0.775509181,28
D060,O043,4,126,0.278788784,936,0.154267686,0.332919895,0.389161836,0.694797352,211
D060,O044,4,126,0.278788784,721,0.432376139,0.324925408,0.144007894,0.742867678,148
D060,O045,4,126,0.278788784,692,0.331104768,0.086465045,0.220042135,0.679206917,59
D060,O046,4,126,0.278788784,402,0.241792287,0.134055119,0.264545347,1.045585484,81
D060,O047,4,126,0.278788784,32,0.457593053,0.357426009,0.365235909,0.729886159,4
D060,O048,4,126,0.278788784,45,0.221925977,0.348159922,0.204633474,0.792986797,8
D060,O049,4,126,0.278788784,33,0.068127718,0.327197905,0.351458552,0.638016666,6
D060,O050,4,126,0.278788784,322,0.206052109,0.123509785,0.230258857,0.710466564,78
D060,O051,4,126,0.278788784,264,0.415458501,0.161179135,0.311726789,0.922834621,12
D060,O052,4,126,0.278788784,249,0.293109713,0.381495942,0.29384703,0.500330142,30
D060,O053,4,126,0.278788784,251,0.008437374,0.219704544,0.077608614,0.857828126,11
D060,O054,4,126,0.278788784,70,0.483939677,0.225369653,0.039302168,0.574845385,11
D060,O055,4,126,0.278788784,143,0.09821222,0.163666817,0.285033773,0.601558378,17
D060,O056,4,126,0.278788784,345,0.064149611,0.031223606,0.23904777,0.691855779,21
D060,O057,4,126,0.278788784,100,0.400541493,0.216556949,0.487740957,1.038462113,22
D060,O058,4,126,0.278788784,22,0.090722232,0.036785238,0.101049312,0.663001423,4
D060,O059,4,126,0.278788784,486,0.079431167,0.248195591,0.397292534,0.804788767,76
D060,O060,4,126,0.278788784,273,0.451061182,0.170720182,0.061912147,0.815113055,50
D060,O061,4,126,0.278788784,27,0.381805437,0.01616482,0.491613692,0.675221612,4
D060,O062,4,126,0.278788784,442,0.418928223,0.359834489,0.417321395,0.554105019,34
D060,O063,4,126,0.278788784,159,0.167777479,0.069957712,0.130372357,0.943907134,38
D060,O064,4,126,0.278788784,358,0.061032209,0.305917985,0.455729849,0.927346891,71
D060,O065,4,126,0.278788784,56,0.248866638,0.340199764,0.379559452,0.583546864,5
D060,O066,4,126,0.278788784,149,0.351209323,0.192455527,0.149427886,0.883050134,9
D060,O067,4,126,0.278788784,60,0.359928689,0.02076874,0.174232425,0.648987034,6
D060,O068,4,126,0.278788784,871,0.148525779,0.2389906,0.43126666,0.56330551,22
D060,O069,4,126,0.278788784,600,0.193256125,0.259153683,0.18565311,0.968309469,107
D060,O070,4,126,0.278788784,139,0.286307662,0.0275532,0.151186277,0.734969069,9
D060,O071,4,126,0.278788784,830,0.025772238,0.059916076,0.006124037,0.854259133,1
D060,O072,4,126,0.278788784,41,0.447028226,0.353970092,0.321029628,0.606201119,5
D060,O073,4,126,0.278788784,22,0.099783277,0.097826372,0.112559894,0.548583884,3
D060,O074,4,126,0.278788784,36,0.042568944,0.004280635,0.087293441,0.86728622,3
D060,O075,4,126,0.278788784,31,0.495260113,0.154710174,0.269857669,0.722353565,5
D060,O076,4,126,0.278788784,202,0.209924614,0.319442165,0.171734319,0.667816616,34
D060,O077,4,126,0.278788784,648,0.325153788,0.303515085,0.316930252,0.613107267,97
D060,O078,4,126,0.278788784,379,0.223960723,0.064878079,0.224272393,0.840645589,80
D060,O079,4,126,0.278788784,65,0.075519811,0.282963886,0.299403793,0.51375586,9
D060,O080,4,126,0.278788784,206,0.124478381,0.390952102,0.159201992,0.812430792,3
D060,O081,4,126,0.278788784,229,0.311863322,0.040757227,0.190953924,0.52059127,6
D060,O082,4,126,0.278788784,630,0.267185735,0.363424574,0.305398084,0.528725737,144
D060,O083,4,126,0.278788784,89,0.002629244,0.11891721,0.012340148,0.799263288,13
D060,O084,4,126,0.278788784,797,0.372992677,0.000386491,0.00152113,0.993396916,169
D060,O085,4,126,0.278788784,66,0.183976656,0.236269207,0.120756181,0.591017322,11
D060,O086,4,126,0.278788784,135,0.469888219,0.056365997,0.043821459,0.952586866,28
D060,O087,4,126,0.278788784,23,0.111840401,0.071296914,0.089679808,0.791166307,2
D060,O088,4,126,0.278788784,74,0.028069089,0.054085246,0.202673962,0.619616712,14
D060,O089,4,126,0.278788784,55,0.492105028,0.101006081,0.474810428,0.657444473,6
D060,O090,4,126,0.278788784,285,0.03434851,0.377557012,0.057284121,0.757204241,14
D060,O091,4,126,0.278788784,85,0.181583703,0.224320695,0.138841885,0.830164928,8
D060,O092,4,126,0.278788784,303,0.442706311,0.172267227,0.436491903,0.897895329,53
D060,O093,4,126,0.278788784,25,0.276275035,0.078153424,0.291384582,0.958605081,1
D060,O094,4,126,0.278788784,888,0.302089761,0.091469055,0.358945917,0.915650339,193
D060,O095,4,126,0.278788784,29,0.365502327,0.314203797,0.177999519,0.631365154,3
D060,O096,4,126,0.278788784,91,0.16170145,0.264353919,0.069555674,0.545005585,20
D061,O001,6,82,5.483340062,184,0.252173292,0.345006223,0.414518539,1.008029851,43
D061,O002,6,82,5.483340062,71,0.386957289,0.33590604,0.423756547,1.030814136,16
D061,O003,6,82,5.483340062,43,0.48531049,0.109844006,0.373132887,0.562934186,5
D061,O004,6,82,5.483340062,544,0.015441285,0.39993713,0.047767101,0.621494583,12
D061,O005,6,82,5.483340062,472,0.458927508,0.08115278,0.018055532,0.751825682,8
D061,O006,6,82,5.483340062,26,0.466438896,0.19990199,0.36047691,0.537345538,5
D061,O007,6,82,5.483340062,20,0.141130372,0.138764594,0.166622366,0.974703346,2
D061,O008,6,82,5.483340062,217,0.118365868,0.010264005,0.438577644,0.70421183,4
D061,O009,6,82,5.483340062,39,0.272204984,0.243100415,0.446678,0.893215891,1
D061,O010,6,82,5.483340062,78,0.42428609,0.04657399,0.47291634,0.886241643,6
D061,O011,6,82,5.483340062,163,0.257766277,0.230369452,0.067376828,1.041013094,24
D061,O012,6,82,5.483340062,121,0.018977159,0.042108472,0.106166432,0.634587855,7
D061,O013,6,82,5.483340062,38,0.13035544,0.200717694,0.465695355,0.90739434,4
D061,O014,6,82,5.483340062,505,0.055050564,0.385744929,0.323573274,0.956197221,126
D061,O015,6,82,5.483340062,369,0.403527677,0.186961283,0.029180542,1.016098144,88
D061,O016,6,82,5.483340062,990,0.188337728,0.211915952,0.403770273,0.683522338,99
D061,O017,6,82,5.483340062,47,0.235947901,0.205558573,0.450421949,0.98550411,1
D061,O018,6,82,5.483340062,128,0.201594351,0.132120615,0.2466657,1.015365814,15
D061,O019,6,82,5.483340062,24,0.431629638,0.254066717,0.253740338,0.934568431,1
D061,O020,6,82,5.483340062,113,0.348269976,0.095285863,0.409466489,0.990902637,28
D061,O021,6,82,5.483340062,35,0.407381528,0.191612689,0.078494355,0.726366674,4
D061,O022,6,82,5.483340062,193,0.265083523,0.114415056,0.48366938,0.770574624,6
D061,O023,6,82,5.483340062,410,0.214451437,0.12789836,0.094002538,0.876090399,34
D061,O024,6,82,5.483340062,109,0.107543079,0.370185632,0.33107989,0.763088384,2
D061,O025,6,82,5.483340062,53,0.129725034,0.023513439,0.022926164,0.647079336,9
D061,O026,6,82,5.483340062,104,0.335746812,0.309055962,0.214783733,0.866605062,9
D061,O027,6,82,5.483340062,120,0.173792118,0.275390581,0.115990185,0.594400816,1
D061,O028,6,82,5.483340062,315,0.161028291,0.149607497,0.243736481,0.836522744,76
D061,O029,6,82,5.483340062,744,0.31398409,0.144642217,0.380464816,1.001095973,47
D061,O030,6,82,5.483340062,96,0.291312931,0.178362873,0.260288981,0.712485371,21
D061,O031,6,82,5.483340062,61,0.375724597,0.298965989,0.344989603,1.023539068,2
D061,O032,6,82,5.483340062,449,0.47407037,0.293964396,0.333868972,0.526716923,86
D061,O033,6,82,5.483340062,28,0.356894295,0.285864598,0.280390934,0.572892371,5
D061,O034,6,82,5.483340062,172,0.339323194,0.106162856,0.193996227,0.976195745,28
D061,O035,6,82,5.483340062,173,0.041159595,0.256897351,0.341435098,0.936656262,22
D061,O036,6,82,5.483340062,83,0.318040863,0.288671609,0.125731933,0.510862581,11
D061,O037,6,82,5.483340062,232,0.083660283,0.374766445,0.463420281,0.901833982,16
D061,O038,6,82,5.483340062,765,0.137328547,0.153890662,0.395745604,0.824092212,73
D061,O039,6,82,5.483340062,48,0.232718262,0.17994217,0.033136716,0.784320075,1
D061,O040,6,82,5.483340062,585,0.392959459,0.39457393,0.498815231,0.847757244,30
D061,O041,6,82,5.483340062,49,0.297735298,0.268205888,0.212580592,0.765018393,7
D061,O042,6,82,5.483340062,533,0.049123846,0.273615249,0.271891148,0.775509181,28
D061,O043,6,82,5.483340062,936,0.154267686,0.332919895,0.389161836,0.694797352,211
D061,O044,6,82,5.483340062,721,0.432376139,0.324925408,0.144007894,0.742867678,148
D061,O045,6,82,5.483340062,692,0.331104768,0.086465045,0.220042135,0.679206917,59
D061,O046,6,82,5.483340062,402,0.241792287,0.134055119,0.264545347,1.045585484,81
D061,O047,6,82,5.483340062,32,0.457593053,0.357426009,0.365235909,0.729886159,4
D061,O048,6,82,5.483340062,45,0.221925977,0.348159922,0.204633474,0.792986797,8
D061,O049,6,82,5.483340062,33,0.068127718,0.327197905,0.351458552,0.638016666,6
D061,O050,6,82,5.483340062,322,0.206052109,0.123509785,0.230258857,0.710466564,78
D061,O051,6,82,5.483340062,264,0.415458501,0.161179135,0.311726789,0.922834621,12
D061,O052,6,82,5.483340062,249,0.293109713,0.381495942,0.29384703,0.500330142,30
D061,O053,6,82,5.483340062,251,0.008437374,0.219704544,0.077608614,0.857828126,11
D061,O054,6,82,5.483340062,70,0.483939677,0.225369653,0.039302168,0.574845385,11
D061,O055,6,82,5.483340062,143,0.09821222,0.163666817,0.285033773,0.601558378,17
D061,O056,6,82,5.483340062,345,0.064149611,0.031223606,0.23904777,0.691855779,21
D061,O057,6,82,5.483340062,100,0.400541493,0.216556949,0.487740957,1.038462113,22
D061,O058,6,82,5.483340062,22,0.090722232,0.036785238,0.101049312,0.663001423,4
D061,O059,6,82,5.483340062,486,0.079431167,0.248195591,0.397292534,0.804788767,76
D061,O060,6,82,5.483340062,273,0.451061182,0.170720182,0.061912147,0.815113055,50
D061,O061,6,82,5.483340062,27,0.381805437,0.01616482,0.491613692,0.675221612,4
D061,O062,6,82,5.483340062,442,0.418928223,0.359834489,0.417321395,0.554105019,34
D061,O063,6,82,5.483340062,159,0.167777479,0.069957712,0.130372357,0.943907134,38
D061,O064,6,82,5.483340062,358,0.061032209,0.305917985,0.455729849,0.927346891,71
D061,O065,6,82,5.483340062,56,0.248866638,0.340199764,0.379559452,0.583546864,5
D061,O066,6,82,5.483340062,149,0.351209323,0.192455527,0.149427886,0.883050134,9
D061,O067,6,82,5.483340062,60,0.359928689,0.02076874,0.174232425,0.648987034,6
D061,O068,6,82,5.483340062,871,0.148525779,0.2389906,0.43126666,0.56330551,22
D061,O069,6,82,5.483340062,600,0.193256125,0.259153683,0.18565311,0.968309469,107
D061,O070,6,82,5.483340062,139,0.286307662,0.0275532,0.151186277,0.734969069,9
D061,O071,6,82,5.483340062,830,0.025772238,0.059916076,0.006124037,0.854259133,1
D061,O072,6,82,5.483340062,41,0.447028226,0.353970092,0.321029628,0.606201119,5
D061,O073,6,82,5.483340062,22,0.099783277,0.097826372,0.112559894,0.548583884,3
D061,O074,6,82,5.483340062,36,0.042568944,0.004280635,0.087293441,0.86728622,3
D061,O075,6,82,5.483340062,31,0.495260113,0.154710174,0.269857669,0.722353565,5
D061,O076,6,82,5.483340062,202,0.209924614,0.319442165,0.171734319,0.667816616,34
D061,O077,6,82,5.483340062,648,0.325153788,0.303515085,0.316930252,0.613107267,97
D061,O078,6,82,5.483340062,379,0.223960723,0.064878079,0.224272393,0.840645589,80
D061,O079,6,82,5.483340062,65,0.075519811,0.282963886,0.299403793,0.51375586,9
D061,O080,6,82,5.483340062,206,0.124478381,0.390952102,0.159201992,0.812430792,3
D061,O081,6,82,5.483340062,229,0.311863322,0.040757227,0.190953924,0.52059127,6
D061,O082,6,82,5.483340062,630,0.267185735,0.363424574,0.305398084,0.528725737,144
D061,O083,6,82,5.483340062,89,0.002629244,0.11891721,0.012340148,0.799263288,13
D061,O084,6,82,5.483340062,797,0.372992677,0.000386491,0.00152113,0.993396916,169
D061,O085,6,82,5.483340062,66,0.183976656,0.236269207,0.120756181,0.591017322,11
D061,O086,6,82,5.483340062,135,0.469888219,0.056365997,0.043821459,0.952586866,28
D061,O087,6,82,5.483340062,23,0.111840401,0.071296914,0.089679808,0.791166307,2
D061,O088,6,82,5.483340062,74,0.028069089,0.054085246,0.202673962,0.619616712,14
D061,O089,6,82,5.483340062,55,0.492105028,0.101006081,0.474810428,0.657444473,6
D061,O090,6,82,5.483340062,285,0.03434851,0.377557012,0.057284121,0.757204241,14
D061,O091,6,82,5.483340062,85,0.181583703,0.224320695,0.138841885,0.830164928,8
D061,O092,6,82,5.483340062,303,0.442706311,0.172267227,0.436491903,0.897895329,53
D061,O093,6,82,5.483340062,25,0.276275035,0.078153424,0.291384582,0.958605081,1
D061,O094,6,82,5.483340062,888,0.302089761,0.091469055,0.358945917,0.915650339,193
D061,O095,6,82,5.483340062,29,0.365502327,0.314203797,0.177999519,0.631365154,3
D061,O096,6,82,5.483340062,91,0.16170145,0.264353919,0.069555674,0.545005585,20
D062,O001,6,235,4.003175576,184,0.252173292,0.345006223,0.414518539,1.008029851,43
D062,O002,6,235,4.003175576,71,0.386957289,0.33590604,0.423756547,1.030814136,16
D062,O003,6,235,4.003175576,43,0.48531049,0.109844006,0.373132887,0.562934186,5
D062,O004,6,235,4.003175576,544,0.015441285,0.39993713,0.047767101,0.621494583,12
D062,O005,6,235,4.003175576,472,0.458927508,0.08115278,0.018055532,0.751825682,8
D062,O006,6,235,4.003175576,26,0.466438896,0.19990199,0.36047691,0.537345538,5
D062,O007,6,235,4.003175576,20,0.141130372,0.138764594,0.166622366,0.974703346,2
D062,O008,6,235,4.003175576,217,0.118365868,0.010264005,0.438577644,0.70421183,4
D062,O009,6,235,4.003175576,39,0.272204984,0.243100415,0.446678,0.893215891,1
D062,O010,6,235,4.003175576,78,0.42428609,0.04657399,0.47291634,0.886241643,6
D062,O011,6,235,4.003175576,163,0.257766277,0.230369452,0.067376828,1.041013094,24
D062,O012,6,235,4.003175576,121,0.018977159,0.042108472,0.106166432,0.634587855,7
D062,O013,6,235,4.003175576,38,0.13035544,0.200717694,0.465695355,0.90739434,4
D062,O014,6,235,4.003175576,505,0.055050564,0.385744929,0.323573274,0.956197221,126
D062,O015,6,235,4.003175576,369,0.403527677,0.186961283,0.029180542,1.016098144,88
D062,O016,6,235,4.003175576,990,0.188337728,0.211915952,0.403770273,0.683522338,99
D062,O017,6,235,4.003175576,47,0.235947901,0.205558573,0.450421949,0.98550411,1
D062,O018,6,235,4.003175576,128,0.201594351,0.132120615,0.2466657,1.015365814,15
D062,O019,6,235,4.003175576,24,0.431629638,0.254066717,0.253740338,0.934568431,1
D062,O020,6,235,4.003175576,113,0.348269976,0.095285863,0.409466489,0.990902637,28
D062,O021,6,235,4.003175576,35,0.407381528,0.191612689,0.078494355,0.726366674,4
D062,O022,6,235,4.003175576,193,0.265083523,0.114415056,0.48366938,0.770574624,6
D062,O023,6,235,4.003175576,410,0.214451437,0.12789836,0.094002538,0.876090399,34
D062,O024,6,235,4.003175576,109,0.107543079,0.370185632,0.33107989,0.763088384,2
D062,O025,6,235,4.003175576,53,0.129725034,0.023513439,0.022926164,0.647079336,9
D062,O026,6,235,4.003175576,104,0.335746812,0.309055962,0.214783733,0.866605062,9
D062,O027,6,235,4.003175576,120,0.173792118,0.275390581,0.115990185,0.594400816,1
D062,O028,6,235,4.003175576,315,0.161028291,0.149607497,0.243736481,0.836522744,76
D062,O029,6,235,4.003175576,744,0.31398409,0.144642217,0.380464816,1.001095973,47
D062,O030,6,235,4.003175576,96,0.291312931,0.178362873,0.260288981,0.712485371,21
D062,O031,6,235,4.003175576,61,0.375724597,0.298965989,0.344989603,1.023539068,2
D062,O032,6,235,4.003175576,449,0.47407037,0.293964396,0.333868972,0.526716923,86
D062,O033,6,235,4.003175576,28,0.356894295,0.285864598,0.280390934,0.572892371,5
D062,O034,6,235,4.003175576,172,0.339323194,0.106162856,0.193996227,0.976195745,28
D062,O035,6,235,4.003175576,173,0.041159595,0.256897351,0.341435098,0.936656262,22
D062,O036,6,235,4.003175576,83,0.318040863,0.288671609,0.125731933,0.510862581,11
D062,O037,6,235,4.003175576,232,0.083660283,0.374766445,0.463420281,0.901833982,16
D062,O038,6,235,4.003175576,765,0.137328547,0.153890662,0.395745604,0.824092212,73
D062,O039,6,235,4.003175576,48,0.232718262,0.17994217,0.033136716,0.784320075,1
D062,O040,6,235,4.003175576,585,0.392959459,0.39457393,0.498815231,0.847757244,30
D062,O041,6,235,4.003175576,49,0.297735298,0.268205888,0.212580592,0.765018393,7
D062,O042,6,235,4.003175576,533,0.049123846,0.273615249,0.271891148,0.775509181,28
D062,O043,6,235,4.003175576,936,0.154267686,0.332919895,0.389161836,0.694797352,211
D062,O044,6,235,4.003175576,721,0.432376139,0.324925408,0.144007894,0.742867678,148
D062,O045,6,235,4.003175576,692,0.331104768,0.086465045,0.220042135,0.679206917,59
D062,O046,6,235,4.003175576,402,0.241792287,0.134055119,0.264545347,1.045585484,81
D062,O047,6,235,4.003175576,32,0.457593053,0.357426009,0.365235909,0.729886159,4
D062,O048,6,235,4.003175576,45,0.221925977,0.348159922,0.204633474,0.792986797,8
D062,O049,6,235,4.003175576,33,0.068127718,0.327197905,0.351458552,0.638016666,6
D062,O050,6,235,4.003175576,322,0.206052109,0.123509785,0.230258857,0.710466564,78
D062,O051,6,235,4.003175576,264,0.415458501,0.161179135,0.311726789,0.922834621,12
D062,O052,6,235,4.003175576,249,0.293109713,0.381495942,0.29384703,0.500330142,30
D062,O053,6,235,4.003175576,251,0.008437374,0.219704544,0.077608614,0.857828126,11
D062,O054,6,235,4.003175576,70,0.483939677,0.225369653,0.039302168,0.574845385,11
D062,O055,6,235,4.003175576,143,0.09821222,0.163666817,0.285033773,0.601558378,17
D062,O056,6,235,4.003175576,345,0.064149611,0.031223606,0.23904777,0.691855779,21
D062,O057,6,235,4.003175576,100,0.400541493,0.216556949,0.487740957,1.038462113,22
D062,O058,6,235,4.003175576,22,0.090722232,0.036785238,0.101049312,0.663001423,4
D062,O059,6,235,4.003175576,486,0.079431167,0.248195591,0.397292534,0.804788767,76
D062,O060,6,235,4.003175576,273,0.451061182,0.170720182,0.061912147,0.815113055,50
D062,O061,6,235,4.003175576,27,0.381805437,0.01616482,0.491613692,0.675221612,4
D062,O062,6,235,4.003175576,442,0.418928223,0.359834489,0.417321395,0.554105019,34
D062,O063,6,235,4.003175576,159,0.167777479,0.069957712,0.130372357,0.943907134,38
D062,O064,6,235,4.003175576,358,0.061032209,0.305917985,0.455729849,0.927346891,71
D062,O065,6,235,4.003175576,56,0.248866638,0.340199764,0.379559452,0.583546864,5
D062,O066,6,235,4.003175576,149,0.351209323,0.192455527,0.149427886,0.883050134,9
D062,O067,6,235,4.003175576,60,0.359928689,0.02076874,0.174232425,0.648987034,6
D062,O068,6,235,4.003175576,871,0.148525779,0.2389906,0.43126666,0.56330551,22
D062,O069,6,235,4.003175576,600,0.193256125,0.259153683,0.18565311,0.968309469,107
D062,O070,6,235,4.003175576,139,0.286307662,0.0275532,0.151186277,0.734969069,9
D062,O071,6,235,4.003175576,830,0.025772238,0.059916076,0.006124037,0.854259133,1
D062,O072,6,235,4.003175576,41,0.447028226,0.353970092,0.321029628,0.606201119,5
D062,O073,6,235,4.003175576,22,0.099783277,0.097826372,0.112559894,0.548583884,3
D062,O074,6,235,4.003175576,36,0.042568944,0.004280635,0.087293441,0.86728622,3
D062,O075,6,235,4.003175576,31,0.495260113,0.154710174,0.269857669,0.722353565,5
D062,O076,6,235,4.003175576,202,0.209924614,0.319442165,0.171734319,0.667816616,34
D062,O077,6,235,4.003175576,648,0.325153788,0.303515085,0.316930252,0.613107267,97
D062,O078,6,235,4.003175576,379,0.223960723,0.064878079,0.224272393,0.840645589,80
D062,O079,6,235,4.003175576,65,0.075519811,0.282963886,0.299403793,0.51375586,9
D062,O080,6,235,4.003175576,206,0.124478381,0.390952102,0.159201992,0.812430792,3
D062,O081,6,235,4.003175576,229,0.311863322,0.040757227,0.190953924,0.52059127,6
D062,O082,6,235,4.003175576,630,0.267185735,0.363424574,0.305398084,0.528725737,144
D062,O083,6,235,4.003175576,89,0.002629244,0.11891721,0.012340148,0.799263288,13
D062,O084,6,235,4.003175576,797,0.372992677,0.000386491,0.00152113,0.993396916,169
D062,O085,6,235,4.003175576,66,0.183976656,0.236269207,0.120756181,0.591017322,11
D062,O086,6,235,4.003175576,135,0.469888219,0.056365997,0.043821459,0.952586866,28
D062,O087,6,235,4.003175576,23,0.111840401,0.071296914,0.089679808,0.791166307,2
D062,O088,6,235,4.003175576,74,0.028069089,0.054085246,0.202673962,0.619616712,14
D062,O089,6,235,4.003175576,55,0.492105028,0.101006081,0.474810428,0.657444473,6
D062,O090,6,235,4.003175576,285,0.03434851,0.377557012,0.057284121,0.757204241,14
D062,O091,6,235,4.003175576,85,0.181583703,0.224320695,0.138841885,0.830164928,8
D062,O092,6,235,4.003175576,303,0.442706311,0.172267227,0.436491903,0.897895329,53
D062,O093,6,235,4.003175576,25,0.276275035,0.078153424,0.291384582,0.958605081,1
D062,O094,6,235,4.003175576,888,0.302089761,0.091469055,0.358945917,0.915650339,193
D062,O095,6,235,4.003175576,29,0.365502327,0.314203797,0.177999519,0.631365154,3
D062,O096,6,235,4.003175576,91,0.16170145,0.264353919,0.069555674,0.545005585,20
D063,O001,3,176,0.420336327,184,0.252173292,0.345006223,0.414518539,1.008029851,43
D063,O002,3,176,0.420336327,71,0.386957289,0.33590604,0.423756547,1.030814136,16
D063,O003,3,176,0.420336327,43,0.48531049,0.109844006,0.373132887,0.562934186,5
D063,O004,3,176,0.420336327,544,0.015441285,0.39993713,0.047767101,0.621494583,12
D063,O005,3,176,0.420336327,472,0.458927508,0.08115278,0.018055532,0.751825682,8
D063,O006,3,176,0.420336327,26,0.466438896,0.19990199,0.36047691,0.537345538,5
D063,O007,3,176,0.420336327,20,0.141130372,0.138764594,0.166622366,0.974703346,2
D063,O008,3,176,0.420336327,217,0.118365868,0.010264005,0.438577644,0.70421183,4
D063,O009,3,176,0.420336327,39,0.272204984,0.243100415,0.446678,0.893215891,1
D063,O010,3,176,0.420336327,78,0.42428609,0.04657399,0.47291634,0.886241643,6
D063,O011,3,176,0.420336327,163,0.257766277,0.230369452,0.067376828,1.041013094,24
D063,O012,3,176,0.420336327,121,0.018977159,0.042108472,0.106166432,0.634587855,7
D063,O013,3,176,0.420336327,38,0.13035544,0.200717694,0.465695355,0.90739434,4
D063,O014,3,176,0.420336327,505,0.055050564,0.385744929,0.323573274,0.956197221,126
D063,O015,3,176,0.420336327,369,0.403527677,0.186961283,0.029180542,1.016098144,88
D063,O016,3,176,0.420336327,990,0.188337728,0.211915952,0.403770273,0.683522338,99
D063,O017,3,176,0.420336327,47,0.235947901,0.205558573,0.450421949,0.98550411,1
D063,O018,3,176,0.420336327,128,0.201594351,0.132120615,0.2466657,1.015365814,15
D063,O019,3,176,0.420336327,24,0.431629638,0.254066717,0.253740338,0.934568431,1
D063,O020,3,176,0.420336327,113,0.348269976,0.095285863,0.409466489,0.990902637,28
D063,O021,3,176,0.420336327,35,0.407381528,0.191612689,0.078494355,0.726366674,4
D063,O022,3,176,0.420336327,193,0.265083523,0.114415056,0.48366938,0.770574624,6
D063,O023,3,176,0.420336327,410,0.214451437,0.12789836,0.094002538,0.876090399,34
D063,O024,3,176,0.420336327,109,0.107543079,0.370185632,0.33107989,0.763088384,2
D063,O025,3,176,0.420336327,53,0.129725034,0.023513439,0.022926164,0.647079336,9
D063,O026,3,176,0.420336327,104,0.335746812,0.309055962,0.214783733,0.866605062,9
D063,O027,3,176,0.420336327,120,0.173792118,0.275390581,0.115990185,0.594400816,1
D063,O028,3,176,0.420336327,315,0.161028291,0.149607497,0.243736481,0.836522744,76
D063,O029,3,176,0.420336327,744,0.31398409,0.144642217,0.380464816,1.001095973,47
D063,O030,3,176,0.420336327,96,0.291312931,0.178362873,0.260288981,0.712485371,21
D063,O031,3,176,0.420336327,61,0.375724597,0.298965989,0.344989603,1.023539068,2
D063,O032,3,176,0.420336327,449,0.47407037,0.293964396,0.333868972,0.526716923,86
D063,O033,3,176,0.420336327,28,0.356894295,0.285864598,0.280390934,0.572892371,5
D063,O034,3,176,0.420336327,172,0.339323194,0.106162856,0.193996227,0.976195745,28
D063,O035,3,176,0.420336327,173,0.041159595,0.256897351,0.341435098,0.936656262,22
D063,O036,3,176,0.420336327,83,0.318040863,0.288671609,0.125731933,0.510862581,11
D063,O037,3,176,0.420336327,232,0.083660283,0.374766445,0.463420281,0.901833982,16
D063,O038,3,176,0.420336327,765,0.137328547,0.153890662,0.395745604,0.824092212,73
D063,O039,3,176,0.420336327,48,0.232718262,0.17994217,0.033136716,0.784320075,1
D063,O040,3,176,0.420336327,585,0.392959459,0.39457393,0.498815231,0.847757244,30
D063,O041,3,176,0.420336327,49,0.297735298,0.268205888,0.212580592,0.765018393,7
D063,O042,3,176,0.420336327,533,0.049123846,0.273615249,0.271891148,0.775509181,28
D063,O043,3,176,0.420336327,936,0.154267686,0.332919895,0.389161836,0.694797352,211
D063,O044,3,176,0.420336327,721,0.432376139,0.324925408,0.144007894,0.742867678,148
D063,O045,3,176,0.420336327,692,0.331104768,0.086465045,0.220042135,0.679206917,59
D063,O046,3,176,0.420336327,402,0.241792287,0.134055119,0.264545347,1.045585484,81
D063,O047,3,176,0.420336327,32,0.457593053,0.357426009,0.365235909,0.729886159,4
D063,O048,3,176,0.420336327,45,0.221925977,0.348159922,0.204633474,0.792986797,8
D063,O049,3,176,0.420336327,33,0.068127718,0.327197905,0.351458552,0.638016666,6
D063,O050,3,176,0.420336327,322,0.206052109,0.123509785,0.230258857,0.710466564,78
D063,O051,3,176,0.420336327,264,0.415458501,0.161179135,0.311726789,0.922834621,12
D063,O052,3,176,0.420336327,249,0.293109713,0.381495942,0.29384703,0.500330142,30
D063,O053,3,176,0.420336327,251,0.008437374,0.219704544,0.077608614,0.857828126,11
D063,O054,3,176,0.420336327,70,0.483939677,0.225369653,0.039302168,0.574845385,11
D063,O055,3,176,0.420336327,143,0.09821222,0.163666817,0.285033773,0.601558378,17
D063,O056,3,176,0.420336327,345,0.064149611,0.031223606,0.23904777,0.691855779,21
D063,O057,3,176,0.420336327,100,0.400541493,0.216556949,0.487740957,1.038462113,22
D063,O058,3,176,0.420336327,22,0.090722232,0.036785238,0.101049312,0.663001423,4
D063,O059,3,176,0.420336327,486,0.079431167,0.248195591,0.397292534,0.804788767,76
D063,O060,3,176,0.420336327,273,0.451061182,0.170720182,0.061912147,0.815113055,50
D063,O061,3,176,0.420336327,27,0.381805437,0.01616482,0.491613692,0.675221612,4
D063,O062,3,176,0.420336327,442,0.418928223,0.359834489,0.417321395,0.554105019,34
D063,O063,3,176,0.420336327,159,0.167777479,0.069957712,0.130372357,0.943907134,38
D063,O064,3,176,0.420336327,358,0.061032209,0.305917985,0.455729849,0.927346891,71
D063,O065,3,176,0.420336327,56,0.248866638,0.340199764,0.379559452,0.583546864,5
D063,O066,3,176,0.420336327,149,0.351209323,0.192455527,0.149427886,0.883050134,9
D063,O067,3,176,0.420336327,60,0.359928689,0.02076874,0.174232425,0.648987034,6
D063,O068,3,176,0.420336327,871,0.148525779,0.2389906,0.43126666,0.56330551,22
D063,O069,3,176,0.420336327,600,0.193256125,0.259153683,0.18565311,0.968309469,107
D063,O070,3,176,0.420336327,139,0.286307662,0.0275532,0.151186277,0.734969069,9
D063,O071,3,176,0.420336327,830,0.025772238,0.059916076,0.006124037,0.854259133,1
D063,O072,3,176,0.420336327,41,0.447028226,0.353970092,0.321029628,0.606201119,5
D063,O073,3,176,0.420336327,22,0.099783277,0.097826372,0.112559894,0.548583884,3
D063,O074,3,176,0.420336327,36,0.042568944,0.004280635,0.087293441,0.86728622,3
D063,O075,3,176,0.420336327,31,0.495260113,0.154710174,0.269857669,0.722353565,5
D063,O076,3,176,0.420336327,202,0.209924614,0.319442165,0.171734319,0.667816616,34
D063,O077,3,176,0.420336327,648,0.325153788,0.303515085,0.316930252,0.613107267,97
D063,O078,3,176,0.420336327,379,0.223960723,0.064878079,0.224272393,0.840645589,80
D063,O079,3,176,0.420336327,65,0.075519811,0.282963886,0.299403793,0.51375586,9
D063,O080,3,176,0.420336327,206,0.124478381,0.390952102,0.159201992,0.812430792,3
D063,O081,3,176,0.420336327,229,0.311863322,0.040757227,0.190953924,0.52059127,6
D063,O082,3,176,0.420336327,630,0.267185735,0.363424574,0.305398084,0.528725737,144
D063,O083,3,176,0.420336327,89,0.002629244,0.11891721,0.012340148,0.799263288,13
D063,O084,3,176,0.420336327,797,0.372992677,0.000386491,0.00152113,0.993396916,169
D063,O085,3,176,0.420336327,66,0.183976656,0.236269207,0.120756181,0.591017322,11
D063,O086,3,176,0.420336327,135,0.469888219,0.056365997,0.043821459,0.952586866,28
D063,O087,3,176,0.420336327,23,0.111840401,0.071296914,0.089679808,0.791166307,2
D063,O088,3,176,0.420336327,74,0.028069089,0.054085246,0.202673962,0.619616712,14
D063,O089,3,176,0.420336327,55,0.492105028,0.101006081,0.474810428,0.657444473,6
D063,O090,3,176,0.420336327,285,0.03434851,0.377557012,0.057284121,0.757204241,14
D063,O091,3,176,0.420336327,85,0.181583703,0.224320695,0.138841885,0.830164928,8
D063,O092,3,176,0.420336327,303,0.442706311,0.172267227,0.436491903,0.897895329,53
D063,O093,3,176,0.420336327,25,0.276275035,0.078153424,0.291384582,0.958605081,1
D063,O094,3,176,0.420336327,888,0.302089761,0.091469055,0.358945917,0.915650339,193
D063,O095,3,176,0.420336327,29,0.365502327,0.314203797,0.177999519,0.631365154,3
D063,O096,3,176,0.420336327,91,0.16170145,0.264353919,0.069555674,0.545005585,20
D064,O001,8,192,2.239817071,184,0.252173292,0.345006223,0.414518539,1.008029851,43
D064,O002,8,192,2.239817071,71,0.386957289,0.33590604,0.423756547,1.030814136,16
D064,O003,8,192,2.239817071,43,0.48531049,0.109844006,0.373132887,0.562934186,5
D064,O004,8,192,2.239817071,544,0.015441285,0.39993713,0.047767101,0.621494583,12
D064,O005,8,192,2.239817071,472,0.458927508,0.08115278,0.018055532,0.751825682,8
D064,O006,8,192,2.239817071,26,0.466438896,0.19990199,0.36047691,0.537345538,5
D064,O007,8,192,2.239817071,20,0.141130372,0.138764594,0.166622366,0.974703346,2
D064,O008,8,192,2.239817071,217,0.118365868,0.010264005,0.438577644,0.70421183,4
D064,O009,8,192,2.239817071,39,0.272204984,0.243100415,0.446678,0.893215891,1
D064,O010,8,192,2.239817071,78,0.42428609,0.04657399,0.47291634,0.886241643,6
D064,O011,8,192,2.239817071,163,0.257766277,0.230369452,0.067376828,1.041013094,24
D064,O012,8,192,2.239817071,121,0.018977159,0.042108472,0.106166432,0.634587855,7
D064,O013,8,192,2.239817071,38,0.13035544,0.200717694,0.465695355,0.90739434,4
D064,O014,8,192,2.239817071,505,0.055050564,0.385744929,0.323573274,0.956197221,126
D064,O015,8,192,2.239817071,369,0.403527677,0.186961283,0.029180542,1.016098144,88
D064,O016,8,192,2.239817071,990,0.188337728,0.211915952,0.403770273,0.683522338,99
D064,O017,8,192,2.239817071,47,0.235947901,0.205558573,0.450421949,0.98550411,1
D064,O018,8,192,2.239817071,128,0.201594351,0.132120615,0.2466657,1.015365814,15
D064,O019,8,192,2.239817071,24,0.431629638,0.254066717,0.253740338,0.934568431,1
D064,O020,8,192,2.239817071,113,0.348269976,0.095285863,0.409466489,0.990902637,28
D064,O021,8,192,2.239817071,35,0.407381528,0.191612689,0.078494355,0.726366674,4
D064,O022,8,192,2.239817071,193,0.265083523,0.114415056,0.48366938,0.770574624,6
D064,O023,8,192,2.239817071,410,0.214451437,0.12789836,0.094002538,0.876090399,34
D064,O024,8,192,2.239817071,109,0.107543079,0.370185632,0.33107989,0.763088384,2
D064,O025,8,192,2.239817071,53,0.129725034,0.023513439,0.022926164,0.647079336,9
D064,O026,8,192,2.239817071,104,0.335746812,0.309055962,0.214783733,0.866605062,9
D064,O027,8,192,2.239817071,120,0.173792118,0.275390581,0.115990185,0.594400816,1
D064,O028,8,192,2.239817071,315,0.161028291,0.149607497,0.243736481,0.836522744,76
D064,O029,8,192,2.239817071,744,0.31398409,0.144642217,0.380464816,1.001095973,47
D064,O030,8,192,2.239817071,96,0.291312931,0.178362873,0.260288981,0.712485371,21
D064,O031,8,192,2.239817071,61,0.375724597,0.298965989,0.344989603,1.023539068,2
D064,O032,8,192,2.239817071,449,0.47407037,0.293964396,0.333868972,0.526716923,86
D064,O033,8,192,2.239817071,28,0.356894295,0.285864598,0.280390934,0.572892371,5
D064,O034,8,192,2.239817071,172,0.339323194,0.106162856,0.193996227,0.976195745,28
D064,O035,8,192,2.239817071,173,0.041159595,0.256897351,0.341435098,0.936656262,22
D064,O036,8,192,2.239817071,83,0.318040863,0.288671609,0.125731933,0.510862581,11
D064,O037,8,192,2.239817071,232,0.083660283,0.374766445,0.463420281,0.901833982,16
D064,O038,8,192,2.239817071,765,0.137328547,0.153890662,0.395745604,0.824092212,73
D064,O039,8,192,2.239817071,48,0.232718262,0.17994217,0.033136716,0.784320075,1
D064,O040,8,192,2.239817071,585,0.392959459,0.39457393,0.498815231,0.847757244,30
D064,O041,8,192,2.239817071,49,0.297735298,0.268205888,0.212580592,0.765018393,7
D064,O042,8,192,2.239817071,533,0.049123846,0.273615249,0.271891148,0.775509181,28
D064,O043,8,192,2.239817071,936,0.154267686,0.332919895,0.389161836,0.694797352,211
D064,O044,8,192,2.239817071,721,0.432376139,0.324925408,0.144007894,0.742867678,148
D064,O045,8,192,2.239817071,692,0.331104768,0.086465045,0.220042135,0.679206917,59
D064,O046,8,192,2.239817071,402,0.241792287,0.134055119,0.264545347,1.045585484,81
D064,O047,8,192,2.239817071,32,0.457593053,0.357426009,0.365235909,0.729886159,4
D064,O048,8,192,2.239817071,45,0.221925977,0.348159922,0.204633474,0.792986797,8
D064,O049,8,192,2.239817071,33,0.068127718,0.327197905,0.351458552,0.638016666,6
D064,O050,8,192,2.239817071,322,0.206052109,0.123509785,0.230258857,0.710466564,78
D064,O051,8,192,2.239817071,264,0.415458501,0.161179135,0.311726789,0.922834621,12
D064,O052,8,192,2.239817071,249,0.293109713,0.381495942,0.29384703,0.500330142,30
D064,O053,8,192,2.239817071,251,0.008437374,0.219704544,0.077608614,0.857828126,11
D064,O054,8,192,2.239817071,70,0.483939677,0.225369653,0.039302168,0.574845385,11
D064,O055,8,192,2.239817071,143,0.09821222,0.163666817,0.285033773,0.601558378,17
D064,O056,8,192,2.239817071,345,0.064149611,0.031223606,0.23904777,0.691855779,21
D064,O057,8,192,2.239817071,100,0.400541493,0.216556949,0.487740957,1.038462113,22
D064,O058,8,192,2.239817071,22,0.090722232,0.036785238,0.101049312,0.663001423,4
D064,O059,8,192,2.239817071,486,0.079431167,0.248195591,0.397292534,0.804788767,76
D064,O060,8,192,2.239817071,273,0.451061182,0.170720182,0.061912147,0.815113055,50
D064,O061,8,192,2.239817071,27,0.381805437,0.01616482,0.491613692,0.675221612,4
D064,O062,8,192,2.239817071,442,0.418928223,0.359834489,0.417321395,0.554105019,34
D064,O063,8,192,2.239817071,159,0.167777479,0.069957712,0.130372357,0.943907134,38
D064,O064,8,192,2.239817071,358,0.061032209,0.305917985,0.455729849,0.927346891,71
D064,O065,8,192,2.239817071,56,0.248866638,0.340199764,0.379559452,0.583546864,5
D064,O066,8,192,2.239817071,149,0.351209323,0.192455527,0.149427886,0.883050134,9
D064,O067,8,192,2.239817071,60,0.359928689,0.02076874,0.174232425,0.648987034,6
D064,O068,8,192,2.239817071,871,0.148525779,0.2389906,0.43126666,0.56330551,22
D064,O069,8,192,2.239817071,600,0.193256125,0.259153683,0.18565311,0.968309469,107
D064,O070,8,192,2.239817071,139,0.286307662,0.0275532,0.151186277,0.734969069,9
D064,O071,8,192,2.239817071,830,0.025772238,0.059916076,0.006124037,0.854259133,1
D064,O072,8,192,2.239817071,41,0.447028226,0.353970092,0.321029628,0.606201119,5
D064,O073,8,192,2.239817071,22,0.099783277,0.097826372,0.112559894,0.548583884,3
D064,O074,8,192,2.239817071,36,0.042568944,0.004280635,0.087293441,0.86728622,3
D064,O075,8,192,2.239817071,31,0.495260113,0.154710174,0.269857669,0.722353565,5
D064,O076,8,192,2.239817071,202,0.209924614,0.319442165,0.171734319,0.667816616,34
D064,O077,8,192,2.239817071,648,0.325153788,0.303515085,0.316930252,0.613107267,97
D064,O078,8,192,2.239817071,379,0.223960723,0.064878079,0.224272393,0.840645589,80
D064,O079,8,192,2.239817071,65,0.075519811,0.282963886,0.299403793,0.51375586,9
D064,O080,8,192,2.239817071,206,0.124478381,0.390952102,0.159201992,0.812430792,3
D064,O081,8,192,2.239817071,229,0.311863322,0.040757227,0.190953924,0.52059127,6
D064,O082,8,192,2.239817071,630,0.267185735,0.363424574,0.305398084,0.528725737,144
D064,O083,8,192,2.239817071,89,0.002629244,0.11891721,0.012340148,0.799263288,13
D064,O084,8,192,2.239817071,797,0.372992677,0.000386491,0.00152113,0.993396916,169
D064,O085,8,192,2.239817071,66,0.183976656,0.236269207,0.120756181,0.591017322,11
D064,O086,8,192,2.239817071,135,0.469888219,0.056365997,0.043821459,0.952586866,28
D064,O087,8,192,2.239817071,23,0.111840401,0.071296914,0.089679808,0.791166307,2
D064,O088,8,192,2.239817071,74,0.028069089,0.054085246,0.202673962,0.619616712,14
D064,O089,8,192,2.239817071,55,0.492105028,0.101006081,0.474810428,0.657444473,6
D064,O090,8,192,2.239817071,285,0.03434851,0.377557012,0.057284121,0.757204241,14
D064,O091,8,192,2.239817071,85,0.181583703,0.224320695,0.138841885,0.830164928,8
D064,O092,8,192,2.239817071,303,0.442706311,0.172267227,0.436491903,0.897895329,53
D064,O093,8,192,2.239817071,25,0.276275035,0.078153424,0.291384582,0.958605081,1
D064,O094,8,192,2.239817071,888,0.302089761,0.091469055,0.358945917,0.915650339,193
D064,O095,8,192,2.239817071,29,0.365502327,0.314203797,0.177999519,0.631365154,3
D064,O096,8,192,2.239817071,91,0.16170145,0.264353919,0.069555674,0.545005585,20
D065,O001,3,404,0.482111277,184,0.252173292,0.345006223,0.414518539,1.008029851,43
D065,O002,3,404,0.482111277,71,0.386957289,0.33590604,0.423756547,1.030814136,16
D065,O003,3,404,0.482111277,43,0.48531049,0.109844006,0.373132887,0.562934186,5
D065,O004,3,404,0.482111277,544,0.015441285,0.39993713,0.047767101,0.621494583,12
D065,O005,3,404,0.482111277,472,0.458927508,0.08115278,0.018055532,0.751825682,8
D065,O006,3,404,0.482111277,26,0.466438896,0.19990199,0.36047691,0.537345538,5
D065,O007,3,404,0.482111277,20,0.141130372,0.138764594,0.166622366,0.974703346,2
D065,O008,3,404,0.482111277,217,0.118365868,0.010264005,0.438577644,0.70421183,4
D065,O009,3,404,0.482111277,39,0.272204984,0.243100415,0.446678,0.893215891,1
D065,O010,3,404,0.482111277,78,0.42428609,0.04657399,0.47291634,0.886241643,6
D065,O011,3,404,0.482111277,163,0.257766277,0.230369452,0.067376828,1.041013094,24
D065,O012,3,404,0.482111277,121,0.018977159,0.042108472,0.106166432,0.634587855,7
D065,O013,3,404,0.482111277,38,0.13035544,0.200717694,0.465695355,0.90739434,4
D065,O014,3,404,0.482111277,505,0.055050564,0.385744929,0.323573274,0.956197221,126
D065,O015,3,404,0.482111277,369,0.403527677,0.186961283,0.029180542,1.016098144,88
D065,O016,3,404,0.482111277,990,0.188337728,0.211915952,0.403770273,0.683522338,99
D065,O017,3,404,0.482111277,47,0.235947901,0.205558573,0.450421949,0.98550411,1
D065,O018,3,404,0.482111277,128,0.201594351,0.132120615,0.2466657,1.015365814,15
D065,O019,3,404,0.482111277,24,0.431629638,0.254066717,0.253740338,0.934568431,1
D065,O020,3,404,0.482111277,113,0.348269976,0.095285863,0.409466489,0.990902637,28
D065,O021,3,404,0.482111277,35,0.407381528,0.191612689,0.078494355,0.726366674,4
D065,O022,3,404,0.482111277,193,0.265083523,0.114415056,0.48366938,0.770574624,6
D065,O023,3,404,0.482111277,410,0.214451437,0.12789836,0.094002538,0.876090399,34
D065,O024,3,404,0.482111277,109,0.107543079,0.370185632,0.33107989,0.763088384,2
D065,O025,3,404,0.482111277,53,0.129725034,0.023513439,0.022926164,0.647079336,9
D065,O026,3,404,0.482111277,104,0.335746812,0.309055962,0.214783733,0.866605062,9
D065,O027,3,404,0.482111277,120,0.173792118,0.275390581,0.115990185,0.594400816,1
D065,O028,3,404,0.482111277,315,0.161028291,0.149607497,0.243736481,0.836522744,76
D065,O029,3,404,0.482111277,744,0.31398409,0.144642217,0.380464816,1.001095973,47
D065,O030,3,404,0.482111277,96,0.291312931,0.178362873,0.260288981,0.712485371,21
D065,O031,3,404,0.482111277,61,0.375724597,0.298965989,0.344989603,1.023539068,2
D065,O032,3,404,0.482111277,449,0.47407037,0.293964396,0.333868972,0.526716923,86
D065,O033,3,404,0.482111277,28,0.356894295,0.285864598,0.280390934,0.572892371,5
D065,O034,3,404,0.482111277,172,0.339323194,0.106162856,0.193996227,0.976195745,28
D065,O035,3,404,0.482111277,173,0.041159595,0.256897351,0.341435098,0.936656262,22
D065,O036,3,404,0.482111277,83,0.318040863,0.288671609,0.125731933,0.510862581,11
D065,O037,3,404,0.482111277,232,0.083660283,0.374766445,0.463420281,0.901833982,16
D065,O038,3,404,0.482111277,765,0.137328547,0.153890662,0.395745604,0.824092212,73
D065,O039,3,404,0.482111277,48,0.232718262,0.17994217,0.033136716,0.784320075,1
D065,O040,3,404,0.482111277,585,0.392959459,0.39457393,0.498815231,0.847757244,30
D065,O041,3,404,0.482111277,49,0.297735298,0.268205888,0.212580592,0.765018393,7
D065,O042,3,404,0.482111277,533,0.049123846,0.273615249,0.271891148,0.775509181,28
D065,O043,3,404,0.482111277,936,0.154267686,0.332919895,0.389161836,0.694797352,211
D065,O044,3,404,0.482111277,721,0.432376139,0.324925408,0.144007894,0.742867678,148
D065,O045,3,404,0.482111277,692,0.331104768,0.086465045,0.220042135,0.679206917,59
D065,O046,3,404,0.482111277,402,0.241792287,0.134055119,0.264545347,1.045585484,81
D065,O047,3,404,0.482111277,32,0.457593053,0.357426009,0.365235909,0.729886159,4
D065,O048,3,404,0.482111277,45,0.221925977,0.348159922,0.204633474,0.792986797,8
D065,O049,3,404,0.482111277,33,0.068127718,0.327197905,0.351458552,0.638016666,6
D065,O050,3,404,0.482111277,322,0.206052109,0.123509785,0.230258857,0.710466564,78
D065,O051,3,404,0.482111277,264,0.415458501,0.161179135,0.311726789,0.922834621,12
D065,O052,3,404,0.482111277,249,0.293109713,0.381495942,0.29384703,0.500330142,30
D065,O053,3,404,0.482111277,251,0.008437374,0.219704544,0.077608614,0.857828126,11
D065,O054,3,404,0.482111277,70,0.483939677,0.225369653,0.039302168,0.574845385,11
D065,O055,3,404,0.482111277,143,0.09821222,0.163666817,0.285033773,0.601558378,17
D065,O056,3,404,0.482111277,345,0.064149611,0.031223606,0.23904777,0.691855779,21
D065,O057,3,404,0.482111277,100,0.400541493,0.216556949,0.487740957,1.038462113,22
D065,O058,3,404,0.482111277,22,0.090722232,0.036785238,0.101049312,0.663001423,4
D065,O059,3,404,0.482111277,486,0.079431167,0.248195591,0.397292534,0.804788767,76
D065,O060,3,404,0.482111277,273,0.451061182,0.170720182,0.061912147,0.815113055,50
D065,O061,3,404,0.482111277,27,0.381805437,0.01616482,0.491613692,0.675221612,4
D065,O062,3,404,0.482111277,442,0.418928223,0.359834489,0.417321395,0.554105019,34
D065,O063,3,404,0.482111277,159,0.167777479,0.069957712,0.130372357,0.943907134,38
D065,O064,3,404,0.482111277,358,0.061032209,0.305917985,0.455729849,0.927346891,71
D065,O065,3,404,0.482111277,56,0.248866638,0.340199764,0.379559452,0.583546864,5
D065,O066,3,404,0.482111277,149,0.351209323,0.192455527,0.149427886,0.883050134,9
D065,O067,3,404,0.482111277,60,0.359928689,0.02076874,0.174232425,0.648987034,6
D065,O068,3,404,0.482111277,871,0.148525779,0.2389906,0.43126666,0.56330551,22
D065,O069,3,404,0.482111277,600,0.193256125,0.259153683,0.18565311,0.968309469,107
D065,O070,3,404,0.482111277,139,0.286307662,0.0275532,0.151186277,0.734969069,9
D065,O071,3,404,0.482111277,830,0.025772238,0.059916076,0.006124037,0.854259133,1
D065,O072,3,404,0.482111277,41,0.447028226,0.353970092,0.321029628,0.606201119,5
D065,O073,3,404,0.482111277,22,0.099783277,0.097826372,0.112559894,0.548583884,3
D065,O074,3,404,0.482111277,36,0.042568944,0.004280635,0.087293441,0.86728622,3
D065,O075,3,404,0.482111277,31,0.495260113,0.154710174,0.269857669,0.722353565,5
D065,O076,3,404,0.482111277,202,0.209924614,0.319442165,0.171734319,0.667816616,34
D065,O077,3,404,0.482111277,648,0.325153788,0.303515085,0.316930252,0.613107267,97
D065,O078,3,404,0.482111277,379,0.223960723,0.064878079,0.224272393,0.840645589,80
D065,O079,3,404,0.482111277,65,0.075519811,0.282963886,0.299403793,0.51375586,9
D065,O080,3,404,0.482111277,206,0.124478381,0.390952102,0.159201992,0.812430792,3
D065,O081,3,404,0.482111277,229,0.311863322,0.040757227,0.190953924,0.52059127,6
D065,O082,3,404,0.482111277,630,0.267185735,0.363424574,0.305398084,0.528725737,144
D065,O083,3,404,0.482111277,89,0.002629244,0.11891721,0.012340148,0.799263288,13
D065,O084,3,404,0.482111277,797,0.372992677,0.000386491,0.00152113,0.993396916,169
D065,O085,3,404,0.482111277,66,0.183976656,0.236269207,0.120756181,0.591017322,11
D065,O086,3,404,0.482111277,135,0.469888219,0.056365997,0.043821459,0.952586866,28
D065,O087,3,404,0.482111277,23,0.111840401,0.071296914,0.089679808,0.791166307,2
D065,O088,3,404,0.482111277,74,0.028069089,0.054085246,0.202673962,0.619616712,14
D065,O089,3,404,0.482111277,55,0.492105028,0.101006081,0.474810428,0.657444473,6
D065,O090,3,404,0.482111277,285,0.03434851,0.377557012,0.057284121,0.757204241,14
D065,O091,3,404,0.482111277,85,0.181583703,0.224320695,0.138841885,0.830164928,8
D065,O092,3,404,0.482111277,303,0.442706311,0.172267227,0.436491903,0.897895329,53
D065,O093,3,404,0.482111277,25,0.276275035,0.078153424,0.291384582,0.958605081,1
D065,O094,3,404,0.482111277,888,0.302089761,0.091469055,0.358945917,0.915650339,193
D065,O095,3,404,0.482111277,29,0.365502327,0.314203797,0.177999519,0.631365154,3
D065,O096,3,404,0.482111277,91,0.16170145,0.264353919,0.069555674,0.545005585,20
D066,O001,8,692,5.932701376,184,0.252173292,0.345006223,0.414518539,1.008029851,43
D066,O002,8,692,5.932701376,71,0.386957289,0.33590604,0.423756547,1.030814136,16
D066,O003,8,692,5.932701376,43,0.48531049,0.109844006,0.373132887,0.562934186,5
D066,O004,8,692,5.932701376,544,0.015441285,0.39993713,0.047767101,0.621494583,12
D066,O005,8,692,5.932701376,472,0.458927508,0.08115278,0.018055532,0.751825682,8
D066,O006,8,692,5.932701376,26,0.466438896,0.19990199,0.36047691,0.537345538,5
D066,O007,8,692,5.932701376,20,0.141130372,0.138764594,0.166622366,0.974703346,2
D066,O008,8,692,5.932701376,217,0.118365868,0.010264005,0.438577644,0.70421183,4
D066,O009,8,692,5.932701376,39,0.272204984,0.243100415,0.446678,0.893215891,1
D066,O010,8,692,5.932701376,78,0.42428609,0.04657399,0.47291634,0.886241643,6
D066,O011,8,692,5.932701376,163,0.257766277,0.230369452,0.067376828,1.041013094,24
D066,O012,8,692,5.932701376,121,0.018977159,0.042108472,0.106166432,0.634587855,7
D066,O013,8,692,5.932701376,38,0.13035544,0.200717694,0.465695355,0.90739434,4
D066,O014,8,692,5.932701376,505,0.055050564,0.385744929,0.323573274,0.956197221,126
D066,O015,8,692,5.932701376,369,0.403527677,0.186961283,0.029180542,1.016098144,88
D066,O016,8,692,5.932701376,990,0.188337728,0.211915952,0.403770273,0.683522338,99
D066,O017,8,692,5.932701376,47,0.235947901,0.205558573,0.450421949,0.98550411,1
D066,O018,8,692,5.932701376,128,0.201594351,0.132120615,0.2466657,1.015365814,15
D066,O019,8,692,5.932701376,24,0.431629638,0.254066717,0.253740338,0.934568431,1
D066,O020,8,692,5.932701376,113,0.348269976,0.095285863,0.409466489,0.990902637,28
D066,O021,8,692,5.932701376,35,0.407381528,0.191612689,0.078494355,0.726366674,4
D066,O022,8,692,5.932701376,193,0.265083523,0.114415056,0.48366938,0.770574624,6
D066,O023,8,692,5.932701376,410,0.214451437,0.12789836,0.094002538,0.876090399,34
D066,O024,8,692,5.932701376,109,0.107543079,0.370185632,0.33107989,0.763088384,2
D066,O025,8,692,5.932701376,53,0.129725034,0.023513439,0.022926164,0.647079336,9
D066,O026,8,692,5.932701376,104,0.335746812,0.309055962,0.214783733,0.866605062,9
D066,O027,8,692,5.932701376,120,0.173792118,0.275390581,0.115990185,0.594400816,1
D066,O028,8,692,5.932701376,315,0.161028291,0.149607497,0.243736481,0.836522744,76
D066,O029,8,692,5.932701376,744,0.31398409,0.144642217,0.380464816,1.001095973,47
D066,O030,8,692,5.932701376,96,0.291312931,0.178362873,0.260288981,0.712485371,21
D066,O031,8,692,5.932701376,61,0.375724597,0.298965989,0.344989603,1.023539068,2
D066,O032,8,692,5.932701376,449,0.47407037,0.293964396,0.333868972,0.526716923,86
D066,O033,8,692,5.932701376,28,0.356894295,0.285864598,0.280390934,0.572892371,5
D066,O034,8,692,5.932701376,172,0.339323194,0.106162856,0.193996227,0.976195745,28
D066,O035,8,692,5.932701376,173,0.041159595,0.256897351,0.341435098,0.936656262,22
D066,O036,8,692,5.932701376,83,0.318040863,0.288671609,0.125731933,0.510862581,11
D066,O037,8,692,5.932701376,232,0.083660283,0.374766445,0.463420281,0.901833982,16
D066,O038,8,692,5.932701376,765,0.137328547,0.153890662,0.395745604,0.824092212,73
D066,O039,8,692,5.932701376,48,0.232718262,0.17994217,0.033136716,0.784320075,1
D066,O040,8,692,5.932701376,585,0.392959459,0.39457393,0.498815231,0.847757244,30
D066,O041,8,692,5.932701376,49,0.297735298,0.268205888,0.212580592,0.765018393,7
D066,O042,8,692,5.932701376,533,0.049123846,0.273615249,0.271891148,0.775509181,28
D066,O043,8,692,5.932701376,936,0.154267686,0.332919895,0.389161836,0.694797352,211
D066,O044,8,692,5.932701376,721,0.432376139,0.324925408,0.144007894,0.742867678,148
D066,O045,8,692,5.932701376,692,0.331104768,0.086465045,0.220042135,0.679206917,59
D066,O046,8,692,5.932701376,402,0.241792287,0.134055119,0.264545347,1.045585484,81
D066,O047,8,692,5.932701376,32,0.457593053,0.357426009,0.365235909,0.729886159,4
D066,O048,8,692,5.932701376,45,0.221925977,0.348159922,0.204633474,0.792986797,8
D066,O049,8,692,5.932701376,33,0.068127718,0.327197905,0.351458552,0.638016666,6
D066,O050,8,692,5.932701376,322,0.206052109,0.123509785,0.230258857,0.710466564,78
D066,O051,8,692,5.932701376,264,0.415458501,0.161179135,0.311726789,0.922834621,12
D066,O052,8,692,5.932701376,249,0.293109713,0.381495942,0.29384703,0.500330142,30
D066,O053,8,692,5.932701376,251,0.008437374,0.219704544,0.077608614,0.857828126,11
D066,O054,8,692,5.932701376,70,0.483939677,0.225369653,0.039302168,0.574845385,11
D066,O055,8,692,5.932701376,143,0.09821222,0.163666817,0.285033773,0.601558378,17
D066,O056,8,692,5.932701376,345,0.064149611,0.031223606,0.23904777,0.691855779,21
D066,O057,8,692,5.932701376,100,0.400541493,0.216556949,0.487740957,1.038462113,22
D066,O058,8,692,5.932701376,22,0.090722232,0.036785238,0.101049312,0.663001423,4
D066,O059,8,692,5.932701376,486,0.079431167,0.248195591,0.397292534,0.804788767,76
D066,O060,8,692,5.932701376,273,0.451061182,0.170720182,0.061912147,0.815113055,50
D066,O061,8,692,5.932701376,27,0.381805437,0.01616482,0.491613692,0.675221612,4
D066,O062,8,692,5.932701376,442,0.418928223,0.359834489,0.417321395,0.554105019,34
D066,O063,8,692,5.932701376,159,0.167777479,0.069957712,0.130372357,0.943907134,38
D066,O064,8,692,5.932701376,358,0.061032209,0.305917985,0.455729849,0.927346891,71
D066,O065,8,692,5.932701376,56,0.248866638,0.340199764,0.379559452,0.583546864,5
D066,O066,8,692,5.932701376,149,0.351209323,0.192455527,0.149427886,0.883050134,9
D066,O067,8,692,5.932701376,60,0.359928689,0.02076874,0.174232425,0.648987034,6
D066,O068,8,692,5.932701376,871,0.148525779,0.2389906,0.43126666,0.56330551,22
D066,O069,8,692,5.932701376,600,0.193256125,0.259153683,0.18565311,0.968309469,107
D066,O070,8,692,5.932701376,139,0.286307662,0.0275532,0.151186277,0.734969069,9
D066,O071,8,692,5.932701376,830,0.025772238,0.059916076,0.006124037,0.854259133,1
D066,O072,8,692,5.932701376,41,0.447028226,0.353970092,0.321029628,0.606201119,5
D066,O073,8,692,5.932701376,22,0.099783277,0.097826372,0.112559894,0.548583884,3
D066,O074,8,692,5.932701376,36,0.042568944,0.004280635,0.087293441,0.86728622,3
D066,O075,8,692,5.932701376,31,0.495260113,0.154710174,0.269857669,0.722353565,5
D066,O076,8,692,5.932701376,202,0.209924614,0.319442165,0.171734319,0.667816616,34
D066,O077,8,692,5.932701376,648,0.325153788,0.303515085,0.316930252,0.613107267,97
D066,O078,8,692,5.932701376,379,0.223960723,0.064878079,0.224272393,0.840645589,80
D066,O079,8,692,5.932701376,65,0.075519811,0.282963886,0.299403793,0.51375586,9
D066,O080,8,692,5.932701376,206,0.124478381,0.390952102,0.159201992,0.812430792,3
D066,O081,8,692,5.932701376,229,0.311863322,0.040757227,0.190953924,0.52059127,6
D066,O082,8,692,5.932701376,630,0.267185735,0.363424574,0.305398084,0.528725737,144
D066,O083,8,692,5.932701376,89,0.002629244,0.11891721,0.012340148,0.799263288,13
D066,O084,8,692,5.932701376,797,0.372992677,0.000386491,0.00152113,0.993396916,169
D066,O085,8,692,5.932701376,66,0.183976656,0.236269207,0.120756181,0.591017322,11
D066,O086,8,692,5.932701376,135,0.469888219,0.056365997,0.043821459,0.952586866,28
D066,O087,8,692,5.932701376,23,0.111840401,0.071296914,0.089679808,0.791166307,2
D066,O088,8,692,5.932701376,74,0.028069089,0.054085246,0.202673962,0.619616712,14
D066,O089,8,692,5.932701376,55,0.492105028,0.101006081,0.474810428,0.657444473,6
D066,O090,8,692,5.932701376,285,0.03434851,0.377557012,0.057284121,0.757204241,14
D066,O091,8,692,5.932701376,85,0.181583703,0.224320695,0.138841885,0.830164928,8
D066,O092,8,692,5.932701376,303,0.442706311,0.172267227,0.436491903,0.897895329,53
D066,O093,8,692,5.932701376,25,0.276275035,0.078153424,0.291384582,0.958605081,1
D066,O094,8,692,5.932701376,888,0.302089761,0.091469055,0.358945917,0.915650339,193
D066,O095,8,692,5.932701376,29,0.365502327,0.314203797,0.177999519,0.631365154,3
D066,O096,8,692,5.932701376,91,0.16170145,0.264353919,0.069555674,0.545005585,20
D067,O001,2,129,6.295891122,184,0.252173292,0.345006223,0.414518539,1.008029851,43
D067,O002,2,129,6.295891122,71,0.386957289,0.33590604,0.423756547,1.030814136,16
D067,O003,2,129,6.295891122,43,0.48531049,0.109844006,0.373132887,0.562934186,5
D067,O004,2,129,6.295891122,544,0.015441285,0.39993713,0.047767101,0.621494583,12
D067,O005,2,129,6.295891122,472,0.458927508,0.08115278,0.018055532,0.751825682,8
D067,O006,2,129,6.295891122,26,0.466438896,0.19990199,0.36047691,0.537345538,5
D067,O007,2,129,6.295891122,20,0.141130372,0.138764594,0.166622366,0.974703346,2
D067,O008,2,129,6.295891122,217,0.118365868,0.010264005,0.438577644,0.70421183,4
D067,O009,2,129,6.295891122,39,0.272204984,0.243100415,0.446678,0.893215891,1
D067,O010,2,129,6.295891122,78,0.42428609,0.04657399,0.47291634,0.886241643,6
D067,O011,2,129,6.295891122,163,0.257766277,0.230369452,0.067376828,1.041013094,24
D067,O012,2,129,6.295891122,121,0.018977159,0.042108472,0.106166432,0.634587855,7
D067,O013,2,129,6.295891122,38,0.13035544,0.200717694,0.465695355,0.90739434,4
D067,O014,2,129,6.295891122,505,0.055050564,0.385744929,0.323573274,0.956197221,126
D067,O015,2,129,6.295891122,369,0.403527677,0.186961283,0.029180542,1.016098144,88
D067,O016,2,129,6.295891122,990,0.188337728,0.211915952,0.403770273,0.683522338,99
D067,O017,2,129,6.295891122,47,0.235947901,0.205558573,0.450421949,0.98550411,1
D067,O018,2,129,6.295891122,128,0.201594351,0.132120615,0.2466657,1.015365814,15
D067,O019,2,129,6.295891122,24,0.431629638,0.254066717,0.253740338,0.934568431,1
D067,O020,2,129,6.295891122,113,0.348269976,0.095285863,0.409466489,0.990902637,28
D067,O021,2,129,6.295891122,35,0.407381528,0.191612689,0.078494355,0.726366674,4
D067,O022,2,129,6.295891122,193,0.265083523,0.114415056,0.48366938,0.770574624,6
D067,O023,2,129,6.295891122,410,0.214451437,0.12789836,0.094002538,0.876090399,34
D067,O024,2,129,6.295891122,109,0.107543079,0.370185632,0.33107989,0.763088384,2
D067,O025,2,129,6.295891122,53,0.129725034,0.023513439,0.022926164,0.647079336,9
D067,O026,2,129,6.295891122,104,0.335746812,0.309055962,0.214783733,0.866605062,9
D067,O027,2,129,6.295891122,120,0.173792118,0.275390581,0.115990185,0.594400816,1
D067,O028,2,129,6.295891122,315,0.161028291,0.149607497,0.243736481,0.836522744,76
D067,O029,2,129,6.295891122,744,0.31398409,0.144642217,0.380464816,1.001095973,47
D067,O030,2,129,6.295891122,96,0.291312931,0.178362873,0.260288981,0.712485371,21
D067,O031,2,129,6.295891122,61,0.375724597,0.298965989,0.344989603,1.023539068,2
D067,O032,2,129,6.295891122,449,0.47407037,0.293964396,0.333868972,0.526716923,86
D067,O033,2,129,6.295891122,28,0.356894295,0.285864598,0.280390934,0.572892371,5
D067,O034,2,129,6.295891122,172,0.339323194,0.106162856,0.193996227,0.976195745,28
D067,O035,2,129,6.295891122,173,0.041159595,0.256897351,0.341435098,0.936656262,22
D067,O036,2,129,6.295891122,83,0.318040863,0.288671609,0.125731933,0.510862581,11
D067,O037,2,129,6.295891122,232,0.083660283,0.374766445,0.463420281,0.901833982,16
D067,O038,2,129,6.295891122,765,0.137328547,0.153890662,0.395745604,0.824092212,73
D067,O039,2,129,6.295891122,48,0.232718262,0.17994217,0.033136716,0.784320075,1
D067,O040,2,129,6.295891122,585,0.392959459,0.39457393,0.498815231,0.847757244,30
D067,O041,2,129,6.295891122,49,0.297735298,0.268205888,0.212580592,0.765018393,7
D067,O042,2,129,6.295891122,533,0.049123846,0.273615249,0.271891148,0.775509181,28
D067,O043,2,129,6.295891122,936,0.154267686,0.332919895,0.389161836,0.694797352,211
D067,O044,2,129,6.295891122,721,0.432376139,0.324925408,0.144007894,0.742867678,148
D067,O045,2,129,6.295891122,692,0.331104768,0.086465045,0.220042135,0.679206917,59
D067,O046,2,129,6.295891122,402,0.241792287,0.134055119,0.264545347,1.045585484,81
D067,O047,2,129,6.295891122,32,0.457593053,0.357426009,0.365235909,0.729886159,4
D067,O048,2,129,6.295891122,45,0.221925977,0.348159922,0.204633474,0.792986797,8
D067,O049,2,129,6.295891122,33,0.068127718,0.327197905,0.351458552,0.638016666,6
D067,O050,2,129,6.295891122,322,0.206052109,0.123509785,0.230258857,0.710466564,78
D067,O051,2,129,6.295891122,264,0.415458501,0.161179135,0.311726789,0.922834621,12
D067,O052,2,129,6.295891122,249,0.293109713,0.381495942,0.29384703,0.500330142,30
D067,O053,2,129,6.295891122,251,0.008437374,0.219704544,0.077608614,0.857828126,11
D067,O054,2,129,6.295891122,70,0.483939677,0.225369653,0.039302168,0.574845385,11
D067,O055,2,129,6.295891122,143,0.09821222,0.163666817,0.285033773,0.601558378,17
D067,O056,2,129,6.295891122,345,0.064149611,0.031223606,0.23904777,0.691855779,21
D067,O057,2,129,6.295891122,100,0.400541493,0.216556949,0.487740957,1.038462113,22
D067,O058,2,129,6.295891122,22,0.090722232,0.036785238,0.101049312,0.663001423,4
D067,O059,2,129,6.295891122,486,0.079431167,0.248195591,0.397292534,0.804788767,76
D067,O060,2,129,6.295891122,273,0.451061182,0.170720182,0.061912147,0.815113055,50
D067,O061,2,129,6.295891122,27,0.381805437,0.01616482,0.491613692,0.675221612,4
D067,O062,2,129,6.295891122,442,0.418928223,0.359834489,0.417321395,0.554105019,34
D067,O063,2,129,6.295891122,159,0.167777479,0.069957712,0.130372357,0.943907134,38
D067,O064,2,129,6.295891122,358,0.061032209,0.305917985,0.455729849,0.927346891,71
D067,O065,2,129,6.295891122,56,0.248866638,0.340199764,0.379559452,0.583546864,5
D067,O066,2,129,6.295891122,149,0.351209323,0.192455527,0.149427886,0.883050134,9
D067,O067,2,129,6.295891122,60,0.359928689,0.02076874,0.174232425,0.648987034,6
D067,O068,2,129,6.295891122,871,0.148525779,0.2389906,0.43126666,0.56330551,22
D067,O069,2,129,6.295891122,600,0.193256125,0.259153683,0.18565311,0.968309469,107
D067,O070,2,129,6.295891122,139,0.286307662,0.0275532,0.151186277,0.734969069,9
D067,O071,2,129,6.295891122,830,0.025772238,0.059916076,0.006124037,0.854259133,1
D067,O072,2,129,6.295891122,41,0.447028226,0.353970092,0.321029628,0.606201119,5
D067,O073,2,129,6.295891122,22,0.099783277,0.097826372,0.112559894,0.548583884,3
D067,O074,2,129,6.295891122,36,0.042568944,0.004280635,0.087293441,0.86728622,3
D067,O075,2,129,6.295891122,31,0.495260113,0.154710174,0.269857669,0.722353565,5
D067,O076,2,129,6.295891122,202,0.209924614,0.319442165,0.171734319,0.667816616,34
D067,O077,2,129,6.295891122,648,0.325153788,0.303515085,0.316930252,0.613107267,97
D067,O078,2,129,6.295891122,379,0.223960723,0.064878079,0.224272393,0.840645589,80
D067,O079,2,129,6.295891122,65,0.075519811,0.282963886,0.299403793,0.51375586,9
D067,O080,2,129,6.295891122,206,0.124478381,0.390952102,0.159201992,0.812430792,3
D067,O081,2,129,6.295891122,229,0.311863322,0.040757227,0.190953924,0.52059127,6
D067,O082,2,129,6.295891122,630,0.267185735,0.363424574,0.305398084,0.528725737,144
D067,O083,2,129,6.295891122,89,0.002629244,0.11891721,0.012340148,0.799263288,13
D067,O084,2,129,6.295891122,797,0.372992677,0.000386491,0.00152113,0.993396916,169
D067,O085,2,129,6.295891122,66,0.183976656,0.236269207,0.120756181,0.591017322,11
D067,O086,2,129,6.295891122,135,0.469888219,0.056365997,0.043821459,0.952586866,28
D067,O087,2,129,6.295891122,23,0.111840401,0.071296914,0.089679808,0.791166307,2
D067,O088,2,129,6.295891122,74,0.028069089,0.054085246,0.202673962,0.619616712,14
D067,O089,2,129,6.295891122,55,0.492105028,0.101006081,0.474810428,0.657444473,6
D067,O090,2,129,6.295891122,285,0.03434851,0.377557012,0.057284121,0.757204241,14
D067,O091,2,129,6.295891122,85,0.181583703,0.224320695,0.138841885,0.830164928,8
D067,O092,2,129,6.295891122,303,0.442706311,0.172267227,0.436491903,0.897895329,53
D067,O093,2,129,6.295891122,25,0.276275035,0.078153424,0.291384582,0.958605081,1
D067,O094,2,129,6.295891122,888,0.302089761,0.091469055,0.358945917,0.915650339,193
D067,O095,2,129,6.295891122,29,0.365502327,0.314203797,0.177999519,0.631365154,3
D067,O096,2,129,6.295891122,91,0.16170145,0.264353919,0.069555674,0.545005585,20
D068,O001,7,1076,3.074594771,184,0.252173292,0.345006223,0.414518539,1.008029851,43
D068,O002,7,1076,3.074594771,71,0.386957289,0.33590604,0.423756547,1.030814136,16
D068,O003,7,1076,3.074594771,43,0.48531049,0.109844006,0.373132887,0.562934186,5
D068,O004,7,1076,3.074594771,544,0.015441285,0.39993713,0.047767101,0.621494583,12
D068,O005,7,1076,3.074594771,472,0.458927508,0.08115278,0.018055532,0.751825682,8
D068,O006,7,1076,3.074594771,26,0.466438896,0.19990199,0.36047691,0.537345538,5
D068,O007,7,1076,3.074594771,20,0.141130372,0.138764594,0.166622366,0.974703346,2
D068,O008,7,1076,3.074594771,217,0.118365868,0.010264005,0.438577644,0.70421183,4
D068,O009,7,1076,3.074594771,39,0.272204984,0.243100415,0.446678,0.893215891,1
D068,O010,7,1076,3.074594771,78,0.42428609,0.04657399,0.47291634,0.886241643,6
D068,O011,7,1076,3.074594771,163,0.257766277,0.230369452,0.067376828,1.041013094,24
D068,O012,7,1076,3.074594771,121,0.018977159,0.042108472,0.106166432,0.634587855,7
D068,O013,7,1076,3.074594771,38,0.13035544,0.200717694,0.465695355,0.90739434,4
D068,O014,7,1076,3.074594771,505,0.055050564,0.385744929,0.323573274,0.956197221,126
D068,O015,7,1076,3.074594771,369,0.403527677,0.186961283,0.029180542,1.016098144,88
D068,O016,7,1076,3.074594771,990,0.188337728,0.211915952,0.403770273,0.683522338,99
D068,O017,7,1076,3.074594771,47,0.235947901,0.205558573,0.450421949,0.98550411,1
D068,O018,7,1076,3.074594771,128,0.201594351,0.132120615,0.2466657,1.015365814,15
D068,O019,7,1076,3.074594771,24,0.431629638,0.254066717,0.253740338,0.934568431,1
D068,O020,7,1076,3.074594771,113,0.348269976,0.095285863,0.409466489,0.990902637,28
D068,O021,7,1076,3.074594771,35,0.407381528,0.191612689,0.078494355,0.726366674,4
D068,O022,7,1076,3.074594771,193,0.265083523,0.114415056,0.48366938,0.770574624,6
D068,O023,7,1076,3.074594771,410,0.214451437,0.12789836,0.094002538,0.876090399,34
D068,O024,7,1076,3.074594771,109,0.107543079,0.370185632,0.33107989,0.763088384,2
D068,O025,7,1076,3.074594771,53,0.129725034,0.023513439,0.022926164,0.647079336,9
D068,O026,7,1076,3.074594771,104,0.335746812,0.309055962,0.214783733,0.866605062,9
D068,O027,7,1076,3.074594771,120,0.173792118,0.275390581,0.115990185,0.594400816,1
D068,O028,7,1076,3.074594771,315,0.161028291,0.149607497,0.243736481,0.836522744,76
D068,O029,7,1076,3.074594771,744,0.31398409,0.144642217,0.380464816,1.001095973,47
D068,O030,7,1076,3.074594771,96,0.291312931,0.178362873,0.260288981,0.712485371,21
D068,O031,7,1076,3.074594771,61,0.375724597,0.298965989,0.344989603,1.023539068,2
D068,O032,7,1076,3.074594771,449,0.47407037,0.293964396,0.333868972,0.526716923,86
D068,O033,7,1076,3.074594771,28,0.356894295,0.285864598,0.280390934,0.572892371,5
D068,O034,7,1076,3.074594771,172,0.339323194,0.106162856,0.193996227,0.976195745,28
D068,O035,7,1076,3.074594771,173,0.041159595,0.256897351,0.341435098,0.936656262,22
D068,O036,7,1076,3.074594771,83,0.318040863,0.288671609,0.125731933,0.510862581,11
D068,O037,7,1076,3.074594771,232,0.083660283,0.374766445,0.463420281,0.901833982,16
D068,O038,7,1076,3.074594771,765,0.137328547,0.153890662,0.395745604,0.824092212,73
D068,O039,7,1076,3.074594771,48,0.232718262,0.17994217,0.033136716,0.784320075,1
D068,O040,7,1076,3.074594771,585,0.392959459,0.39457393,0.498815231,0.847757244,30
D068,O041,7,1076,3.074594771,49,0.297735298,0.268205888,0.212580592,0.765018393,7
D068,O042,7,1076,3.074594771,533,0.049123846,0.273615249,0.271891148,0.775509181,28
D068,O043,7,1076,3.074594771,936,0.154267686,0.332919895,0.389161836,0.694797352,211
D068,O044,7,1076,3.074594771,721,0.432376139,0.324925408,0.144007894,0.742867678,148
D068,O045,7,1076,3.074594771,692,0.331104768,0.086465045,0.220042135,0.679206917,59
D068,O046,7,1076,3.074594771,402,0.241792287,0.134055119,0.264545347,1.045585484,81
D068,O047,7,1076,3.074594771,32,0.457593053,0.357426009,0.365235909,0.729886159,4
D068,O048,7,1076,3.074594771,45,0.221925977,0.348159922,0.204633474,0.792986797,8
D068,O049,7,1076,3.074594771,33,0.068127718,0.327197905,0.351458552,0.638016666,6
D068,O050,7,1076,3.074594771,322,0.206052109,0.123509785,0.230258857,0.710466564,78
D068,O051,7,1076,3.074594771,264,0.415458501,0.161179135,0.311726789,0.922834621,12
D068,O052,7,1076,3.074594771,249,0.293109713,0.381495942,0.29384703,0.500330142,30
D068,O053,7,1076,3.074594771,251,0.008437374,0.219704544,0.077608614,0.857828126,11
D068,O054,7,1076,3.074594771,70,0.483939677,0.225369653,0.039302168,0.574845385,11
D068,O055,7,1076,3.074594771,143,0.09821222,0.163666817,0.285033773,0.601558378,17
D068,O056,7,1076,3.074594771,345,0.064149611,0.031223606,0.23904777,0.691855779,21
D068,O057,7,1076,3.074594771,100,0.400541493,0.216556949,0.487740957,1.038462113,22
D068,O058,7,1076,3.074594771,22,0.090722232,0.036785238,0.101049312,0.663001423,4
D068,O059,7,1076,3.074594771,486,0.079431167,0.248195591,0.397292534,0.804788767,76
D068,O060,7,1076,3.074594771,273,0.451061182,0.170720182,0.061912147,0.815113055,50
D068,O061,7,1076,3.074594771,27,0.381805437,0.01616482,0.491613692,0.675221612,4
D068,O062,7,1076,3.074594771,442,0.418928223,0.359834489,0.417321395,0.554105019,34
D068,O063,7,1076,3.074594771,159,0.167777479,0.069957712,0.130372357,0.943907134,38
D068,O064,7,1076,3.074594771,358,0.061032209,0.305917985,0.455729849,0.927346891,71
D068,O065,7,1076,3.074594771,56,0.248866638,0.340199764,0.379559452,0.583546864,5
D068,O066,7,1076,3.074594771,149,0.351209323,0.192455527,0.149427886,0.883050134,9
D068,O067,7,1076,3.074594771,60,0.359928689,0.02076874,0.174232425,0.648987034,6
D068,O068,7,1076,3.074594771,871,0.148525779,0.2389906,0.43126666,0.56330551,22
D068,O069,7,1076,3.074594771,600,0.193256125,0.259153683,0.18565311,0.968309469,107
D068,O070,7,1076,3.074594771,139,0.286307662,0.0275532,0.151186277,0.734969069,9
D068,O071,7,1076,3.074594771,830,0.025772238,0.059916076,0.006124037,0.854259133,1
D068,O072,7,1076,3.074594771,41,0.447028226,0.353970092,0.321029628,0.606201119,5
D068,O073,7,1076,3.074594771,22,0.099783277,0.097826372,0.112559894,0.548583884,3
D068,O074,7,1076,3.074594771,36,0.042568944,0.004280635,0.087293441,0.86728622,3
D068,O075,7,1076,3.074594771,31,0.495260113,0.154710174,0.269857669,0.722353565,5
D068,O076,7,1076,3.074594771,202,0.209924614,0.319442165,0.171734319,0.667816616,34
D068,O077,7,1076,3.074594771,648,0.325153788,0.303515085,0.316930252,0.613107267,97
D068,O078,7,1076,3.074594771,379,0.223960723,0.064878079,0.224272393,0.840645589,80
D068,O079,7,1076,3.074594771,65,0.075519811,0.282963886,0.299403793,0.51375586,9
D068,O080,7,1076,3.074594771,206,0.124478381,0.390952102,0.159201992,0.812430792,3
D068,O081,7,1076,3.074594771,229,0.311863322,0.040757227,0.190953924,0.52059127,6
D068,O082,7,1076,3.074594771,630,0.267185735,0.363424574,0.305398084,0.528725737,144
D068,O083,7,1076,3.074594771,89,0.002629244,0.11891721,0.012340148,0.799263288,13
D068,O084,7,1076,3.074594771,797,0.372992677,0.000386491,0.00152113,0.993396916,169
D068,O085,7,1076,3.074594771,66,0.183976656,0.236269207,0.120756181,0.591017322,11
D068,O086,7,1076,3.074594771,135,0.469888219,0.056365997,0.043821459,0.952586866,28
D068,O087,7,1076,3.074594771,23,0.111840401,0.071296914,0.089679808,0.791166307,2
D068,O088,7,1076,3.074594771,74,0.028069089,0.054085246,0.202673962,0.619616712,14
D068,O089,7,1076,3.074594771,55,0.492105028,0.101006081,0.474810428,0.657444473,6
D068,O090,7,1076,3.074594771,285,0.03434851,0.377557012,0.057284121,0.757204241,14
D068,O091,7,1076,3.074594771,85,0.181583703,0.224320695,0.138841885,0.830164928,8
D068,O092,7,1076,3.074594771,303,0.442706311,0.172267227,0.436491903,0.897895329,53
D068,O093,7,1076,3.074594771,25,0.276275035,0.078153424,0.291384582,0.958605081,1
D068,O094,7,1076,3.074594771,888,0.302089761,0.091469055,0.358945917,0.915650339,193
D068,O095,7,1076,3.074594771,29,0.365502327,0.314203797,0.177999519,0.631365154,3
D068,O096,7,1076,3.074594771,91,0.16170145,0.264353919,0.069555674,0.545005585,20
D069,O001,8,548,1.270476056,184,0.252173292,0.345006223,0.414518539,1.008029851,43
D069,O002,8,548,1.270476056,71,0.386957289,0.33590604,0.423756547,1.030814136,16
D069,O003,8,548,1.270476056,43,0.48531049,0.109844006,0.373132887,0.562934186,5
D069,O004,8,548,1.270476056,544,0.015441285,0.39993713,0.047767101,0.621494583,12
D069,O005,8,548,1.270476056,472,0.458927508,0.08115278,0.018055532,0.751825682,8
D069,O006,8,548,1.270476056,26,0.466438896,0.19990199,0.36047691,0.537345538,5
D069,O007,8,548,1.270476056,20,0.141130372,0.138764594,0.166622366,0.974703346,2
D069,O008,8,548,1.270476056,217,0.118365868,0.010264005,0.438577644,0.70421183,4
D069,O009,8,548,1.270476056,39,0.272204984,0.243100415,0.446678,0.893215891,1
D069,O010,8,548,1.270476056,78,0.42428609,0.04657399,0.47291634,0.886241643,6
D069,O011,8,548,1.270476056,163,0.257766277,0.230369452,0.067376828,1.041013094,24
D069,O012,8,548,1.270476056,121,0.018977159,0.042108472,0.106166432,0.634587855,7
D069,O013,8,548,1.270476056,38,0.13035544,0.200717694,0.465695355,0.90739434,4
D069,O014,8,548,1.270476056,505,0.055050564,0.385744929,0.323573274,0.956197221,126
D069,O015,8,548,1.270476056,369,0.403527677,0.186961283,0.029180542,1.016098144,88
D069,O016,8,548,1.270476056,990,0.188337728,0.211915952,0.403770273,0.683522338,99
D069,O017,8,548,1.270476056,47,0.235947901,0.205558573,0.450421949,0.98550411,1
D069,O018,8,548,1.270476056,128,0.201594351,0.132120615,0.2466657,1.015365814,15
D069,O019,8,548,1.270476056,24,0.431629638,0.254066717,0.253740338,0.934568431,1
D069,O020,8,548,1.270476056,113,0.348269976,0.095285863,0.409466489,0.990902637,28
D069,O021,8,548,1.270476056,35,0.407381528,0.191612689,0.078494355,0.726366674,4
D069,O022,8,548,1.270476056,193,0.265083523,0.114415056,0.48366938,0.770574624,6
D069,O023,8,548,1.270476056,410,0.214451437,0.12789836,0.094002538,0.876090399,34
D069,O024,8,548,1.270476056,109,0.107543079,0.370185632,0.33107989,0.763088384,2
D069,O025,8,548,1.270476056,53,0.129725034,0.023513439,0.022926164,0.647079336,9
D069,O026,8,548,1.270476056,104,0.335746812,0.309055962,0.214783733,0.866605062,9
D069,O027,8,548,1.270476056,120,0.173792118,0.275390581,0.115990185,0.594400816,1
D069,O028,8,548,1.270476056,315,0.161028291,0.149607497,0.243736481,0.836522744,76
D069,O029,8,548,1.270476056,744,0.31398409,0.144642217,0.380464816,1.001095973,47
D069,O030,8,548,1.270476056,96,0.291312931,0.178362873,0.260288981,0.712485371,21
D069,O031,8,548,1.270476056,61,0.375724597,0.298965989,0.344989603,1.023539068,2
D069,O032,8,548,1.270476056,449,0.47407037,0.293964396,0.333868972,0.526716923,86
D069,O033,8,548,1.270476056,28,0.356894295,0.285864598,0.280390934,0.572892371,5
D069,O034,8,548,1.270476056,172,0.339323194,0.106162856,0.193996227,0.976195745,28
D069,O035,8,548,1.270476056,173,0.041159595,0.256897351,0.341435098,0.936656262,22
D069,O036,8,548,1.270476056,83,0.318040863,0.288671609,0.125731933,0.510862581,11
D069,O037,8,548,1.270476056,232,0.083660283,0.374766445,0.463420281,0.901833982,16
D069,O038,8,548,1.270476056,765,0.137328547,0.153890662,0.395745604,0.824092212,73
D069,O039,8,548,1.270476056,48,0.232718262,0.17994217,0.033136716,0.784320075,1
D069,O040,8,548,1.270476056,585,0.392959459,0.39457393,0.498815231,0.847757244,30
D069,O041,8,548,1.270476056,49,0.297735298,0.268205888,0.212580592,0.765018393,7
D069,O042,8,548,1.270476056,533,0.049123846,0.273615249,0.271891148,0.775509181,28
D069,O043,8,548,1.270476056,936,0.154267686,0.332919895,0.389161836,0.694797352,211
D069,O044,8,548,1.270476056,721,0.432376139,0.324925408,0.144007894,0.742867678,148
D069,O045,8,548,1.270476056,692,0.331104768,0.086465045,0.220042135,0.679206917,59
D069,O046,8,548,1.270476056,402,0.241792287,0.134055119,0.264545347,1.045585484,81
D069,O047,8,548,1.270476056,32,0.457593053,0.357426009,0.365235909,0.729886159,4
D069,O048,8,548,1.270476056,45,0.221925977,0.348159922,0.204633474,0.792986797,8
D069,O049,8,548,1.270476056,33,0.068127718,0.327197905,0.351458552,0.638016666,6
D069,O050,8,548,1.270476056,322,0.206052109,0.123509785,0.230258857,0.710466564,78
D069,O051,8,548,1.270476056,264,0.415458501,0.161179135,0.311726789,0.922834621,12
D069,O052,8,548,1.270476056,249,0.293109713,0.381495942,0.29384703,0.500330142,30
D069,O053,8,548,1.270476056,251,0.008437374,0.219704544,0.077608614,0.857828126,11
D069,O054,8,548,1.270476056,70,0.483939677,0.225369653,0.039302168,0.574845385,11
D069,O055,8,548,1.270476056,143,0.09821222,0.163666817,0.285033773,0.601558378,17
D069,O056,8,548,1.270476056,345,0.064149611,0.031223606,0.23904777,0.691855779,21
D069,O057,8,548,1.270476056,100,0.400541493,0.216556949,0.487740957,1.038462113,22
D069,O058,8,548,1.270476056,22,0.090722232,0.036785238,0.101049312,0.663001423,4
D069,O059,8,548,1.270476056,486,0.079431167,0.248195591,0.397292534,0.804788767,76
D069,O060,8,548,1.270476056,273,0.451061182,0.170720182,0.061912147,0.815113055,50
D069,O061,8,548,1.270476056,27,0.381805437,0.01616482,0.491613692,0.675221612,4
D069,O062,8,548,1.270476056,442,0.418928223,0.359834489,0.417321395,0.554105019,34
D069,O063,8,548,1.270476056,159,0.167777479,0.069957712,0.130372357,0.943907134,38
D069,O064,8,548,1.270476056,358,0.061032209,0.305917985,0.455729849,0.927346891,71
D069,O065,8,548,1.270476056,56,0.248866638,0.340199764,0.379559452,0.583546864,5
D069,O066,8,548,1.270476056,149,0.351209323,0.192455527,0.149427886,0.883050134,9
D069,O067,8,548,1.270476056,60,0.359928689,0.02076874,0.174232425,0.648987034,6
D069,O068,8,548,1.270476056,871,0.148525779,0.2389906,0.43126666,0.56330551,22
D069,O069,8,548,1.270476056,600,0.193256125,0.259153683,0.18565311,0.968309469,107
D069,O070,8,548,1.270476056,139,0.286307662,0.0275532,0.151186277,0.734969069,9
D069,O071,8,548,1.270476056,830,0.025772238,0.059916076,0.006124037,0.854259133,1
D069,O072,8,548,1.270476056,41,0.447028226,0.353970092,0.321029628,0.606201119,5
D069,O073,8,548,1.270476056,22,0.099783277,0.097826372,0.112559894,0.548583884,3
D069,O074,8,548,1.270476056,36,0.042568944,0.004280635,0.087293441,0.86728622,3
D069,O075,8,548,1.270476056,31,0.495260113,0.154710174,0.269857669,0.722353565,5
D069,O076,8,548,1.270476056,202,0.209924614,0.319442165,0.171734319,0.667816616,34
D069,O077,8,548,1.270476056,648,0.325153788,0.303515085,0.316930252,0.613107267,97
D069,O078,8,548,1.270476056,379,0.223960723,0.064878079,0.224272393,0.840645589,80
D069,O079,8,548,1.270476056,65,0.075519811,0.282963886,0.299403793,0.51375586,9
D069,O080,8,548,1.270476056,206,0.124478381,0.390952102,0.159201992,0.812430792,3
D069,O081,8,548,1.270476056,229,0.311863322,0.040757227,0.190953924,0.52059127,6
D069,O082,8,548,1.270476056,630,0.267185735,0.363424574,0.305398084,0.528725737,144
D069,O083,8,548,1.270476056,89,0.002629244,0.11891721,0.012340148,0.799263288,13
D069,O084,8,548,1.270476056,797,0.372992677,0.000386491,0.00152113,0.993396916,169
D069,O085,8,548,1.270476056,66,0.183976656,0.236269207,0.120756181,0.591017322,11
D069,O086,8,548,1.270476056,135,0.469888219,0.056365997,0.043821459,0.952586866,28
D069,O087,8,548,1.270476056,23,0.111840401,0.071296914,0.089679808,0.791166307,2
D069,O088,8,548,1.270476056,74,0.028069089,0.054085246,0.202673962,0.619616712,14
D069,O089,8,548,1.270476056,55,0.492105028,0.101006081,0.474810428,0.657444473,6
D069,O090,8,548,1.270476056,285,0.03434851,0.377557012,0.057284121,0.757204241,14
D069,O091,8,548,1.270476056,85,0.181583703,0.224320695,0.138841885,0.830164928,8
D069,O092,8,548,1.270476056,303,0.442706311,0.172267227,0.436491903,0.897895329,53
D069,O093,8,548,1.270476056,25,0.276275035,0.078153424,0.291384582,0.958605081,1
D069,O094,8,548,1.270476056,888,0.302089761,0.091469055,0.358945917,0.915650339,193
D069,O095,8,548,1.270476056,29,0.365502327,0.314203797,0.177999519,0.631365154,3
D069,O096,8,548,1.270476056,91,0.16170145,0.264353919,0.069555674,0.545005585,20
D070,O001,1,289,0.887279194,184,0.252173292,0.345006223,0.414518539,1.008029851,43
D070,O002,1,289,0.887279194,71,0.386957289,0.33590604,0.423756547,1.030814136,16
D070,O003,1,289,0.887279194,43,0.48531049,0.109844006,0.373132887,0.562934186,5
D070,O004,1,289,0.887279194,544,0.015441285,0.39993713,0.047767101,0.621494583,12
D070,O005,1,289,0.887279194,472,0.458927508,0.08115278,0.018055532,0.751825682,8
D070,O006,1,289,0.887279194,26,0.466438896,0.19990199,0.36047691,0.537345538,5
D070,O007,1,289,0.887279194,20,0.141130372,0.138764594,0.166622366,0.974703346,2
D070,O008,1,289,0.887279194,217,0.118365868,0.010264005,0.438577644,0.70421183,4
D070,O009,1,289,0.887279194,39,0.272204984,0.243100415,0.446678,0.893215891,1
D070,O010,1,289,0.887279194,78,0.42428609,0.04657399,0.47291634,0.886241643,6
D070,O011,1,289,0.887279194,163,0.257766277,0.230369452,0.067376828,1.041013094,24
D070,O012,1,289,0.887279194,121,0.018977159,0.042108472,0.106166432,0.634587855,7
D070,O013,1,289,0.887279194,38,0.13035544,0.200717694,0.465695355,0.90739434,4
D070,O014,1,289,0.887279194,505,0.055050564,0.385744929,0.323573274,0.956197221,126
D070,O015,1,289,0.887279194,369,0.403527677,0.186961283,0.029180542,1.016098144,88
D070,O016,1,289,0.887279194,990,0.188337728,0.211915952,0.403770273,0.683522338,99
D070,O017,1,289,0.887279194,47,0.235947901,0.205558573,0.450421949,0.98550411,1
D070,O018,1,289,0.887279194,128,0.201594351,0.132120615,0.2466657,1.015365814,15
D070,O019,1,289,0.887279194,24,0.431629638,0.254066717,0.253740338,0.934568431,1
D070,O020,1,289,0.887279194,113,0.348269976,0.095285863,0.409466489,0.990902637,28
D070,O021,1,289,0.887279194,35,0.407381528,0.191612689,0.078494355,0.726366674,4
D070,O022,1,289,0.887279194,193,0.265083523,0.114415056,0.48366938,0.770574624,6
D070,O023,1,289,0.887279194,410,0.214451437,0.12789836,0.094002538,0.876090399,34
D070,O024,1,289,0.887279194,109,0.107543079,0.370185632,0.33107989,0.763088384,2
D070,O025,1,289,0.887279194,53,0.129725034,0.023513439,0.022926164,0.647079336,9
D070,O026,1,289,0.887279194,104,0.335746812,0.309055962,0.214783733,0.866605062,9
D070,O027,1,289,0.887279194,120,0.173792118,0.275390581,0.115990185,0.594400816,1
D070,O028,1,289,0.887279194,315,0.161028291,0.149607497,0.243736481,0.836522744,76
D070,O029,1,289,0.887279194,744,0.31398409,0.144642217,0.380464816,1.001095973,47
D070,O030,1,289,0.887279194,96,0.291312931,0.178362873,0.260288981,0.712485371,21
D070,O031,1,289,0.887279194,61,0.375724597,0.298965989,0.344989603,1.023539068,2
D070,O032,1,289,0.887279194,449,0.47407037,0.293964396,0.333868972,0.526716923,86
D070,O033,1,289,0.887279194,28,0.356894295,0.285864598,0.280390934,0.572892371,5
D070,O034,1,289,0.887279194,172,0.339323194,0.106162856,0.193996227,0.976195745,28
D070,O035,1,289,0.887279194,173,0.041159595,0.256897351,0.341435098,0.936656262,22
D070,O036,1,289,0.887279194,83,0.318040863,0.288671609,0.125731933,0.510862581,11
D070,O037,1,289,0.887279194,232,0.083660283,0.374766445,0.463420281,0.901833982,16
D070,O038,1,289,0.887279194,765,0.137328547,0.153890662,0.395745604,0.824092212,73
D070,O039,1,289,0.887279194,48,0.232718262,0.17994217,0.033136716,0.784320075,1
D070,O040,1,289,0.887279194,585,0.392959459,0.39457393,0.498815231,0.847757244,30
D070,O041,1,289,0.887279194,49,0.297735298,0.268205888,0.212580592,0.765018393,7
D070,O042,1,289,0.887279194,533,0.049123846,0.273615249,0.271891148,0.775509181,28
D070,O043,1,289,0.887279194,936,0.154267686,0.332919895,0.389161836,0.694797352,211
D070,O044,1,289,0.887279194,721,0.432376139,0.324925408,0.144007894,0.742867678,148
D070,O045,1,289,0.887279194,692,0.331104768,0.086465045,0.220042135,0.679206917,59
D070,O046,1,289,0.887279194,402,0.241792287,0.134055119,0.264545347,1.045585484,81
D070,O047,1,289,0.887279194,32,0.457593053,0.357426009,0.365235909,0.729886159,4
D070,O048,1,289,0.887279194,45,0.221925977,0.348159922,0.204633474,0.792986797,8
D070,O049,1,289,0.887279194,33,0.068127718,0.327197905,0.351458552,0.638016666,6
D070,O050,1,289,0.887279194,322,0.206052109,0.123509785,0.230258857,0.710466564,78
D070,O051,1,289,0.887279194,264,0.415458501,0.161179135,0.311726789,0.922834621,12
D070,O052,1,289,0.887279194,249,0.293109713,0.381495942,0.29384703,0.500330142,30
D070,O053,1,289,0.887279194,251,0.008437374,0.219704544,0.077608614,0.857828126,11
D070,O054,1,289,0.887279194,70,0.483939677,0.225369653,0.039302168,0.574845385,11
D070,O055,1,289,0.887279194,143,0.09821222,0.163666817,0.285033773,0.601558378,17
D070,O056,1,289,0.887279194,345,0.064149611,0.031223606,0.23904777,0.691855779,21
D070,O057,1,289,0.887279194,100,0.400541493,0.216556949,0.487740957,1.038462113,22
D070,O058,1,289,0.887279194,22,0.090722232,0.036785238,0.101049312,0.663001423,4
D070,O059,1,289,0.887279194,486,0.079431167,0.248195591,0.397292534,0.804788767,76
D070,O060,1,289,0.887279194,273,0.451061182,0.170720182,0.061912147,0.815113055,50
D070,O061,1,289,0.887279194,27,0.381805437,0.01616482,0.491613692,0.675221612,4
D070,O062,1,289,0.887279194,442,0.418928223,0.359834489,0.417321395,0.554105019,34
D070,O063,1,289,0.887279194,159,0.167777479,0.069957712,0.130372357,0.943907134,38
D070,O064,1,289,0.887279194,358,0.061032209,0.305917985,0.455729849,0.927346891,71
D070,O065,1,289,0.887279194,56,0.248866638,0.340199764,0.379559452,0.583546864,5
D070,O066,1,289,0.887279194,149,0.351209323,0.192455527,0.149427886,0.883050134,9
D070,O067,1,289,0.887279194,60,0.359928689,0.02076874,0.174232425,0.648987034,6
D070,O068,1,289,0.887279194,871,0.148525779,0.2389906,0.43126666,0.56330551,22
D070,O069,1,289,0.887279194,600,0.193256125,0.259153683,0.18565311,0.968309469,107
D070,O070,1,289,0.887279194,139,0.286307662,0.0275532,0.151186277,0.734969069,9
D070,O071,1,289,0.887279194,830,0.025772238,0.059916076,0.006124037,0.854259133,1
D070,O072,1,289,0.887279194,41,0.447028226,0.353970092,0.321029628,0.606201119,5
D070,O073,1,289,0.887279194,22,0.099783277,0.097826372,0.112559894,0.548583884,3
D070,O074,1,289,0.887279194,36,0.042568944,0.004280635,0.087293441,0.86728622,3
D070,O075,1,289,0.887279194,31,0.495260113,0.154710174,0.269857669,0.722353565,5
D070,O076,1,289,0.887279194,202,0.209924614,0.319442165,0.171734319,0.667816616,34
D070,O077,1,289,0.887279194,648,0.325153788,0.303515085,0.316930252,0.613107267,97
D070,O078,1,289,0.887279194,379,0.223960723,0.064878079,0.224272393,0.840645589,80
D070,O079,1,289,0.887279194,65,0.075519811,0.282963886,0.299403793,0.51375586,9
D070,O080,1,289,0.887279194,206,0.124478381,0.390952102,0.159201992,0.812430792,3
D070,O081,1,289,0.887279194,229,0.311863322,0.040757227,0.190953924,0.52059127,6
D070,O082,1,289,0.887279194,630,0.267185735,0.363424574,0.305398084,0.528725737,144
D070,O083,1,289,0.887279194,89,0.002629244,0.11891721,0.012340148,0.799263288,13
D070,O084,1,289,0.887279194,797,0.372992677,0.000386491,0.00152113,0.993396916,169
D070,O085,1,289,0.887279194,66,0.183976656,0.236269207,0.120756181,0.591017322,11
D070,O086,1,289,0.887279194,135,0.469888219,0.056365997,0.043821459,0.952586866,28
D070,O087,1,289,0.887279194,23,0.111840401,0.071296914,0.089679808,0.791166307,2
D070,O088,1,289,0.887279194,74,0.028069089,0.054085246,0.202673962,0.619616712,14
D070,O089,1,289,0.887279194,55,0.492105028,0.101006081,0.474810428,0.657444473,6
D070,O090,1,289,0.887279194,285,0.03434851,0.377557012,0.057284121,0.757204241,14
D070,O091,1,289,0.887279194,85,0.181583703,0.224320695,0.138841885,0.830164928,8
D070,O092,1,289,0.887279194,303,0.442706311,0.172267227,0.436491903,0.897895329,53
D070,O093,1,289,0.887279194,25,0.276275035,0.078153424,0.291384582,0.958605081,1
D070,O094,1,289,0.887279194,888,0.302089761,0.091469055,0.358945917,0.915650339,193
D070,O095,1,289,0.887279194,29,0.365502327,0.314203797,0.177999519,0.631365154,3
D070,O096,1,289,0.887279194,91,0.16170145,0.264353919,0.069555674,0.545005585,20
D071,O001,1,110,1.885408793,184,0.252173292,0.345006223,0.414518539,1.008029851,43
D071,O002,1,110,1.885408793,71,0.386957289,0.33590604,0.423756547,1.030814136,16
D071,O003,1,110,1.885408793,43,0.48531049,0.109844006,0.373132887,0.562934186,5
D071,O004,1,110,1.885408793,544,0.015441285,0.39993713,0.047767101,0.621494583,12
D071,O005,1,110,1.885408793,472,0.458927508,0.08115278,0.018055532,0.751825682,8
D071,O006,1,110,1.885408793,26,0.466438896,0.19990199,0.36047691,0.537345538,5
D071,O007,1,110,1.885408793,20,0.141130372,0.138764594,0.166622366,0.974703346,2
D071,O008,1,110,1.885408793,217,0.118365868,0.010264005,0.438577644,0.70421183,4
D071,O009,1,110,1.885408793,39,0.272204984,0.243100415,0.446678,0.893215891,1
D071,O010,1,110,1.885408793,78,0.42428609,0.04657399,0.47291634,0.886241643,6
D071,O011,1,110,1.885408793,163,0.257766277,0.230369452,0.067376828,1.041013094,24
D071,O012,1,110,1.885408793,121,0.018977159,0.042108472,0.106166432,0.634587855,7
D071,O013,1,110,1.885408793,38,0.13035544,0.200717694,0.465695355,0.90739434,4
D071,O014,1,110,1.885408793,505,0.055050564,0.385744929,0.323573274,0.956197221,126
D071,O015,1,110,1.885408793,369,0.403527677,0.186961283,0.029180542,1.016098144,88
D071,O016,1,110,1.885408793,990,0.188337728,0.211915952,0.403770273,0.683522338,99
D071,O017,1,110,1.885408793,47,0.235947901,0.205558573,0.450421949,0.98550411,1
D071,O018,1,110,1.885408793,128,0.201594351,0.132120615,0.2466657,1.015365814,15
D071,O019,1,110,1.885408793,24,0.431629638,0.254066717,0.253740338,0.934568431,1
D071,O020,1,110,1.885408793,113,0.348269976,0.095285863,0.409466489,0.990902637,28
D071,O021,1,110,1.885408793,35,0.407381528,0.191612689,0.078494355,0.726366674,4
D071,O022,1,110,1.885408793,193,0.265083523,0.114415056,0.48366938,0.770574624,6
D071,O023,1,110,1.885408793,410,0.214451437,0.12789836,0.094002538,0.876090399,34
D071,O024,1,110,1.885408793,109,0.107543079,0.370185632,0.33107989,0.763088384,2
D071,O025,1,110,1.885408793,53,0.129725034,0.023513439,0.022926164,0.647079336,9
D071,O026,1,110,1.885408793,104,0.335746812,0.309055962,0.214783733,0.866605062,9
D071,O027,1,110,1.885408793,120,0.173792118,0.275390581,0.115990185,0.594400816,1
D071,O028,1,110,1.885408793,315,0.161028291,0.149607497,0.243736481,0.836522744,76
D071,O029,1,110,1.885408793,744,0.31398409,0.144642217,0.380464816,1.001095973,47
D071,O030,1,110,1.885408793,96,0.291312931,0.178362873,0.260288981,0.712485371,21
D071,O031,1,110,1.885408793,61,0.375724597,0.298965989,0.344989603,1.023539068,2
D071,O032,1,110,1.885408793,449,0.47407037,0.293964396,0.333868972,0.526716923,86
D071,O033,1,110,1.885408793,28,0.356894295,0.285864598,0.280390934,0.572892371,5
D071,O034,1,110,1.885408793,172,0.339323194,0.106162856,0.193996227,0.976195745,28
D071,O035,1,110,1.885408793,173,0.041159595,0.256897351,0.341435098,0.936656262,22
D071,O036,1,110,1.885408793,83,0.318040863,0.288671609,0.125731933,0.510862581,11
D071,O037,1,110,1.885408793,232,0.083660283,0.374766445,0.463420281,0.901833982,16
D071,O038,1,110,1.885408793,765,0.137328547,0.153890662,0.395745604,0.824092212,73
D071,O039,1,110,1.885408793,48,0.232718262,0.17994217,0.033136716,0.784320075,1
D071,O040,1,110,1.885408793,585,0.392959459,0.39457393,0.498815231,0.847757244,30
D071,O041,1,110,1.885408793,49,0.297735298,0.268205888,0.212580592,0.765018393,7
D071,O042,1,110,1.885408793,533,0.049123846,0.273615249,0.271891148,0.775509181,28
D071,O043,1,110,1.885408793,936,0.154267686,0.332919895,0.389161836,0.694797352,211
D071,O044,1,110,1.885408793,721,0.432376139,0.324925408,0.144007894,0.742867678,148
D071,O045,1,110,1.885408793,692,0.331104768,0.086465045,0.220042135,0.679206917,59
D071,O046,1,110,1.885408793,402,0.241792287,0.134055119,0.264545347,1.045585484,81
D071,O047,1,110,1.885408793,32,0.457593053,0.357426009,0.365235909,0.729886159,4
D071,O048,1,110,1.885408793,45,0.221925977,0.348159922,0.204633474,0.792986797,8
D071,O049,1,110,1.885408793,33,0.068127718,0.327197905,0.351458552,0.638016666,6
D071,O050,1,110,1.885408793,322,0.206052109,0.123509785,0.230258857,0.710466564,78
D071,O051,1,110,1.885408793,264,0.415458501,0.161179135,0.311726789,0.922834621,12
D071,O052,1,110,1.885408793,249,0.293109713,0.381495942,0.29384703,0.500330142,30
D071,O053,1,110,1.885408793,251,0.008437374,0.219704544,0.077608614,0.857828126,11
D071,O054,1,110,1.885408793,70,0.483939677,0.225369653,0.039302168,0.574845385,11
D071,O055,1,110,1.885408793,143,0.09821222,0.163666817,0.285033773,0.601558378,17
D071,O056,1,110,1.885408793,345,0.064149611,0.031223606,0.23904777,0.691855779,21
D071,O057,1,110,1.885408793,100,0.400541493,0.216556949,0.487740957,1.038462113,22
D071,O058,1,110,1.885408793,22,0.090722232,0.036785238,0.101049312,0.663001423,4
D071,O059,1,110,1.885408793,486,0.079431167,0.248195591,0.397292534,0.804788767,76
D071,O060,1,110,1.885408793,273,0.451061182,0.170720182,0.061912147,0.815113055,50
D071,O061,1,110,1.885408793,27,0.381805437,0.01616482,0.491613692,0.675221612,4
D071,O062,1,110,1.885408793,442,0.418928223,0.359834489,0.417321395,0.554105019,34
D071,O063,1,110,1.885408793,159,0.167777479,0.069957712,0.130372357,0.943907134,38
D071,O064,1,110,1.885408793,358,0.061032209,0.305917985,0.455729849,0.927346891,71
D071,O065,1,110,1.885408793,56,0.248866638,0.340199764,0.379559452,0.583546864,5
D071,O066,1,110,1.885408793,149,0.351209323,0.192455527,0.149427886,0.883050134,9
D071,O067,1,110,1.885408793,60,0.359928689,0.02076874,0.174232425,0.648987034,6
D071,O068,1,110,1.885408793,871,0.148525779,0.2389906,0.43126666,0.56330551,22
D071,O069,1,110,1.885408793,600,0.193256125,0.259153683,0.18565311,0.968309469,107
D071,O070,1,110,1.885408793,139,0.286307662,0.0275532,0.151186277,0.734969069,9
D071,O071,1,110,1.885408793,830,0.025772238,0.059916076,0.006124037,0.854259133,1
D071,O072,1,110,1.885408793,41,0.447028226,0.353970092,0.321029628,0.606201119,5
D071,O073,1,110,1.885408793,22,0.099783277,0.097826372,0.112559894,0.548583884,3
D071,O074,1,110,1.885408793,36,0.042568944,0.004280635,0.087293441,0.86728622,3
D071,O075,1,110,1.885408793,31,0.495260113,0.154710174,0.269857669,0.722353565,5
D071,O076,1,110,1.885408793,202,0.209924614,0.319442165,0.171734319,0.667816616,34
D071,O077,1,110,1.885408793,648,0.325153788,0.303515085,0.316930252,0.613107267,97
D071,O078,1,110,1.885408793,379,0.223960723,0.064878079,0.224272393,0.840645589,80
D071,O079,1,110,1.885408793,65,0.075519811,0.282963886,0.299403793,0.51375586,9
D071,O080,1,110,1.885408793,206,0.124478381,0.390952102,0.159201992,0.812430792,3
D071,O081,1,110,1.885408793,229,0.311863322,0.040757227,0.190953924,0.52059127,6
D071,O082,1,110,1.885408793,630,0.267185735,0.363424574,0.305398084,0.528725737,144
D071,O083,1,110,1.885408793,89,0.002629244,0.11891721,0.012340148,0.799263288,13
D071,O084,1,110,1.885408793,797,0.372992677,0.000386491,0.00152113,0.993396916,169
D071,O085,1,110,1.885408793,66,0.183976656,0.236269207,0.120756181,0.591017322,11
D071,O086,1,110,1.885408793,135,0.469888219,0.056365997,0.043821459,0.952586866,28
D071,O087,1,110,1.885408793,23,0.111840401,0.071296914,0.089679808,0.791166307,2
D071,O088,1,110,1.885408793,74,0.028069089,0.054085246,0.202673962,0.619616712,14
D071,O089,1,110,1.885408793,55,0.492105028,0.101006081,0.474810428,0.657444473,6
D071,O090,1,110,1.885408793,285,0.03434851,0.377557012,0.057284121,0.757204241,14
D071,O091,1,110,1.885408793,85,0.181583703,0.224320695,0.138841885,0.830164928,8
D071,O092,1,110,1.885408793,303,0.442706311,0.172267227,0.436491903,0.897895329,53
D071,O093,1,110,1.885408793,25,0.276275035,0.078153424,0.291384582,0.958605081,1
D071,O094,1,110,1.885408793,888,0.302089761,0.091469055,0.358945917,0.915650339,193
D071,O095,1,110,1.885408793,29,0.365502327,0.314203797,0.177999519,0.631365154,3
D071,O096,1,110,1.885408793,91,0.16170145,0.264353919,0.069555674,0.545005585,20
D072,O001,2,70,1.415804904,184,0.252173292,0.345006223,0.414518539,1.008029851,43
D072,O002,2,70,1.415804904,71,0.386957289,0.33590604,0.423756547,1.030814136,16
D072,O003,2,70,1.415804904,43,0.48531049,0.109844006,0.373132887,0.562934186,5
D072,O004,2,70,1.415804904,544,0.015441285,0.39993713,0.047767101,0.621494583,12
D072,O005,2,70,1.415804904,472,0.458927508,0.08115278,0.018055532,0.751825682,8
D072,O006,2,70,1.415804904,26,0.466438896,0.19990199,0.36047691,0.537345538,5
D072,O007,2,70,1.415804904,20,0.141130372,0.138764594,0.166622366,0.974703346,2
D072,O008,2,70,1.415804904,217,0.118365868,0.010264005,0.438577644,0.70421183,4
D072,O009,2,70,1.415804904,39,0.272204984,0.243100415,0.446678,0.893215891,1
D072,O010,2,70,1.415804904,78,0.42428609,0.04657399,0.47291634,0.886241643,6
D072,O011,2,70,1.415804904,163,0.257766277,0.230369452,0.067376828,1.041013094,24
D072,O012,2,70,1.415804904,121,0.018977159,0.042108472,0.106166432,0.634587855,7
D072,O013,2,70,1.415804904,38,0.13035544,0.200717694,0.465695355,0.90739434,4
D072,O014,2,70,1.415804904,505,0.055050564,0.385744929,0.323573274,0.956197221,126
D072,O015,2,70,1.415804904,369,0.403527677,0.186961283,0.029180542,1.016098144,88
D072,O016,2,70,1.415804904,990,0.188337728,0.211915952,0.403770273,0.683522338,99
D072,O017,2,70,1.415804904,47,0.235947901,0.205558573,0.450421949,0.98550411,1
D072,O018,2,70,1.415804904,128,0.201594351,0.132120615,0.2466657,1.015365814,15
D072,O019,2,70,1.415804904,24,0.431629638,0.254066717,0.253740338,0.934568431,1
D072,O020,2,70,1.415804904,113,0.348269976,0.095285863,0.409466489,0.990902637,28
D072,O021,2,70,1.415804904,35,0.407381528,0.191612689,0.078494355,0.726366674,4
D072,O022,2,70,1.415804904,193,0.265083523,0.114415056,0.48366938,0.770574624,6
D072,O023,2,70,1.415804904,410,0.214451437,0.12789836,0.094002538,0.876090399,34
D072,O024,2,70,1.415804904,109,0.107543079,0.370185632,0.33107989,0.763088384,2
D072,O025,2,70,1.415804904,53,0.129725034,0.023513439,0.022926164,0.647079336,9
D072,O026,2,70,1.415804904,104,0.335746812,0.309055962,0.214783733,0.866605062,9
D072,O027,2,70,1.415804904,120,0.173792118,0.275390581,0.115990185,0.594400816,1
D072,O028,2,70,1.415804904,315,0.161028291,0.149607497,0.243736481,0.836522744,76
D072,O029,2,70,1.415804904,744,0.31398409,0.144642217,0.380464816,1.001095973,47
D072,O030,2,70,1.415804904,96,0.291312931,0.178362873,0.260288981,0.712485371,21
D072,O031,2,70,1.415804904,61,0.375724597,0.298965989,0.344989603,1.023539068,2
D072,O032,2,70,1.415804904,449,0.47407037,0.293964396,0.333868972,0.526716923,86
D072,O033,2,70,1.415804904,28,0.356894295,0.285864598,0.280390934,0.572892371,5
D072,O034,2,70,1.415804904,172,0.339323194,0.106162856,0.193996227,0.976195745,28
D072,O035,2,70,1.415804904,173,0.041159595,0.256897351,0.341435098,0.936656262,22
D072,O036,2,70,1.415804904,83,0.318040863,0.288671609,0.125731933,0.510862581,11
D072,O037,2,70,1.415804904,232,0.083660283,0.374766445,0.463420281,0.901833982,16
D072,O038,2,70,1.415804904,765,0.137328547,0.153890662,0.395745604,0.824092212,73
D072,O039,2,70,1.415804904,48,0.232718262,0.17994217,0.033136716,0.784320075,1
D072,O040,2,70,1.415804904,585,0.392959459,0.39457393,0.498815231,0.847757244,30
D072,O041,2,70,1.415804904,49,0.297735298,0.268205888,0.212580592,0.765018393,7
D072,O042,2,70,1.415804904,533,0.049123846,0.273615249,0.271891148,0.775509181,28
D072,O043,2,70,1.415804904,936,0.154267686,0.332919895,0.389161836,0.694797352,211
D072,O044,2,70,1.415804904,721,0.432376139,0.324925408,0.144007894,0.742867678,148
D072,O045,2,70,1.415804904,692,0.331104768,0.086465045,0.220042135,0.679206917,59
D072,O046,2,70,1.415804904,402,0.241792287,0.134055119,0.264545347,1.045585484,81
D072,O047,2,70,1.415804904,32,0.457593053,0.357426009,0.365235909,0.729886159,4
D072,O048,2,70,1.415804904,45,0.221925977,0.348159922,0.204633474,0.792986797,8
D072,O049,2,70,1.415804904,33,0.068127718,0.327197905,0.351458552,0.638016666,6
D072,O050,2,70,1.415804904,322,0.206052109,0.123509785,0.230258857,0.710466564,78
D072,O051,2,70,1.415804904,264,0.415458501,0.161179135,0.311726789,0.922834621,12
D072,O052,2,70,1.415804904,249,0.293109713,0.381495942,0.29384703,0.500330142,30
D072,O053,2,70,1.415804904,251,0.008437374,0.219704544,0.077608614,0.857828126,11
D072,O054,2,70,1.415804904,70,0.483939677,0.225369653,0.039302168,0.574845385,11
D072,O055,2,70,1.415804904,143,0.09821222,0.163666817,0.285033773,0.601558378,17
D072,O056,2,70,1.415804904,345,0.064149611,0.031223606,0.23904777,0.691855779,21
D072,O057,2,70,1.415804904,100,0.400541493,0.216556949,0.487740957,1.038462113,22
D072,O058,2,70,1.415804904,22,0.090722232,0.036785238,0.101049312,0.663001423,4
D072,O059,2,70,1.415804904,486,0.079431167,0.248195591,0.397292534,0.804788767,76
D072,O060,2,70,1.415804904,273,0.451061182,0.170720182,0.061912147,0.815113055,50
D072,O061,2,70,1.415804904,27,0.381805437,0.01616482,0.491613692,0.675221612,4
D072,O062,2,70,1.415804904,442,0.418928223,0.359834489,0.417321395,0.554105019,34
D072,O063,2,70,1.415804904,159,0.167777479,0.069957712,0.130372357,0.943907134,38
D072,O064,2,70,1.415804904,358,0.061032209,0.305917985,0.455729849,0.927346891,71
D072,O065,2,70,1.415804904,56,0.248866638,0.340199764,0.379559452,0.583546864,5
D072,O066,2,70,1.415804904,149,0.351209323,0.192455527,0.149427886,0.883050134,9
D072,O067,2,70,1.415804904,60,0.359928689,0.02076874,0.174232425,0.648987034,6
D072,O068,2,70,1.415804904,871,0.148525779,0.2389906,0.43126666,0.56330551,22
D072,O069,2,70,1.415804904,600,0.193256125,0.259153683,0.18565311,0.968309469,107
D072,O070,2,70,1.415804904,139,0.286307662,0.0275532,0.151186277,0.734969069,9
D072,O071,2,70,1.415804904,830,0.025772238,0.059916076,0.006124037,0.854259133,1
D072,O072,2,70,1.415804904,41,0.447028226,0.353970092,0.321029628,0.606201119,5
D072,O073,2,70,1.415804904,22,0.099783277,0.097826372,0.112559894,0.548583884,3
D072,O074,2,70,1.415804904,36,0.042568944,0.004280635,0.087293441,0.86728622,3
D072,O075,2,70,1.415804904,31,0.495260113,0.154710174,0.269857669,0.722353565,5
D072,O076,2,70,1.415804904,202,0.209924614,0.319442165,0.171734319,0.667816616,34
D072,O077,2,70,1.415804904,648,0.325153788,0.303515085,0.316930252,0.613107267,97
D072,O078,2,70,1.415804904,379,0.223960723,0.064878079,0.224272393,0.840645589,80
D072,O079,2,70,1.415804904,65,0.075519811,0.282963886,0.299403793,0.51375586,9
D072,O080,2,70,1.415804904,206,0.124478381,0.390952102,0.159201992,0.812430792,3
D072,O081,2,70,1.415804904,229,0.311863322,0.040757227,0.190953924,0.52059127,6
D072,O082,2,70,1.415804904,630,0.267185735,0.363424574,0.305398084,0.528725737,144
D072,O083,2,70,1.415804904,89,0.002629244,0.11891721,0.012340148,0.799263288,13
D072,O084,2,70,1.415804904,797,0.372992677,0.000386491,0.00152113,0.993396916,169
D072,O085,2,70,1.415804904,66,0.183976656,0.236269207,0.120756181,0.591017322,11
D072,O086,2,70,1.415804904,135,0.469888219,0.056365997,0.043821459,0.952586866,28
D072,O087,2,70,1.415804904,23,0.111840401,0.071296914,0.089679808,0.791166307,2
D072,O088,2,70,1.415804904,74,0.028069089,0.054085246,0.202673962,0.619616712,14
D072,O089,2,70,1.415804904,55,0.492105028,0.101006081,0.474810428,0.657444473,6
D072,O090,2,70,1.415804904,285,0.03434851,0.377557012,0.057284121,0.757204241,14
D072,O091,2,70,1.415804904,85,0.181583703,0.224320695,0.138841885,0.830164928,8
D072,O092,2,70,1.415804904,303,0.442706311,0.172267227,0.436491903,0.897895329,53
D072,O093,2,70,1.415804904,25,0.276275035,0.078153424,0.291384582,0.958605081,1
D072,O094,2,70,1.415804904,888,0.302089761,0.091469055,0.358945917,0.915650339,193
D072,O095,2,70,1.415804904,29,0.365502327,0.314203797,0.177999519,0.631365154,3
D072,O096,2,70,1.415804904,91,0.16170145,0.264353919,0.069555674,0.545005585,20
D073,O001,5,251,0.657304491,184,0.252173292,0.345006223,0.414518539,1.008029851,43
D073,O002,5,251,0.657304491,71,0.386957289,0.33590604,0.423756547,1.030814136,16
D073,O003,5,251,0.657304491,43,0.48531049,0.109844006,0.373132887,0.562934186,5
D073,O004,5,251,0.657304491,544,0.015441285,0.39993713,0.047767101,0.621494583,12
D073,O005,5,251,0.657304491,472,0.458927508,0.08115278,0.018055532,0.751825682,8
D073,O006,5,251,0.657304491,26,0.466438896,0.19990199,0.36047691,0.537345538,5
D073,O007,5,251,0.657304491,20,0.141130372,0.138764594,0.166622366,0.974703346,2
D073,O008,5,251,0.657304491,217,0.118365868,0.010264005,0.438577644,0.70421183,4
D073,O009,5,251,0.657304491,39,0.272204984,0.243100415,0.446678,0.893215891,1
D073,O010,5,251,0.657304491,78,0.42428609,0.04657399,0.47291634,0.886241643,6
D073,O011,5,251,0.657304491,163,0.257766277,0.230369452,0.067376828,1.041013094,24
D073,O012,5,251,0.657304491,121,0.018977159,0.042108472,0.106166432,0.634587855,7
D073,O013,5,251,0.657304491,38,0.13035544,0.200717694,0.465695355,0.90739434,4
D073,O014,5,251,0.657304491,505,0.055050564,0.385744929,0.323573274,0.956197221,126
D073,O015,5,251,0.657304491,369,0.403527677,0.186961283,0.029180542,1.016098144,88
D073,O016,5,251,0.657304491,990,0.188337728,0.211915952,0.403770273,0.683522338,99
D073,O017,5,251,0.657304491,47,0.235947901,0.205558573,0.450421949,0.98550411,1
D073,O018,5,251,0.657304491,128,0.201594351,0.132120615,0.2466657,1.015365814,15
D073,O019,5,251,0.657304491,24,0.431629638,0.254066717,0.253740338,0.934568431,1
D073,O020,5,251,0.657304491,113,0.348269976,0.095285863,0.409466489,0.990902637,28
D073,O021,5,251,0.657304491,35,0.407381528,0.191612689,0.078494355,0.726366674,4
D073,O022,5,251,0.657304491,193,0.265083523,0.114415056,0.48366938,0.770574624,6
D073,O023,5,251,0.657304491,410,0.214451437,0.12789836,0.094002538,0.876090399,34
D073,O024,5,251,0.657304491,109,0.107543079,0.370185632,0.33107989,0.763088384,2
D073,O025,5,251,0.657304491,53,0.129725034,0.023513439,0.022926164,0.647079336,9
D073,O026,5,251,0.657304491,104,0.335746812,0.309055962,0.214783733,0.866605062,9
D073,O027,5,251,0.657304491,120,0.173792118,0.275390581,0.115990185,0.594400816,1
D073,O028,5,251,0.657304491,315,0.161028291,0.149607497,0.243736481,0.836522744,76
D073,O029,5,251,0.657304491,744,0.31398409,0.144642217,0.380464816,1.001095973,47
D073,O030,5,251,0.657304491,96,0.291312931,0.178362873,0.260288981,0.712485371,21
D073,O031,5,251,0.657304491,61,0.375724597,0.298965989,0.344989603,1.023539068,2
D073,O032,5,251,0.657304491,449,0.47407037,0.293964396,0.333868972,0.526716923,86
D073,O033,5,251,0.657304491,28,0.356894295,0.285864598,0.280390934,0.572892371,5
D073,O034,5,251,0.657304491,172,0.339323194,0.106162856,0.193996227,0.976195745,28
D073,O035,5,251,0.657304491,173,0.041159595,0.256897351,0.341435098,0.936656262,22
D073,O036,5,251,0.657304491,83,0.318040863,0.288671609,0.125731933,0.510862581,11
D073,O037,5,251,0.657304491,232,0.083660283,0.374766445,0.463420281,0.901833982,16
D073,O038,5,251,0.657304491,765,0.137328547,0.153890662,0.395745604,0.824092212,73
D073,O039,5,251,0.657304491,48,0.232718262,0.17994217,0.033136716,0.784320075,1
D073,O040,5,251,0.657304491,585,0.392959459,0.39457393,0.498815231,0.847757244,30
D073,O041,5,251,0.657304491,49,0.297735298,0.268205888,0.212580592,0.765018393,7
D073,O042,5,251,0.657304491,533,0.049123846,0.273615249,0.271891148,0.775509181,28
D073,O043,5,251,0.657304491,936,0.154267686,0.332919895,0.389161836,0.694797352,211
D073,O044,5,251,0.657304491,721,0.432376139,0.324925408,0.144007894,0.742867678,148
D073,O045,5,251,0.657304491,692,0.331104768,0.086465045,0.220042135,0.679206917,59
D073,O046,5,251,0.657304491,402,0.241792287,0.134055119,0.264545347,1.045585484,81
D073,O047,5,251,0.657304491,32,0.457593053,0.357426009,0.365235909,0.729886159,4
D073,O048,5,251,0.657304491,45,0.221925977,0.348159922,0.204633474,0.792986797,8
D073,O049,5,251,0.657304491,33,0.068127718,0.327197905,0.351458552,0.638016666,6
D073,O050,5,251,0.657304491,322,0.206052109,0.123509785,0.230258857,0.710466564,78
D073,O051,5,251,0.657304491,264,0.415458501,0.161179135,0.311726789,0.922834621,12
D073,O052,5,251,0.657304491,249,0.293109713,0.381495942,0.29384703,0.500330142,30
D073,O053,5,251,0.657304491,251,0.008437374,0.219704544,0.077608614,0.857828126,11
D073,O054,5,251,0.657304491,70,0.483939677,0.225369653,0.039302168,0.574845385,11
D073,O055,5,251,0.657304491,143,0.09821222,0.163666817,0.285033773,0.601558378,17
D073,O056,5,251,0.657304491,345,0.064149611,0.031223606,0.23904777,0.691855779,21
D073,O057,5,251,0.657304491,100,0.400541493,0.216556949,0.487740957,1.038462113,22
D073,O058,5,251,0.657304491,22,0.090722232,0.036785238,0.101049312,0.663001423,4
D073,O059,5,251,0.657304491,486,0.079431167,0.248195591,0.397292534,0.804788767,76
D073,O060,5,251,0.657304491,273,0.451061182,0.170720182,0.061912147,0.815113055,50
D073,O061,5,251,0.657304491,27,0.381805437,0.01616482,0.491613692,0.675221612,4
D073,O062,5,251,0.657304491,442,0.418928223,0.359834489,0.417321395,0.554105019,34
D073,O063,5,251,0.657304491,159,0.167777479,0.069957712,0.130372357,0.943907134,38
D073,O064,5,251,0.657304491,358,0.061032209,0.305917985,0.455729849,0.927346891,71
D073,O065,5,251,0.657304491,56,0.248866638,0.340199764,0.379559452,0.583546864,5
D073,O066,5,251,0.657304491,149,0.351209323,0.192455527,0.149427886,0.883050134,9
D073,O067,5,251,0.657304491,60,0.359928689,0.02076874,0.174232425,0.648987034,6
D073,O068,5,251,0.657304491,871,0.148525779,0.2389906,0.43126666,0.56330551,22
D073,O069,5,251,0.657304491,600,0.193256125,0.259153683,0.18565311,0.968309469,107
D073,O070,5,251,0.657304491,139,0.286307662,0.0275532,0.151186277,0.734969069,9
D073,O071,5,251,0.657304491,830,0.025772238,0.059916076,0.006124037,0.854259133,1
D073,O072,5,251,0.657304491,41,0.447028226,0.353970092,0.321029628,0.606201119,5
D073,O073,5,251,0.657304491,22,0.099783277,0.097826372,0.112559894,0.548583884,3
D073,O074,5,251,0.657304491,36,0.042568944,0.004280635,0.087293441,0.86728622,3
D073,O075,5,251,0.657304491,31,0.495260113,0.154710174,0.269857669,0.722353565,5
D073,O076,5,251,0.657304491,202,0.209924614,0.319442165,0.171734319,0.667816616,34
D073,O077,5,251,0.657304491,648,0.325153788,0.303515085,0.316930252,0.613107267,97
D073,O078,5,251,0.657304491,379,0.223960723,0.064878079,0.224272393,0.840645589,80
D073,O079,5,251,0.657304491,65,0.075519811,0.282963886,0.299403793,0.51375586,9
D073,O080,5,251,0.657304491,206,0.124478381,0.390952102,0.159201992,0.812430792,3
D073,O081,5,251,0.657304491,229,0.311863322,0.040757227,0.190953924,0.52059127,6
D073,O082,5,251,0.657304491,630,0.267185735,0.363424574,0.305398084,0.528725737,144
D073,O083,5,251,0.657304491,89,0.002629244,0.11891721,0.012340148,0.799263288,13
D073,O084,5,251,0.657304491,797,0.372992677,0.000386491,0.00152113,0.993396916,169
D073,O085,5,251,0.657304491,66,0.183976656,0.236269207,0.120756181,0.591017322,11
D073,O086,5,251,0.657304491,135,0.469888219,0.056365997,0.043821459,0.952586866,28
D073,O087,5,251,0.657304491,23,0.111840401,0.071296914,0.089679808,0.791166307,2
D073,O088,5,251,0.657304491,74,0.028069089,0.054085246,0.202673962,0.619616712,14
D073,O089,5,251,0.657304491,55,0.492105028,0.101006081,0.474810428,0.657444473,6
D073,O090,5,251,0.657304491,285,0.03434851,0.377557012,0.057284121,0.757204241,14
D073,O091,5,251,0.657304491,85,0.181583703,0.224320695,0.138841885,0.830164928,8
D073,O092,5,251,0.657304491,303,0.442706311,0.172267227,0.436491903,0.897895329,53
D073,O093,5,251,0.657304491,25,0.276275035,0.078153424,0.291384582,0.958605081,1
D073,O094,5,251,0.657304491,888,0.302089761,0.091469055,0.358945917,0.915650339,193
D073,O095,5,251,0.657304491,29,0.365502327,0.314203797,0.177999519,0.631365154,3
D073,O096,5,251,0.657304491,91,0.16170145,0.264353919,0.069555674,0.545005585,20
D074,O001,7,793,2.602048873,184,0.252173292,0.345006223,0.414518539,1.008029851,43
D074,O002,7,793,2.602048873,71,0.386957289,0.33590604,0.423756547,1.030814136,16
D074,O003,7,793,2.602048873,43,0.48531049,0.109844006,0.373132887,0.562934186,5
D074,O004,7,793,2.602048873,544,0.015441285,0.39993713,0.047767101,0.621494583,12
D074,O005,7,793,2.602048873,472,0.458927508,0.08115278,0.018055532,0.751825682,8
D074,O006,7,793,2.602048873,26,0.466438896,0.19990199,0.36047691,0.537345538,5
D074,O007,7,793,2.602048873,20,0.141130372,0.138764594,0.166622366,0.974703346,2
D074,O008,7,793,2.602048873,217,0.118365868,0.010264005,0.438577644,0.70421183,4
D074,O009,7,793,2.602048873,39,0.272204984,0.243100415,0.446678,0.893215891,1
D074,O010,7,793,2.602048873,78,0.42428609,0.04657399,0.47291634,0.886241643,6
D074,O011,7,793,2.602048873,163,0.257766277,0.230369452,0.067376828,1.041013094,24
D074,O012,7,793,2.602048873,121,0.018977159,0.042108472,0.106166432,0.634587855,7
D074,O013,7,793,2.602048873,38,0.13035544,0.200717694,0.465695355,0.90739434,4
D074,O014,7,793,2.602048873,505,0.055050564,0.385744929,0.323573274,0.956197221,126
D074,O015,7,793,2.602048873,369,0.403527677,0.186961283,0.029180542,1.016098144,88
D074,O016,7,793,2.602048873,990,0.188337728,0.211915952,0.403770273,0.683522338,99
D074,O017,7,793,2.602048873,47,0.235947901,0.205558573,0.450421949,0.98550411,1
D074,O018,7,793,2.602048873,128,0.201594351,0.132120615,0.2466657,1.015365814,15
D074,O019,7,793,2.602048873,24,0.431629638,0.254066717,0.253740338,0.934568431,1
D074,O020,7,793,2.602048873,113,0.348269976,0.095285863,0.409466489,0.990902637,28
D074,O021,7,793,2.602048873,35,0.407381528,0.191612689,0.078494355,0.726366674,4
D074,O022,7,793,2.602048873,193,0.265083523,0.114415056,0.48366938,0.770574624,6
D074,O023,7,793,2.602048873,410,0.214451437,0.12789836,0.094002538,0.876090399,34
D074,O024,7,793,2.602048873,109,0.107543079,0.370185632,0.33107989,0.763088384,2
D074,O025,7,793,2.602048873,53,0.129725034,0.023513439,0.022926164,0.647079336,9
D074,O026,7,793,2.602048873,104,0.335746812,0.309055962,0.214783733,0.866605062,9
D074,O027,7,793,2.602048873,120,0.173792118,0.275390581,0.115990185,0.594400816,1
D074,O028,7,793,2.602048873,315,0.161028291,0.149607497,0.243736481,0.836522744,76
D074,O029,7,793,2.602048873,744,0.31398409,0.144642217,0.380464816,1.001095973,47
D074,O030,7,793,2.602048873,96,0.291312931,0.178362873,0.260288981,0.712485371,21
D074,O031,7,793,2.602048873,61,0.375724597,0.298965989,0.344989603,1.023539068,2
D074,O032,7,793,2.602048873,449,0.47407037,0.293964396,0.333868972,0.526716923,86
D074,O033,7,793,2.602048873,28,0.356894295,0.285864598,0.280390934,0.572892371,5
D074,O034,7,793,2.602048873,172,0.339323194,0.106162856,0.193996227,0.976195745,28
D074,O035,7,793,2.602048873,173,0.041159595,0.256897351,0.341435098,0.936656262,22
D074,O036,7,793,2.602048873,83,0.318040863,0.288671609,0.125731933,0.510862581,11
D074,O037,7,793,2.602048873,232,0.083660283,0.374766445,0.463420281,0.901833982,16
D074,O038,7,793,2.602048873,765,0.137328547,0.153890662,0.395745604,0.824092212,73
D074,O039,7,793,2.602048873,48,0.232718262,0.17994217,0.033136716,0.784320075,1
D074,O040,7,793,2.602048873,585,0.392959459,0.39457393,0.498815231,0.847757244,30
D074,O041,7,793,2.602048873,49,0.297735298,0.268205888,0.212580592,0.765018393,7
D074,O042,7,793,2.602048873,533,0.049123846,0.273615249,0.271891148,0.775509181,28
D074,O043,7,793,2.602048873,936,0.154267686,0.332919895,0.389161836,0.694797352,211
D074,O044,7,793,2.602048873,721,0.432376139,0.324925408,0.144007894,0.742867678,148
D074,O045,7,793,2.602048873,692,0.331104768,0.086465045,0.220042135,0.679206917,59
D074,O046,7,793,2.602048873,402,0.241792287,0.134055119,0.264545347,1.045585484,81
D074,O047,7,793,2.602048873,32,0.457593053,0.357426009,0.365235909,0.729886159,4
D074,O048,7,793,2.602048873,45,0.221925977,0.348159922,0.204633474,0.792986797,8
D074,O049,7,793,2.602048873,33,0.068127718,0.327197905,0.351458552,0.638016666,6
D074,O050,7,793,2.602048873,322,0.206052109,0.123509785,0.230258857,0.710466564,78
D074,O051,7,793,2.602048873,264,0.415458501,0.161179135,0.311726789,0.922834621,12
D074,O052,7,793,2.602048873,249,0.293109713,0.381495942,0.29384703,0.500330142,30
D074,O053,7,793,2.602048873,251,0.008437374,0.219704544,0.077608614,0.857828126,11
D074,O054,7,793,2.602048873,70,0.483939677,0.225369653,0.039302168,0.574845385,11
D074,O055,7,793,2.602048873,143,0.09821222,0.163666817,0.285033773,0.601558378,17
D074,O056,7,793,2.602048873,345,0.064149611,0.031223606,0.23904777,0.691855779,21
D074,O057,7,793,2.602048873,100,0.400541493,0.216556949,0.487740957,1.038462113,22
D074,O058,7,793,2.602048873,22,0.090722232,0.036785238,0.101049312,0.663001423,4
D074,O059,7,793,2.602048873,486,0.079431167,0.248195591,0.397292534,0.804788767,76
D074,O060,7,793,2.602048873,273,0.451061182,0.170720182,0.061912147,0.815113055,50
D074,O061,7,793,2.602048873,27,0.381805437,0.01616482,0.491613692,0.675221612,4
D074,O062,7,793,2.602048873,442,0.418928223,0.359834489,0.417321395,0.554105019,34
D074,O063,7,793,2.602048873,159,0.167777479,0.069957712,0.130372357,0.943907134,38
D074,O064,7,793,2.602048873,358,0.061032209,0.305917985,0.455729849,0.927346891,71
D074,O065,7,793,2.602048873,56,0.248866638,0.340199764,0.379559452,0.583546864,5
D074,O066,7,793,2.602048873,149,0.351209323,0.192455527,0.149427886,0.883050134,9
D074,O067,7,793,2.602048873,60,0.359928689,0.02076874,0.174232425,0.648987034,6
D074,O068,7,793,2.602048873,871,0.148525779,0.2389906,0.43126666,0.56330551,22
D074,O069,7,793,2.602048873,600,0.193256125,0.259153683,0.18565311,0.968309469,107
D074,O070,7,793,2.602048873,139,0.286307662,0.0275532,0.151186277,0.734969069,9
D074,O071,7,793,2.602048873,830,0.025772238,0.059916076,0.006124037,0.854259133,1
D074,O072,7,793,2.602048873,41,0.447028226,0.353970092,0.321029628,0.606201119,5
D074,O073,7,793,2.602048873,22,0.099783277,0.097826372,0.112559894,0.548583884,3
D074,O074,7,793,2.602048873,36,0.042568944,0.004280635,0.087293441,0.86728622,3
D074,O075,7,793,2.602048873,31,0.495260113,0.154710174,0.269857669,0.722353565,5
D074,O076,7,793,2.602048873,202,0.209924614,0.319442165,0.171734319,0.667816616,34
D074,O077,7,793,2.602048873,648,0.325153788,0.303515085,0.316930252,0.613107267,97
D074,O078,7,793,2.602048873,379,0.223960723,0.064878079,0.224272393,0.840645589,80
D074,O079,7,793,2.602048873,65,0.075519811,0.282963886,0.299403793,0.51375586,9
D074,O080,7,793,2.602048873,206,0.124478381,0.390952102,0.159201992,0.812430792,3
D074,O081,7,793,2.602048873,229,0.311863322,0.040757227,0.190953924,0.52059127,6
D074,O082,7,793,2.602048873,630,0.267185735,0.363424574,0.305398084,0.528725737,144
D074,O083,7,793,2.602048873,89,0.002629244,0.11891721,0.012340148,0.799263288,13
D074,O084,7,793,2.602048873,797,0.372992677,0.000386491,0.00152113,0.993396916,169
D074,O085,7,793,2.602048873,66,0.183976656,0.236269207,0.120756181,0.591017322,11
D074,O086,7,793,2.602048873,135,0.469888219,0.056365997,0.043821459,0.952586866,28
D074,O087,7,793,2.602048873,23,0.111840401,0.071296914,0.089679808,0.791166307,2
D074,O088,7,793,2.602048873,74,0.028069089,0.054085246,0.202673962,0.619616712,14
D074,O089,7,793,2.602048873,55,0.492105028,0.101006081,0.474810428,0.657444473,6
D074,O090,7,793,2.602048873,285,0.03434851,0.377557012,0.057284121,0.757204241,14
D074,O091,7,793,2.602048873,85,0.181583703,0.224320695,0.138841885,0.830164928,8
D074,O092,7,793,2.602048873,303,0.442706311,0.172267227,0.436491903,0.897895329,53
D074,O093,7,793,2.602048873,25,0.276275035,0.078153424,0.291384582,0.958605081,1
D074,O094,7,793,2.602048873,888,0.302089761,0.091469055,0.358945917,0.915650339,193
D074,O095,7,793,2.602048873,29,0.365502327,0.314203797,0.177999519,0.631365154,3
D074,O096,7,793,2.602048873,91,0.16170145,0.264353919,0.069555674,0.545005585,20
D075,O001,5,214,0.400344705,184,0.252173292,0.345006223,0.414518539,1.008029851,43
D075,O002,5,214,0.400344705,71,0.386957289,0.33590604,0.423756547,1.030814136,16
D075,O003,5,214,0.400344705,43,0.48531049,0.109844006,0.373132887,0.562934186,5
D075,O004,5,214,0.400344705,544,0.015441285,0.39993713,0.047767101,0.621494583,12
D075,O005,5,214,0.400344705,472,0.458927508,0.08115278,0.018055532,0.751825682,8
D075,O006,5,214,0.400344705,26,0.466438896,0.19990199,0.36047691,0.537345538,5
D075,O007,5,214,0.400344705,20,0.141130372,0.138764594,0.166622366,0.974703346,2
D075,O008,5,214,0.400344705,217,0.118365868,0.010264005,0.438577644,0.70421183,4
D075,O009,5,214,0.400344705,39,0.272204984,0.243100415,0.446678,0.893215891,1
D075,O010,5,214,0.400344705,78,0.42428609,0.04657399,0.47291634,0.886241643,6
D075,O011,5,214,0.400344705,163,0.257766277,0.230369452,0.067376828,1.041013094,24
D075,O012,5,214,0.400344705,121,0.018977159,0.042108472,0.106166432,0.634587855,7
D075,O013,5,214,0.400344705,38,0.13035544,0.200717694,0.465695355,0.90739434,4
D075,O014,5,214,0.400344705,505,0.055050564,0.385744929,0.323573274,0.956197221,126
D075,O015,5,214,0.400344705,369,0.403527677,0.186961283,0.029180542,1.016098144,88
D075,O016,5,214,0.400344705,990,0.188337728,0.211915952,0.403770273,0.683522338,99
D075,O017,5,214,0.400344705,47,0.235947901,0.205558573,0.450421949,0.98550411,1
D075,O018,5,214,0.400344705,128,0.201594351,0.132120615,0.2466657,1.015365814,15
D075,O019,5,214,0.400344705,24,0.431629638,0.254066717,0.253740338,0.934568431,1
D075,O020,5,214,0.400344705,113,0.348269976,0.095285863,0.409466489,0.990902637,28
D075,O021,5,214,0.400344705,35,0.407381528,0.191612689,0.078494355,0.726366674,4
D075,O022,5,214,0.400344705,193,0.265083523,0.114415056,0.48366938,0.770574624,6
D075,O023,5,214,0.400344705,410,0.214451437,0.12789836,0.094002538,0.876090399,34
D075,O024,5,214,0.400344705,109,0.107543079,0.370185632,0.33107989,0.763088384,2
D075,O025,5,214,0.400344705,53,0.129725034,0.023513439,0.022926164,0.647079336,9
D075,O026,5,214,0.400344705,104,0.335746812,0.309055962,0.214783733,0.866605062,9
D075,O027,5,214,0.400344705,120,0.173792118,0.275390581,0.115990185,0.594400816,1
D075,O028,5,214,0.400344705,315,0.161028291,0.149607497,0.243736481,0.836522744,76
D075,O029,5,214,0.400344705,744,0.31398409,0.144642217,0.380464816,1.001095973,47
D075,O030,5,214,0.400344705,96,0.291312931,0.178362873,0.260288981,0.712485371,21
D075,O031,5,214,0.400344705,61,0.375724597,0.298965989,0.344989603,1.023539068,2
D075,O032,5,214,0.400344705,449,0.47407037,0.293964396,0.333868972,0.526716923,86
D075,O033,5,214,0.400344705,28,0.356894295,0.285864598,0.280390934,0.572892371,5
D075,O034,5,214,0.400344705,172,0.339323194,0.106162856,0.193996227,0.976195745,28
D075,O035,5,214,0.400344705,173,0.041159595,0.256897351,0.341435098,0.936656262,22
D075,O036,5,214,0.400344705,83,0.318040863,0.288671609,0.125731933,0.510862581,11
D075,O037,5,214,0.400344705,232,0.083660283,0.374766445,0.463420281,0.901833982,16
D075,O038,5,214,0.400344705,765,0.137328547,0.153890662,0.395745604,0.824092212,73
D075,O039,5,214,0.400344705,48,0.232718262,0.17994217,0.033136716,0.784320075,1
D075,O040,5,214,0.400344705,585,0.392959459,0.39457393,0.498815231,0.847757244,30
D075,O041,5,214,0.400344705,49,0.297735298,0.268205888,0.212580592,0.765018393,7
D075,O042,5,214,0.400344705,533,0.049123846,0.273615249,0.271891148,0.775509181,28
D075,O043,5,214,0.400344705,936,0.154267686,0.332919895,0.389161836,0.694797352,211
D075,O044,5,214,0.400344705,721,0.432376139,0.324925408,0.144007894,0.742867678,148
D075,O045,5,214,0.400344705,692,0.331104768,0.086465045,0.220042135,0.679206917,59
D075,O046,5,214,0.400344705,402,0.241792287,0.134055119,0.264545347,1.045585484,81
D075,O047,5,214,0.400344705,32,0.457593053,0.357426009,0.365235909,0.729886159,4
D075,O048,5,214,0.400344705,45,0.221925977,0.348159922,0.204633474,0.792986797,8
D075,O049,5,214,0.400344705,33,0.068127718,0.327197905,0.351458552,0.638016666,6
D075,O050,5,214,0.400344705,322,0.206052109,0.123509785,0.230258857,0.710466564,78
D075,O051,5,214,0.400344705,264,0.415458501,0.161179135,0.311726789,0.922834621,12
D075,O052,5,214,0.400344705,249,0.293109713,0.381495942,0.29384703,0.500330142,30
D075,O053,5,214,0.400344705,251,0.008437374,0.219704544,0.077608614,0.857828126,11
D075,O054,5,214,0.400344705,70,0.483939677,0.225369653,0.039302168,0.574845385,11
D075,O055,5,214,0.400344705,143,0.09821222,0.163666817,0.285033773,0.601558378,17
D075,O056,5,214,0.400344705,345,0.064149611,0.031223606,0.23904777,0.691855779,21
D075,O057,5,214,0.400344705,100,0.400541493,0.216556949,0.487740957,1.038462113,22
D075,O058,5,214,0.400344705,22,0.090722232,0.036785238,0.101049312,0.663001423,4
D075,O059,5,214,0.400344705,486,0.079431167,0.248195591,0.397292534,0.804788767,76
D075,O060,5,214,0.400344705,273,0.451061182,0.170720182,0.061912147,0.815113055,50
D075,O061,5,214,0.400344705,27,0.381805437,0.01616482,0.491613692,0.675221612,4
D075,O062,5,214,0.400344705,442,0.418928223,0.359834489,0.417321395,0.554105019,34
D075,O063,5,214,0.400344705,159,0.167777479,0.069957712,0.130372357,0.943907134,38
D075,O064,5,214,0.400344705,358,0.061032209,0.305917985,0.455729849,0.927346891,71
D075,O065,5,214,0.400344705,56,0.248866638,0.340199764,0.379559452,0.583546864,5
D075,O066,5,214,0.400344705,149,0.351209323,0.192455527,0.149427886,0.883050134,9
D075,O067,5,214,0.400344705,60,0.359928689,0.02076874,0.174232425,0.648987034,6
D075,O068,5,214,0.400344705,871,0.148525779,0.2389906,0.43126666,0.56330551,22
D075,O069,5,214,0.400344705,600,0.193256125,0.259153683,0.18565311,0.968309469,107
D075,O070,5,214,0.400344705,139,0.286307662,0.0275532,0.151186277,0.734969069,9
D075,O071,5,214,0.400344705,830,0.025772238,0.059916076,0.006124037,0.854259133,1
D075,O072,5,214,0.400344705,41,0.447028226,0.353970092,0.321029628,0.606201119,5
D075,O073,5,214,0.400344705,22,0.099783277,0.097826372,0.112559894,0.548583884,3
D075,O074,5,214,0.400344705,36,0.042568944,0.004280635,0.087293441,0.86728622,3
D075,O075,5,214,0.400344705,31,0.495260113,0.154710174,0.269857669,0.722353565,5
D075,O076,5,214,0.400344705,202,0.209924614,0.319442165,0.171734319,0.667816616,34
D075,O077,5,214,0.400344705,648,0.325153788,0.303515085,0.316930252,0.613107267,97
D075,O078,5,214,0.400344705,379,0.223960723,0.064878079,0.224272393,0.840645589,80
D075,O079,5,214,0.400344705,65,0.075519811,0.282963886,0.299403793,0.51375586,9
D075,O080,5,214,0.400344705,206,0.124478381,0.390952102,0.159201992,0.812430792,3
D075,O081,5,214,0.400344705,229,0.311863322,0.040757227,0.190953924,0.52059127,6
D075,O082,5,214,0.400344705,630,0.267185735,0.363424574,0.305398084,0.528725737,144
D075,O083,5,214,0.400344705,89,0.002629244,0.11891721,0.012340148,0.799263288,13
D075,O084,5,214,0.400344705,797,0.372992677,0.000386491,0.00152113,0.993396916,169
D075,O085,5,214,0.400344705,66,0.183976656,0.236269207,0.120756181,0.591017322,11
D075,O086,5,214,0.400344705,135,0.469888219,0.056365997,0.043821459,0.952586866,28
D075,O087,5,214,0.400344705,23,0.111840401,0.071296914,0.089679808,0.791166307,2
D075,O088,5,214,0.400344705,74,0.028069089,0.054085246,0.202673962,0.619616712,14
D075,O089,5,214,0.400344705,55,0.492105028,0.101006081,0.474810428,0.657444473,6
D075,O090,5,214,0.400344705,285,0.03434851,0.377557012,0.057284121,0.757204241,14
D075,O091,5,214,0.400344705,85,0.181583703,0.224320695,0.138841885,0.830164928,8
D075,O092,5,214,0.400344705,303,0.442706311,0.172267227,0.436491903,0.897895329,53
D075,O093,5,214,0.400344705,25,0.276275035,0.078153424,0.291384582,0.958605081,1
D075,O094,5,214,0.400344705,888,0.302089761,0.091469055,0.358945917,0.915650339,193
D075,O095,5,214,0.400344705,29,0.365502327,0.314203797,0.177999519,0.631365154,3
D075,O096,5,214,0.400344705,91,0.16170145,0.264353919,0.069555674,0.545005585,20
D076,O001,6,605,0.427761656,184,0.252173292,0.345006223,0.414518539,1.008029851,43
D076,O002,6,605,0.427761656,71,0.386957289,0.33590604,0.423756547,1.030814136,16
D076,O003,6,605,0.427761656,43,0.48531049,0.109844006,0.373132887,0.562934186,5
D076,O004,6,605,0.427761656,544,0.015441285,0.39993713,0.047767101,0.621494583,12
D076,O005,6,605,0.427761656,472,0.458927508,0.08115278,0.018055532,0.751825682,8
D076,O006,6,605,0.427761656,26,0.466438896,0.19990199,0.36047691,0.537345538,5
D076,O007,6,605,0.427761656,20,0.141130372,0.138764594,0.166622366,0.974703346,2
D076,O008,6,605,0.427761656,217,0.118365868,0.010264005,0.438577644,0.70421183,4
D076,O009,6,605,0.427761656,39,0.272204984,0.243100415,0.446678,0.893215891,1
D076,O010,6,605,0.427761656,78,0.42428609,0.04657399,0.47291634,0.886241643,6
D076,O011,6,605,0.427761656,163,0.257766277,0.230369452,0.067376828,1.041013094,24
D076,O012,6,605,0.427761656,121,0.018977159,0.042108472,0.106166432,0.634587855,7
D076,O013,6,605,0.427761656,38,0.13035544,0.200717694,0.465695355,0.90739434,4
D076,O014,6,605,0.427761656,505,0.055050564,0.385744929,0.323573274,0.956197221,126
D076,O015,6,605,0.427761656,369,0.403527677,0.186961283,0.029180542,1.016098144,88
D076,O016,6,605,0.427761656,990,0.188337728,0.211915952,0.403770273,0.683522338,99
D076,O017,6,605,0.427761656,47,0.235947901,0.205558573,0.450421949,0.98550411,1
D076,O018,6,605,0.427761656,128,0.201594351,0.132120615,0.2466657,1.015365814,15
D076,O019,6,605,0.427761656,24,0.431629638,0.254066717,0.253740338,0.934568431,1
D076,O020,6,605,0.427761656,113,0.348269976,0.095285863,0.409466489,0.990902637,28
D076,O021,6,605,0.427761656,35,0.407381528,0.191612689,0.078494355,0.726366674,4
D076,O022,6,605,0.427761656,193,0.265083523,0.114415056,0.48366938,0.770574624,6
D076,O023,6,605,0.427761656,410,0.214451437,0.12789836,0.094002538,0.876090399,34
D076,O024,6,605,0.427761656,109,0.107543079,0.370185632,0.33107989,0.763088384,2
D076,O025,6,605,0.427761656,53,0.129725034,0.023513439,0.022926164,0.647079336,9
D076,O026,6,605,0.427761656,104,0.335746812,0.309055962,0.214783733,0.866605062,9
D076,O027,6,605,0.427761656,120,0.173792118,0.275390581,0.115990185,0.594400816,1
D076,O028,6,605,0.427761656,315,0.161028291,0.149607497,0.243736481,0.836522744,76
D076,O029,6,605,0.427761656,744,0.31398409,0.144642217,0.380464816,1.001095973,47
D076,O030,6,605,0.427761656,96,0.291312931,0.178362873,0.260288981,0.712485371,21
D076,O031,6,605,0.427761656,61,0.375724597,0.298965989,0.344989603,1.023539068,2
D076,O032,6,605,0.427761656,449,0.47407037,0.293964396,0.333868972,0.526716923,86
D076,O033,6,605,0.427761656,28,0.356894295,0.285864598,0.280390934,0.572892371,5
D076,O034,6,605,0.427761656,172,0.339323194,0.106162856,0.193996227,0.976195745,28
D076,O035,6,605,0.427761656,173,0.041159595,0.256897351,0.341435098,0.936656262,22
D076,O036,6,605,0.427761656,83,0.318040863,0.288671609,0.125731933,0.510862581,11
D076,O037,6,605,0.427761656,232,0.083660283,0.374766445,0.463420281,0.901833982,16
D076,O038,6,605,0.427761656,765,0.137328547,0.153890662,0.395745604,0.824092212,73
D076,O039,6,605,0.427761656,48,0.232718262,0.17994217,0.033136716,0.784320075,1
D076,O040,6,605,0.427761656,585,0.392959459,0.39457393,0.498815231,0.847757244,30
D076,O041,6,605,0.427761656,49,0.297735298,0.268205888,0.212580592,0.765018393,7
D076,O042,6,605,0.427761656,533,0.049123846,0.273615249,0.271891148,0.775509181,28
D076,O043,6,605,0.427761656,936,0.154267686,0.332919895,0.389161836,0.694797352,211
D076,O044,6,605,0.427761656,721,0.432376139,0.324925408,0.144007894,0.742867678,148
D076,O045,6,605,0.427761656,692,0.331104768,0.086465045,0.220042135,0.679206917,59
D076,O046,6,605,0.427761656,402,0.241792287,0.134055119,0.264545347,1.045585484,81
D076,O047,6,605,0.427761656,32,0.457593053,0.357426009,0.365235909,0.729886159,4
D076,O048,6,605,0.427761656,45,0.221925977,0.348159922,0.204633474,0.792986797,8
D076,O049,6,605,0.427761656,33,0.068127718,0.327197905,0.351458552,0.638016666,6
D076,O050,6,605,0.427761656,322,0.206052109,0.123509785,0.230258857,0.710466564,78
D076,O051,6,605,0.427761656,264,0.415458501,0.161179135,0.311726789,0.922834621,12
D076,O052,6,605,0.427761656,249,0.293109713,0.381495942,0.29384703,0.500330142,30
D076,O053,6,605,0.427761656,251,0.008437374,0.219704544,0.077608614,0.857828126,11
D076,O054,6,605,0.427761656,70,0.483939677,0.225369653,0.039302168,0.574845385,11
D076,O055,6,605,0.427761656,143,0.09821222,0.163666817,0.285033773,0.601558378,17
D076,O056,6,605,0.427761656,345,0.064149611,0.031223606,0.23904777,0.691855779,21
D076,O057,6,605,0.427761656,100,0.400541493,0.216556949,0.487740957,1.038462113,22
D076,O058,6,605,0.427761656,22,0.090722232,0.036785238,0.101049312,0.663001423,4
D076,O059,6,605,0.427761656,486,0.079431167,0.248195591,0.397292534,0.804788767,76
D076,O060,6,605,0.427761656,273,0.451061182,0.170720182,0.061912147,0.815113055,50
D076,O061,6,605,0.427761656,27,0.381805437,0.01616482,0.491613692,0.675221612,4
D076,O062,6,605,0.427761656,442,0.418928223,0.359834489,0.417321395,0.554105019,34
D076,O063,6,605,0.427761656,159,0.167777479,0.069957712,0.130372357,0.943907134,38
D076,O064,6,605,0.427761656,358,0.061032209,0.305917985,0.455729849,0.927346891,71
D076,O065,6,605,0.427761656,56,0.248866638,0.340199764,0.379559452,0.583546864,5
D076,O066,6,605,0.427761656,149,0.351209323,0.192455527,0.149427886,0.883050134,9
D076,O067,6,605,0.427761656,60,0.359928689,0.02076874,0.174232425,0.648987034,6
D076,O068,6,605,0.427761656,871,0.148525779,0.2389906,0.43126666,0.56330551,22
D076,O069,6,605,0.427761656,600,0.193256125,0.259153683,0.18565311,0.968309469,107
D076,O070,6,605,0.427761656,139,0.286307662,0.0275532,0.151186277,0.734969069,9
D076,O071,6,605,0.427761656,830,0.025772238,0.059916076,0.006124037,0.854259133,1
D076,O072,6,605,0.427761656,41,0.447028226,0.353970092,0.321029628,0.606201119,5
D076,O073,6,605,0.427761656,22,0.099783277,0.097826372,0.112559894,0.548583884,3
D076,O074,6,605,0.427761656,36,0.042568944,0.004280635,0.087293441,0.86728622,3
D076,O075,6,605,0.427761656,31,0.495260113,0.154710174,0.269857669,0.722353565,5
D076,O076,6,605,0.427761656,202,0.209924614,0.319442165,0.171734319,0.667816616,34
D076,O077,6,605,0.427761656,648,0.325153788,0.303515085,0.316930252,0.613107267,97
D076,O078,6,605,0.427761656,379,0.223960723,0.064878079,0.224272393,0.840645589,80
D076,O079,6,605,0.427761656,65,0.075519811,0.282963886,0.299403793,0.51375586,9
D076,O080,6,605,0.427761656,206,0.124478381,0.390952102,0.159201992,0.812430792,3
D076,O081,6,605,0.427761656,229,0.311863322,0.040757227,0.190953924,0.52059127,6
D076,O082,6,605,0.427761656,630,0.267185735,0.363424574,0.305398084,0.528725737,144
D076,O083,6,605,0.427761656,89,0.002629244,0.11891721,0.012340148,0.799263288,13
D076,O084,6,605,0.427761656,797,0.372992677,0.000386491,0.00152113,0.993396916,169
D076,O085,6,605,0.427761656,66,0.183976656,0.236269207,0.120756181,0.591017322,11
D076,O086,6,605,0.427761656,135,0.469888219,0.056365997,0.043821459,0.952586866,28
D076,O087,6,605,0.427761656,23,0.111840401,0.071296914,0.089679808,0.791166307,2
D076,O088,6,605,0.427761656,74,0.028069089,0.054085246,0.202673962,0.619616712,14
D076,O089,6,605,0.427761656,55,0.492105028,0.101006081,0.474810428,0.657444473,6
D076,O090,6,605,0.427761656,285,0.03434851,0.377557012,0.057284121,0.757204241,14
D076,O091,6,605,0.427761656,85,0.181583703,0.224320695,0.138841885,0.830164928,8
D076,O092,6,605,0.427761656,303,0.442706311,0.172267227,0.436491903,0.897895329,53
D076,O093,6,605,0.427761656,25,0.276275035,0.078153424,0.291384582,0.958605081,1
D076,O094,6,605,0.427761656,888,0.302089761,0.091469055,0.358945917,0.915650339,193
D076,O095,6,605,0.427761656,29,0.365502327,0.314203797,0.177999519,0.631365154,3
D076,O096,6,605,0.427761656,91,0.16170145,0.264353919,0.069555674,0.545005585,20
D077,O001,2,230,2.845107804,184,0.252173292,0.345006223,0.414518539,1.008029851,43
D077,O002,2,230,2.845107804,71,0.386957289,0.33590604,0.423756547,1.030814136,16
D077,O003,2,230,2.845107804,43,0.48531049,0.109844006,0.373132887,0.562934186,5
D077,O004,2,230,2.845107804,544,0.015441285,0.39993713,0.047767101,0.621494583,12
D077,O005,2,230,2.845107804,472,0.458927508,0.08115278,0.018055532,0.751825682,8
D077,O006,2,230,2.845107804,26,0.466438896,0.19990199,0.36047691,0.537345538,5
D077,O007,2,230,2.845107804,20,0.141130372,0.138764594,0.166622366,0.974703346,2
D077,O008,2,230,2.845107804,217,0.118365868,0.010264005,0.438577644,0.70421183,4
D077,O009,2,230,2.845107804,39,0.272204984,0.243100415,0.446678,0.893215891,1
D077,O010,2,230,2.845107804,78,0.42428609,0.04657399,0.47291634,0.886241643,6
D077,O011,2,230,2.845107804,163,0.257766277,0.230369452,0.067376828,1.041013094,24
D077,O012,2,230,2.845107804,121,0.018977159,0.042108472,0.106166432,0.634587855,7
D077,O013,2,230,2.845107804,38,0.13035544,0.200717694,0.465695355,0.90739434,4
D077,O014,2,230,2.845107804,505,0.055050564,0.385744929,0.323573274,0.956197221,126
D077,O015,2,230,2.845107804,369,0.403527677,0.186961283,0.029180542,1.016098144,88
D077,O016,2,230,2.845107804,990,0.188337728,0.211915952,0.403770273,0.683522338,99
D077,O017,2,230,2.845107804,47,0.235947901,0.205558573,0.450421949,0.98550411,1
D077,O018,2,230,2.845107804,128,0.201594351,0.132120615,0.2466657,1.015365814,15
D077,O019,2,230,2.845107804,24,0.431629638,0.254066717,0.253740338,0.934568431,1
D077,O020,2,230,2.845107804,113,0.348269976,0.095285863,0.409466489,0.990902637,28
D077,O021,2,230,2.845107804,35,0.407381528,0.191612689,0.078494355,0.726366674,4
D077,O022,2,230,2.845107804,193,0.265083523,0.114415056,0.48366938,0.770574624,6
D077,O023,2,230,2.845107804,410,0.214451437,0.12789836,0.094002538,0.876090399,34
D077,O024,2,230,2.845107804,109,0.107543079,0.370185632,0.33107989,0.763088384,2
D077,O025,2,230,2.845107804,53,0.129725034,0.023513439,0.022926164,0.647079336,9
D077,O026,2,230,2.845107804,104,0.335746812,0.309055962,0.214783733,0.866605062,9
D077,O027,2,230,2.845107804,120,0.173792118,0.275390581,0.115990185,0.594400816,1
D077,O028,2,230,2.845107804,315,0.161028291,0.149607497,0.243736481,0.836522744,76
D077,O029,2,230,2.845107804,744,0.31398409,0.144642217,0.380464816,1.001095973,47
D077,O030,2,230,2.845107804,96,0.291312931,0.178362873,0.260288981,0.712485371,21
D077,O031,2,230,2.845107804,61,0.375724597,0.298965989,0.344989603,1.023539068,2
D077,O032,2,230,2.845107804,449,0.47407037,0.293964396,0.333868972,0.526716923,86
D077,O033,2,230,2.845107804,28,0.356894295,0.285864598,0.280390934,0.572892371,5
D077,O034,2,230,2.845107804,172,0.339323194,0.106162856,0.193996227,0.976195745,28
D077,O035,2,230,2.845107804,173,0.041159595,0.256897351,0.341435098,0.936656262,22
D077,O036,2,230,2.845107804,83,0.318040863,0.288671609,0.125731933,0.510862581,11
D077,O037,2,230,2.845107804,232,0.083660283,0.374766445,0.463420281,0.901833982,16
D077,O038,2,230,2.845107804,765,0.137328547,0.153890662,0.395745604,0.824092212,73
D077,O039,2,230,2.845107804,48,0.232718262,0.17994217,0.033136716,0.784320075,1
D077,O040,2,230,2.845107804,585,0.392959459,0.39457393,0.498815231,0.847757244,30
D077,O041,2,230,2.845107804,49,0.297735298,0.268205888,0.212580592,0.765018393,7
D077,O042,2,230,2.845107804,533,0.049123846,0.273615249,0.271891148,0.775509181,28
D077,O043,2,230,2.845107804,936,0.154267686,0.332919895,0.389161836,0.694797352,211
D077,O044,2,230,2.845107804,721,0.432376139,0.324925408,0.144007894,0.742867678,148
D077,O045,2,230,2.845107804,692,0.331104768,0.086465045,0.220042135,0.679206917,59
D077,O046,2,230,2.845107804,402,0.241792287,0.134055119,0.264545347,1.045585484,81
D077,O047,2,230,2.845107804,32,0.457593053,0.357426009,0.365235909,0.729886159,4
D077,O048,2,230,2.845107804,45,0.221925977,0.348159922,0.204633474,0.792986797,8
D077,O049,2,230,2.845107804,33,0.068127718,0.327197905,0.351458552,0.638016666,6
D077,O050,2,230,2.845107804,322,0.206052109,0.123509785,0.230258857,0.710466564,78
D077,O051,2,230,2.845107804,264,0.415458501,0.161179135,0.311726789,0.922834621,12
D077,O052,2,230,2.845107804,249,0.293109713,0.381495942,0.29384703,0.500330142,30
D077,O053,2,230,2.845107804,251,0.008437374,0.219704544,0.077608614,0.857828126,11
D077,O054,2,230,2.845107804,70,0.483939677,0.225369653,0.039302168,0.574845385,11
D077,O055,2,230,2.845107804,143,0.09821222,0.163666817,0.285033773,0.601558378,17
D077,O056,2,230,2.845107804,345,0.064149611,0.031223606,0.23904777,0.691855779,21
D077,O057,2,230,2.845107804,100,0.400541493,0.216556949,0.487740957,1.038462113,22
D077,O058,2,230,2.845107804,22,0.090722232,0.036785238,0.101049312,0.663001423,4
D077,O059,2,230,2.845107804,486,0.079431167,0.248195591,0.397292534,0.804788767,76
D077,O060,2,230,2.845107804,273,0.451061182,0.170720182,0.061912147,0.815113055,50
D077,O061,2,230,2.845107804,27,0.381805437,0.01616482,0.491613692,0.675221612,4
D077,O062,2,230,2.845107804,442,0.418928223,0.359834489,0.417321395,0.554105019,34
D077,O063,2,230,2.845107804,159,0.167777479,0.069957712,0.130372357,0.943907134,38
D077,O064,2,230,2.845107804,358,0.061032209,0.305917985,0.455729849,0.927346891,71
D077,O065,2,230,2.845107804,56,0.248866638,0.340199764,0.379559452,0.583546864,5
D077,O066,2,230,2.845107804,149,0.351209323,0.192455527,0.149427886,0.883050134,9
D077,O067,2,230,2.845107804,60,0.359928689,0.02076874,0.174232425,0.648987034,6
D077,O068,2,230,2.845107804,871,0.148525779,0.2389906,0.43126666,0.56330551,22
D077,O069,2,230,2.845107804,600,0.193256125,0.259153683,0.18565311,0.968309469,107
D077,O070,2,230,2.845107804,139,0.286307662,0.0275532,0.151186277,0.734969069,9
D077,O071,2,230,2.845107804,830,0.025772238,0.059916076,0.006124037,0.854259133,1
D077,O072,2,230,2.845107804,41,0.447028226,0.353970092,0.321029628,0.606201119,5
D077,O073,2,230,2.845107804,22,0.099783277,0.097826372,0.112559894,0.548583884,3
D077,O074,2,230,2.845107804,36,0.042568944,0.004280635,0.087293441,0.86728622,3
D077,O075,2,230,2.845107804,31,0.495260113,0.154710174,0.269857669,0.722353565,5
D077,O076,2,230,2.845107804,202,0.209924614,0.319442165,0.171734319,0.667816616,34
D077,O077,2,230,2.845107804,648,0.325153788,0.303515085,0.316930252,0.613107267,97
D077,O078,2,230,2.845107804,379,0.223960723,0.064878079,0.224272393,0.840645589,80
D077,O079,2,230,2.845107804,65,0.075519811,0.282963886,0.299403793,0.51375586,9
D077,O080,2,230,2.845107804,206,0.124478381,0.390952102,0.159201992,0.812430792,3
D077,O081,2,230,2.845107804,229,0.311863322,0.040757227,0.190953924,0.52059127,6
D077,O082,2,230,2.845107804,630,0.267185735,0.363424574,0.305398084,0.528725737,144
D077,O083,2,230,2.845107804,89,0.002629244,0.11891721,0.012340148,0.799263288,13
D077,O084,2,230,2.845107804,797,0.372992677,0.000386491,0.00152113,0.993396916,169
D077,O085,2,230,2.845107804,66,0.183976656,0.236269207,0.120756181,0.591017322,11
D077,O086,2,230,2.845107804,135,0.469888219,0.056365997,0.043821459,0.952586866,28
D077,O087,2,230,2.845107804,23,0.111840401,0.071296914,0.089679808,0.791166307,2
D077,O088,2,230,2.845107804,74,0.028069089,0.054085246,0.202673962,0.619616712,14
D077,O089,2,230,2.845107804,55,0.492105028,0.101006081,0.474810428,0.657444473,6
D077,O090,2,230,2.845107804,285,0.03434851,0.377557012,0.057284121,0.757204241,14
D077,O091,2,230,2.845107804,85,0.181583703,0.224320695,0.138841885,0.830164928,8
D077,O092,2,230,2.845107804,303,0.442706311,0.172267227,0.436491903,0.897895329,53
D077,O093,2,230,2.845107804,25,0.276275035,0.078153424,0.291384582,0.958605081,1
D077,O094,2,230,2.845107804,888,0.302089761,0.091469055,0.358945917,0.915650339,193
D077,O095,2,230,2.845107804,29,0.365502327,0.314203797,0.177999519,0.631365154,3
D077,O096,2,230,2.845107804,91,0.16170145,0.264353919,0.069555674,0.545005585,20
D078,O001,8,257,1.020754365,184,0.252173292,0.345006223,0.414518539,1.008029851,43
D078,O002,8,257,1.020754365,71,0.386957289,0.33590604,0.423756547,1.030814136,16
D078,O003,8,257,1.020754365,43,0.48531049,0.109844006,0.373132887,0.562934186,5
D078,O004,8,257,1.020754365,544,0.015441285,0.39993713,0.047767101,0.621494583,12
D078,O005,8,257,1.020754365,472,0.458927508,0.08115278,0.018055532,0.751825682,8
D078,O006,8,257,1.020754365,26,0.466438896,0.19990199,0.36047691,0.537345538,5
D078,O007,8,257,1.020754365,20,0.141130372,0.138764594,0.166622366,0.974703346,2
D078,O008,8,257,1.020754365,217,0.118365868,0.010264005,0.438577644,0.70421183,4
D078,O009,8,257,1.020754365,39,0.272204984,0.243100415,0.446678,0.893215891,1
D078,O010,8,257,1.020754365,78,0.42428609,0.04657399,0.47291634,0.886241643,6
D078,O011,8,257,1.020754365,163,0.257766277,0.230369452,0.067376828,1.041013094,24
D078,O012,8,257,1.020754365,121,0.018977159,0.042108472,0.106166432,0.634587855,7
D078,O013,8,257,1.020754365,38,0.13035544,0.200717694,0.465695355,0.90739434,4
D078,O014,8,257,1.020754365,505,0.055050564,0.385744929,0.323573274,0.956197221,126
D078,O015,8,257,1.020754365,369,0.403527677,0.186961283,0.029180542,1.016098144,88
D078,O016,8,257,1.020754365,990,0.188337728,0.211915952,0.403770273,0.683522338,99
D078,O017,8,257,1.020754365,47,0.235947901,0.205558573,0.450421949,0.98550411,1
D078,O018,8,257,1.020754365,128,0.201594351,0.132120615,0.2466657,1.015365814,15
D078,O019,8,257,1.020754365,24,0.431629638,0.254066717,0.253740338,0.934568431,1
D078,O020,8,257,1.020754365,113,0.348269976,0.095285863,0.409466489,0.990902637,28
D078,O021,8,257,1.020754365,35,0.407381528,0.191612689,0.078494355,0.726366674,4
D078,O022,8,257,1.020754365,193,0.265083523,0.114415056,0.48366938,0.770574624,6
D078,O023,8,257,1.020754365,410,0.214451437,0.12789836,0.094002538,0.876090399,34
D078,O024,8,257,1.020754365,109,0.107543079,0.370185632,0.33107989,0.763088384,2
D078,O025,8,257,1.020754365,53,0.129725034,0.023513439,0.022926164,0.647079336,9
D078,O026,8,257,1.020754365,104,0.335746812,0.309055962,0.214783733,0.866605062,9
D078,O027,8,257,1.020754365,120,0.173792118,0.275390581,0.115990185,0.594400816,1
D078,O028,8,257,1.020754365,315,0.161028291,0.149607497,0.243736481,0.836522744,76
D078,O029,8,257,1.020754365,744,0.31398409,0.144642217,0.380464816,1.001095973,47
D078,O030,8,257,1.020754365,96,0.291312931,0.178362873,0.260288981,0.712485371,21
D078,O031,8,257,1.020754365,61,0.375724597,0.298965989,0.344989603,1.023539068,2
D078,O032,8,257,1.020754365,449,0.47407037,0.293964396,0.333868972,0.526716923,86
D078,O033,8,257,1.020754365,28,0.356894295,0.285864598,0.280390934,0.572892371,5
D078,O034,8,257,1.020754365,172,0.339323194,0.106162856,0.193996227,0.976195745,28
D078,O035,8,257,1.020754365,173,0.041159595,0.256897351,0.341435098,0.936656262,22
D078,O036,8,257,1.020754365,83,0.318040863,0.288671609,0.125731933,0.510862581,11
D078,O037,8,257,1.020754365,232,0.083660283,0.374766445,0.463420281,0.901833982,16
D078,O038,8,257,1.020754365,765,0.137328547,0.153890662,0.395745604,0.824092212,73
D078,O039,8,257,1.020754365,48,0.232718262,0.17994217,0.033136716,0.784320075,1
D078,O040,8,257,1.020754365,585,0.392959459,0.39457393,0.498815231,0.847757244,30
D078,O041,8,257,1.020754365,49,0.297735298,0.268205888,0.212580592,0.765018393,7
D078,O042,8,257,1.020754365,533,0.049123846,0.273615249,0.271891148,0.775509181,28
D078,O043,8,257,1.020754365,936,0.154267686,0.332919895,0.389161836,0.694797352,211
D078,O044,8,257,1.020754365,721,0.432376139,0.324925408,0.144007894,0.742867678,148
D078,O045,8,257,1.020754365,692,0.331104768,0.086465045,0.220042135,0.679206917,59
D078,O046,8,257,1.020754365,402,0.241792287,0.134055119,0.264545347,1.045585484,81
D078,O047,8,257,1.020754365,32,0.457593053,0.357426009,0.365235909,0.729886159,4
D078,O048,8,257,1.020754365,45,0.221925977,0.348159922,0.204633474,0.792986797,8
D078,O049,8,257,1.020754365,33,0.068127718,0.327197905,0.351458552,0.638016666,6
D078,O050,8,257,1.020754365,322,0.206052109,0.123509785,0.230258857,0.710466564,78
D078,O051,8,257,1.020754365,264,0.415458501,0.161179135,0.311726789,0.922834621,12
D078,O052,8,257,1.020754365,249,0.293109713,0.381495942,0.29384703,0.500330142,30
D078,O053,8,257,1.020754365,251,0.008437374,0.219704544,0.077608614,0.857828126,11
D078,O054,8,257,1.020754365,70,0.483939677,0.225369653,0.039302168,0.574845385,11
D078,O055,8,257,1.020754365,143,0.09821222,0.163666817,0.285033773,0.601558378,17
D078,O056,8,257,1.020754365,345,0.064149611,0.031223606,0.23904777,0.691855779,21
D078,O057,8,257,1.020754365,100,0.400541493,0.216556949,0.487740957,1.038462113,22
D078,O058,8,257,1.020754365,22,0.090722232,0.036785238,0.101049312,0.663001423,4
D078,O059,8,257,1.020754365,486,0.079431167,0.248195591,0.397292534,0.804788767,76
D078,O060,8,257,1.020754365,273,0.451061182,0.170720182,0.061912147,0.815113055,50
D078,O061,8,257,1.020754365,27,0.381805437,0.01616482,0.491613692,0.675221612,4
D078,O062,8,257,1.020754365,442,0.418928223,0.359834489,0.417321395,0.554105019,34
D078,O063,8,257,1.020754365,159,0.167777479,0.069957712,0.130372357,0.943907134,38
D078,O064,8,257,1.020754365,358,0.061032209,0.305917985,0.455729849,0.927346891,71
D078,O065,8,257,1.020754365,56,0.248866638,0.340199764,0.379559452,0.583546864,5
D078,O066,8,257,1.020754365,149,0.351209323,0.192455527,0.149427886,0.883050134,9
D078,O067,8,257,1.020754365,60,0.359928689,0.02076874,0.174232425,0.648987034,6
D078,O068,8,257,1.020754365,871,0.148525779,0.2389906,0.43126666,0.56330551,22
D078,O069,8,257,1.020754365,600,0.193256125,0.259153683,0.18565311,0.968309469,107
D078,O070,8,257,1.020754365,139,0.286307662,0.0275532,0.151186277,0.734969069,9
D078,O071,8,257,1.020754365,830,0.025772238,0.059916076,0.006124037,0.854259133,1
D078,O072,8,257,1.020754365,41,0.447028226,0.353970092,0.321029628,0.606201119,5
D078,O073,8,257,1.020754365,22,0.099783277,0.097826372,0.112559894,0.548583884,3
D078,O074,8,257,1.020754365,36,0.042568944,0.004280635,0.087293441,0.86728622,3
D078,O075,8,257,1.020754365,31,0.495260113,0.154710174,0.269857669,0.722353565,5
D078,O076,8,257,1.020754365,202,0.209924614,0.319442165,0.171734319,0.667816616,34
D078,O077,8,257,1.020754365,648,0.325153788,0.303515085,0.316930252,0.613107267,97
D078,O078,8,257,1.020754365,379,0.223960723,0.064878079,0.224272393,0.840645589,80
D078,O079,8,257,1.020754365,65,0.075519811,0.282963886,0.299403793,0.51375586,9
D078,O080,8,257,1.020754365,206,0.124478381,0.390952102,0.159201992,0.812430792,3
D078,O081,8,257,1.020754365,229,0.311863322,0.040757227,0.190953924,0.52059127,6
D078,O082,8,257,1.020754365,630,0.267185735,0.363424574,0.305398084,0.528725737,144
D078,O083,8,257,1.020754365,89,0.002629244,0.11891721,0.012340148,0.799263288,13
D078,O084,8,257,1.020754365,797,0.372992677,0.000386491,0.00152113,0.993396916,169
D078,O085,8,257,1.020754365,66,0.183976656,0.236269207,0.120756181,0.591017322,11
D078,O086,8,257,1.020754365,135,0.469888219,0.056365997,0.043821459,0.952586866,28
D078,O087,8,257,1.020754365,23,0.111840401,0.071296914,0.089679808,0.791166307,2
D078,O088,8,257,1.020754365,74,0.028069089,0.054085246,0.202673962,0.619616712,14
D078,O089,8,257,1.020754365,55,0.492105028,0.101006081,0.474810428,0.657444473,6
D078,O090,8,257,1.020754365,285,0.03434851,0.377557012,0.057284121,0.757204241,14
D078,O091,8,257,1.020754365,85,0.181583703,0.224320695,0.138841885,0.830164928,8
D078,O092,8,257,1.020754365,303,0.442706311,0.172267227,0.436491903,0.897895329,53
D078,O093,8,257,1.020754365,25,0.276275035,0.078153424,0.291384582,0.958605081,1
D078,O094,8,257,1.020754365,888,0.302089761,0.091469055,0.358945917,0.915650339,193
D078,O095,8,257,1.020754365,29,0.365502327,0.314203797,0.177999519,0.631365154,3
D078,O096,8,257,1.020754365,91,0.16170145,0.264353919,0.069555674,0.545005585,20
D079,O001,4,505,6.501816197,184,0.252173292,0.345006223,0.414518539,1.008029851,43
D079,O002,4,505,6.501816197,71,0.386957289,0.33590604,0.423756547,1.030814136,16
D079,O003,4,505,6.501816197,43,0.48531049,0.109844006,0.373132887,0.562934186,5
D079,O004,4,505,6.501816197,544,0.015441285,0.39993713,0.047767101,0.621494583,12
D079,O005,4,505,6.501816197,472,0.458927508,0.08115278,0.018055532,0.751825682,8
D079,O006,4,505,6.501816197,26,0.466438896,0.19990199,0.36047691,0.537345538,5
D079,O007,4,505,6.501816197,20,0.141130372,0.138764594,0.166622366,0.974703346,2
D079,O008,4,505,6.501816197,217,0.118365868,0.010264005,0.438577644,0.70421183,4
D079,O009,4,505,6.501816197,39,0.272204984,0.243100415,0.446678,0.893215891,1
D079,O010,4,505,6.501816197,78,0.42428609,0.04657399,0.47291634,0.886241643,6
D079,O011,4,505,6.501816197,163,0.257766277,0.230369452,0.067376828,1.041013094,24
D079,O012,4,505,6.501816197,121,0.018977159,0.042108472,0.106166432,0.634587855,7
D079,O013,4,505,6.501816197,38,0.13035544,0.200717694,0.465695355,0.90739434,4
D079,O014,4,505,6.501816197,505,0.055050564,0.385744929,0.323573274,0.956197221,126
D079,O015,4,505,6.501816197,369,0.403527677,0.186961283,0.029180542,1.016098144,88
D079,O016,4,505,6.501816197,990,0.188337728,0.211915952,0.403770273,0.683522338,99
D079,O017,4,505,6.501816197,47,0.235947901,0.205558573,0.450421949,0.98550411,1
D079,O018,4,505,6.501816197,128,0.201594351,0.132120615,0.2466657,1.015365814,15
D079,O019,4,505,6.501816197,24,0.431629638,0.254066717,0.253740338,0.934568431,1
D079,O020,4,505,6.501816197,113,0.348269976,0.095285863,0.409466489,0.990902637,28
D079,O021,4,505,6.501816197,35,0.407381528,0.191612689,0.078494355,0.726366674,4
D079,O022,4,505,6.501816197,193,0.265083523,0.114415056,0.48366938,0.770574624,6
D079,O023,4,505,6.501816197,410,0.214451437,0.12789836,0.094002538,0.876090399,34
D079,O024,4,505,6.501816197,109,0.107543079,0.370185632,0.33107989,0.763088384,2
D079,O025,4,505,6.501816197,53,0.129725034,0.023513439,0.022926164,0.647079336,9
D079,O026,4,505,6.501816197,104,0.335746812,0.309055962,0.214783733,0.866605062,9
D079,O027,4,505,6.501816197,120,0.173792118,0.275390581,0.115990185,0.594400816,1
D079,O028,4,505,6.501816197,315,0.161028291,0.149607497,0.243736481,0.836522744,76
D079,O029,4,505,6.501816197,744,0.31398409,0.144642217,0.380464816,1.001095973,47
D079,O030,4,505,6.501816197,96,0.291312931,0.178362873,0.260288981,0.712485371,21
D079,O031,4,505,6.501816197,61,0.375724597,0.298965989,0.344989603,1.023539068,2
D079,O032,4,505,6.501816197,449,0.47407037,0.293964396,0.333868972,0.526716923,86
D079,O033,4,505,6.501816197,28,0.356894295,0.285864598,0.280390934,0.572892371,5
D079,O034,4,505,6.501816197,172,0.339323194,0.106162856,0.193996227,0.976195745,28
D079,O035,4,505,6.501816197,173,0.041159595,0.256897351,0.341435098,0.936656262,22
D079,O036,4,505,6.501816197,83,0.318040863,0.288671609,0.125731933,0.510862581,11
D079,O037,4,505,6.501816197,232,0.083660283,0.374766445,0.463420281,0.901833982,16
D079,O038,4,505,6.501816197,765,0.137328547,0.153890662,0.395745604,0.824092212,73
D079,O039,4,505,6.501816197,48,0.232718262,0.17994217,0.033136716,0.784320075,1
D079,O040,4,505,6.501816197,585,0.392959459,0.39457393,0.498815231,0.847757244,30
D079,O041,4,505,6.501816197,49,0.297735298,0.268205888,0.212580592,0.765018393,7
D079,O042,4,505,6.501816197,533,0.049123846,0.273615249,0.271891148,0.775509181,28
D079,O043,4,505,6.501816197,936,0.154267686,0.332919895,0.389161836,0.694797352,211
D079,O044,4,505,6.501816197,721,0.432376139,0.324925408,0.144007894,0.742867678,148
D079,O045,4,505,6.501816197,692,0.331104768,0.086465045,0.220042135,0.679206917,59
D079,O046,4,505,6.501816197,402,0.241792287,0.134055119,0.264545347,1.045585484,81
D079,O047,4,505,6.501816197,32,0.457593053,0.357426009,0.365235909,0.729886159,4
D079,O048,4,505,6.501816197,45,0.221925977,0.348159922,0.204633474,0.792986797,8
D079,O049,4,505,6.501816197,33,0.068127718,0.327197905,0.351458552,0.638016666,6
D079,O050,4,505,6.501816197,322,0.206052109,0.123509785,0.230258857,0.710466564,78
D079,O051,4,505,6.501816197,264,0.415458501,0.161179135,0.311726789,0.922834621,12
D079,O052,4,505,6.501816197,249,0.293109713,0.381495942,0.29384703,0.500330142,30
D079,O053,4,505,6.501816197,251,0.008437374,0.219704544,0.077608614,0.857828126,11
D079,O054,4,505,6.501816197,70,0.483939677,0.225369653,0.039302168,0.574845385,11
D079,O055,4,505,6.501816197,143,0.09821222,0.163666817,0.285033773,0.601558378,17
D079,O056,4,505,6.501816197,345,0.064149611,0.031223606,0.23904777,0.691855779,21
D079,O057,4,505,6.501816197,100,0.400541493,0.216556949,0.487740957,1.038462113,22
D079,O058,4,505,6.501816197,22,0.090722232,0.036785238,0.101049312,0.663001423,4
D079,O059,4,505,6.501816197,486,0.079431167,0.248195591,0.397292534,0.804788767,76
D079,O060,4,505,6.501816197,273,0.451061182,0.170720182,0.061912147,0.815113055,50
D079,O061,4,505,6.501816197,27,0.381805437,0.01616482,0.491613692,0.675221612,4
D079,O062,4,505,6.501816197,442,0.418928223,0.359834489,0.417321395,0.554105019,34
D079,O063,4,505,6.501816197,159,0.167777479,0.069957712,0.130372357,0.943907134,38
D079,O064,4,505,6.501816197,358,0.061032209,0.305917985,0.455729849,0.927346891,71
D079,O065,4,505,6.501816197,56,0.248866638,0.340199764,0.379559452,0.583546864,5
D079,O066,4,505,6.501816197,149,0.351209323,0.192455527,0.149427886,0.883050134,9
D079,O067,4,505,6.501816197,60,0.359928689,0.02076874,0.174232425,0.648987034,6
D079,O068,4,505,6.501816197,871,0.148525779,0.2389906,0.43126666,0.56330551,22
D079,O069,4,505,6.501816197,600,0.193256125,0.259153683,0.18565311,0.968309469,107
D079,O070,4,505,6.501816197,139,0.286307662,0.0275532,0.151186277,0.734969069,9
D079,O071,4,505,6.501816197,830,0.025772238,0.059916076,0.006124037,0.854259133,1
D079,O072,4,505,6.501816197,41,0.447028226,0.353970092,0.321029628,0.606201119,5
D079,O073,4,505,6.501816197,22,0.099783277,0.097826372,0.112559894,0.548583884,3
D079,O074,4,505,6.501816197,36,0.042568944,0.004280635,0.087293441,0.86728622,3
D079,O075,4,505,6.501816197,31,0.495260113,0.154710174,0.269857669,0.722353565,5
D079,O076,4,505,6.501816197,202,0.209924614,0.319442165,0.171734319,0.667816616,34
D079,O077,4,505,6.501816197,648,0.325153788,0.303515085,0.316930252,0.613107267,97
D079,O078,4,505,6.501816197,379,0.223960723,0.064878079,0.224272393,0.840645589,80
D079,O079,4,505,6.501816197,65,0.075519811,0.282963886,0.299403793,0.51375586,9
D079,O080,4,505,6.501816197,206,0.124478381,0.390952102,0.159201992,0.812430792,3
D079,O081,4,505,6.501816197,229,0.311863322,0.040757227,0.190953924,0.52059127,6
D079,O082,4,505,6.501816197,630,0.267185735,0.363424574,0.305398084,0.528725737,144
D079,O083,4,505,6.501816197,89,0.002629244,0.11891721,0.012340148,0.799263288,13
D079,O084,4,505,6.501816197,797,0.372992677,0.000386491,0.00152113,0.993396916,169
D079,O085,4,505,6.501816197,66,0.183976656,0.236269207,0.120756181,0.591017322,11
D079,O086,4,505,6.501816197,135,0.469888219,0.056365997,0.043821459,0.952586866,28
D079,O087,4,505,6.501816197,23,0.111840401,0.071296914,0.089679808,0.791166307,2
D079,O088,4,505,6.501816197,74,0.028069089,0.054085246,0.202673962,0.619616712,14
D079,O089,4,505,6.501816197,55,0.492105028,0.101006081,0.474810428,0.657444473,6
D079,O090,4,505,6.501816197,285,0.03434851,0.377557012,0.057284121,0.757204241,14
D079,O091,4,505,6.501816197,85,0.181583703,0.224320695,0.138841885,0.830164928,8
D079,O092,4,505,6.501816197,303,0.442706311,0.172267227,0.436491903,0.897895329,53
D079,O093,4,505,6.501816197,25,0.276275035,0.078153424,0.291384582,0.958605081,1
D079,O094,4,505,6.501816197,888,0.302089761,0.091469055,0.358945917,0.915650339,193
D079,O095,4,505,6.501816197,29,0.365502327,0.314203797,0.177999519,0.631365154,3
D079,O096,4,505,6.501816197,91,0.16170145,0.264353919,0.069555674,0.545005585,20
D080,O001,6,108,0.83511476,184,0.252173292,0.345006223,0.414518539,1.008029851,43
D080,O002,6,108,0.83511476,71,0.386957289,0.33590604,0.423756547,1.030814136,16
D080,O003,6,108,0.83511476,43,0.48531049,0.109844006,0.373132887,0.562934186,5
D080,O004,6,108,0.83511476,544,0.015441285,0.39993713,0.047767101,0.621494583,12
D080,O005,6,108,0.83511476,472,0.458927508,0.08115278,0.018055532,0.751825682,8
D080,O006,6,108,0.83511476,26,0.466438896,0.19990199,0.36047691,0.537345538,5
D080,O007,6,108,0.83511476,20,0.141130372,0.138764594,0.166622366,0.974703346,2
D080,O008,6,108,0.83511476,217,0.118365868,0.010264005,0.438577644,0.70421183,4
D080,O009,6,108,0.83511476,39,0.272204984,0.243100415,0.446678,0.893215891,1
D080,O010,6,108,0.83511476,78,0.42428609,0.04657399,0.47291634,0.886241643,6
D080,O011,6,108,0.83511476,163,0.257766277,0.230369452,0.067376828,1.041013094,24
D080,O012,6,108,0.83511476,121,0.018977159,0.042108472,0.106166432,0.634587855,7
D080,O013,6,108,0.83511476,38,0.13035544,0.200717694,0.465695355,0.90739434,4
D080,O014,6,108,0.83511476,505,0.055050564,0.385744929,0.323573274,0.956197221,126
D080,O015,6,108,0.83511476,369,0.403527677,0.186961283,0.029180542,1.016098144,88
D080,O016,6,108,0.83511476,990,0.188337728,0.211915952,0.403770273,0.683522338,99
D080,O017,6,108,0.83511476,47,0.235947901,0.205558573,0.450421949,0.98550411,1
D080,O018,6,108,0.83511476,128,0.201594351,0.132120615,0.2466657,1.015365814,15
D080,O019,6,108,0.83511476,24,0.431629638,0.254066717,0.253740338,0.934568431,1
D080,O020,6,108,0.83511476,113,0.348269976,0.095285863,0.409466489,0.990902637,28
D080,O021,6,108,0.83511476,35,0.407381528,0.191612689,0.078494355,0.726366674,4
D080,O022,6,108,0.83511476,193,0.265083523,0.114415056,0.48366938,0.770574624,6
D080,O023,6,108,0.83511476,410,0.214451437,0.12789836,0.094002538,0.876090399,34
D080,O024,6,108,0.83511476,109,0.107543079,0.370185632,0.33107989,0.763088384,2
D080,O025,6,108,0.83511476,53,0.129725034,0.023513439,0.022926164,0.647079336,9
D080,O026,6,108,0.83511476,104,0.335746812,0.309055962,0.214783733,0.866605062,9
D080,O027,6,108,0.83511476,120,0.173792118,0.275390581,0.115990185,0.594400816,1
D080,O028,6,108,0.83511476,315,0.161028291,0.149607497,0.243736481,0.836522744,76
D080,O029,6,108,0.83511476,744,0.31398409,0.144642217,0.380464816,1.001095973,47
D080,O030,6,108,0.83511476,96,0.291312931,0.178362873,0.260288981,0.712485371,21
D080,O031,6,108,0.83511476,61,0.375724597,0.298965989,0.344989603,1.023539068,2
D080,O032,6,108,0.83511476,449,0.47407037,0.293964396,0.333868972,0.526716923,86
D080,O033,6,108,0.83511476,28,0.356894295,0.285864598,0.280390934,0.572892371,5
D080,O034,6,108,0.83511476,172,0.339323194,0.106162856,0.193996227,0.976195745,28
D080,O035,6,108,0.83511476,173,0.041159595,0.256897351,0.341435098,0.936656262,22
D080,O036,6,108,0.83511476,83,0.318040863,0.288671609,0.125731933,0.510862581,11
D080,O037,6,108,0.83511476,232,0.083660283,0.374766445,0.463420281,0.901833982,16
D080,O038,6,108,0.83511476,765,0.137328547,0.153890662,0.395745604,0.824092212,73
D080,O039,6,108,0.83511476,48,0.232718262,0.17994217,0.033136716,0.784320075,1
D080,O040,6,108,0.83511476,585,0.392959459,0.39457393,0.498815231,0.847757244,30
D080,O041,6,108,0.83511476,49,0.297735298,0.268205888,0.212580592,0.765018393,7
D080,O042,6,108,0.83511476,533,0.049123846,0.273615249,0.271891148,0.775509181,28
D080,O043,6,108,0.83511476,936,0.154267686,0.332919895,0.389161836,0.694797352,211
D080,O044,6,108,0.83511476,721,0.432376139,0.324925408,0.144007894,0.742867678,148
D080,O045,6,108,0.83511476,692,0.331104768,0.086465045,0.220042135,0.679206917,59
D080,O046,6,108,0.83511476,402,0.241792287,0.134055119,0.264545347,1.045585484,81
D080,O047,6,108,0.83511476,32,0.457593053,0.357426009,0.365235909,0.729886159,4
D080,O048,6,108,0.83511476,45,0.221925977,0.348159922,0.204633474,0.792986797,8
D080,O049,6,108,0.83511476,33,0.068127718,0.327197905,0.351458552,0.638016666,6
D080,O050,6,108,0.83511476,322,0.206052109,0.123509785,0.230258857,0.710466564,78
D080,O051,6,108,0.83511476,264,0.415458501,0.161179135,0.311726789,0.922834621,12
D080,O052,6,108,0.83511476,249,0.293109713,0.381495942,0.29384703,0.500330142,30
D080,O053,6,108,0.83511476,251,0.008437374,0.219704544,0.077608614,0.857828126,11
D080,O054,6,108,0.83511476,70,0.483939677,0.225369653,0.039302168,0.574845385,11
D080,O055,6,108,0.83511476,143,0.09821222,0.163666817,0.285033773,0.601558378,17
D080,O056,6,108,0.83511476,345,0.064149611,0.031223606,0.23904777,0.691855779,21
D080,O057,6,108,0.83511476,100,0.400541493,0.216556949,0.487740957,1.038462113,22
D080,O058,6,108,0.83511476,22,0.090722232,0.036785238,0.101049312,0.663001423,4
D080,O059,6,108,0.83511476,486,0.079431167,0.248195591,0.397292534,0.804788767,76
D080,O060,6,108,0.83511476,273,0.451061182,0.170720182,0.061912147,0.815113055,50
D080,O061,6,108,0.83511476,27,0.381805437,0.01616482,0.491613692,0.675221612,4
D080,O062,6,108,0.83511476,442,0.418928223,0.359834489,0.417321395,0.554105019,34
D080,O063,6,108,0.83511476,159,0.167777479,0.069957712,0.130372357,0.943907134,38
D080,O064,6,108,0.83511476,358,0.061032209,0.305917985,0.455729849,0.927346891,71
D080,O065,6,108,0.83511476,56,0.248866638,0.340199764,0.379559452,0.583546864,5
D080,O066,6,108,0.83511476,149,0.351209323,0.192455527,0.149427886,0.883050134,9
D080,O067,6,108,0.83511476,60,0.359928689,0.02076874,0.174232425,0.648987034,6
D080,O068,6,108,0.83511476,871,0.148525779,0.2389906,0.43126666,0.56330551,22
D080,O069,6,108,0.83511476,600,0.193256125,0.259153683,0.18565311,0.968309469,107
D080,O070,6,108,0.83511476,139,0.286307662,0.0275532,0.151186277,0.734969069,9
D080,O071,6,108,0.83511476,830,0.025772238,0.059916076,0.006124037,0.854259133,1
D080,O072,6,108,0.83511476,41,0.447028226,0.353970092,0.321029628,0.606201119,5
D080,O073,6,108,0.83511476,22,0.099783277,0.097826372,0.112559894,0.548583884,3
D080,O074,6,108,0.83511476,36,0.042568944,0.004280635,0.087293441,0.86728622,3
D080,O075,6,108,0.83511476,31,0.495260113,0.154710174,0.269857669,0.722353565,5
D080,O076,6,108,0.83511476,202,0.209924614,0.319442165,0.171734319,0.667816616,34
D080,O077,6,108,0.83511476,648,0.325153788,0.303515085,0.316930252,0.613107267,97
D080,O078,6,108,0.83511476,379,0.223960723,0.064878079,0.224272393,0.840645589,80
D080,O079,6,108,0.83511476,65,0.075519811,0.282963886,0.299403793,0.51375586,9
D080,O080,6,108,0.83511476,206,0.124478381,0.390952102,0.159201992,0.812430792,3
D080,O081,6,108,0.83511476,229,0.311863322,0.040757227,0.190953924,0.52059127,6
D080,O082,6,108,0.83511476,630,0.267185735,0.363424574,0.305398084,0.528725737,144
D080,O083,6,108,0.83511476,89,0.002629244,0.11891721,0.012340148,0.799263288,13
D080,O084,6,108,0.83511476,797,0.372992677,0.000386491,0.00152113,0.993396916,169
D080,O085,6,108,0.83511476,66,0.183976656,0.236269207,0.120756181,0.591017322,11
D080,O086,6,108,0.83511476,135,0.469888219,0.056365997,0.043821459,0.952586866,28
D080,O087,6,108,0.83511476,23,0.111840401,0.071296914,0.089679808,0.791166307,2
D080,O088,6,108,0.83511476,74,0.028069089,0.054085246,0.202673962,0.619616712,14
D080,O089,6,108,0.83511476,55,0.492105028,0.101006081,0.474810428,0.657444473,6
D080,O090,6,108,0.83511476,285,0.03434851,0.377557012,0.057284121,0.757204241,14
D080,O091,6,108,0.83511476,85,0.181583703,0.224320695,0.138841885,0.830164928,8
D080,O092,6,108,0.83511476,303,0.442706311,0.172267227,0.436491903,0.897895329,53
D080,O093,6,108,0.83511476,25,0.276275035,0.078153424,0.291384582,0.958605081,1
D080,O094,6,108,0.83511476,888,0.302089761,0.091469055,0.358945917,0.915650339,193
D080,O095,6,108,0.83511476,29,0.365502327,0.314203797,0.177999519,0.631365154,3
D080,O096,6,108,0.83511476,91,0.16170145,0.264353919,0.069555674,0.545005585,20
D081,O001,6,342,3.186301733,184,0.252173292,0.345006223,0.414518539,1.008029851,43
D081,O002,6,342,3.186301733,71,0.386957289,0.33590604,0.423756547,1.030814136,16
D081,O003,6,342,3.186301733,43,0.48531049,0.109844006,0.373132887,0.562934186,5
D081,O004,6,342,3.186301733,544,0.015441285,0.39993713,0.047767101,0.621494583,12
D081,O005,6,342,3.186301733,472,0.458927508,0.08115278,0.018055532,0.751825682,8
D081,O006,6,342,3.186301733,26,0.466438896,0.19990199,0.36047691,0.537345538,5
D081,O007,6,342,3.186301733,20,0.141130372,0.138764594,0.166622366,0.974703346,2
D081,O008,6,342,3.186301733,217,0.118365868,0.010264005,0.438577644,0.70421183,4
D081,O009,6,342,3.186301733,39,0.272204984,0.243100415,0.446678,0.893215891,1
D081,O010,6,342,3.186301733,78,0.42428609,0.04657399,0.47291634,0.886241643,6
D081,O011,6,342,3.186301733,163,0.257766277,0.230369452,0.067376828,1.041013094,24
D081,O012,6,342,3.186301733,121,0.018977159,0.042108472,0.106166432,0.634587855,7
D081,O013,6,342,3.186301733,38,0.13035544,0.200717694,0.465695355,0.90739434,4
D081,O014,6,342,3.186301733,505,0.055050564,0.385744929,0.323573274,0.956197221,126
D081,O015,6,342,3.186301733,369,0.403527677,0.186961283,0.029180542,1.016098144,88
D081,O016,6,342,3.186301733,990,0.188337728,0.211915952,0.403770273,0.683522338,99
D081,O017,6,342,3.186301733,47,0.235947901,0.205558573,0.450421949,0.98550411,1
D081,O018,6,342,3.186301733,128,0.201594351,0.132120615,0.2466657,1.015365814,15
D081,O019,6,342,3.186301733,24,0.431629638,0.254066717,0.253740338,0.934568431,1
D081,O020,6,342,3.186301733,113,0.348269976,0.095285863,0.409466489,0.990902637,28
D081,O021,6,342,3.186301733,35,0.407381528,0.191612689,0.078494355,0.726366674,4
D081,O022,6,342,3.186301733,193,0.265083523,0.114415056,0.48366938,0.770574624,6
D081,O023,6,342,3.186301733,410,0.214451437,0.12789836,0.094002538,0.876090399,34
D081,O024,6,342,3.186301733,109,0.107543079,0.370185632,0.33107989,0.763088384,2
D081,O025,6,342,3.186301733,53,0.129725034,0.023513439,0.022926164,0.647079336,9
D081,O026,6,342,3.186301733,104,0.335746812,0.309055962,0.214783733,0.866605062,9
D081,O027,6,342,3.186301733,120,0.173792118,0.275390581,0.115990185,0.594400816,1
D081,O028,6,342,3.186301733,315,0.161028291,0.149607497,0.243736481,0.836522744,76
D081,O029,6,342,3.186301733,744,0.31398409,0.144642217,0.380464816,1.001095973,47
D081,O030,6,342,3.186301733,96,0.291312931,0.178362873,0.260288981,0.712485371,21
D081,O031,6,342,3.186301733,61,0.375724597,0.298965989,0.344989603,1.023539068,2
D081,O032,6,342,3.186301733,449,0.47407037,0.293964396,0.333868972,0.526716923,86
D081,O033,6,342,3.186301733,28,0.356894295,0.285864598,0.280390934,0.572892371,5
D081,O034,6,342,3.186301733,172,0.339323194,0.106162856,0.193996227,0.976195745,28
D081,O035,6,342,3.186301733,173,0.041159595,0.256897351,0.341435098,0.936656262,22
D081,O036,6,342,3.186301733,83,0.318040863,0.288671609,0.125731933,0.510862581,11
D081,O037,6,342,3.186301733,232,0.083660283,0.374766445,0.463420281,0.901833982,16
D081,O038,6,342,3.186301733,765,0.137328547,0.153890662,0.395745604,0.824092212,73
D081,O039,6,342,3.186301733,48,0.232718262,0.17994217,0.033136716,0.784320075,1
D081,O040,6,342,3.186301733,585,0.392959459,0.39457393,0.498815231,0.847757244,30
D081,O041,6,342,3.186301733,49,0.297735298,0.268205888,0.212580592,0.765018393,7
D081,O042,6,342,3.186301733,533,0.049123846,0.273615249,0.271891148,0.775509181,28
D081,O043,6,342,3.186301733,936,0.154267686,0.332919895,0.389161836,0.694797352,211
D081,O044,6,342,3.186301733,721,0.432376139,0.324925408,0.144007894,0.742867678,148
D081,O045,6,342,3.186301733,692,0.331104768,0.086465045,0.220042135,0.679206917,59
D081,O046,6,342,3.186301733,402,0.241792287,0.134055119,0.264545347,1.045585484,81
D081,O047,6,342,3.186301733,32,0.457593053,0.357426009,0.365235909,0.729886159,4
D081,O048,6,342,3.186301733,45,0.221925977,0.348159922,0.204633474,0.792986797,8
D081,O049,6,342,3.186301733,33,0.068127718,0.327197905,0.351458552,0.638016666,6
D081,O050,6,342,3.186301733,322,0.206052109,0.123509785,0.230258857,0.710466564,78
D081,O051,6,342,3.186301733,264,0.415458501,0.161179135,0.311726789,0.922834621,12
D081,O052,6,342,3.186301733,249,0.293109713,0.381495942,0.29384703,0.500330142,30
D081,O053,6,342,3.186301733,251,0.008437374,0.219704544,0.077608614,0.857828126,11
D081,O054,6,342,3.186301733,70,0.483939677,0.225369653,0.039302168,0.574845385,11
D081,O055,6,342,3.186301733,143,0.09821222,0.163666817,0.285033773,0.601558378,17
D081,O056,6,342,3.186301733,345,0.064149611,0.031223606,0.23904777,0.691855779,21
D081,O057,6,342,3.186301733,100,0.400541493,0.216556949,0.487740957,1.038462113,22
D081,O058,6,342,3.186301733,22,0.090722232,0.036785238,0.101049312,0.663001423,4
D081,O059,6,342,3.186301733,486,0.079431167,0.248195591,0.397292534,0.804788767,76
D081,O060,6,342,3.186301733,273,0.451061182,0.170720182,0.061912147,0.815113055,50
D081,O061,6,342,3.186301733,27,0.381805437,0.01616482,0.491613692,0.675221612,4
D081,O062,6,342,3.186301733,442,0.418928223,0.359834489,0.417321395,0.554105019,34
D081,O063,6,342,3.186301733,159,0.167777479,0.069957712,0.130372357,0.943907134,38
D081,O064,6,342,3.186301733,358,0.061032209,0.305917985,0.455729849,0.927346891,71
D081,O065,6,342,3.186301733,56,0.248866638,0.340199764,0.379559452,0.583546864,5
D081,O066,6,342,3.186301733,149,0.351209323,0.192455527,0.149427886,0.883050134,9
D081,O067,6,342,3.186301733,60,0.359928689,0.02076874,0.174232425,0.648987034,6
D081,O068,6,342,3.186301733,871,0.148525779,0.2389906,0.43126666,0.56330551,22
D081,O069,6,342,3.186301733,600,0.193256125,0.259153683,0.18565311,0.968309469,107
D081,O070,6,342,3.186301733,139,0.286307662,0.0275532,0.151186277,0.734969069,9
D081,O071,6,342,3.186301733,830,0.025772238,0.059916076,0.006124037,0.854259133,1
D081,O072,6,342,3.186301733,41,0.447028226,0.353970092,0.321029628,0.606201119,5
D081,O073,6,342,3.186301733,22,0.099783277,0.097826372,0.112559894,0.548583884,3
D081,O074,6,342,3.186301733,36,0.042568944,0.004280635,0.087293441,0.86728622,3
D081,O075,6,342,3.186301733,31,0.495260113,0.154710174,0.269857669,0.722353565,5
D081,O076,6,342,3.186301733,202,0.209924614,0.319442165,0.171734319,0.667816616,34
D081,O077,6,342,3.186301733,648,0.325153788,0.303515085,0.316930252,0.613107267,97
D081,O078,6,342,3.186301733,379,0.223960723,0.064878079,0.224272393,0.840645589,80
D081,O079,6,342,3.186301733,65,0.075519811,0.282963886,0.299403793,0.51375586,9
D081,O080,6,342,3.186301733,206,0.124478381,0.390952102,0.159201992,0.812430792,3
D081,O081,6,342,3.186301733,229,0.311863322,0.040757227,0.190953924,0.52059127,6
D081,O082,6,342,3.186301733,630,0.267185735,0.363424574,0.305398084,0.528725737,144
D081,O083,6,342,3.186301733,89,0.002629244,0.11891721,0.012340148,0.799263288,13
D081,O084,6,342,3.186301733,797,0.372992677,0.000386491,0.00152113,0.993396916,169
D081,O085,6,342,3.186301733,66,0.183976656,0.236269207,0.120756181,0.591017322,11
D081,O086,6,342,3.186301733,135,0.469888219,0.056365997,0.043821459,0.952586866,28
D081,O087,6,342,3.186301733,23,0.111840401,0.071296914,0.089679808,0.791166307,2
D081,O088,6,342,3.186301733,74,0.028069089,0.054085246,0.202673962,0.619616712,14
D081,O089,6,342,3.186301733,55,0.492105028,0.101006081,0.474810428,0.657444473,6
D081,O090,6,342,3.186301733,285,0.03434851,0.377557012,0.057284121,0.757204241,14
D081,O091,6,342,3.186301733,85,0.181583703,0.224320695,0.138841885,0.830164928,8
D081,O092,6,342,3.186301733,303,0.442706311,0.172267227,0.436491903,0.897895329,53
D081,O093,6,342,3.186301733,25,0.276275035,0.078153424,0.291384582,0.958605081,1
D081,O094,6,342,3.186301733,888,0.302089761,0.091469055,0.358945917,0.915650339,193
D081,O095,6,342,3.186301733,29,0.365502327,0.314203797,0.177999519,0.631365154,3
D081,O096,6,342,3.186301733,91,0.16170145,0.264353919,0.069555674,0.545005585,20
D082,O001,1,199,0.575265255,184,0.252173292,0.345006223,0.414518539,1.008029851,43
D082,O002,1,199,0.575265255,71,0.386957289,0.33590604,0.423756547,1.030814136,16
D082,O003,1,199,0.575265255,43,0.48531049,0.109844006,0.373132887,0.562934186,5
D082,O004,1,199,0.575265255,544,0.015441285,0.39993713,0.047767101,0.621494583,12
D082,O005,1,199,0.575265255,472,0.458927508,0.08115278,0.018055532,0.751825682,8
D082,O006,1,199,0.575265255,26,0.466438896,0.19990199,0.36047691,0.537345538,5
D082,O007,1,199,0.575265255,20,0.141130372,0.138764594,0.166622366,0.974703346,2
D082,O008,1,199,0.575265255,217,0.118365868,0.010264005,0.438577644,0.70421183,4
D082,O009,1,199,0.575265255,39,0.272204984,0.243100415,0.446678,0.893215891,1
D082,O010,1,199,0.575265255,78,0.42428609,0.04657399,0.47291634,0.886241643,6
D082,O011,1,199,0.575265255,163,0.257766277,0.230369452,0.067376828,1.041013094,24
D082,O012,1,199,0.575265255,121,0.018977159,0.042108472,0.106166432,0.634587855,7
D082,O013,1,199,0.575265255,38,0.13035544,0.200717694,0.465695355,0.90739434,4
D082,O014,1,199,0.575265255,505,0.055050564,0.385744929,0.323573274,0.956197221,126
D082,O015,1,199,0.575265255,369,0.403527677,0.186961283,0.029180542,1.016098144,88
D082,O016,1,199,0.575265255,990,0.188337728,0.211915952,0.403770273,0.683522338,99
D082,O017,1,199,0.575265255,47,0.235947901,0.205558573,0.450421949,0.98550411,1
D082,O018,1,199,0.575265255,128,0.201594351,0.132120615,0.2466657,1.015365814,15
D082,O019,1,199,0.575265255,24,0.431629638,0.254066717,0.253740338,0.934568431,1
D082,O020,1,199,0.575265255,113,0.348269976,0.095285863,0.409466489,0.990902637,28
D082,O021,1,199,0.575265255,35,0.407381528,0.191612689,0.078494355,0.726366674,4
D082,O022,1,199,0.575265255,193,0.265083523,0.114415056,0.48366938,0.770574624,6
D082,O023,1,199,0.575265255,410,0.214451437,0.12789836,0.094002538,0.876090399,34
D082,O024,1,199,0.575265255,109,0.107543079,0.370185632,0.33107989,0.763088384,2
D082,O025,1,199,0.575265255,53,0.129725034,0.023513439,0.022926164,0.647079336,9
D082,O026,1,199,0.575265255,104,0.335746812,0.309055962,0.214783733,0.866605062,9
D082,O027,1,199,0.575265255,120,0.173792118,0.275390581,0.115990185,0.594400816,1
D082,O028,1,199,0.575265255,315,0.161028291,0.149607497,0.243736481,0.836522744,76
D082,O029,1,199,0.575265255,744,0.31398409,0.144642217,0.380464816,1.001095973,47
D082,O030,1,199,0.575265255,96,0.291312931,0.178362873,0.260288981,0.712485371,21
D082,O031,1,199,0.575265255,61,0.375724597,0.298965989,0.344989603,1.023539068,2
D082,O032,1,199,0.575265255,449,0.47407037,0.293964396,0.333868972,0.526716923,86
D082,O033,1,199,0.575265255,28,0.356894295,0.285864598,0.280390934,0.572892371,5
D082,O034,1,199,0.575265255,172,0.339323194,0.106162856,0.193996227,0.976195745,28
D082,O035,1,199,0.575265255,173,0.041159595,0.256897351,0.341435098,0.936656262,22
D082,O036,1,199,0.575265255,83,0.318040863,0.288671609,0.125731933,0.510862581,11
D082,O037,1,199,0.575265255,232,0.083660283,0.374766445,0.463420281,0.901833982,16
D082,O038,1,199,0.575265255,765,0.137328547,0.153890662,0.395745604,0.824092212,73
D082,O039,1,199,0.575265255,48,0.232718262,0.17994217,0.033136716,0.784320075,1
D082,O040,1,199,0.575265255,585,0.392959459,0.39457393,0.498815231,0.847757244,30
D082,O041,1,199,0.575265255,49,0.297735298,0.268205888,0.212580592,0.765018393,7
D082,O042,1,199,0.575265255,533,0.049123846,0.273615249,0.271891148,0.775509181,28
D082,O043,1,199,0.575265255,936,0.154267686,0.332919895,0.389161836,0.694797352,211
D082,O044,1,199,0.575265255,721,0.432376139,0.324925408,0.144007894,0.742867678,148
D082,O045,1,199,0.575265255,692,0.331104768,0.086465045,0.220042135,0.679206917,59
D082,O046,1,199,0.575265255,402,0.241792287,0.134055119,0.264545347,1.045585484,81
D082,O047,1,199,0.575265255,32,0.457593053,0.357426009,0.365235909,0.729886159,4
D082,O048,1,199,0.575265255,45,0.221925977,0.348159922,0.204633474,0.792986797,8
D082,O049,1,199,0.575265255,33,0.068127718,0.327197905,0.351458552,0.638016666,6
D082,O050,1,199,0.575265255,322,0.206052109,0.123509785,0.230258857,0.710466564,78
D082,O051,1,199,0.575265255,264,0.415458501,0.161179135,0.311726789,0.922834621,12
D082,O052,1,199,0.575265255,249,0.293109713,0.381495942,0.29384703,0.500330142,30
D082,O053,1,199,0.575265255,251,0.008437374,0.219704544,0.077608614,0.857828126,11
D082,O054,1,199,0.575265255,70,0.483939677,0.225369653,0.039302168,0.574845385,11
D082,O055,1,199,0.575265255,143,0.09821222,0.163666817,0.285033773,0.601558378,17
D082,O056,1,199,0.575265255,345,0.064149611,0.031223606,0.23904777,0.691855779,21
D082,O057,1,199,0.575265255,100,0.400541493,0.216556949,0.487740957,1.038462113,22
D082,O058,1,199,0.575265255,22,0.090722232,0.036785238,0.101049312,0.663001423,4
D082,O059,1,199,0.575265255,486,0.079431167,0.248195591,0.397292534,0.804788767,76
D082,O060,1,199,0.575265255,273,0.451061182,0.170720182,0.061912147,0.815113055,50
D082,O061,1,199,0.575265255,27,0.381805437,0.01616482,0.491613692,0.675221612,4
D082,O062,1,199,0.575265255,442,0.418928223,0.359834489,0.417321395,0.554105019,34
D082,O063,1,199,0.575265255,159,0.167777479,0.069957712,0.130372357,0.943907134,38
D082,O064,1,199,0.575265255,358,0.061032209,0.305917985,0.455729849,0.927346891,71
D082,O065,1,199,0.575265255,56,0.248866638,0.340199764,0.379559452,0.583546864,5
D082,O066,1,199,0.575265255,149,0.351209323,0.192455527,0.149427886,0.883050134,9
D082,O067,1,199,0.575265255,60,0.359928689,0.02076874,0.174232425,0.648987034,6
D082,O068,1,199,0.575265255,871,0.148525779,0.2389906,0.43126666,0.56330551,22
D082,O069,1,199,0.575265255,600,0.193256125,0.259153683,0.18565311,0.968309469,107
D082,O070,1,199,0.575265255,139,0.286307662,0.0275532,0.151186277,0.734969069,9
D082,O071,1,199,0.575265255,830,0.025772238,0.059916076,0.006124037,0.854259133,1
D082,O072,1,199,0.575265255,41,0.447028226,0.353970092,0.321029628,0.606201119,5
D082,O073,1,199,0.575265255,22,0.099783277,0.097826372,0.112559894,0.548583884,3
D082,O074,1,199,0.575265255,36,0.042568944,0.004280635,0.087293441,0.86728622,3
D082,O075,1,199,0.575265255,31,0.495260113,0.154710174,0.269857669,0.722353565,5
D082,O076,1,199,0.575265255,202,0.209924614,0.319442165,0.171734319,0.667816616,34
D082,O077,1,199,0.575265255,648,0.325153788,0.303515085,0.316930252,0.613107267,97
D082,O078,1,199,0.575265255,379,0.223960723,0.064878079,0.224272393,0.840645589,80
D082,O079,1,199,0.575265255,65,0.075519811,0.282963886,0.299403793,0.51375586,9
D082,O080,1,199,0.575265255,206,0.124478381,0.390952102,0.159201992,0.812430792,3
D082,O081,1,199,0.575265255,229,0.311863322,0.040757227,0.190953924,0.52059127,6
D082,O082,1,199,0.575265255,630,0.267185735,0.363424574,0.305398084,0.528725737,144
D082,O083,1,199,0.575265255,89,0.002629244,0.11891721,0.012340148,0.799263288,13
D082,O084,1,199,0.575265255,797,0.372992677,0.000386491,0.00152113,0.993396916,169
D082,O085,1,199,0.575265255,66,0.183976656,0.236269207,0.120756181,0.591017322,11
D082,O086,1,199,0.575265255,135,0.469888219,0.056365997,0.043821459,0.952586866,28
D082,O087,1,199,0.575265255,23,0.111840401,0.071296914,0.089679808,0.791166307,2
D082,O088,1,199,0.575265255,74,0.028069089,0.054085246,0.202673962,0.619616712,14
D082,O089,1,199,0.575265255,55,0.492105028,0.101006081,0.474810428,0.657444473,6
D082,O090,1,199,0.575265255,285,0.03434851,0.377557012,0.057284121,0.757204241,14
D082,O091,1,199,0.575265255,85,0.181583703,0.224320695,0.138841885,0.830164928,8
D082,O092,1,199,0.575265255,303,0.442706311,0.172267227,0.436491903,0.897895329,53
D082,O093,1,199,0.575265255,25,0.276275035,0.078153424,0.291384582,0.958605081,1
D082,O094,1,199,0.575265255,888,0.302089761,0.091469055,0.358945917,0.915650339,193
D082,O095,1,199,0.575265255,29,0.365502327,0.314203797,0.177999519,0.631365154,3
D082,O096,1,199,0.575265255,91,0.16170145,0.264353919,0.069555674,0.545005585,20
D083,O001,1,318,0.283282758,184,0.252173292,0.345006223,0.414518539,1.008029851,43
D083,O002,1,318,0.283282758,71,0.386957289,0.33590604,0.423756547,1.030814136,16
D083,O003,1,318,0.283282758,43,0.48531049,0.109844006,0.373132887,0.562934186,5
D083,O004,1,318,0.283282758,544,0.015441285,0.39993713,0.047767101,0.621494583,12
D083,O005,1,318,0.283282758,472,0.458927508,0.08115278,0.018055532,0.751825682,8
D083,O006,1,318,0.283282758,26,0.466438896,0.19990199,0.36047691,0.537345538,5
D083,O007,1,318,0.283282758,20,0.141130372,0.138764594,0.166622366,0.974703346,2
D083,O008,1,318,0.283282758,217,0.118365868,0.010264005,0.438577644,0.70421183,4
D083,O009,1,318,0.283282758,39,0.272204984,0.243100415,0.446678,0.893215891,1
D083,O010,1,318,0.283282758,78,0.42428609,0.04657399,0.47291634,0.886241643,6
D083,O011,1,318,0.283282758,163,0.257766277,0.230369452,0.067376828,1.041013094,24
D083,O012,1,318,0.283282758,121,0.018977159,0.042108472,0.106166432,0.634587855,7
D083,O013,1,318,0.283282758,38,0.13035544,0.200717694,0.465695355,0.90739434,4
D083,O014,1,318,0.283282758,505,0.055050564,0.385744929,0.323573274,0.956197221,126
D083,O015,1,318,0.283282758,369,0.403527677,0.186961283,0.029180542,1.016098144,88
D083,O016,1,318,0.283282758,990,0.188337728,0.211915952,0.403770273,0.683522338,99
D083,O017,1,318,0.283282758,47,0.235947901,0.205558573,0.450421949,0.98550411,1
D083,O018,1,318,0.283282758,128,0.201594351,0.132120615,0.2466657,1.015365814,15
D083,O019,1,318,0.283282758,24,0.431629638,0.254066717,0.253740338,0.934568431,1
D083,O020,1,318,0.283282758,113,0.348269976,0.095285863,0.409466489,0.990902637,28
D083,O021,1,318,0.283282758,35,0.407381528,0.191612689,0.078494355,0.726366674,4
D083,O022,1,318,0.283282758,193,0.265083523,0.114415056,0.48366938,0.770574624,6
D083,O023,1,318,0.283282758,410,0.214451437,0.12789836,0.094002538,0.876090399,34
D083,O024,1,318,0.283282758,109,0.107543079,0.370185632,0.33107989,0.763088384,2
D083,O025,1,318,0.283282758,53,0.129725034,0.023513439,0.022926164,0.647079336,9
D083,O026,1,318,0.283282758,104,0.335746812,0.309055962,0.214783733,0.866605062,9
D083,O027,1,318,0.283282758,120,0.173792118,0.275390581,0.115990185,0.594400816,1
D083,O028,1,318,0.283282758,315,0.161028291,0.149607497,0.243736481,0.836522744,76
D083,O029,1,318,0.283282758,744,0.31398409,0.144642217,0.380464816,1.001095973,47
D083,O030,1,318,0.283282758,96,0.291312931,0.178362873,0.260288981,0.712485371,21
D083,O031,1,318,0.283282758,61,0.375724597,0.298965989,0.344989603,1.023539068,2
D083,O032,1,318,0.283282758,449,0.47407037,0.293964396,0.333868972,0.526716923,86
D083,O033,1,318,0.283282758,28,0.356894295,0.285864598,0.280390934,0.572892371,5
D083,O034,1,318,0.283282758,172,0.339323194,0.106162856,0.193996227,0.976195745,28
D083,O035,1,318,0.283282758,173,0.041159595,0.256897351,0.341435098,0.936656262,22
D083,O036,1,318,0.283282758,83,0.318040863,0.288671609,0.125731933,0.510862581,11
D083,O037,1,318,0.283282758,232,0.083660283,0.374766445,0.463420281,0.901833982,16
D083,O038,1,318,0.283282758,765,0.137328547,0.153890662,0.395745604,0.824092212,73
D083,O039,1,318,0.283282758,48,0.232718262,0.17994217,0.033136716,0.784320075,1
D083,O040,1,318,0.283282758,585,0.392959459,0.39457393,0.498815231,0.847757244,30
D083,O041,1,318,0.283282758,49,0.297735298,0.268205888,0.212580592,0.765018393,7
D083,O042,1,318,0.283282758,533,0.049123846,0.273615249,0.271891148,0.775509181,28
D083,O043,1,318,0.283282758,936,0.154267686,0.332919895,0.389161836,0.694797352,211
D083,O044,1,318,0.283282758,721,0.432376139,0.324925408,0.144007894,0.742867678,148
D083,O045,1,318,0.283282758,692,0.331104768,0.086465045,0.220042135,0.679206917,59
D083,O046,1,318,0.283282758,402,0.241792287,0.134055119,0.264545347,1.045585484,81
D083,O047,1,318,0.283282758,32,0.457593053,0.357426009,0.365235909,0.729886159,4
D083,O048,1,318,0.283282758,45,0.221925977,0.348159922,0.204633474,0.792986797,8
D083,O049,1,318,0.283282758,33,0.068127718,0.327197905,0.351458552,0.638016666,6
D083,O050,1,318,0.283282758,322,0.206052109,0.123509785,0.230258857,0.710466564,78
D083,O051,1,318,0.283282758,264,0.415458501,0.161179135,0.311726789,0.922834621,12
D083,O052,1,318,0.283282758,249,0.293109713,0.381495942,0.29384703,0.500330142,30
D083,O053,1,318,0.283282758,251,0.008437374,0.219704544,0.077608614,0.857828126,11
D083,O054,1,318,0.283282758,70,0.483939677,0.225369653,0.039302168,0.574845385,11
D083,O055,1,318,0.283282758,143,0.09821222,0.163666817,0.285033773,0.601558378,17
D083,O056,1,318,0.283282758,345,0.064149611,0.031223606,0.23904777,0.691855779,21
D083,O057,1,318,0.283282758,100,0.400541493,0.216556949,0.487740957,1.038462113,22
D083,O058,1,318,0.283282758,22,0.090722232,0.036785238,0.101049312,0.663001423,4
D083,O059,1,318,0.283282758,486,0.079431167,0.248195591,0.397292534,0.804788767,76
D083,O060,1,318,0.283282758,273,0.451061182,0.170720182,0.061912147,0.815113055,50
D083,O061,1,318,0.283282758,27,0.381805437,0.01616482,0.491613692,0.675221612,4
D083,O062,1,318,0.283282758,442,0.418928223,0.359834489,0.417321395,0.554105019,34
D083,O063,1,318,0.283282758,159,0.167777479,0.069957712,0.130372357,0.943907134,38
D083,O064,1,318,0.283282758,358,0.061032209,0.305917985,0.455729849,0.927346891,71
D083,O065,1,318,0.283282758,56,0.248866638,0.340199764,0.379559452,0.583546864,5
D083,O066,1,318,0.283282758,149,0.351209323,0.192455527,0.149427886,0.883050134,9
D083,O067,1,318,0.283282758,60,0.359928689,0.02076874,0.174232425,0.648987034,6
D083,O068,1,318,0.283282758,871,0.148525779,0.2389906,0.43126666,0.56330551,22
D083,O069,1,318,0.283282758,600,0.193256125,0.259153683,0.18565311,0.968309469,107
D083,O070,1,318,0.283282758,139,0.286307662,0.0275532,0.151186277,0.734969069,9
D083,O071,1,318,0.283282758,830,0.025772238,0.059916076,0.006124037,0.854259133,1
D083,O072,1,318,0.283282758,41,0.447028226,0.353970092,0.321029628,0.606201119,5
D083,O073,1,318,0.283282758,22,0.099783277,0.097826372,0.112559894,0.548583884,3
D083,O074,1,318,0.283282758,36,0.042568944,0.004280635,0.087293441,0.86728622,3
D083,O075,1,318,0.283282758,31,0.495260113,0.154710174,0.269857669,0.722353565,5
D083,O076,1,318,0.283282758,202,0.209924614,0.319442165,0.171734319,0.667816616,34
D083,O077,1,318,0.283282758,648,0.325153788,0.303515085,0.316930252,0.613107267,97
D083,O078,1,318,0.283282758,379,0.223960723,0.064878079,0.224272393,0.840645589,80
D083,O079,1,318,0.283282758,65,0.075519811,0.282963886,0.299403793,0.51375586,9
D083,O080,1,318,0.283282758,206,0.124478381,0.390952102,0.159201992,0.812430792,3
D083,O081,1,318,0.283282758,229,0.311863322,0.040757227,0.190953924,0.52059127,6
D083,O082,1,318,0.283282758,630,0.267185735,0.363424574,0.305398084,0.528725737,144
D083,O083,1,318,0.283282758,89,0.002629244,0.11891721,0.012340148,0.799263288,13
D083,O084,1,318,0.283282758,797,0.372992677,0.000386491,0.00152113,0.993396916,169
D083,O085,1,318,0.283282758,66,0.183976656,0.236269207,0.120756181,0.591017322,11
D083,O086,1,318,0.283282758,135,0.469888219,0.056365997,0.043821459,0.952586866,28
D083,O087,1,318,0.283282758,23,0.111840401,0.071296914,0.089679808,0.791166307,2
D083,O088,1,318,0.283282758,74,0.028069089,0.054085246,0.202673962,0.619616712,14
D083,O089,1,318,0.283282758,55,0.492105028,0.101006081,0.474810428,0.657444473,6
D083,O090,1,318,0.283282758,285,0.03434851,0.377557012,0.057284121,0.757204241,14
D083,O091,1,318,0.283282758,85,0.181583703,0.224320695,0.138841885,0.830164928,8
D083,O092,1,318,0.283282758,303,0.442706311,0.172267227,0.436491903,0.897895329,53
D083,O093,1,318,0.283282758,25,0.276275035,0.078153424,0.291384582,0.958605081,1
D083,O094,1,318,0.283282758,888,0.302089761,0.091469055,0.358945917,0.915650339,193
D083,O095,1,318,0.283282758,29,0.365502327,0.314203797,0.177999519,0.631365154,3
D083,O096,1,318,0.283282758,91,0.16170145,0.264353919,0.069555674,0.545005585,20
D084,O001,5,417,1.070664925,184,0.252173292,0.345006223,0.414518539,1.008029851,43
D084,O002,5,417,1.070664925,71,0.386957289,0.33590604,0.423756547,1.030814136,16
D084,O003,5,417,1.070664925,43,0.48531049,0.109844006,0.373132887,0.562934186,5
D084,O004,5,417,1.070664925,544,0.015441285,0.39993713,0.047767101,0.621494583,12
D084,O005,5,417,1.070664925,472,0.458927508,0.08115278,0.018055532,0.751825682,8
D084,O006,5,417,1.070664925,26,0.466438896,0.19990199,0.36047691,0.537345538,5
D084,O007,5,417,1.070664925,20,0.141130372,0.138764594,0.166622366,0.974703346,2
D084,O008,5,417,1.070664925,217,0.118365868,0.010264005,0.438577644,0.70421183,4
D084,O009,5,417,1.070664925,39,0.272204984,0.243100415,0.446678,0.893215891,1
D084,O010,5,417,1.070664925,78,0.42428609,0.04657399,0.47291634,0.886241643,6
D084,O011,5,417,1.070664925,163,0.257766277,0.230369452,0.067376828,1.041013094,24
D084,O012,5,417,1.070664925,121,0.018977159,0.042108472,0.106166432,0.634587855,7
D084,O013,5,417,1.070664925,38,0.13035544,0.200717694,0.465695355,0.90739434,4
D084,O014,5,417,1.070664925,505,0.055050564,0.385744929,0.323573274,0.956197221,126
D084,O015,5,417,1.070664925,369,0.403527677,0.186961283,0.029180542,1.016098144,88
D084,O016,5,417,1.070664925,990,0.188337728,0.211915952,0.403770273,0.683522338,99
D084,O017,5,417,1.070664925,47,0.235947901,0.205558573,0.450421949,0.98550411,1
D084,O018,5,417,1.070664925,128,0.201594351,0.132120615,0.2466657,1.015365814,15
D084,O019,5,417,1.070664925,24,0.431629638,0.254066717,0.253740338,0.934568431,1
D084,O020,5,417,1.070664925,113,0.348269976,0.095285863,0.409466489,0.990902637,28
D084,O021,5,417,1.070664925,35,0.407381528,0.191612689,0.078494355,0.726366674,4
D084,O022,5,417,1.070664925,193,0.265083523,0.114415056,0.48366938,0.770574624,6
D084,O023,5,417,1.070664925,410,0.214451437,0.12789836,0.094002538,0.876090399,34
D084,O024,5,417,1.070664925,109,0.107543079,0.370185632,0.33107989,0.763088384,2
D084,O025,5,417,1.070664925,53,0.129725034,0.023513439,0.022926164,0.647079336,9
D084,O026,5,417,1.070664925,104,0.335746812,0.309055962,0.214783733,0.866605062,9
D084,O027,5,417,1.070664925,120,0.173792118,0.275390581,0.115990185,0.594400816,1
D084,O028,5,417,1.070664925,315,0.161028291,0.149607497,0.243736481,0.836522744,76
D084,O029,5,417,1.070664925,744,0.31398409,0.144642217,0.380464816,1.001095973,47
D084,O030,5,417,1.070664925,96,0.291312931,0.178362873,0.260288981,0.712485371,21
D084,O031,5,417,1.070664925,61,0.375724597,0.298965989,0.344989603,1.023539068,2
D084,O032,5,417,1.070664925,449,0.47407037,0.293964396,0.333868972,0.526716923,86
D084,O033,5,417,1.070664925,28,0.356894295,0.285864598,0.280390934,0.572892371,5
D084,O034,5,417,1.070664925,172,0.339323194,0.106162856,0.193996227,0.976195745,28
D084,O035,5,417,1.070664925,173,0.041159595,0.256897351,0.341435098,0.936656262,22
D084,O036,5,417,1.070664925,83,0.318040863,0.288671609,0.125731933,0.510862581,11
D084,O037,5,417,1.070664925,232,0.083660283,0.374766445,0.463420281,0.901833982,16
D084,O038,5,417,1.070664925,765,0.137328547,0.153890662,0.395745604,0.824092212,73
D084,O039,5,417,1.070664925,48,0.232718262,0.17994217,0.033136716,0.784320075,1
D084,O040,5,417,1.070664925,585,0.392959459,0.39457393,0.498815231,0.847757244,30
D084,O041,5,417,1.070664925,49,0.297735298,0.268205888,0.212580592,0.765018393,7
D084,O042,5,417,1.070664925,533,0.049123846,0.273615249,0.271891148,0.775509181,28
D084,O043,5,417,1.070664925,936,0.154267686,0.332919895,0.389161836,0.694797352,211
D084,O044,5,417,1.070664925,721,0.432376139,0.324925408,0.144007894,0.742867678,148
D084,O045,5,417,1.070664925,692,0.331104768,0.086465045,0.220042135,0.679206917,59
D084,O046,5,417,1.070664925,402,0.241792287,0.134055119,0.264545347,1.045585484,81
D084,O047,5,417,1.070664925,32,0.457593053,0.357426009,0.365235909,0.729886159,4
D084,O048,5,417,1.070664925,45,0.221925977,0.348159922,0.204633474,0.792986797,8
D084,O049,5,417,1.070664925,33,0.068127718,0.327197905,0.351458552,0.638016666,6
D084,O050,5,417,1.070664925,322,0.206052109,0.123509785,0.230258857,0.710466564,78
D084,O051,5,417,1.070664925,264,0.415458501,0.161179135,0.311726789,0.922834621,12
D084,O052,5,417,1.070664925,249,0.293109713,0.381495942,0.29384703,0.500330142,30
D084,O053,5,417,1.070664925,251,0.008437374,0.219704544,0.077608614,0.857828126,11
D084,O054,5,417,1.070664925,70,0.483939677,0.225369653,0.039302168,0.574845385,11
D084,O055,5,417,1.070664925,143,0.09821222,0.163666817,0.285033773,0.601558378,17
D084,O056,5,417,1.070664925,345,0.064149611,0.031223606,0.23904777,0.691855779,21
D084,O057,5,417,1.070664925,100,0.400541493,0.216556949,0.487740957,1.038462113,22
D084,O058,5,417,1.070664925,22,0.090722232,0.036785238,0.101049312,0.663001423,4
D084,O059,5,417,1.070664925,486,0.079431167,0.248195591,0.397292534,0.804788767,76
D084,O060,5,417,1.070664925,273,0.451061182,0.170720182,0.061912147,0.815113055,50
D084,O061,5,417,1.070664925,27,0.381805437,0.01616482,0.491613692,0.675221612,4
D084,O062,5,417,1.070664925,442,0.418928223,0.359834489,0.417321395,0.554105019,34
D084,O063,5,417,1.070664925,159,0.167777479,0.069957712,0.130372357,0.943907134,38
D084,O064,5,417,1.070664925,358,0.061032209,0.305917985,0.455729849,0.927346891,71
D084,O065,5,417,1.070664925,56,0.248866638,0.340199764,0.379559452,0.583546864,5
D084,O066,5,417,1.070664925,149,0.351209323,0.192455527,0.149427886,0.883050134,9
D084,O067,5,417,1.070664925,60,0.359928689,0.02076874,0.174232425,0.648987034,6
D084,O068,5,417,1.070664925,871,0.148525779,0.2389906,0.43126666,0.56330551,22
D084,O069,5,417,1.070664925,600,0.193256125,0.259153683,0.18565311,0.968309469,107
D084,O070,5,417,1.070664925,139,0.286307662,0.0275532,0.151186277,0.734969069,9
D084,O071,5,417,1.070664925,830,0.025772238,0.059916076,0.006124037,0.854259133,1
D084,O072,5,417,1.070664925,41,0.447028226,0.353970092,0.321029628,0.606201119,5
D084,O073,5,417,1.070664925,22,0.099783277,0.097826372,0.112559894,0.548583884,3
D084,O074,5,417,1.070664925,36,0.042568944,0.004280635,0.087293441,0.86728622,3
D084,O075,5,417,1.070664925,31,0.495260113,0.154710174,0.269857669,0.722353565,5
D084,O076,5,417,1.070664925,202,0.209924614,0.319442165,0.171734319,0.667816616,34
D084,O077,5,417,1.070664925,648,0.325153788,0.303515085,0.316930252,0.613107267,97
D084,O078,5,417,1.070664925,379,0.223960723,0.064878079,0.224272393,0.840645589,80
D084,O079,5,417,1.070664925,65,0.075519811,0.282963886,0.299403793,0.51375586,9
D084,O080,5,417,1.070664925,206,0.124478381,0.390952102,0.159201992,0.812430792,3
D084,O081,5,417,1.070664925,229,0.311863322,0.040757227,0.190953924,0.52059127,6
D084,O082,5,417,1.070664925,630,0.267185735,0.363424574,0.305398084,0.528725737,144
D084,O083,5,417,1.070664925,89,0.002629244,0.11891721,0.012340148,0.799263288,13
D084,O084,5,417,1.070664925,797,0.372992677,0.000386491,0.00152113,0.993396916,169
D084,O085,5,417,1.070664925,66,0.183976656,0.236269207,0.120756181,0.591017322,11
D084,O086,5,417,1.070664925,135,0.469888219,0.056365997,0.043821459,0.952586866,28
D084,O087,5,417,1.070664925,23,0.111840401,0.071296914,0.089679808,0.791166307,2
D084,O088,5,417,1.070664925,74,0.028069089,0.054085246,0.202673962,0.619616712,14
D084,O089,5,417,1.070664925,55,0.492105028,0.101006081,0.474810428,0.657444473,6
D084,O090,5,417,1.070664925,285,0.03434851,0.377557012,0.057284121,0.757204241,14
D084,O091,5,417,1.070664925,85,0.181583703,0.224320695,0.138841885,0.830164928,8
D084,O092,5,417,1.070664925,303,0.442706311,0.172267227,0.436491903,0.897895329,53
D084,O093,5,417,1.070664925,25,0.276275035,0.078153424,0.291384582,0.958605081,1
D084,O094,5,417,1.070664925,888,0.302089761,0.091469055,0.358945917,0.915650339,193
D084,O095,5,417,1.070664925,29,0.365502327,0.314203797,0.177999519,0.631365154,3
D084,O096,5,417,1.070664925,91,0.16170145,0.264353919,0.069555674,0.545005585,20
D085,O001,5,457,2.740595231,184,0.252173292,0.345006223,0.414518539,1.008029851,43
D085,O002,5,457,2.740595231,71,0.386957289,0.33590604,0.423756547,1.030814136,16
D085,O003,5,457,2.740595231,43,0.48531049,0.109844006,0.373132887,0.562934186,5
D085,O004,5,457,2.740595231,544,0.015441285,0.39993713,0.047767101,0.621494583,12
D085,O005,5,457,2.740595231,472,0.458927508,0.08115278,0.018055532,0.751825682,8
D085,O006,5,457,2.740595231,26,0.466438896,0.19990199,0.36047691,0.537345538,5
D085,O007,5,457,2.740595231,20,0.141130372,0.138764594,0.166622366,0.974703346,2
D085,O008,5,457,2.740595231,217,0.118365868,0.010264005,0.438577644,0.70421183,4
D085,O009,5,457,2.740595231,39,0.272204984,0.243100415,0.446678,0.893215891,1
D085,O010,5,457,2.740595231,78,0.42428609,0.04657399,0.47291634,0.886241643,6
D085,O011,5,457,2.740595231,163,0.257766277,0.230369452,0.067376828,1.041013094,24
D085,O012,5,457,2.740595231,121,0.018977159,0.042108472,0.106166432,0.634587855,7
D085,O013,5,457,2.740595231,38,0.13035544,0.200717694,0.465695355,0.90739434,4
D085,O014,5,457,2.740595231,505,0.055050564,0.385744929,0.323573274,0.956197221,126
D085,O015,5,457,2.740595231,369,0.403527677,0.186961283,0.029180542,1.016098144,88
D085,O016,5,457,2.740595231,990,0.188337728,0.211915952,0.403770273,0.683522338,99
D085,O017,5,457,2.740595231,47,0.235947901,0.205558573,0.450421949,0.98550411,1
D085,O018,5,457,2.740595231,128,0.201594351,0.132120615,0.2466657,1.015365814,15
D085,O019,5,457,2.740595231,24,0.431629638,0.254066717,0.253740338,0.934568431,1
D085,O020,5,457,2.740595231,113,0.348269976,0.095285863,0.409466489,0.990902637,28
D085,O021,5,457,2.740595231,35,0.407381528,0.191612689,0.078494355,0.726366674,4
D085,O022,5,457,2.740595231,193,0.265083523,0.114415056,0.48366938,0.770574624,6
D085,O023,5,457,2.740595231,410,0.214451437,0.12789836,0.094002538,0.876090399,34
D085,O024,5,457,2.740595231,109,0.107543079,0.370185632,0.33107989,0.763088384,2
D085,O025,5,457,2.740595231,53,0.129725034,0.023513439,0.022926164,0.647079336,9
D085,O026,5,457,2.740595231,104,0.335746812,0.309055962,0.214783733,0.866605062,9
D085,O027,5,457,2.740595231,120,0.173792118,0.275390581,0.115990185,0.594400816,1
D085,O028,5,457,2.740595231,315,0.161028291,0.149607497,0.243736481,0.836522744,76
D085,O029,5,457,2.740595231,744,0.31398409,0.144642217,0.380464816,1.001095973,47
D085,O030,5,457,2.740595231,96,0.291312931,0.178362873,0.260288981,0.712485371,21
D085,O031,5,457,2.740595231,61,0.375724597,0.298965989,0.344989603,1.023539068,2
D085,O032,5,457,2.740595231,449,0.47407037,0.293964396,0.333868972,0.526716923,86
D085,O033,5,457,2.740595231,28,0.356894295,0.285864598,0.280390934,0.572892371,5
D085,O034,5,457,2.740595231,172,0.339323194,0.106162856,0.193996227,0.976195745,28
D085,O035,5,457,2.740595231,173,0.041159595,0.256897351,0.341435098,0.936656262,22
D085,O036,5,457,2.740595231,83,0.318040863,0.288671609,0.125731933,0.510862581,11
D085,O037,5,457,2.740595231,232,0.083660283,0.374766445,0.463420281,0.901833982,16
D085,O038,5,457,2.740595231,765,0.137328547,0.153890662,0.395745604,0.824092212,73
D085,O039,5,457,2.740595231,48,0.232718262,0.17994217,0.033136716,0.784320075,1
D085,O040,5,457,2.740595231,585,0.392959459,0.39457393,0.498815231,0.847757244,30
D085,O041,5,457,2.740595231,49,0.297735298,0.268205888,0.212580592,0.765018393,7
D085,O042,5,457,2.740595231,533,0.049123846,0.273615249,0.271891148,0.775509181,28
D085,O043,5,457,2.740595231,936,0.154267686,0.332919895,0.389161836,0.694797352,211
D085,O044,5,457,2.740595231,721,0.432376139,0.324925408,0.144007894,0.742867678,148
D085,O045,5,457,2.740595231,692,0.331104768,0.086465045,0.220042135,0.679206917,59
D085,O046,5,457,2.740595231,402,0.241792287,0.134055119,0.264545347,1.045585484,81
D085,O047,5,457,2.740595231,32,0.457593053,0.357426009,0.365235909,0.729886159,4
D085,O048,5,457,2.740595231,45,0.221925977,0.348159922,0.204633474,0.792986797,8
D085,O049,5,457,2.740595231,33,0.068127718,0.327197905,0.351458552,0.638016666,6
D085,O050,5,457,2.740595231,322,0.206052109,0.123509785,0.230258857,0.710466564,78
D085,O051,5,457,2.740595231,264,0.415458501,0.161179135,0.311726789,0.922834621,12
D085,O052,5,457,2.740595231,249,0.293109713,0.381495942,0.29384703,0.500330142,30
D085,O053,5,457,2.740595231,251,0.008437374,0.219704544,0.077608614,0.857828126,11
D085,O054,5,457,2.740595231,70,0.483939677,0.225369653,0.039302168,0.574845385,11
D085,O055,5,457,2.740595231,143,0.09821222,0.163666817,0.285033773,0.601558378,17
D085,O056,5,457,2.740595231,345,0.064149611,0.031223606,0.23904777,0.691855779,21
D085,O057,5,457,2.740595231,100,0.400541493,0.216556949,0.487740957,1.038462113,22
D085,O058,5,457,2.740595231,22,0.090722232,0.036785238,0.101049312,0.663001423,4
D085,O059,5,457,2.740595231,486,0.079431167,0.248195591,0.397292534,0.804788767,76
D085,O060,5,457,2.740595231,273,0.451061182,0.170720182,0.061912147,0.815113055,50
D085,O061,5,457,2.740595231,27,0.381805437,0.01616482,0.491613692,0.675221612,4
D085,O062,5,457,2.740595231,442,0.418928223,0.359834489,0.417321395,0.554105019,34
D085,O063,5,457,2.740595231,159,0.167777479,0.069957712,0.130372357,0.943907134,38
D085,O064,5,457,2.740595231,358,0.061032209,0.305917985,0.455729849,0.927346891,71
D085,O065,5,457,2.740595231,56,0.248866638,0.340199764,0.379559452,0.583546864,5
D085,O066,5,457,2.740595231,149,0.351209323,0.192455527,0.149427886,0.883050134,9
D085,O067,5,457,2.740595231,60,0.359928689,0.02076874,0.174232425,0.648987034,6
D085,O068,5,457,2.740595231,871,0.148525779,0.2389906,0.43126666,0.56330551,22
D085,O069,5,457,2.740595231,600,0.193256125,0.259153683,0.18565311,0.968309469,107
D085,O070,5,457,2.740595231,139,0.286307662,0.0275532,0.151186277,0.734969069,9
D085,O071,5,457,2.740595231,830,0.025772238,0.059916076,0.006124037,0.854259133,1
D085,O072,5,457,2.740595231,41,0.447028226,0.353970092,0.321029628,0.606201119,5
D085,O073,5,457,2.740595231,22,0.099783277,0.097826372,0.112559894,0.548583884,3
D085,O074,5,457,2.740595231,36,0.042568944,0.004280635,0.087293441,0.86728622,3
D085,O075,5,457,2.740595231,31,0.495260113,0.154710174,0.269857669,0.722353565,5
D085,O076,5,457,2.740595231,202,0.209924614,0.319442165,0.171734319,0.667816616,34
D085,O077,5,457,2.740595231,648,0.325153788,0.303515085,0.316930252,0.613107267,97
D085,O078,5,457,2.740595231,379,0.223960723,0.064878079,0.224272393,0.840645589,80
D085,O079,5,457,2.740595231,65,0.075519811,0.282963886,0.299403793,0.51375586,9
D085,O080,5,457,2.740595231,206,0.124478381,0.390952102,0.159201992,0.812430792,3
D085,O081,5,457,2.740595231,229,0.311863322,0.040757227,0.190953924,0.52059127,6
D085,O082,5,457,2.740595231,630,0.267185735,0.363424574,0.305398084,0.528725737,144
D085,O083,5,457,2.740595231,89,0.002629244,0.11891721,0.012340148,0.799263288,13
D085,O084,5,457,2.740595231,797,0.372992677,0.000386491,0.00152113,0.993396916,169
D085,O085,5,457,2.740595231,66,0.183976656,0.236269207,0.120756181,0.591017322,11
D085,O086,5,457,2.740595231,135,0.469888219,0.056365997,0.043821459,0.952586866,28
D085,O087,5,457,2.740595231,23,0.111840401,0.071296914,0.089679808,0.791166307,2
D085,O088,5,457,2.740595231,74,0.028069089,0.054085246,0.202673962,0.619616712,14
D085,O089,5,457,2.740595231,55,0.492105028,0.101006081,0.474810428,0.657444473,6
D085,O090,5,457,2.740595231,285,0.03434851,0.377557012,0.057284121,0.757204241,14
D085,O091,5,457,2.740595231,85,0.181583703,0.224320695,0.138841885,0.830164928,8
D085,O092,5,457,2.740595231,303,0.442706311,0.172267227,0.436491903,0.897895329,53
D085,O093,5,457,2.740595231,25,0.276275035,0.078153424,0.291384582,0.958605081,1
D085,O094,5,457,2.740595231,888,0.302089761,0.091469055,0.358945917,0.915650339,193
D085,O095,5,457,2.740595231,29,0.365502327,0.314203797,0.177999519,0.631365154,3
D085,O096,5,457,2.740595231,91,0.16170145,0.264353919,0.069555674,0.545005585,20
D086,O001,5,80,4.426479844,184,0.252173292,0.345006223,0.414518539,1.008029851,43
D086,O002,5,80,4.426479844,71,0.386957289,0.33590604,0.423756547,1.030814136,16
D086,O003,5,80,4.426479844,43,0.48531049,0.109844006,0.373132887,0.562934186,5
D086,O004,5,80,4.426479844,544,0.015441285,0.39993713,0.047767101,0.621494583,12
D086,O005,5,80,4.426479844,472,0.458927508,0.08115278,0.018055532,0.751825682,8
D086,O006,5,80,4.426479844,26,0.466438896,0.19990199,0.36047691,0.537345538,5
D086,O007,5,80,4.426479844,20,0.141130372,0.138764594,0.166622366,0.974703346,2
D086,O008,5,80,4.426479844,217,0.118365868,0.010264005,0.438577644,0.70421183,4
D086,O009,5,80,4.426479844,39,0.272204984,0.243100415,0.446678,0.893215891,1
D086,O010,5,80,4.426479844,78,0.42428609,0.04657399,0.47291634,0.886241643,6
D086,O011,5,80,4.426479844,163,0.257766277,0.230369452,0.067376828,1.041013094,24
D086,O012,5,80,4.426479844,121,0.018977159,0.042108472,0.106166432,0.634587855,7
D086,O013,5,80,4.426479844,38,0.13035544,0.200717694,0.465695355,0.90739434,4
D086,O014,5,80,4.426479844,505,0.055050564,0.385744929,0.323573274,0.956197221,126
D086,O015,5,80,4.426479844,369,0.403527677,0.186961283,0.029180542,1.016098144,88
D086,O016,5,80,4.426479844,990,0.188337728,0.211915952,0.403770273,0.683522338,99
D086,O017,5,80,4.426479844,47,0.235947901,0.205558573,0.450421949,0.98550411,1
D086,O018,5,80,4.426479844,128,0.201594351,0.132120615,0.2466657,1.015365814,15
D086,O019,5,80,4.426479844,24,0.431629638,0.254066717,0.253740338,0.934568431,1
D086,O020,5,80,4.426479844,113,0.348269976,0.095285863,0.409466489,0.990902637,28
D086,O021,5,80,4.426479844,35,0.407381528,0.191612689,0.078494355,0.726366674,4
D086,O022,5,80,4.426479844,193,0.265083523,0.114415056,0.48366938,0.770574624,6
D086,O023,5,80,4.426479844,410,0.214451437,0.12789836,0.094002538,0.876090399,34
D086,O024,5,80,4.426479844,109,0.107543079,0.370185632,0.33107989,0.763088384,2
D086,O025,5,80,4.426479844,53,0.129725034,0.023513439,0.022926164,0.647079336,9
D086,O026,5,80,4.426479844,104,0.335746812,0.309055962,0.214783733,0.866605062,9
D086,O027,5,80,4.426479844,120,0.173792118,0.275390581,0.115990185,0.594400816,1
D086,O028,5,80,4.426479844,315,0.161028291,0.149607497,0.243736481,0.836522744,76
D086,O029,5,80,4.426479844,744,0.31398409,0.144642217,0.380464816,1.001095973,47
D086,O030,5,80,4.426479844,96,0.291312931,0.178362873,0.260288981,0.712485371,21
D086,O031,5,80,4.426479844,61,0.375724597,0.298965989,0.344989603,1.023539068,2
D086,O032,5,80,4.426479844,449,0.47407037,0.293964396,0.333868972,0.526716923,86
D086,O033,5,80,4.426479844,28,0.356894295,0.285864598,0.280390934,0.572892371,5
D086,O034,5,80,4.426479844,172,0.339323194,0.106162856,0.193996227,0.976195745,28
D086,O035,5,80,4.426479844,173,0.041159595,0.256897351,0.341435098,0.936656262,22
D086,O036,5,80,4.426479844,83,0.318040863,0.288671609,0.125731933,0.510862581,11
D086,O037,5,80,4.426479844,232,0.083660283,0.374766445,0.463420281,0.901833982,16
D086,O038,5,80,4.426479844,765,0.137328547,0.153890662,0.395745604,0.824092212,73
D086,O039,5,80,4.426479844,48,0.232718262,0.17994217,0.033136716,0.784320075,1
D086,O040,5,80,4.426479844,585,0.392959459,0.39457393,0.498815231,0.847757244,30
D086,O041,5,80,4.426479844,49,0.297735298,0.268205888,0.212580592,0.765018393,7
D086,O042,5,80,4.426479844,533,0.049123846,0.273615249,0.271891148,0.775509181,28
D086,O043,5,80,4.426479844,936,0.154267686,0.332919895,0.389161836,0.694797352,211
D086,O044,5,80,4.426479844,721,0.432376139,0.324925408,0.144007894,0.742867678,148
D086,O045,5,80,4.426479844,692,0.331104768,0.086465045,0.220042135,0.679206917,59
D086,O046,5,80,4.426479844,402,0.241792287,0.134055119,0.264545347,1.045585484,81
D086,O047,5,80,4.426479844,32,0.457593053,0.357426009,0.365235909,0.729886159,4
D086,O048,5,80,4.426479844,45,0.221925977,0.348159922,0.204633474,0.792986797,8
D086,O049,5,80,4.426479844,33,0.068127718,0.327197905,0.351458552,0.638016666,6
D086,O050,5,80,4.426479844,322,0.206052109,0.123509785,0.230258857,0.710466564,78
D086,O051,5,80,4.426479844,264,0.415458501,0.161179135,0.311726789,0.922834621,12
D086,O052,5,80,4.426479844,249,0.293109713,0.381495942,0.29384703,0.500330142,30
D086,O053,5,80,4.426479844,251,0.008437374,0.219704544,0.077608614,0.857828126,11
D086,O054,5,80,4.426479844,70,0.483939677,0.225369653,0.039302168,0.574845385,11
D086,O055,5,80,4.426479844,143,0.09821222,0.163666817,0.285033773,0.601558378,17
D086,O056,5,80,4.426479844,345,0.064149611,0.031223606,0.23904777,0.691855779,21
D086,O057,5,80,4.426479844,100,0.400541493,0.216556949,0.487740957,1.038462113,22
D086,O058,5,80,4.426479844,22,0.090722232,0.036785238,0.101049312,0.663001423,4
D086,O059,5,80,4.426479844,486,0.079431167,0.248195591,0.397292534,0.804788767,76
D086,O060,5,80,4.426479844,273,0.451061182,0.170720182,0.061912147,0.815113055,50
D086,O061,5,80,4.426479844,27,0.381805437,0.01616482,0.491613692,0.675221612,4
D086,O062,5,80,4.426479844,442,0.418928223,0.359834489,0.417321395,0.554105019,34
D086,O063,5,80,4.426479844,159,0.167777479,0.069957712,0.130372357,0.943907134,38
D086,O064,5,80,4.426479844,358,0.061032209,0.305917985,0.455729849,0.927346891,71
D086,O065,5,80,4.426479844,56,0.248866638,0.340199764,0.379559452,0.583546864,5
D086,O066,5,80,4.426479844,149,0.351209323,0.192455527,0.149427886,0.883050134,9
D086,O067,5,80,4.426479844,60,0.359928689,0.02076874,0.174232425,0.648987034,6
D086,O068,5,80,4.426479844,871,0.148525779,0.2389906,0.43126666,0.56330551,22
D086,O069,5,80,4.426479844,600,0.193256125,0.259153683,0.18565311,0.968309469,107
D086,O070,5,80,4.426479844,139,0.286307662,0.0275532,0.151186277,0.734969069,9
D086,O071,5,80,4.426479844,830,0.025772238,0.059916076,0.006124037,0.854259133,1
D086,O072,5,80,4.426479844,41,0.447028226,0.353970092,0.321029628,0.606201119,5
D086,O073,5,80,4.426479844,22,0.099783277,0.097826372,0.112559894,0.548583884,3
D086,O074,5,80,4.426479844,36,0.042568944,0.004280635,0.087293441,0.86728622,3
D086,O075,5,80,4.426479844,31,0.495260113,0.154710174,0.269857669,0.722353565,5
D086,O076,5,80,4.426479844,202,0.209924614,0.319442165,0.171734319,0.667816616,34
D086,O077,5,80,4.426479844,648,0.325153788,0.303515085,0.316930252,0.613107267,97
D086,O078,5,80,4.426479844,379,0.223960723,0.064878079,0.224272393,0.840645589,80
D086,O079,5,80,4.426479844,65,0.075519811,0.282963886,0.299403793,0.51375586,9
D086,O080,5,80,4.426479844,206,0.124478381,0.390952102,0.159201992,0.812430792,3
D086,O081,5,80,4.426479844,229,0.311863322,0.040757227,0.190953924,0.52059127,6
D086,O082,5,80,4.426479844,630,0.267185735,0.363424574,0.305398084,0.528725737,144
D086,O083,5,80,4.426479844,89,0.002629244,0.11891721,0.012340148,0.799263288,13
D086,O084,5,80,4.426479844,797,0.372992677,0.000386491,0.00152113,0.993396916,169
D086,O085,5,80,4.426479844,66,0.183976656,0.236269207,0.120756181,0.591017322,11
D086,O086,5,80,4.426479844,135,0.469888219,0.056365997,0.043821459,0.952586866,28
D086,O087,5,80,4.426479844,23,0.111840401,0.071296914,0.089679808,0.791166307,2
D086,O088,5,80,4.426479844,74,0.028069089,0.054085246,0.202673962,0.619616712,14
D086,O089,5,80,4.426479844,55,0.492105028,0.101006081,0.474810428,0.657444473,6
D086,O090,5,80,4.426479844,285,0.03434851,0.377557012,0.057284121,0.757204241,14
D086,O091,5,80,4.426479844,85,0.181583703,0.224320695,0.138841885,0.830164928,8
D086,O092,5,80,4.426479844,303,0.442706311,0.172267227,0.436491903,0.897895329,53
D086,O093,5,80,4.426479844,25,0.276275035,0.078153424,0.291384582,0.958605081,1
D086,O094,5,80,4.426479844,888,0.302089761,0.091469055,0.358945917,0.915650339,193
D086,O095,5,80,4.426479844,29,0.365502327,0.314203797,0.177999519,0.631365154,3
D086,O096,5,80,4.426479844,91,0.16170145,0.264353919,0.069555674,0.545005585,20
D087,O001,4,633,3.727721851,184,0.252173292,0.345006223,0.414518539,1.008029851,43
D087,O002,4,633,3.727721851,71,0.386957289,0.33590604,0.423756547,1.030814136,16
D087,O003,4,633,3.727721851,43,0.48531049,0.109844006,0.373132887,0.562934186,5
D087,O004,4,633,3.727721851,544,0.015441285,0.39993713,0.047767101,0.621494583,12
D087,O005,4,633,3.727721851,472,0.458927508,0.08115278,0.018055532,0.751825682,8
D087,O006,4,633,3.727721851,26,0.466438896,0.19990199,0.36047691,0.537345538,5
D087,O007,4,633,3.727721851,20,0.141130372,0.138764594,0.166622366,0.974703346,2
D087,O008,4,633,3.727721851,217,0.118365868,0.010264005,0.438577644,0.70421183,4
D087,O009,4,633,3.727721851,39,0.272204984,0.243100415,0.446678,0.893215891,1
D087,O010,4,633,3.727721851,78,0.42428609,0.04657399,0.47291634,0.886241643,6
D087,O011,4,633,3.727721851,163,0.257766277,0.230369452,0.067376828,1.041013094,24
D087,O012,4,633,3.727721851,121,0.018977159,0.042108472,0.106166432,0.634587855,7
D087,O013,4,633,3.727721851,38,0.13035544,0.200717694,0.465695355,0.90739434,4
D087,O014,4,633,3.727721851,505,0.055050564,0.385744929,0.323573274,0.956197221,126
D087,O015,4,633,3.727721851,369,0.403527677,0.186961283,0.029180542,1.016098144,88
D087,O016,4,633,3.727721851,990,0.188337728,0.211915952,0.403770273,0.683522338,99
D087,O017,4,633,3.727721851,47,0.235947901,0.205558573,0.450421949,0.98550411,1
D087,O018,4,633,3.727721851,128,0.201594351,0.132120615,0.2466657,1.015365814,15
D087,O019,4,633,3.727721851,24,0.431629638,0.254066717,0.253740338,0.934568431,1
D087,O020,4,633,3.727721851,113,0.348269976,0.095285863,0.409466489,0.990902637,28
D087,O021,4,633,3.727721851,35,0.407381528,0.191612689,0.078494355,0.726366674,4
D087,O022,4,633,3.727721851,193,0.265083523,0.114415056,0.48366938,0.770574624,6
D087,O023,4,633,3.727721851,410,0.214451437,0.12789836,0.094002538,0.876090399,34
D087,O024,4,633,3.727721851,109,0.107543079,0.370185632,0.33107989,0.763088384,2
D087,O025,4,633,3.727721851,53,0.129725034,0.023513439,0.022926164,0.647079336,9
D087,O026,4,633,3.727721851,104,0.335746812,0.309055962,0.214783733,0.866605062,9
D087,O027,4,633,3.727721851,120,0.173792118,0.275390581,0.115990185,0.594400816,1
D087,O028,4,633,3.727721851,315,0.161028291,0.149607497,0.243736481,0.836522744,76
D087,O029,4,633,3.727721851,744,0.31398409,0.144642217,0.380464816,1.001095973,47
D087,O030,4,633,3.727721851,96,0.291312931,0.178362873,0.260288981,0.712485371,21
D087,O031,4,633,3.727721851,61,0.375724597,0.298965989,0.344989603,1.023539068,2
D087,O032,4,633,3.727721851,449,0.47407037,0.293964396,0.333868972,0.526716923,86
D087,O033,4,633,3.727721851,28,0.356894295,0.285864598,0.280390934,0.572892371,5
D087,O034,4,633,3.727721851,172,0.339323194,0.106162856,0.193996227,0.976195745,28
D087,O035,4,633,3.727721851,173,0.041159595,0.256897351,0.341435098,0.936656262,22
D087,O036,4,633,3.727721851,83,0.318040863,0.288671609,0.125731933,0.510862581,11
D087,O037,4,633,3.727721851,232,0.083660283,0.374766445,0.463420281,0.901833982,16
D087,O038,4,633,3.727721851,765,0.137328547,0.153890662,0.395745604,0.824092212,73
D087,O039,4,633,3.727721851,48,0.232718262,0.17994217,0.033136716,0.784320075,1
D087,O040,4,633,3.727721851,585,0.392959459,0.39457393,0.498815231,0.847757244,30
D087,O041,4,633,3.727721851,49,0.297735298,0.268205888,0.212580592,0.765018393,7
D087,O042,4,633,3.727721851,533,0.049123846,0.273615249,0.271891148,0.775509181,28
D087,O043,4,633,3.727721851,936,0.154267686,0.332919895,0.389161836,0.694797352,211
D087,O044,4,633,3.727721851,721,0.432376139,0.324925408,0.144007894,0.742867678,148
D087,O045,4,633,3.727721851,692,0.331104768,0.086465045,0.220042135,0.679206917,59
D087,O046,4,633,3.727721851,402,0.241792287,0.134055119,0.264545347,1.045585484,81
D087,O047,4,633,3.727721851,32,0.457593053,0.357426009,0.365235909,0.729886159,4
D087,O048,4,633,3.727721851,45,0.221925977,0.348159922,0.204633474,0.792986797,8
D087,O049,4,633,3.727721851,33,0.068127718,0.327197905,0.351458552,0.638016666,6
D087,O050,4,633,3.727721851,322,0.206052109,0.123509785,0.230258857,0.710466564,78
D087,O051,4,633,3.727721851,264,0.415458501,0.161179135,0.311726789,0.922834621,12
D087,O052,4,633,3.727721851,249,0.293109713,0.381495942,0.29384703,0.500330142,30
D087,O053,4,633,3.727721851,251,0.008437374,0.219704544,0.077608614,0.857828126,11
D087,O054,4,633,3.727721851,70,0.483939677,0.225369653,0.039302168,0.574845385,11
D087,O055,4,633,3.727721851,143,0.09821222,0.163666817,0.285033773,0.601558378,17
D087,O056,4,633,3.727721851,345,0.064149611,0.031223606,0.23904777,0.691855779,21
D087,O057,4,633,3.727721851,100,0.400541493,0.216556949,0.487740957,1.038462113,22
D087,O058,4,633,3.727721851,22,0.090722232,0.036785238,0.101049312,0.663001423,4
D087,O059,4,633,3.727721851,486,0.079431167,0.248195591,0.397292534,0.804788767,76
D087,O060,4,633,3.727721851,273,0.451061182,0.170720182,0.061912147,0.815113055,50
D087,O061,4,633,3.727721851,27,0.381805437,0.01616482,0.491613692,0.675221612,4
D087,O062,4,633,3.727721851,442,0.418928223,0.359834489,0.417321395,0.554105019,34
D087,O063,4,633,3.727721851,159,0.167777479,0.069957712,0.130372357,0.943907134,38
D087,O064,4,633,3.727721851,358,0.061032209,0.305917985,0.455729849,0.927346891,71
D087,O065,4,633,3.727721851,56,0.248866638,0.340199764,0.379559452,0.583546864,5
D087,O066,4,633,3.727721851,149,0.351209323,0.192455527,0.149427886,0.883050134,9
D087,O067,4,633,3.727721851,60,0.359928689,0.02076874,0.174232425,0.648987034,6
D087,O068,4,633,3.727721851,871,0.148525779,0.2389906,0.43126666,0.56330551,22
D087,O069,4,633,3.727721851,600,0.193256125,0.259153683,0.18565311,0.968309469,107
D087,O070,4,633,3.727721851,139,0.286307662,0.0275532,0.151186277,0.734969069,9
D087,O071,4,633,3.727721851,830,0.025772238,0.059916076,0.006124037,0.854259133,1
D087,O072,4,633,3.727721851,41,0.447028226,0.353970092,0.321029628,0.606201119,5
D087,O073,4,633,3.727721851,22,0.099783277,0.097826372,0.112559894,0.548583884,3
D087,O074,4,633,3.727721851,36,0.042568944,0.004280635,0.087293441,0.86728622,3
D087,O075,4,633,3.727721851,31,0.495260113,0.154710174,0.269857669,0.722353565,5
D087,O076,4,633,3.727721851,202,0.209924614,0.319442165,0.171734319,0.667816616,34
D087,O077,4,633,3.727721851,648,0.325153788,0.303515085,0.316930252,0.613107267,97
D087,O078,4,633,3.727721851,379,0.223960723,0.064878079,0.224272393,0.840645589,80
D087,O079,4,633,3.727721851,65,0.075519811,0.282963886,0.299403793,0.51375586,9
D087,O080,4,633,3.727721851,206,0.124478381,0.390952102,0.159201992,0.812430792,3
D087,O081,4,633,3.727721851,229,0.311863322,0.040757227,0.190953924,0.52059127,6
D087,O082,4,633,3.727721851,630,0.267185735,0.363424574,0.305398084,0.528725737,144
D087,O083,4,633,3.727721851,89,0.002629244,0.11891721,0.012340148,0.799263288,13
D087,O084,4,633,3.727721851,797,0.372992677,0.000386491,0.00152113,0.993396916,169
D087,O085,4,633,3.727721851,66,0.183976656,0.236269207,0.120756181,0.591017322,11
D087,O086,4,633,3.727721851,135,0.469888219,0.056365997,0.043821459,0.952586866,28
D087,O087,4,633,3.727721851,23,0.111840401,0.071296914,0.089679808,0.791166307,2
D087,O088,4,633,3.727721851,74,0.028069089,0.054085246,0.202673962,0.619616712,14
D087,O089,4,633,3.727721851,55,0.492105028,0.101006081,0.474810428,0.657444473,6
D087,O090,4,633,3.727721851,285,0.03434851,0.377557012,0.057284121,0.757204241,14
D087,O091,4,633,3.727721851,85,0.181583703,0.224320695,0.138841885,0.830164928,8
D087,O092,4,633,3.727721851,303,0.442706311,0.172267227,0.436491903,0.897895329,53
D087,O093,4,633,3.727721851,25,0.276275035,0.078153424,0.291384582,0.958605081,1
D087,O094,4,633,3.727721851,888,0.302089761,0.091469055,0.358945917,0.915650339,193
D087,O095,4,633,3.727721851,29,0.365502327,0.314203797,0.177999519,0.631365154,3
D087,O096,4,633,3.727721851,91,0.16170145,0.264353919,0.069555674,0.545005585,20
D088,O001,4,367,1.377776964,184,0.252173292,0.345006223,0.414518539,1.008029851,43
D088,O002,4,367,1.377776964,71,0.386957289,0.33590604,0.423756547,1.030814136,16
D088,O003,4,367,1.377776964,43,0.48531049,0.109844006,0.373132887,0.562934186,5
D088,O004,4,367,1.377776964,544,0.015441285,0.39993713,0.047767101,0.621494583,12
D088,O005,4,367,1.377776964,472,0.458927508,0.08115278,0.018055532,0.751825682,8
D088,O006,4,367,1.377776964,26,0.466438896,0.19990199,0.36047691,0.537345538,5
D088,O007,4,367,1.377776964,20,0.141130372,0.138764594,0.166622366,0.974703346,2
D088,O008,4,367,1.377776964,217,0.118365868,0.010264005,0.438577644,0.70421183,4
D088,O009,4,367,1.377776964,39,0.272204984,0.243100415,0.446678,0.893215891,1
D088,O010,4,367,1.377776964,78,0.42428609,0.04657399,0.47291634,0.886241643,6
D088,O011,4,367,1.377776964,163,0.257766277,0.230369452,0.067376828,1.041013094,24
D088,O012,4,367,1.377776964,121,0.018977159,0.042108472,0.106166432,0.634587855,7
D088,O013,4,367,1.377776964,38,0.13035544,0.200717694,0.465695355,0.90739434,4
D088,O014,4,367,1.377776964,505,0.055050564,0.385744929,0.323573274,0.956197221,126
D088,O015,4,367,1.377776964,369,0.403527677,0.186961283,0.029180542,1.016098144,88
D088,O016,4,367,1.377776964,990,0.188337728,0.211915952,0.403770273,0.683522338,99
D088,O017,4,367,1.377776964,47,0.235947901,0.205558573,0.450421949,0.98550411,1
D088,O018,4,367,1.377776964,128,0.201594351,0.132120615,0.2466657,1.015365814,15
D088,O019,4,367,1.377776964,24,0.431629638,0.254066717,0.253740338,0.934568431,1
D088,O020,4,367,1.377776964,113,0.348269976,0.095285863,0.409466489,0.990902637,28
D088,O021,4,367,1.377776964,35,0.407381528,0.191612689,0.078494355,0.726366674,4
D088,O022,4,367,1.377776964,193,0.265083523,0.114415056,0.48366938,0.770574624,6
D088,O023,4,367,1.377776964,410,0.214451437,0.12789836,0.094002538,0.876090399,34
D088,O024,4,367,1.377776964,109,0.107543079,0.370185632,0.33107989,0.763088384,2
D088,O025,4,367,1.377776964,53,0.129725034,0.023513439,0.022926164,0.647079336,9
D088,O026,4,367,1.377776964,104,0.335746812,0.309055962,0.214783733,0.866605062,9
D088,O027,4,367,1.377776964,120,0.173792118,0.275390581,0.115990185,0.594400816,1
D088,O028,4,367,1.377776964,315,0.161028291,0.149607497,0.243736481,0.836522744,76
D088,O029,4,367,1.377776964,744,0.31398409,0.144642217,0.380464816,1.001095973,47
D088,O030,4,367,1.377776964,96,0.291312931,0.178362873,0.260288981,0.712485371,21
D088,O031,4,367,1.377776964,61,0.375724597,0.298965989,0.344989603,1.023539068,2
D088,O032,4,367,1.377776964,449,0.47407037,0.293964396,0.333868972,0.526716923,86
D088,O033,4,367,1.377776964,28,0.356894295,0.285864598,0.280390934,0.572892371,5
D088,O034,4,367,1.377776964,172,0.339323194,0.106162856,0.193996227,0.976195745,28
D088,O035,4,367,1.377776964,173,0.041159595,0.256897351,0.341435098,0.936656262,22
D088,O036,4,367,1.377776964,83,0.318040863,0.288671609,0.125731933,0.510862581,11
D088,O037,4,367,1.377776964,232,0.083660283,0.374766445,0.463420281,0.901833982,16
D088,O038,4,367,1.377776964,765,0.137328547,0.153890662,0.395745604,0.824092212,73
D088,O039,4,367,1.377776964,48,0.232718262,0.17994217,0.033136716,0.784320075,1
D088,O040,4,367,1.377776964,585,0.392959459,0.39457393,0.498815231,0.847757244,30
D088,O041,4,367,1.377776964,49,0.297735298,0.268205888,0.212580592,0.765018393,7
D088,O042,4,367,1.377776964,533,0.049123846,0.273615249,0.271891148,0.775509181,28
D088,O043,4,367,1.377776964,936,0.154267686,0.332919895,0.389161836,0.694797352,211
D088,O044,4,367,1.377776964,721,0.432376139,0.324925408,0.144007894,0.742867678,148
D088,O045,4,367,1.377776964,692,0.331104768,0.086465045,0.220042135,0.679206917,59
D088,O046,4,367,1.377776964,402,0.241792287,0.134055119,0.264545347,1.045585484,81
D088,O047,4,367,1.377776964,32,0.457593053,0.357426009,0.365235909,0.729886159,4
D088,O048,4,367,1.377776964,45,0.221925977,0.348159922,0.204633474,0.792986797,8
D088,O049,4,367,1.377776964,33,0.068127718,0.327197905,0.351458552,0.638016666,6
D088,O050,4,367,1.377776964,322,0.206052109,0.123509785,0.230258857,0.710466564,78
D088,O051,4,367,1.377776964,264,0.415458501,0.161179135,0.311726789,0.922834621,12
D088,O052,4,367,1.377776964,249,0.293109713,0.381495942,0.29384703,0.500330142,30
D088,O053,4,367,1.377776964,251,0.008437374,0.219704544,0.077608614,0.857828126,11
D088,O054,4,367,1.377776964,70,0.483939677,0.225369653,0.039302168,0.574845385,11
D088,O055,4,367,1.377776964,143,0.09821222,0.163666817,0.285033773,0.601558378,17
D088,O056,4,367,1.377776964,345,0.064149611,0.031223606,0.23904777,0.691855779,21
D088,O057,4,367,1.377776964,100,0.400541493,0.216556949,0.487740957,1.038462113,22
D088,O058,4,367,1.377776964,22,0.090722232,0.036785238,0.101049312,0.663001423,4
D088,O059,4,367,1.377776964,486,0.079431167,0.248195591,0.397292534,0.804788767,76
D088,O060,4,367,1.377776964,273,0.451061182,0.170720182,0.061912147,0.815113055,50
D088,O061,4,367,1.377776964,27,0.381805437,0.01616482,0.491613692,0.675221612,4
D088,O062,4,367,1.377776964,442,0.418928223,0.359834489,0.417321395,0.554105019,34
D088,O063,4,367,1.377776964,159,0.167777479,0.069957712,0.130372357,0.943907134,38
D088,O064,4,367,1.377776964,358,0.061032209,0.305917985,0.455729849,0.927346891,71
D088,O065,4,367,1.377776964,56,0.248866638,0.340199764,0.379559452,0.583546864,5
D088,O066,4,367,1.377776964,149,0.351209323,0.192455527,0.149427886,0.883050134,9
D088,O067,4,367,1.377776964,60,0.359928689,0.02076874,0.174232425,0.648987034,6
D088,O068,4,367,1.377776964,871,0.148525779,0.2389906,0.43126666,0.56330551,22
D088,O069,4,367,1.377776964,600,0.193256125,0.259153683,0.18565311,0.968309469,107
D088,O070,4,367,1.377776964,139,0.286307662,0.0275532,0.151186277,0.734969069,9
D088,O071,4,367,1.377776964,830,0.025772238,0.059916076,0.006124037,0.854259133,1
D088,O072,4,367,1.377776964,41,0.447028226,0.353970092,0.321029628,0.606201119,5
D088,O073,4,367,1.377776964,22,0.099783277,0.097826372,0.112559894,0.548583884,3
D088,O074,4,367,1.377776964,36,0.042568944,0.004280635,0.087293441,0.86728622,3
D088,O075,4,367,1.377776964,31,0.495260113,0.154710174,0.269857669,0.722353565,5
D088,O076,4,367,1.377776964,202,0.209924614,0.319442165,0.171734319,0.667816616,34
D088,O077,4,367,1.377776964,648,0.325153788,0.303515085,0.316930252,0.613107267,97
D088,O078,4,367,1.377776964,379,0.223960723,0.064878079,0.224272393,0.840645589,80
D088,O079,4,367,1.377776964,65,0.075519811,0.282963886,0.299403793,0.51375586,9
D088,O080,4,367,1.377776964,206,0.124478381,0.390952102,0.159201992,0.812430792,3
D088,O081,4,367,1.377776964,229,0.311863322,0.040757227,0.190953924,0.52059127,6
D088,O082,4,367,1.377776964,630,0.267185735,0.363424574,0.305398084,0.528725737,144
D088,O083,4,367,1.377776964,89,0.002629244,0.11891721,0.012340148,0.799263288,13
D088,O084,4,367,1.377776964,797,0.372992677,0.000386491,0.00152113,0.993396916,169
D088,O085,4,367,1.377776964,66,0.183976656,0.236269207,0.120756181,0.591017322,11
D088,O086,4,367,1.377776964,135,0.469888219,0.056365997,0.043821459,0.952586866,28
D088,O087,4,367,1.377776964,23,0.111840401,0.071296914,0.089679808,0.791166307,2
D088,O088,4,367,1.377776964,74,0.028069089,0.054085246,0.202673962,0.619616712,14
D088,O089,4,367,1.377776964,55,0.492105028,0.101006081,0.474810428,0.657444473,6
D088,O090,4,367,1.377776964,285,0.03434851,0.377557012,0.057284121,0.757204241,14
D088,O091,4,367,1.377776964,85,0.181583703,0.224320695,0.138841885,0.830164928,8
D088,O092,4,367,1.377776964,303,0.442706311,0.172267227,0.436491903,0.897895329,53
D088,O093,4,367,1.377776964,25,0.276275035,0.078153424,0.291384582,0.958605081,1
D088,O094,4,367,1.377776964,888,0.302089761,0.091469055,0.358945917,0.915650339,193
D088,O095,4,367,1.377776964,29,0.365502327,0.314203797,0.177999519,0.631365154,3
D088,O096,4,367,1.377776964,91,0.16170145,0.264353919,0.069555674,0.545005585,20
D089,O001,1,68,2.535965625,184,0.252173292,0.345006223,0.414518539,1.008029851,43
D089,O002,1,68,2.535965625,71,0.386957289,0.33590604,0.423756547,1.030814136,16
D089,O003,1,68,2.535965625,43,0.48531049,0.109844006,0.373132887,0.562934186,5
D089,O004,1,68,2.535965625,544,0.015441285,0.39993713,0.047767101,0.621494583,12
D089,O005,1,68,2.535965625,472,0.458927508,0.08115278,0.018055532,0.751825682,8
D089,O006,1,68,2.535965625,26,0.466438896,0.19990199,0.36047691,0.537345538,5
D089,O007,1,68,2.535965625,20,0.141130372,0.138764594,0.166622366,0.974703346,2
D089,O008,1,68,2.535965625,217,0.118365868,0.010264005,0.438577644,0.70421183,4
D089,O009,1,68,2.535965625,39,0.272204984,0.243100415,0.446678,0.893215891,1
D089,O010,1,68,2.535965625,78,0.42428609,0.04657399,0.47291634,0.886241643,6
D089,O011,1,68,2.535965625,163,0.257766277,0.230369452,0.067376828,1.041013094,24
D089,O012,1,68,2.535965625,121,0.018977159,0.042108472,0.106166432,0.634587855,7
D089,O013,1,68,2.535965625,38,0.13035544,0.200717694,0.465695355,0.90739434,4
D089,O014,1,68,2.535965625,505,0.055050564,0.385744929,0.323573274,0.956197221,126
D089,O015,1,68,2.535965625,369,0.403527677,0.186961283,0.029180542,1.016098144,88
D089,O016,1,68,2.535965625,990,0.188337728,0.211915952,0.403770273,0.683522338,99
D089,O017,1,68,2.535965625,47,0.235947901,0.205558573,0.450421949,0.98550411,1
D089,O018,1,68,2.535965625,128,0.201594351,0.132120615,0.2466657,1.015365814,15
D089,O019,1,68,2.535965625,24,0.431629638,0.254066717,0.253740338,0.934568431,1
D089,O020,1,68,2.535965625,113,0.348269976,0.095285863,0.409466489,0.990902637,28
D089,O021,1,68,2.535965625,35,0.407381528,0.191612689,0.078494355,0.726366674,4
D089,O022,1,68,2.535965625,193,0.265083523,0.114415056,0.48366938,0.770574624,6
D089,O023,1,68,2.535965625,410,0.214451437,0.12789836,0.094002538,0.876090399,34
D089,O024,1,68,2.535965625,109,0.107543079,0.370185632,0.33107989,0.763088384,2
D089,O025,1,68,2.535965625,53,0.129725034,0.023513439,0.022926164,0.647079336,9
D089,O026,1,68,2.535965625,104,0.335746812,0.309055962,0.214783733,0.866605062,9
D089,O027,1,68,2.535965625,120,0.173792118,0.275390581,0.115990185,0.594400816,1
D089,O028,1,68,2.535965625,315,0.161028291,0.149607497,0.243736481,0.836522744,76
D089,O029,1,68,2.535965625,744,0.31398409,0.144642217,0.380464816,1.001095973,47
D089,O030,1,68,2.535965625,96,0.291312931,0.178362873,0.260288981,0.712485371,21
D089,O031,1,68,2.535965625,61,0.375724597,0.298965989,0.344989603,1.023539068,2
D089,O032,1,68,2.535965625,449,0.47407037,0.293964396,0.333868972,0.526716923,86
D089,O033,1,68,2.535965625,28,0.356894295,0.285864598,0.280390934,0.572892371,5
D089,O034,1,68,2.535965625,172,0.339323194,0.106162856,0.193996227,0.976195745,28
D089,O035,1,68,2.535965625,173,0.041159595,0.256897351,0.341435098,0.936656262,22
D089,O036,1,68,2.535965625,83,0.318040863,0.288671609,0.125731933,0.510862581,11
D089,O037,1,68,2.535965625,232,0.083660283,0.374766445,0.463420281,0.901833982,16
D089,O038,1,68,2.535965625,765,0.137328547,0.153890662,0.395745604,0.824092212,73
D089,O039,1,68,2.535965625,48,0.232718262,0.17994217,0.033136716,0.784320075,1
D089,O040,1,68,2.535965625,585,0.392959459,0.39457393,0.498815231,0.847757244,30
D089,O041,1,68,2.535965625,49,0.297735298,0.268205888,0.212580592,0.765018393,7
D089,O042,1,68,2.535965625,533,0.049123846,0.273615249,0.271891148,0.775509181,28
D089,O043,1,68,2.535965625,936,0.154267686,0.332919895,0.389161836,0.694797352,211
D089,O044,1,68,2.535965625,721,0.432376139,0.324925408,0.144007894,0.742867678,148
D089,O045,1,68,2.535965625,692,0.331104768,0.086465045,0.220042135,0.679206917,59
D089,O046,1,68,2.535965625,402,0.241792287,0.134055119,0.264545347,1.045585484,81
D089,O047,1,68,2.535965625,32,0.457593053,0.357426009,0.365235909,0.729886159,4
D089,O048,1,68,2.535965625,45,0.221925977,0.348159922,0.204633474,0.792986797,8
D089,O049,1,68,2.535965625,33,0.068127718,0.327197905,0.351458552,0.638016666,6
D089,O050,1,68,2.535965625,322,0.206052109,0.123509785,0.230258857,0.710466564,78
D089,O051,1,68,2.535965625,264,0.415458501,0.161179135,0.311726789,0.922834621,12
D089,O052,1,68,2.535965625,249,0.293109713,0.381495942,0.29384703,0.500330142,30
D089,O053,1,68,2.535965625,251,0.008437374,0.219704544,0.077608614,0.857828126,11
D089,O054,1,68,2.535965625,70,0.483939677,0.225369653,0.039302168,0.574845385,11
D089,O055,1,68,2.535965625,143,0.09821222,0.163666817,0.285033773,0.601558378,17
D089,O056,1,68,2.535965625,345,0.064149611,0.031223606,0.23904777,0.691855779,21
D089,O057,1,68,2.535965625,100,0.400541493,0.216556949,0.487740957,1.038462113,22
D089,O058,1,68,2.535965625,22,0.090722232,0.036785238,0.101049312,0.663001423,4
D089,O059,1,68,2.535965625,486,0.079431167,0.248195591,0.397292534,0.804788767,76
D089,O060,1,68,2.535965625,273,0.451061182,0.170720182,0.061912147,0.815113055,50
D089,O061,1,68,2.535965625,27,0.381805437,0.01616482,0.491613692,0.675221612,4
D089,O062,1,68,2.535965625,442,0.418928223,0.359834489,0.417321395,0.554105019,34
D089,O063,1,68,2.535965625,159,0.167777479,0.069957712,0.130372357,0.943907134,38
D089,O064,1,68,2.535965625,358,0.061032209,0.305917985,0.455729849,0.927346891,71
D089,O065,1,68,2.535965625,56,0.248866638,0.340199764,0.379559452,0.583546864,5
D089,O066,1,68,2.535965625,149,0.351209323,0.192455527,0.149427886,0.883050134,9
D089,O067,1,68,2.535965625,60,0.359928689,0.02076874,0.174232425,0.648987034,6
D089,O068,1,68,2.535965625,871,0.148525779,0.2389906,0.43126666,0.56330551,22
D089,O069,1,68,2.535965625,600,0.193256125,0.259153683,0.18565311,0.968309469,107
D089,O070,1,68,2.535965625,139,0.286307662,0.0275532,0.151186277,0.734969069,9
D089,O071,1,68,2.535965625,830,0.025772238,0.059916076,0.006124037,0.854259133,1
D089,O072,1,68,2.535965625,41,0.447028226,0.353970092,0.321029628,0.606201119,5
D089,O073,1,68,2.535965625,22,0.099783277,0.097826372,0.112559894,0.548583884,3
D089,O074,1,68,2.535965625,36,0.042568944,0.004280635,0.087293441,0.86728622,3
D089,O075,1,68,2.535965625,31,0.495260113,0.154710174,0.269857669,0.722353565,5
D089,O076,1,68,2.535965625,202,0.209924614,0.319442165,0.171734319,0.667816616,34
D089,O077,1,68,2.535965625,648,0.325153788,0.303515085,0.316930252,0.613107267,97
D089,O078,1,68,2.535965625,379,0.223960723,0.064878079,0.224272393,0.840645589,80
D089,O079,1,68,2.535965625,65,0.075519811,0.282963886,0.299403793,0.51375586,9
D089,O080,1,68,2.535965625,206,0.124478381,0.390952102,0.159201992,0.812430792,3
D089,O081,1,68,2.535965625,229,0.311863322,0.040757227,0.190953924,0.52059127,6
D089,O082,1,68,2.535965625,630,0.267185735,0.363424574,0.305398084,0.528725737,144
D089,O083,1,68,2.535965625,89,0.002629244,0.11891721,0.012340148,0.799263288,13
D089,O084,1,68,2.535965625,797,0.372992677,0.000386491,0.00152113,0.993396916,169
D089,O085,1,68,2.535965625,66,0.183976656,0.236269207,0.120756181,0.591017322,11
D089,O086,1,68,2.535965625,135,0.469888219,0.056365997,0.043821459,0.952586866,28
D089,O087,1,68,2.535965625,23,0.111840401,0.071296914,0.089679808,0.791166307,2
D089,O088,1,68,2.535965625,74,0.028069089,0.054085246,0.202673962,0.619616712,14
D089,O089,1,68,2.535965625,55,0.492105028,0.101006081,0.474810428,0.657444473,6
D089,O090,1,68,2.535965625,285,0.03434851,0.377557012,0.057284121,0.757204241,14
D089,O091,1,68,2.535965625,85,0.181583703,0.224320695,0.138841885,0.830164928,8
D089,O092,1,68,2.535965625,303,0.442706311,0.172267227,0.436491903,0.897895329,53
D089,O093,1,68,2.535965625,25,0.276275035,0.078153424,0.291384582,0.958605081,1
D089,O094,1,68,2.535965625,888,0.302089761,0.091469055,0.358945917,0.915650339,193
D089,O095,1,68,2.535965625,29,0.365502327,0.314203797,0.177999519,0.631365154,3
D089,O096,1,68,2.535965625,91,0.16170145,0.264353919,0.069555674,0.545005585,20
D090,O001,1,163,2.413144468,184,0.252173292,0.345006223,0.414518539,1.008029851,43
D090,O002,1,163,2.413144468,71,0.386957289,0.33590604,0.423756547,1.030814136,16
D090,O003,1,163,2.413144468,43,0.48531049,0.109844006,0.373132887,0.562934186,5
D090,O004,1,163,2.413144468,544,0.015441285,0.39993713,0.047767101,0.621494583,12
D090,O005,1,163,2.413144468,472,0.458927508,0.08115278,0.018055532,0.751825682,8
D090,O006,1,163,2.413144468,26,0.466438896,0.19990199,0.36047691,0.537345538,5
D090,O007,1,163,2.413144468,20,0.141130372,0.138764594,0.166622366,0.974703346,2
D090,O008,1,163,2.413144468,217,0.118365868,0.010264005,0.438577644,0.70421183,4
D090,O009,1,163,2.413144468,39,0.272204984,0.243100415,0.446678,0.893215891,1
D090,O010,1,163,2.413144468,78,0.42428609,0.04657399,0.47291634,0.886241643,6
D090,O011,1,163,2.413144468,163,0.257766277,0.230369452,0.067376828,1.041013094,24
D090,O012,1,163,2.413144468,121,0.018977159,0.042108472,0.106166432,0.634587855,7
D090,O013,1,163,2.413144468,38,0.13035544,0.200717694,0.465695355,0.90739434,4
D090,O014,1,163,2.413144468,505,0.055050564,0.385744929,0.323573274,0.956197221,126
D090,O015,1,163,2.413144468,369,0.403527677,0.186961283,0.029180542,1.016098144,88
D090,O016,1,163,2.413144468,990,0.188337728,0.211915952,0.403770273,0.683522338,99
D090,O017,1,163,2.413144468,47,0.235947901,0.205558573,0.450421949,0.98550411,1
D090,O018,1,163,2.413144468,128,0.201594351,0.132120615,0.2466657,1.015365814,15
D090,O019,1,163,2.413144468,24,0.431629638,0.254066717,0.253740338,0.934568431,1
D090,O020,1,163,2.413144468,113,0.348269976,0.095285863,0.409466489,0.990902637,28
D090,O021,1,163,2.413144468,35,0.407381528,0.191612689,0.078494355,0.726366674,4
D090,O022,1,163,2.413144468,193,0.265083523,0.114415056,0.48366938,0.770574624,6
D090,O023,1,163,2.413144468,410,0.214451437,0.12789836,0.094002538,0.876090399,34
D090,O024,1,163,2.413144468,109,0.107543079,0.370185632,0.33107989,0.763088384,2
D090,O025,1,163,2.413144468,53,0.129725034,0.023513439,0.022926164,0.647079336,9
D090,O026,1,163,2.413144468,104,0.335746812,0.309055962,0.214783733,0.866605062,9
D090,O027,1,163,2.413144468,120,0.173792118,0.275390581,0.115990185,0.594400816,1
D090,O028,1,163,2.413144468,315,0.161028291,0.149607497,0.243736481,0.836522744,76
D090,O029,1,163,2.413144468,744,0.31398409,0.144642217,0.380464816,1.001095973,47
D090,O030,1,163,2.413144468,96,0.291312931,0.178362873,0.260288981,0.712485371,21
D090,O031,1,163,2.413144468,61,0.375724597,0.298965989,0.344989603,1.023539068,2
D090,O032,1,163,2.413144468,449,0.47407037,0.293964396,0.333868972,0.526716923,86
D090,O033,1,163,2.413144468,28,0.356894295,0.285864598,0.280390934,0.572892371,5
D090,O034,1,163,2.413144468,172,0.339323194,0.106162856,0.193996227,0.976195745,28
D090,O035,1,163,2.413144468,173,0.041159595,0.256897351,0.341435098,0.936656262,22
D090,O036,1,163,2.413144468,83,0.318040863,0.288671609,0.125731933,0.510862581,11
D090,O037,1,163,2.413144468,232,0.083660283,0.374766445,0.463420281,0.901833982,16
D090,O038,1,163,2.413144468,765,0.137328547,0.153890662,0.395745604,0.824092212,73
D090,O039,1,163,2.413144468,48,0.232718262,0.17994217,0.033136716,0.784320075,1
D090,O040,1,163,2.413144468,585,0.392959459,0.39457393,0.498815231,0.847757244,30
D090,O041,1,163,2.413144468,49,0.297735298,0.268205888,0.212580592,0.765018393,7
D090,O042,1,163,2.413144468,533,0.049123846,0.273615249,0.271891148,0.775509181,28
D090,O043,1,163,2.413144468,936,0.154267686,0.332919895,0.389161836,0.694797352,211
D090,O044,1,163,2.413144468,721,0.432376139,0.324925408,0.144007894,0.742867678,148
D090,O045,1,163,2.413144468,692,0.331104768,0.086465045,0.220042135,0.679206917,59
D090,O046,1,163,2.413144468,402,0.241792287,0.134055119,0.264545347,1.045585484,81
D090,O047,1,163,2.413144468,32,0.457593053,0.357426009,0.365235909,0.729886159,4
D090,O048,1,163,2.413144468,45,0.221925977,0.348159922,0.204633474,0.792986797,8
D090,O049,1,163,2.413144468,33,0.068127718,0.327197905,0.351458552,0.638016666,6
D090,O050,1,163,2.413144468,322,0.206052109,0.123509785,0.230258857,0.710466564,78
D090,O051,1,163,2.413144468,264,0.415458501,0.161179135,0.311726789,0.922834621,12
D090,O052,1,163,2.413144468,249,0.293109713,0.381495942,0.29384703,0.500330142,30
D090,O053,1,163,2.413144468,251,0.008437374,0.219704544,0.077608614,0.857828126,11
D090,O054,1,163,2.413144468,70,0.483939677,0.225369653,0.039302168,0.574845385,11
D090,O055,1,163,2.413144468,143,0.09821222,0.163666817,0.285033773,0.601558378,17
D090,O056,1,163,2.413144468,345,0.064149611,0.031223606,0.23904777,0.691855779,21
D090,O057,1,163,2.413144468,100,0.400541493,0.216556949,0.487740957,1.038462113,22
D090,O058,1,163,2.413144468,22,0.090722232,0.036785238,0.101049312,0.663001423,4
D090,O059,1,163,2.413144468,486,0.079431167,0.248195591,0.397292534,0.804788767,76
D090,O060,1,163,2.413144468,273,0.451061182,0.170720182,0.061912147,0.815113055,50
D090,O061,1,163,2.413144468,27,0.381805437,0.01616482,0.491613692,0.675221612,4
D090,O062,1,163,2.413144468,442,0.418928223,0.359834489,0.417321395,0.554105019,34
D090,O063,1,163,2.413144468,159,0.167777479,0.069957712,0.130372357,0.943907134,38
D090,O064,1,163,2.413144468,358,0.061032209,0.305917985,0.455729849,0.927346891,71
D090,O065,1,163,2.413144468,56,0.248866638,0.340199764,0.379559452,0.583546864,5
D090,O066,1,163,2.413144468,149,0.351209323,0.192455527,0.149427886,0.883050134,9
D090,O067,1,163,2.413144468,60,0.359928689,0.02076874,0.174232425,0.648987034,6
D090,O068,1,163,2.413144468,871,0.148525779,0.2389906,0.43126666,0.56330551,22
D090,O069,1,163,2.413144468,600,0.193256125,0.259153683,0.18565311,0.968309469,107
D090,O070,1,163,2.413144468,139,0.286307662,0.0275532,0.151186277,0.734969069,9
D090,O071,1,163,2.413144468,830,0.025772238,0.059916076,0.006124037,0.854259133,1
D090,O072,1,163,2.413144468,41,0.447028226,0.353970092,0.321029628,0.606201119,5
D090,O073,1,163,2.413144468,22,0.099783277,0.097826372,0.112559894,0.548583884,3
D090,O074,1,163,2.413144468,36,0.042568944,0.004280635,0.087293441,0.86728622,3
D090,O075,1,163,2.413144468,31,0.495260113,0.154710174,0.269857669,0.722353565,5
D090,O076,1,163,2.413144468,202,0.209924614,0.319442165,0.171734319,0.667816616,34
D090,O077,1,163,2.413144468,648,0.325153788,0.303515085,0.316930252,0.613107267,97
D090,O078,1,163,2.413144468,379,0.223960723,0.064878079,0.224272393,0.840645589,80
D090,O079,1,163,2.413144468,65,0.075519811,0.282963886,0.299403793,0.51375586,9
D090,O080,1,163,2.413144468,206,0.124478381,0.390952102,0.159201992,0.812430792,3
D090,O081,1,163,2.413144468,229,0.311863322,0.040757227,0.190953924,0.52059127,6
D090,O082,1,163,2.413144468,630,0.267185735,0.363424574,0.305398084,0.528725737,144
D090,O083,1,163,2.413144468,89,0.002629244,0.11891721,0.012340148,0.799263288,13
D090,O084,1,163,2.413144468,797,0.372992677,0.000386491,0.00152113,0.993396916,169
D090,O085,1,163,2.413144468,66,0.183976656,0.236269207,0.120756181,0.591017322,11
D090,O086,1,163,2.413144468,135,0.469888219,0.056365997,0.043821459,0.952586866,28
D090,O087,1,163,2.413144468,23,0.111840401,0.071296914,0.089679808,0.791166307,2
D090,O088,1,163,2.413144468,74,0.028069089,0.054085246,0.202673962,0.619616712,14
D090,O089,1,163,2.413144468,55,0.492105028,0.101006081,0.474810428,0.657444473,6
D090,O090,1,163,2.413144468,285,0.03434851,0.377557012,0.057284121,0.757204241,14
D090,O091,1,163,2.413144468,85,0.181583703,0.224320695,0.138841885,0.830164928,8
D090,O092,1,163,2.413144468,303,0.442706311,0.172267227,0.436491903,0.897895329,53
D090,O093,1,163,2.413144468,25,0.276275035,0.078153424,0.291384582,0.958605081,1
D090,O094,1,163,2.413144468,888,0.302089761,0.091469055,0.358945917,0.915650339,193
D090,O095,1,163,2.413144468,29,0.365502327,0.314203797,0.177999519,0.631365154,3
D090,O096,1,163,2.413144468,91,0.16170145,0.264353919,0.069555674,0.545005585,20
D091,O001,7,101,0.773146718,184,0.252173292,0.345006223,0.414518539,1.008029851,43
D091,O002,7,101,0.773146718,71,0.386957289,0.33590604,0.423756547,1.030814136,16
D091,O003,7,101,0.773146718,43,0.48531049,0.109844006,0.373132887,0.562934186,5
D091,O004,7,101,0.773146718,544,0.015441285,0.39993713,0.047767101,0.621494583,12
D091,O005,7,101,0.773146718,472,0.458927508,0.08115278,0.018055532,0.751825682,8
D091,O006,7,101,0.773146718,26,0.466438896,0.19990199,0.36047691,0.537345538,5
D091,O007,7,101,0.773146718,20,0.141130372,0.138764594,0.166622366,0.974703346,2
D091,O008,7,101,0.773146718,217,0.118365868,0.010264005,0.438577644,0.70421183,4
D091,O009,7,101,0.773146718,39,0.272204984,0.243100415,0.446678,0.893215891,1
D091,O010,7,101,0.773146718,78,0.42428609,0.04657399,0.47291634,0.886241643,6
D091,O011,7,101,0.773146718,163,0.257766277,0.230369452,0.067376828,1.041013094,24
D091,O012,7,101,0.773146718,121,0.018977159,0.042108472,0.106166432,0.634587855,7
D091,O013,7,101,0.773146718,38,0.13035544,0.200717694,0.465695355,0.90739434,4
D091,O014,7,101,0.773146718,505,0.055050564,0.385744929,0.323573274,0.956197221,126
D091,O015,7,101,0.773146718,369,0.403527677,0.186961283,0.029180542,1.016098144,88
D091,O016,7,101,0.773146718,990,0.188337728,0.211915952,0.403770273,0.683522338,99
D091,O017,7,101,0.773146718,47,0.235947901,0.205558573,0.450421949,0.98550411,1
D091,O018,7,101,0.773146718,128,0.201594351,0.132120615,0.2466657,1.015365814,15
D091,O019,7,101,0.773146718,24,0.431629638,0.254066717,0.253740338,0.934568431,1
D091,O020,7,101,0.773146718,113,0.348269976,0.095285863,0.409466489,0.990902637,28
D091,O021,7,101,0.773146718,35,0.407381528,0.191612689,0.078494355,0.726366674,4
D091,O022,7,101,0.773146718,193,0.265083523,0.114415056,0.48366938,0.770574624,6
D091,O023,7,101,0.773146718,410,0.214451437,0.12789836,0.094002538,0.876090399,34
D091,O024,7,101,0.773146718,109,0.107543079,0.370185632,0.33107989,0.763088384,2
D091,O025,7,101,0.773146718,53,0.129725034,0.023513439,0.022926164,0.647079336,9
D091,O026,7,101,0.773146718,104,0.335746812,0.309055962,0.214783733,0.866605062,9
D091,O027,7,101,0.773146718,120,0.173792118,0.275390581,0.115990185,0.594400816,1
D091,O028,7,101,0.773146718,315,0.161028291,0.149607497,0.243736481,0.836522744,76
D091,O029,7,101,0.773146718,744,0.31398409,0.144642217,0.380464816,1.001095973,47
D091,O030,7,101,0.773146718,96,0.291312931,0.178362873,0.260288981,0.712485371,21
D091,O031,7,101,0.773146718,61,0.375724597,0.298965989,0.344989603,1.023539068,2
D091,O032,7,101,0.773146718,449,0.47407037,0.293964396,0.333868972,0.526716923,86
D091,O033,7,101,0.773146718,28,0.356894295,0.285864598,0.280390934,0.572892371,5
D091,O034,7,101,0.773146718,172,0.339323194,0.106162856,0.193996227,0.976195745,28
D091,O035,7,101,0.773146718,173,0.041159595,0.256897351,0.341435098,0.936656262,22
D091,O036,7,101,0.773146718,83,0.318040863,0.288671609,0.125731933,0.510862581,11
D091,O037,7,101,0.773146718,232,0.083660283,0.374766445,0.463420281,0.901833982,16
D091,O038,7,101,0.773146718,765,0.137328547,0.153890662,0.395745604,0.824092212,73
D091,O039,7,101,0.773146718,48,0.232718262,0.17994217,0.033136716,0.784320075,1
D091,O040,7,101,0.773146718,585,0.392959459,0.39457393,0.498815231,0.847757244,30
D091,O041,7,101,0.773146718,49,0.297735298,0.268205888,0.212580592,0.765018393,7
D091,O042,7,101,0.773146718,533,0.049123846,0.273615249,0.271891148,0.775509181,28
D091,O043,7,101,0.773146718,936,0.154267686,0.332919895,0.389161836,0.694797352,211
D091,O044,7,101,0.773146718,721,0.432376139,0.324925408,0.144007894,0.742867678,148
D091,O045,7,101,0.773146718,692,0.331104768,0.086465045,0.220042135,0.679206917,59
D091,O046,7,101,0.773146718,402,0.241792287,0.134055119,0.264545347,1.045585484,81
D091,O047,7,101,0.773146718,32,0.457593053,0.357426009,0.365235909,0.729886159,4
D091,O048,7,101,0.773146718,45,0.221925977,0.348159922,0.204633474,0.792986797,8
D091,O049,7,101,0.773146718,33,0.068127718,0.327197905,0.351458552,0.638016666,6
D091,O050,7,101,0.773146718,322,0.206052109,0.123509785,0.230258857,0.710466564,78
D091,O051,7,101,0.773146718,264,0.415458501,0.161179135,0.311726789,0.922834621,12
D091,O052,7,101,0.773146718,249,0.293109713,0.381495942,0.29384703,0.500330142,30
D091,O053,7,101,0.773146718,251,0.008437374,0.219704544,0.077608614,0.857828126,11
D091,O054,7,101,0.773146718,70,0.483939677,0.225369653,0.039302168,0.574845385,11
D091,O055,7,101,0.773146718,143,0.09821222,0.163666817,0.285033773,0.601558378,17
D091,O056,7,101,0.773146718,345,0.064149611,0.031223606,0.23904777,0.691855779,21
D091,O057,7,101,0.773146718,100,0.400541493,0.216556949,0.487740957,1.038462113,22
D091,O058,7,101,0.773146718,22,0.090722232,0.036785238,0.101049312,0.663001423,4
D091,O059,7,101,0.773146718,486,0.079431167,0.248195591,0.397292534,0.804788767,76
D091,O060,7,101,0.773146718,273,0.451061182,0.170720182,0.061912147,0.815113055,50
D091,O061,7,101,0.773146718,27,0.381805437,0.01616482,0.491613692,0.675221612,4
D091,O062,7,101,0.773146718,442,0.418928223,0.359834489,0.417321395,0.554105019,34
D091,O063,7,101,0.773146718,159,0.167777479,0.069957712,0.130372357,0.943907134,38
D091,O064,7,101,0.773146718,358,0.061032209,0.305917985,0.455729849,0.927346891,71
D091,O065,7,101,0.773146718,56,0.248866638,0.340199764,0.379559452,0.583546864,5
D091,O066,7,101,0.773146718,149,0.351209323,0.192455527,0.149427886,0.883050134,9
D091,O067,7,101,0.773146718,60,0.359928689,0.02076874,0.174232425,0.648987034,6
D091,O068,7,101,0.773146718,871,0.148525779,0.2389906,0.43126666,0.56330551,22
D091,O069,7,101,0.773146718,600,0.193256125,0.259153683,0.18565311,0.968309469,107
D091,O070,7,101,0.773146718,139,0.286307662,0.0275532,0.151186277,0.734969069,9
D091,O071,7,101,0.773146718,830,0.025772238,0.059916076,0.006124037,0.854259133,1
D091,O072,7,101,0.773146718,41,0.447028226,0.353970092,0.321029628,0.606201119,5
D091,O073,7,101,0.773146718,22,0.099783277,0.097826372,0.112559894,0.548583884,3
D091,O074,7,101,0.773146718,36,0.042568944,0.004280635,0.087293441,0.86728622,3
D091,O075,7,101,0.773146718,31,0.495260113,0.154710174,0.269857669,0.722353565,5
D091,O076,7,101,0.773146718,202,0.209924614,0.319442165,0.171734319,0.667816616,34
D091,O077,7,101,0.773146718,648,0.325153788,0.303515085,0.316930252,0.613107267,97
D091,O078,7,101,0.773146718,379,0.223960723,0.064878079,0.224272393,0.840645589,80
D091,O079,7,101,0.773146718,65,0.075519811,0.282963886,0.299403793,0.51375586,9
D091,O080,7,101,0.773146718,206,0.124478381,0.390952102,0.159201992,0.812430792,3
D091,O081,7,101,0.773146718,229,0.311863322,0.040757227,0.190953924,0.52059127,6
D091,O082,7,101,0.773146718,630,0.267185735,0.363424574,0.305398084,0.528725737,144
D091,O083,7,101,0.773146718,89,0.002629244,0.11891721,0.012340148,0.799263288,13
D091,O084,7,101,0.773146718,797,0.372992677,0.000386491,0.00152113,0.993396916,169
D091,O085,7,101,0.773146718,66,0.183976656,0.236269207,0.120756181,0.591017322,11
D091,O086,7,101,0.773146718,135,0.469888219,0.056365997,0.043821459,0.952586866,28
D091,O087,7,101,0.773146718,23,0.111840401,0.071296914,0.089679808,0.791166307,2
D091,O088,7,101,0.773146718,74,0.028069089,0.054085246,0.202673962,0.619616712,14
D091,O089,7,101,0.773146718,55,0.492105028,0.101006081,0.474810428,0.657444473,6
D091,O090,7,101,0.773146718,285,0.03434851,0.377557012,0.057284121,0.757204241,14
D091,O091,7,101,0.773146718,85,0.181583703,0.224320695,0.138841885,0.830164928,8
D091,O092,7,101,0.773146718,303,0.442706311,0.172267227,0.436491903,0.897895329,53
D091,O093,7,101,0.773146718,25,0.276275035,0.078153424,0.291384582,0.958605081,1
D091,O094,7,101,0.773146718,888,0.302089761,0.091469055,0.358945917,0.915650339,193
D091,O095,7,101,0.773146718,29,0.365502327,0.314203797,0.177999519,0.631365154,3
D091,O096,7,101,0.773146718,91,0.16170145,0.264353919,0.069555674,0.545005585,20
D092,O001,6,377,1.78568148,184,0.252173292,0.345006223,0.414518539,1.008029851,43
D092,O002,6,377,1.78568148,71,0.386957289,0.33590604,0.423756547,1.030814136,16
D092,O003,6,377,1.78568148,43,0.48531049,0.109844006,0.373132887,0.562934186,5
D092,O004,6,377,1.78568148,544,0.015441285,0.39993713,0.047767101,0.621494583,12
D092,O005,6,377,1.78568148,472,0.458927508,0.08115278,0.018055532,0.751825682,8
D092,O006,6,377,1.78568148,26,0.466438896,0.19990199,0.36047691,0.537345538,5
D092,O007,6,377,1.78568148,20,0.141130372,0.138764594,0.166622366,0.974703346,2
D092,O008,6,377,1.78568148,217,0.118365868,0.010264005,0.438577644,0.70421183,4
D092,O009,6,377,1.78568148,39,0.272204984,0.243100415,0.446678,0.893215891,1
D092,O010,6,377,1.78568148,78,0.42428609,0.04657399,0.47291634,0.886241643,6
D092,O011,6,377,1.78568148,163,0.257766277,0.230369452,0.067376828,1.041013094,24
D092,O012,6,377,1.78568148,121,0.018977159,0.042108472,0.106166432,0.634587855,7
D092,O013,6,377,1.78568148,38,0.13035544,0.200717694,0.465695355,0.90739434,4
D092,O014,6,377,1.78568148,505,0.055050564,0.385744929,0.323573274,0.956197221,126
D092,O015,6,377,1.78568148,369,0.403527677,0.186961283,0.029180542,1.016098144,88
D092,O016,6,377,1.78568148,990,0.188337728,0.211915952,0.403770273,0.683522338,99
D092,O017,6,377,1.78568148,47,0.235947901,0.205558573,0.450421949,0.98550411,1
D092,O018,6,377,1.78568148,128,0.201594351,0.132120615,0.2466657,1.015365814,15
D092,O019,6,377,1.78568148,24,0.431629638,0.254066717,0.253740338,0.934568431,1
D092,O020,6,377,1.78568148,113,0.348269976,0.095285863,0.409466489,0.990902637,28
D092,O021,6,377,1.78568148,35,0.407381528,0.191612689,0.078494355,0.726366674,4
D092,O022,6,377,1.78568148,193,0.265083523,0.114415056,0.48366938,0.770574624,6
D092,O023,6,377,1.78568148,410,0.214451437,0.12789836,0.094002538,0.876090399,34
D092,O024,6,377,1.78568148,109,0.107543079,0.370185632,0.33107989,0.763088384,2
D092,O025,6,377,1.78568148,53,0.129725034,0.023513439,0.022926164,0.647079336,9
D092,O026,6,377,1.78568148,104,0.335746812,0.309055962,0.214783733,0.866605062,9
D092,O027,6,377,1.78568148,120,0.173792118,0.275390581,0.115990185,0.594400816,1
D092,O028,6,377,1.78568148,315,0.161028291,0.149607497,0.243736481,0.836522744,76
D092,O029,6,377,1.78568148,744,0.31398409,0.144642217,0.380464816,1.001095973,47
D092,O030,6,377,1.78568148,96,0.291312931,0.178362873,0.260288981,0.712485371,21
D092,O031,6,377,1.78568148,61,0.375724597,0.298965989,0.344989603,1.023539068,2
D092,O032,6,377,1.78568148,449,0.47407037,0.293964396,0.333868972,0.526716923,86
D092,O033,6,377,1.78568148,28,0.356894295,0.285864598,0.280390934,0.572892371,5
D092,O034,6,377,1.78568148,172,0.339323194,0.106162856,0.193996227,0.976195745,28
D092,O035,6,377,1.78568148,173,0.041159595,0.256897351,0.341435098,0.936656262,22
D092,O036,6,377,1.78568148,83,0.318040863,0.288671609,0.125731933,0.510862581,11
D092,O037,6,377,1.78568148,232,0.083660283,0.374766445,0.463420281,0.901833982,16
D092,O038,6,377,1.78568148,765,0.137328547,0.153890662,0.395745604,0.824092212,73
D092,O039,6,377,1.78568148,48,0.232718262,0.17994217,0.033136716,0.784320075,1
D092,O040,6,377,1.78568148,585,0.392959459,0.39457393,0.498815231,0.847757244,30
D092,O041,6,377,1.78568148,49,0.297735298,0.268205888,0.212580592,0.765018393,7
D092,O042,6,377,1.78568148,533,0.049123846,0.273615249,0.271891148,0.775509181,28
D092,O043,6,377,1.78568148,936,0.154267686,0.332919895,0.389161836,0.694797352,211
D092,O044,6,377,1.78568148,721,0.432376139,0.324925408,0.144007894,0.742867678,148
D092,O045,6,377,1.78568148,692,0.331104768,0.086465045,0.220042135,0.679206917,59
D092,O046,6,377,1.78568148,402,0.241792287,0.134055119,0.264545347,1.045585484,81
D092,O047,6,377,1.78568148,32,0.457593053,0.357426009,0.365235909,0.729886159,4
D092,O048,6,377,1.78568148,45,0.221925977,0.348159922,0.204633474,0.792986797,8
D092,O049,6,377,1.78568148,33,0.068127718,0.327197905,0.351458552,0.638016666,6
D092,O050,6,377,1.78568148,322,0.206052109,0.123509785,0.230258857,0.710466564,78
D092,O051,6,377,1.78568148,264,0.415458501,0.161179135,0.311726789,0.922834621,12
D092,O052,6,377,1.78568148,249,0.293109713,0.381495942,0.29384703,0.500330142,30
D092,O053,6,377,1.78568148,251,0.008437374,0.219704544,0.077608614,0.857828126,11
D092,O054,6,377,1.78568148,70,0.483939677,0.225369653,0.039302168,0.574845385,11
D092,O055,6,377,1.78568148,143,0.09821222,0.163666817,0.285033773,0.601558378,17
D092,O056,6,377,1.78568148,345,0.064149611,0.031223606,0.23904777,0.691855779,21
D092,O057,6,377,1.78568148,100,0.400541493,0.216556949,0.487740957,1.038462113,22
D092,O058,6,377,1.78568148,22,0.090722232,0.036785238,0.101049312,0.663001423,4
D092,O059,6,377,1.78568148,486,0.079431167,0.248195591,0.397292534,0.804788767,76
D092,O060,6,377,1.78568148,273,0.451061182,0.170720182,0.061912147,0.815113055,50
D092,O061,6,377,1.78568148,27,0.381805437,0.01616482,0.491613692,0.675221612,4
D092,O062,6,377,1.78568148,442,0.418928223,0.359834489,0.417321395,0.554105019,34
D092,O063,6,377,1.78568148,159,0.167777479,0.069957712,0.130372357,0.943907134,38
D092,O064,6,377,1.78568148,358,0.061032209,0.305917985,0.455729849,0.927346891,71
D092,O065,6,377,1.78568148,56,0.248866638,0.340199764,0.379559452,0.583546864,5
D092,O066,6,377,1.78568148,149,0.351209323,0.192455527,0.149427886,0.883050134,9
D092,O067,6,377,1.78568148,60,0.359928689,0.02076874,0.174232425,0.648987034,6
D092,O068,6,377,1.78568148,871,0.148525779,0.2389906,0.43126666,0.56330551,22
D092,O069,6,377,1.78568148,600,0.193256125,0.259153683,0.18565311,0.968309469,107
D092,O070,6,377,1.78568148,139,0.286307662,0.0275532,0.151186277,0.734969069,9
D092,O071,6,377,1.78568148,830,0.025772238,0.059916076,0.006124037,0.854259133,1
D092,O072,6,377,1.78568148,41,0.447028226,0.353970092,0.321029628,0.606201119,5
D092,O073,6,377,1.78568148,22,0.099783277,0.097826372,0.112559894,0.548583884,3
D092,O074,6,377,1.78568148,36,0.042568944,0.004280635,0.087293441,0.86728622,3
D092,O075,6,377,1.78568148,31,0.495260113,0.154710174,0.269857669,0.722353565,5
D092,O076,6,377,1.78568148,202,0.209924614,0.319442165,0.171734319,0.667816616,34
D092,O077,6,377,1.78568148,648,0.325153788,0.303515085,0.316930252,0.613107267,97
D092,O078,6,377,1.78568148,379,0.223960723,0.064878079,0.224272393,0.840645589,80
D092,O079,6,377,1.78568148,65,0.075519811,0.282963886,0.299403793,0.51375586,9
D092,O080,6,377,1.78568148,206,0.124478381,0.390952102,0.159201992,0.812430792,3
D092,O081,6,377,1.78568148,229,0.311863322,0.040757227,0.190953924,0.52059127,6
D092,O082,6,377,1.78568148,630,0.267185735,0.363424574,0.305398084,0.528725737,144
D092,O083,6,377,1.78568148,89,0.002629244,0.11891721,0.012340148,0.799263288,13
D092,O084,6,377,1.78568148,797,0.372992677,0.000386491,0.00152113,0.993396916,169
D092,O085,6,377,1.78568148,66,0.183976656,0.236269207,0.120756181,0.591017322,11
D092,O086,6,377,1.78568148,135,0.469888219,0.056365997,0.043821459,0.952586866,28
D092,O087,6,377,1.78568148,23,0.111840401,0.071296914,0.089679808,0.791166307,2
D092,O088,6,377,1.78568148,74,0.028069089,0.054085246,0.202673962,0.619616712,14
D092,O089,6,377,1.78568148,55,0.492105028,0.101006081,0.474810428,0.657444473,6
D092,O090,6,377,1.78568148,285,0.03434851,0.377557012,0.057284121,0.757204241,14
D092,O091,6,377,1.78568148,85,0.181583703,0.224320695,0.138841885,0.830164928,8
D092,O092,6,377,1.78568148,303,0.442706311,0.172267227,0.436491903,0.897895329,53
D092,O093,6,377,1.78568148,25,0.276275035,0.078153424,0.291384582,0.958605081,1
D092,O094,6,377,1.78568148,888,0.302089761,0.091469055,0.358945917,0.915650339,193
D092,O095,6,377,1.78568148,29,0.365502327,0.314203797,0.177999519,0.631365154,3
D092,O096,6,377,1.78568148,91,0.16170145,0.264353919,0.069555674,0.545005585,20
D093,O001,1,536,0.256406048,184,0.252173292,0.345006223,0.414518539,1.008029851,43
D093,O002,1,536,0.256406048,71,0.386957289,0.33590604,0.423756547,1.030814136,16
D093,O003,1,536,0.256406048,43,0.48531049,0.109844006,0.373132887,0.562934186,5
D093,O004,1,536,0.256406048,544,0.015441285,0.39993713,0.047767101,0.621494583,12
D093,O005,1,536,0.256406048,472,0.458927508,0.08115278,0.018055532,0.751825682,8
D093,O006,1,536,0.256406048,26,0.466438896,0.19990199,0.36047691,0.537345538,5
D093,O007,1,536,0.256406048,20,0.141130372,0.138764594,0.166622366,0.974703346,2
D093,O008,1,536,0.256406048,217,0.118365868,0.010264005,0.438577644,0.70421183,4
D093,O009,1,536,0.256406048,39,0.272204984,0.243100415,0.446678,0.893215891,1
D093,O010,1,536,0.256406048,78,0.42428609,0.04657399,0.47291634,0.886241643,6
D093,O011,1,536,0.256406048,163,0.257766277,0.230369452,0.067376828,1.041013094,24
D093,O012,1,536,0.256406048,121,0.018977159,0.042108472,0.106166432,0.634587855,7
D093,O013,1,536,0.256406048,38,0.13035544,0.200717694,0.465695355,0.90739434,4
D093,O014,1,536,0.256406048,505,0.055050564,0.385744929,0.323573274,0.956197221,126
D093,O015,1,536,0.256406048,369,0.403527677,0.186961283,0.029180542,1.016098144,88
D093,O016,1,536,0.256406048,990,0.188337728,0.211915952,0.403770273,0.683522338,99
D093,O017,1,536,0.256406048,47,0.235947901,0.205558573,0.450421949,0.98550411,1
D093,O018,1,536,0.256406048,128,0.201594351,0.132120615,0.2466657,1.015365814,15
D093,O019,1,536,0.256406048,24,0.431629638,0.254066717,0.253740338,0.934568431,1
D093,O020,1,536,0.256406048,113,0.348269976,0.095285863,0.409466489,0.990902637,28
D093,O021,1,536,0.256406048,35,0.407381528,0.191612689,0.078494355,0.726366674,4
D093,O022,1,536,0.256406048,193,0.265083523,0.114415056,0.48366938,0.770574624,6
D093,O023,1,536,0.256406048,410,0.214451437,0.12789836,0.094002538,0.876090399,34
D093,O024,1,536,0.256406048,109,0.107543079,0.370185632,0.33107989,0.763088384,2
D093,O025,1,536,0.256406048,53,0.129725034,0.023513439,0.022926164,0.647079336,9
D093,O026,1,536,0.256406048,104,0.335746812,0.309055962,0.214783733,0.866605062,9
D093,O027,1,536,0.256406048,120,0.173792118,0.275390581,0.115990185,0.594400816,1
D093,O028,1,536,0.256406048,315,0.161028291,0.149607497,0.243736481,0.836522744,76
D093,O029,1,536,0.256406048,744,0.31398409,0.144642217,0.380464816,1.001095973,47
D093,O030,1,536,0.256406048,96,0.291312931,0.178362873,0.260288981,0.712485371,21
D093,O031,1,536,0.256406048,61,0.375724597,0.298965989,0.344989603,1.023539068,2
D093,O032,1,536,0.256406048,449,0.47407037,0.293964396,0.333868972,0.526716923,86
D093,O033,1,536,0.256406048,28,0.356894295,0.285864598,0.280390934,0.572892371,5
D093,O034,1,536,0.256406048,172,0.339323194,0.106162856,0.193996227,0.976195745,28
D093,O035,1,536,0.256406048,173,0.041159595,0.256897351,0.341435098,0.936656262,22
D093,O036,1,536,0.256406048,83,0.318040863,0.288671609,0.125731933,0.510862581,11
D093,O037,1,536,0.256406048,232,0.083660283,0.374766445,0.463420281,0.901833982,16
D093,O038,1,536,0.256406048,765,0.137328547,0.153890662,0.395745604,0.824092212,73
D093,O039,1,536,0.256406048,48,0.232718262,0.17994217,0.033136716,0.784320075,1
D093,O040,1,536,0.256406048,585,0.392959459,0.39457393,0.498815231,0.847757244,30
D093,O041,1,536,0.256406048,49,0.297735298,0.268205888,0.212580592,0.765018393,7
D093,O042,1,536,0.256406048,533,0.049123846,0.273615249,0.271891148,0.775509181,28
D093,O043,1,536,0.256406048,936,0.154267686,0.332919895,0.389161836,0.694797352,211
D093,O044,1,536,0.256406048,721,0.432376139,0.324925408,0.144007894,0.742867678,148
D093,O045,1,536,0.256406048,692,0.331104768,0.086465045,0.220042135,0.679206917,59
D093,O046,1,536,0.256406048,402,0.241792287,0.134055119,0.264545347,1.045585484,81
D093,O047,1,536,0.256406048,32,0.457593053,0.357426009,0.365235909,0.729886159,4
D093,O048,1,536,0.256406048,45,0.221925977,0.348159922,0.204633474,0.792986797,8
D093,O049,1,536,0.256406048,33,0.068127718,0.327197905,0.351458552,0.638016666,6
D093,O050,1,536,0.256406048,322,0.206052109,0.123509785,0.230258857,0.710466564,78
D093,O051,1,536,0.256406048,264,0.415458501,0.161179135,0.311726789,0.922834621,12
D093,O052,1,536,0.256406048,249,0.293109713,0.381495942,0.29384703,0.500330142,30
D093,O053,1,536,0.256406048,251,0.008437374,0.219704544,0.077608614,0.857828126,11
D093,O054,1,536,0.256406048,70,0.483939677,0.225369653,0.039302168,0.574845385,11
D093,O055,1,536,0.256406048,143,0.09821222,0.163666817,0.285033773,0.601558378,17
D093,O056,1,536,0.256406048,345,0.064149611,0.031223606,0.23904777,0.691855779,21
D093,O057,1,536,0.256406048,100,0.400541493,0.216556949,0.487740957,1.038462113,22
D093,O058,1,536,0.256406048,22,0.090722232,0.036785238,0.101049312,0.663001423,4
D093,O059,1,536,0.256406048,486,0.079431167,0.248195591,0.397292534,0.804788767,76
D093,O060,1,536,0.256406048,273,0.451061182,0.170720182,0.061912147,0.815113055,50
D093,O061,1,536,0.256406048,27,0.381805437,0.01616482,0.491613692,0.675221612,4
D093,O062,1,536,0.256406048,442,0.418928223,0.359834489,0.417321395,0.554105019,34
D093,O063,1,536,0.256406048,159,0.167777479,0.069957712,0.130372357,0.943907134,38
D093,O064,1,536,0.256406048,358,0.061032209,0.305917985,0.455729849,0.927346891,71
D093,O065,1,536,0.256406048,56,0.248866638,0.340199764,0.379559452,0.583546864,5
D093,O066,1,536,0.256406048,149,0.351209323,0.192455527,0.149427886,0.883050134,9
D093,O067,1,536,0.256406048,60,0.359928689,0.02076874,0.174232425,0.648987034,6
D093,O068,1,536,0.256406048,871,0.148525779,0.2389906,0.43126666,0.56330551,22
D093,O069,1,536,0.256406048,600,0.193256125,0.259153683,0.18565311,0.968309469,107
D093,O070,1,536,0.256406048,139,0.286307662,0.0275532,0.151186277,0.734969069,9
D093,O071,1,536,0.256406048,830,0.025772238,0.059916076,0.006124037,0.854259133,1
D093,O072,1,536,0.256406048,41,0.447028226,0.353970092,0.321029628,0.606201119,5
D093,O073,1,536,0.256406048,22,0.099783277,0.097826372,0.112559894,0.548583884,3
D093,O074,1,536,0.256406048,36,0.042568944,0.004280635,0.087293441,0.86728622,3
D093,O075,1,536,0.256406048,31,0.495260113,0.154710174,0.269857669,0.722353565,5
D093,O076,1,536,0.256406048,202,0.209924614,0.319442165,0.171734319,0.667816616,34
D093,O077,1,536,0.256406048,648,0.325153788,0.303515085,0.316930252,0.613107267,97
D093,O078,1,536,0.256406048,379,0.223960723,0.064878079,0.224272393,0.840645589,80
D093,O079,1,536,0.256406048,65,0.075519811,0.282963886,0.299403793,0.51375586,9
D093,O080,1,536,0.256406048,206,0.124478381,0.390952102,0.159201992,0.812430792,3
D093,O081,1,536,0.256406048,229,0.311863322,0.040757227,0.190953924,0.52059127,6
D093,O082,1,536,0.256406048,630,0.267185735,0.363424574,0.305398084,0.528725737,144
D093,O083,1,536,0.256406048,89,0.002629244,0.11891721,0.012340148,0.799263288,13
D093,O084,1,536,0.256406048,797,0.372992677,0.000386491,0.00152113,0.993396916,169
D093,O085,1,536,0.256406048,66,0.183976656,0.236269207,0.120756181,0.591017322,11
D093,O086,1,536,0.256406048,135,0.469888219,0.056365997,0.043821459,0.952586866,28
D093,O087,1,536,0.256406048,23,0.111840401,0.071296914,0.089679808,0.791166307,2
D093,O088,1,536,0.256406048,74,0.028069089,0.054085246,0.202673962,0.619616712,14
D093,O089,1,536,0.256406048,55,0.492105028,0.101006081,0.474810428,0.657444473,6
D093,O090,1,536,0.256406048,285,0.03434851,0.377557012,0.057284121,0.757204241,14
D093,O091,1,536,0.256406048,85,0.181583703,0.224320695,0.138841885,0.830164928,8
D093,O092,1,536,0.256406048,303,0.442706311,0.172267227,0.436491903,0.897895329,53
D093,O093,1,536,0.256406048,25,0.276275035,0.078153424,0.291384582,0.958605081,1
D093,O094,1,536,0.256406048,888,0.302089761,0.091469055,0.358945917,0.915650339,193
D093,O095,1,536,0.256406048,29,0.365502327,0.314203797,0.177999519,0.631365154,3
D093,O096,1,536,0.256406048,91,0.16170145,0.264353919,0.069555674,0.545005585,20
D094,O001,6,238,7.339452886,184,0.252173292,0.345006223,0.414518539,1.008029851,43
D094,O002,6,238,7.339452886,71,0.386957289,0.33590604,0.423756547,1.030814136,16
D094,O003,6,238,7.339452886,43,0.48531049,0.109844006,0.373132887,0.562934186,5
D094,O004,6,238,7.339452886,544,0.015441285,0.39993713,0.047767101,0.621494583,12
D094,O005,6,238,7.339452886,472,0.458927508,0.08115278,0.018055532,0.751825682,8
D094,O006,6,238,7.339452886,26,0.466438896,0.19990199,0.36047691,0.537345538,5
D094,O007,6,238,7.339452886,20,0.141130372,0.138764594,0.166622366,0.974703346,2
D094,O008,6,238,7.339452886,217,0.118365868,0.010264005,0.438577644,0.70421183,4
D094,O009,6,238,7.339452886,39,0.272204984,0.243100415,0.446678,0.893215891,1
D094,O010,6,238,7.339452886,78,0.42428609,0.04657399,0.47291634,0.886241643,6
D094,O011,6,238,7.339452886,163,0.257766277,0.230369452,0.067376828,1.041013094,24
D094,O012,6,238,7.339452886,121,0.018977159,0.042108472,0.106166432,0.634587855,7
D094,O013,6,238,7.339452886,38,0.13035544,0.200717694,0.465695355,0.90739434,4
D094,O014,6,238,7.339452886,505,0.055050564,0.385744929,0.323573274,0.956197221,126
D094,O015,6,238,7.339452886,369,0.403527677,0.186961283,0.029180542,1.016098144,88
D094,O016,6,238,7.339452886,990,0.188337728,0.211915952,0.403770273,0.683522338,99
D094,O017,6,238,7.339452886,47,0.235947901,0.205558573,0.450421949,0.98550411,1
D094,O018,6,238,7.339452886,128,0.201594351,0.132120615,0.2466657,1.015365814,15
D094,O019,6,238,7.339452886,24,0.431629638,0.254066717,0.253740338,0.934568431,1
D094,O020,6,238,7.339452886,113,0.348269976,0.095285863,0.409466489,0.990902637,28
D094,O021,6,238,7.339452886,35,0.407381528,0.191612689,0.078494355,0.726366674,4
D094,O022,6,238,7.339452886,193,0.265083523,0.114415056,0.48366938,0.770574624,6
D094,O023,6,238,7.339452886,410,0.214451437,0.12789836,0.094002538,0.876090399,34
D094,O024,6,238,7.339452886,109,0.107543079,0.370185632,0.33107989,0.763088384,2
D094,O025,6,238,7.339452886,53,0.129725034,0.023513439,0.022926164,0.647079336,9
D094,O026,6,238,7.339452886,104,0.335746812,0.309055962,0.214783733,0.866605062,9
D094,O027,6,238,7.339452886,120,0.173792118,0.275390581,0.115990185,0.594400816,1
D094,O028,6,238,7.339452886,315,0.161028291,0.149607497,0.243736481,0.836522744,76
D094,O029,6,238,7.339452886,744,0.31398409,0.144642217,0.380464816,1.001095973,47
D094,O030,6,238,7.339452886,96,0.291312931,0.178362873,0.260288981,0.712485371,21
D094,O031,6,238,7.339452886,61,0.375724597,0.298965989,0.344989603,1.023539068,2
D094,O032,6,238,7.339452886,449,0.47407037,0.293964396,0.333868972,0.526716923,86
D094,O033,6,238,7.339452886,28,0.356894295,0.285864598,0.280390934,0.572892371,5
D094,O034,6,238,7.339452886,172,0.339323194,0.106162856,0.193996227,0.976195745,28
D094,O035,6,238,7.339452886,173,0.041159595,0.256897351,0.341435098,0.936656262,22
D094,O036,6,238,7.339452886,83,0.318040863,0.288671609,0.125731933,0.510862581,11
D094,O037,6,238,7.339452886,232,0.083660283,0.374766445,0.463420281,0.901833982,16
D094,O038,6,238,7.339452886,765,0.137328547,0.153890662,0.395745604,0.824092212,73
D094,O039,6,238,7.339452886,48,0.232718262,0.17994217,0.033136716,0.784320075,1
D094,O040,6,238,7.339452886,585,0.392959459,0.39457393,0.498815231,0.847757244,30
D094,O041,6,238,7.339452886,49,0.297735298,0.268205888,0.212580592,0.765018393,7
D094,O042,6,238,7.339452886,533,0.049123846,0.273615249,0.271891148,0.775509181,28
D094,O043,6,238,7.339452886,936,0.154267686,0.332919895,0.389161836,0.694797352,211
D094,O044,6,238,7.339452886,721,0.432376139,0.324925408,0.144007894,0.742867678,148
D094,O045,6,238,7.339452886,692,0.331104768,0.086465045,0.220042135,0.679206917,59
D094,O046,6,238,7.339452886,402,0.241792287,0.134055119,0.264545347,1.045585484,81
D094,O047,6,238,7.339452886,32,0.457593053,0.357426009,0.365235909,0.729886159,4
D094,O048,6,238,7.339452886,45,0.221925977,0.348159922,0.204633474,0.792986797,8
D094,O049,6,238,7.339452886,33,0.068127718,0.327197905,0.351458552,0.638016666,6
D094,O050,6,238,7.339452886,322,0.206052109,0.123509785,0.230258857,0.710466564,78
D094,O051,6,238,7.339452886,264,0.415458501,0.161179135,0.311726789,0.922834621,12
D094,O052,6,238,7.339452886,249,0.293109713,0.381495942,0.29384703,0.500330142,30
D094,O053,6,238,7.339452886,251,0.008437374,0.219704544,0.077608614,0.857828126,11
D094,O054,6,238,7.339452886,70,0.483939677,0.225369653,0.039302168,0.574845385,11
D094,O055,6,238,7.339452886,143,0.09821222,0.163666817,0.285033773,0.601558378,17
D094,O056,6,238,7.339452886,345,0.064149611,0.031223606,0.23904777,0.691855779,21
D094,O057,6,238,7.339452886,100,0.400541493,0.216556949,0.487740957,1.038462113,22
D094,O058,6,238,7.339452886,22,0.090722232,0.036785238,0.101049312,0.663001423,4
D094,O059,6,238,7.339452886,486,0.079431167,0.248195591,0.397292534,0.804788767,76
D094,O060,6,238,7.339452886,273,0.451061182,0.170720182,0.061912147,0.815113055,50
D094,O061,6,238,7.339452886,27,0.381805437,0.01616482,0.491613692,0.675221612,4
D094,O062,6,238,7.339452886,442,0.418928223,0.359834489,0.417321395,0.554105019,34
D094,O063,6,238,7.339452886,159,0.167777479,0.069957712,0.130372357,0.943907134,38
D094,O064,6,238,7.339452886,358,0.061032209,0.305917985,0.455729849,0.927346891,71
D094,O065,6,238,7.339452886,56,0.248866638,0.340199764,0.379559452,0.583546864,5
D094,O066,6,238,7.339452886,149,0.351209323,0.192455527,0.149427886,0.883050134,9
D094,O067,6,238,7.339452886,60,0.359928689,0.02076874,0.174232425,0.648987034,6
D094,O068,6,238,7.339452886,871,0.148525779,0.2389906,0.43126666,0.56330551,22
D094,O069,6,238,7.339452886,600,0.193256125,0.259153683,0.18565311,0.968309469,107
D094,O070,6,238,7.339452886,139,0.286307662,0.0275532,0.151186277,0.734969069,9
D094,O071,6,238,7.339452886,830,0.025772238,0.059916076,0.006124037,0.854259133,1
D094,O072,6,238,7.339452886,41,0.447028226,0.353970092,0.321029628,0.606201119,5
D094,O073,6,238,7.339452886,22,0.099783277,0.097826372,0.112559894,0.548583884,3
D094,O074,6,238,7.339452886,36,0.042568944,0.004280635,0.087293441,0.86728622,3
D094,O075,6,238,7.339452886,31,0.495260113,0.154710174,0.269857669,0.722353565,5
D094,O076,6,238,7.339452886,202,0.209924614,0.319442165,0.171734319,0.667816616,34
D094,O077,6,238,7.339452886,648,0.325153788,0.303515085,0.316930252,0.613107267,97
D094,O078,6,238,7.339452886,379,0.223960723,0.064878079,0.224272393,0.840645589,80
D094,O079,6,238,7.339452886,65,0.075519811,0.282963886,0.299403793,0.51375586,9
D094,O080,6,238,7.339452886,206,0.124478381,0.390952102,0.159201992,0.812430792,3
D094,O081,6,238,7.339452886,229,0.311863322,0.040757227,0.190953924,0.52059127,6
D094,O082,6,238,7.339452886,630,0.267185735,0.363424574,0.305398084,0.528725737,144
D094,O083,6,238,7.339452886,89,0.002629244,0.11891721,0.012340148,0.799263288,13
D094,O084,6,238,7.339452886,797,0.372992677,0.000386491,0.00152113,0.993396916,169
D094,O085,6,238,7.339452886,66,0.183976656,0.236269207,0.120756181,0.591017322,11
D094,O086,6,238,7.339452886,135,0.469888219,0.056365997,0.043821459,0.952586866,28
D094,O087,6,238,7.339452886,23,0.111840401,0.071296914,0.089679808,0.791166307,2
D094,O088,6,238,7.339452886,74,0.028069089,0.054085246,0.202673962,0.619616712,14
D094,O089,6,238,7.339452886,55,0.492105028,0.101006081,0.474810428,0.657444473,6
D094,O090,6,238,7.339452886,285,0.03434851,0.377557012,0.057284121,0.757204241,14
D094,O091,6,238,7.339452886,85,0.181583703,0.224320695,0.138841885,0.830164928,8
D094,O092,6,238,7.339452886,303,0.442706311,0.172267227,0.436491903,0.897895329,53
D094,O093,6,238,7.339452886,25,0.276275035,0.078153424,0.291384582,0.958605081,1
D094,O094,6,238,7.339452886,888,0.302089761,0.091469055,0.358945917,0.915650339,193
D094,O095,6,238,7.339452886,29,0.365502327,0.314203797,0.177999519,0.631365154,3
D094,O096,6,238,7.339452886,91,0.16170145,0.264353919,0.069555674,0.545005585,20
D095,O001,3,144,1.503793522,184,0.252173292,0.345006223,0.414518539,1.008029851,43
D095,O002,3,144,1.503793522,71,0.386957289,0.33590604,0.423756547,1.030814136,16
D095,O003,3,144,1.503793522,43,0.48531049,0.109844006,0.373132887,0.562934186,5
D095,O004,3,144,1.503793522,544,0.015441285,0.39993713,0.047767101,0.621494583,12
D095,O005,3,144,1.503793522,472,0.458927508,0.08115278,0.018055532,0.751825682,8
D095,O006,3,144,1.503793522,26,0.466438896,0.19990199,0.36047691,0.537345538,5
D095,O007,3,144,1.503793522,20,0.141130372,0.138764594,0.166622366,0.974703346,2
D095,O008,3,144,1.503793522,217,0.118365868,0.010264005,0.438577644,0.70421183,4
D095,O009,3,144,1.503793522,39,0.272204984,0.243100415,0.446678,0.893215891,1
D095,O010,3,144,1.503793522,78,0.42428609,0.04657399,0.47291634,0.886241643,6
D095,O011,3,144,1.503793522,163,0.257766277,0.230369452,0.067376828,1.041013094,24
D095,O012,3,144,1.503793522,121,0.018977159,0.042108472,0.106166432,0.634587855,7
D095,O013,3,144,1.503793522,38,0.13035544,0.200717694,0.465695355,0.90739434,4
D095,O014,3,144,1.503793522,505,0.055050564,0.385744929,0.323573274,0.956197221,126
D095,O015,3,144,1.503793522,369,0.403527677,0.186961283,0.029180542,1.016098144,88
D095,O016,3,144,1.503793522,990,0.188337728,0.211915952,0.403770273,0.683522338,99
D095,O017,3,144,1.503793522,47,0.235947901,0.205558573,0.450421949,0.98550411,1
D095,O018,3,144,1.503793522,128,0.201594351,0.132120615,0.2466657,1.015365814,15
D095,O019,3,144,1.503793522,24,0.431629638,0.254066717,0.253740338,0.934568431,1
D095,O020,3,144,1.503793522,113,0.348269976,0.095285863,0.409466489,0.990902637,28
D095,O021,3,144,1.503793522,35,0.407381528,0.191612689,0.078494355,0.726366674,4
D095,O022,3,144,1.503793522,193,0.265083523,0.114415056,0.48366938,0.770574624,6
D095,O023,3,144,1.503793522,410,0.214451437,0.12789836,0.094002538,0.876090399,34
D095,O024,3,144,1.503793522,109,0.107543079,0.370185632,0.33107989,0.763088384,2
D095,O025,3,144,1.503793522,53,0.129725034,0.023513439,0.022926164,0.647079336,9
D095,O026,3,144,1.503793522,104,0.335746812,0.309055962,0.214783733,0.866605062,9
D095,O027,3,144,1.503793522,120,0.173792118,0.275390581,0.115990185,0.594400816,1
D095,O028,3,144,1.503793522,315,0.161028291,0.149607497,0.243736481,0.836522744,76
D095,O029,3,144,1.503793522,744,0.31398409,0.144642217,0.380464816,1.001095973,47
D095,O030,3,144,1.503793522,96,0.291312931,0.178362873,0.260288981,0.712485371,21
D095,O031,3,144,1.503793522,61,0.375724597,0.298965989,0.344989603,1.023539068,2
D095,O032,3,144,1.503793522,449,0.47407037,0.293964396,0.333868972,0.526716923,86
D095,O033,3,144,1.503793522,28,0.356894295,0.285864598,0.280390934,0.572892371,5
D095,O034,3,144,1.503793522,172,0.339323194,0.106162856,0.193996227,0.976195745,28
D095,O035,3,144,1.503793522,173,0.041159595,0.256897351,0.341435098,0.936656262,22
D095,O036,3,144,1.503793522,83,0.318040863,0.288671609,0.125731933,0.510862581,11
D095,O037,3,144,1.503793522,232,0.083660283,0.374766445,0.463420281,0.901833982,16
D095,O038,3,144,1.503793522,765,0.137328547,0.153890662,0.395745604,0.824092212,73
D095,O039,3,144,1.503793522,48,0.232718262,0.17994217,0.033136716,0.784320075,1
D095,O040,3,144,1.503793522,585,0.392959459,0.39457393,0.498815231,0.847757244,30
D095,O041,3,144,1.503793522,49,0.297735298,0.268205888,0.212580592,0.765018393,7
D095,O042,3,144,1.503793522,533,0.049123846,0.273615249,0.271891148,0.775509181,28
D095,O043,3,144,1.503793522,936,0.154267686,0.332919895,0.389161836,0.694797352,211
D095,O044,3,144,1.503793522,721,0.432376139,0.324925408,0.144007894,0.742867678,148
D095,O045,3,144,1.503793522,692,0.331104768,0.086465045,0.220042135,0.679206917,59
D095,O046,3,144,1.503793522,402,0.241792287,0.134055119,0.264545347,1.045585484,81
D095,O047,3,144,1.503793522,32,0.457593053,0.357426009,0.365235909,0.729886159,4
D095,O048,3,144,1.503793522,45,0.221925977,0.348159922,0.204633474,0.792986797,8
D095,O049,3,144,1.503793522,33,0.068127718,0.327197905,0.351458552,0.638016666,6
D095,O050,3,144,1.503793522,322,0.206052109,0.123509785,0.230258857,0.710466564,78
D095,O051,3,144,1.503793522,264,0.415458501,0.161179135,0.311726789,0.922834621,12
D095,O052,3,144,1.503793522,249,0.293109713,0.381495942,0.29384703,0.500330142,30
D095,O053,3,144,1.503793522,251,0.008437374,0.219704544,0.077608614,0.857828126,11
D095,O054,3,144,1.503793522,70,0.483939677,0.225369653,0.039302168,0.574845385,11
D095,O055,3,144,1.503793522,143,0.09821222,0.163666817,0.285033773,0.601558378,17
D095,O056,3,144,1.503793522,345,0.064149611,0.031223606,0.23904777,0.691855779,21
D095,O057,3,144,1.503793522,100,0.400541493,0.216556949,0.487740957,1.038462113,22
D095,O058,3,144,1.503793522,22,0.090722232,0.036785238,0.101049312,0.663001423,4
D095,O059,3,144,1.503793522,486,0.079431167,0.248195591,0.397292534,0.804788767,76
D095,O060,3,144,1.503793522,273,0.451061182,0.170720182,0.061912147,0.815113055,50
D095,O061,3,144,1.503793522,27,0.381805437,0.01616482,0.491613692,0.675221612,4
D095,O062,3,144,1.503793522,442,0.418928223,0.359834489,0.417321395,0.554105019,34
D095,O063,3,144,1.503793522,159,0.167777479,0.069957712,0.130372357,0.943907134,38
D095,O064,3,144,1.503793522,358,0.061032209,0.305917985,0.455729849,0.927346891,71
D095,O065,3,144,1.503793522,56,0.248866638,0.340199764,0.379559452,0.583546864,5
D095,O066,3,144,1.503793522,149,0.351209323,0.192455527,0.149427886,0.883050134,9
D095,O067,3,144,1.503793522,60,0.359928689,0.02076874,0.174232425,0.648987034,6
D095,O068,3,144,1.503793522,871,0.148525779,0.2389906,0.43126666,0.56330551,22
D095,O069,3,144,1.503793522,600,0.193256125,0.259153683,0.18565311,0.968309469,107
D095,O070,3,144,1.503793522,139,0.286307662,0.0275532,0.151186277,0.734969069,9
D095,O071,3,144,1.503793522,830,0.025772238,0.059916076,0.006124037,0.854259133,1
D095,O072,3,144,1.503793522,41,0.447028226,0.353970092,0.321029628,0.606201119,5
D095,O073,3,144,1.503793522,22,0.099783277,0.097826372,0.112559894,0.548583884,3
D095,O074,3,144,1.503793522,36,0.042568944,0.004280635,0.087293441,0.86728622,3
D095,O075,3,144,1.503793522,31,0.495260113,0.154710174,0.269857669,0.722353565,5
D095,O076,3,144,1.503793522,202,0.209924614,0.319442165,0.171734319,0.667816616,34
D095,O077,3,144,1.503793522,648,0.325153788,0.303515085,0.316930252,0.613107267,97
D095,O078,3,144,1.503793522,379,0.223960723,0.064878079,0.224272393,0.840645589,80
D095,O079,3,144,1.503793522,65,0.075519811,0.282963886,0.299403793,0.51375586,9
D095,O080,3,144,1.503793522,206,0.124478381,0.390952102,0.159201992,0.812430792,3
D095,O081,3,144,1.503793522,229,0.311863322,0.040757227,0.190953924,0.52059127,6
D095,O082,3,144,1.503793522,630,0.267185735,0.363424574,0.305398084,0.528725737,144
D095,O083,3,144,1.503793522,89,0.002629244,0.11891721,0.012340148,0.799263288,13
D095,O084,3,144,1.503793522,797,0.372992677,0.000386491,0.00152113,0.993396916,169
D095,O085,3,144,1.503793522,66,0.183976656,0.236269207,0.120756181,0.591017322,11
D095,O086,3,144,1.503793522,135,0.469888219,0.056365997,0.043821459,0.952586866,28
D095,O087,3,144,1.503793522,23,0.111840401,0.071296914,0.089679808,0.791166307,2
D095,O088,3,144,1.503793522,74,0.028069089,0.054085246,0.202673962,0.619616712,14
D095,O089,3,144,1.503793522,55,0.492105028,0.101006081,0.474810428,0.657444473,6
D095,O090,3,144,1.503793522,285,0.03434851,0.377557012,0.057284121,0.757204241,14
D095,O091,3,144,1.503793522,85,0.181583703,0.224320695,0.138841885,0.830164928,8
D095,O092,3,144,1.503793522,303,0.442706311,0.172267227,0.436491903,0.897895329,53
D095,O093,3,144,1.503793522,25,0.276275035,0.078153424,0.291384582,0.958605081,1
D095,O094,3,144,1.503793522,888,0.302089761,0.091469055,0.358945917,0.915650339,193
D095,O095,3,144,1.503793522,29,0.365502327,0.314203797,0.177999519,0.631365154,3
D095,O096,3,144,1.503793522,91,0.16170145,0.264353919,0.069555674,0.545005585,20
D096,O001,5,87,1.642987791,184,0.252173292,0.345006223,0.414518539,1.008029851,43
D096,O002,5,87,1.642987791,71,0.386957289,0.33590604,0.423756547,1.030814136,16
D096,O003,5,87,1.642987791,43,0.48531049,0.109844006,0.373132887,0.562934186,5
D096,O004,5,87,1.642987791,544,0.015441285,0.39993713,0.047767101,0.621494583,12
D096,O005,5,87,1.642987791,472,0.458927508,0.08115278,0.018055532,0.751825682,8
D096,O006,5,87,1.642987791,26,0.466438896,0.19990199,0.36047691,0.537345538,5
D096,O007,5,87,1.642987791,20,0.141130372,0.138764594,0.166622366,0.974703346,2
D096,O008,5,87,1.642987791,217,0.118365868,0.010264005,0.438577644,0.70421183,4
D096,O009,5,87,1.642987791,39,0.272204984,0.243100415,0.446678,0.893215891,1
D096,O010,5,87,1.642987791,78,0.42428609,0.04657399,0.47291634,0.886241643,6
D096,O011,5,87,1.642987791,163,0.257766277,0.230369452,0.067376828,1.041013094,24
D096,O012,5,87,1.642987791,121,0.018977159,0.042108472,0.106166432,0.634587855,7
D096,O013,5,87,1.642987791,38,0.13035544,0.200717694,0.465695355,0.90739434,4
D096,O014,5,87,1.642987791,505,0.055050564,0.385744929,0.323573274,0.956197221,126
D096,O015,5,87,1.642987791,369,0.403527677,0.186961283,0.029180542,1.016098144,88
D096,O016,5,87,1.642987791,990,0.188337728,0.211915952,0.403770273,0.683522338,99
D096,O017,5,87,1.642987791,47,0.235947901,0.205558573,0.450421949,0.98550411,1
D096,O018,5,87,1.642987791,128,0.201594351,0.132120615,0.2466657,1.015365814,15
D096,O019,5,87,1.642987791,24,0.431629638,0.254066717,0.253740338,0.934568431,1
D096,O020,5,87,1.642987791,113,0.348269976,0.095285863,0.409466489,0.990902637,28
D096,O021,5,87,1.642987791,35,0.407381528,0.191612689,0.078494355,0.726366674,4
D096,O022,5,87,1.642987791,193,0.265083523,0.114415056,0.48366938,0.770574624,6
D096,O023,5,87,1.642987791,410,0.214451437,0.12789836,0.094002538,0.876090399,34
D096,O024,5,87,1.642987791,109,0.107543079,0.370185632,0.33107989,0.763088384,2
D096,O025,5,87,1.642987791,53,0.129725034,0.023513439,0.022926164,0.647079336,9
D096,O026,5,87,1.642987791,104,0.335746812,0.309055962,0.214783733,0.866605062,9
D096,O027,5,87,1.642987791,120,0.173792118,0.275390581,0.115990185,0.594400816,1
D096,O028,5,87,1.642987791,315,0.161028291,0.149607497,0.243736481,0.836522744,76
D096,O029,5,87,1.642987791,744,0.31398409,0.144642217,0.380464816,1.001095973,47
D096,O030,5,87,1.642987791,96,0.291312931,0.178362873,0.260288981,0.712485371,21
D096,O031,5,87,1.642987791,61,0.375724597,0.298965989,0.344989603,1.023539068,2
D096,O032,5,87,1.642987791,449,0.47407037,0.293964396,0.333868972,0.526716923,86
D096,O033,5,87,1.642987791,28,0.356894295,0.285864598,0.280390934,0.572892371,5
D096,O034,5,87,1.642987791,172,0.339323194,0.106162856,0.193996227,0.976195745,28
D096,O035,5,87,1.642987791,173,0.041159595,0.256897351,0.341435098,0.936656262,22
D096,O036,5,87,1.642987791,83,0.318040863,0.288671609,0.125731933,0.510862581,11
D096,O037,5,87,1.642987791,232,0.083660283,0.374766445,0.463420281,0.901833982,16
D096,O038,5,87,1.642987791,765,0.137328547,0.153890662,0.395745604,0.824092212,73
D096,O039,5,87,1.642987791,48,0.232718262,0.17994217,0.033136716,0.784320075,1
D096,O040,5,87,1.642987791,585,0.392959459,0.39457393,0.498815231,0.847757244,30
D096,O041,5,87,1.642987791,49,0.297735298,0.268205888,0.212580592,0.765018393,7
D096,O042,5,87,1.642987791,533,0.049123846,0.273615249,0.271891148,0.775509181,28
D096,O043,5,87,1.642987791,936,0.154267686,0.332919895,0.389161836,0.694797352,211
D096,O044,5,87,1.642987791,721,0.432376139,0.324925408,0.144007894,0.742867678,148
D096,O045,5,87,1.642987791,692,0.331104768,0.086465045,0.220042135,0.679206917,59
D096,O046,5,87,1.642987791,402,0.241792287,0.134055119,0.264545347,1.045585484,81
D096,O047,5,87,1.642987791,32,0.457593053,0.357426009,0.365235909,0.729886159,4
D096,O048,5,87,1.642987791,45,0.221925977,0.348159922,0.204633474,0.792986797,8
D096,O049,5,87,1.642987791,33,0.068127718,0.327197905,0.351458552,0.638016666,6
D096,O050,5,87,1.642987791,322,0.206052109,0.123509785,0.230258857,0.710466564,78
D096,O051,5,87,1.642987791,264,0.415458501,0.161179135,0.311726789,0.922834621,12
D096,O052,5,87,1.642987791,249,0.293109713,0.381495942,0.29384703,0.500330142,30
D096,O053,5,87,1.642987791,251,0.008437374,0.219704544,0.077608614,0.857828126,11
D096,O054,5,87,1.642987791,70,0.483939677,0.225369653,0.039302168,0.574845385,11
D096,O055,5,87,1.642987791,143,0.09821222,0.163666817,0.285033773,0.601558378,17
D096,O056,5,87,1.642987791,345,0.064149611,0.031223606,0.23904777,0.691855779,21
D096,O057,5,87,1.642987791,100,0.400541493,0.216556949,0.487740957,1.038462113,22
D096,O058,5,87,1.642987791,22,0.090722232,0.036785238,0.101049312,0.663001423,4
D096,O059,5,87,1.642987791,486,0.079431167,0.248195591,0.397292534,0.804788767,76
D096,O060,5,87,1.642987791,273,0.451061182,0.170720182,0.061912147,0.815113055,50
D096,O061,5,87,1.642987791,27,0.381805437,0.01616482,0.491613692,0.675221612,4
D096,O062,5,87,1.642987791,442,0.418928223,0.359834489,0.417321395,0.554105019,34
D096,O063,5,87,1.642987791,159,0.167777479,0.069957712,0.130372357,0.943907134,38
D096,O064,5,87,1.642987791,358,0.061032209,0.305917985,0.455729849,0.927346891,71
D096,O065,5,87,1.642987791,56,0.248866638,0.340199764,0.379559452,0.583546864,5
D096,O066,5,87,1.642987791,149,0.351209323,0.192455527,0.149427886,0.883050134,9
D096,O067,5,87,1.642987791,60,0.359928689,0.02076874,0.174232425,0.648987034,6
D096,O068,5,87,1.642987791,871,0.148525779,0.2389906,0.43126666,0.56330551,22
D096,O069,5,87,1.642987791,600,0.193256125,0.259153683,0.18565311,0.968309469,107
D096,O070,5,87,1.642987791,139,0.286307662,0.0275532,0.151186277,0.734969069,9
D096,O071,5,87,1.642987791,830,0.025772238,0.059916076,0.006124037,0.854259133,1
D096,O072,5,87,1.642987791,41,0.447028226,0.353970092,0.321029628,0.606201119,5
D096,O073,5,87,1.642987791,22,0.099783277,0.097826372,0.112559894,0.548583884,3
D096,O074,5,87,1.642987791,36,0.042568944,0.004280635,0.087293441,0.86728622,3
D096,O075,5,87,1.642987791,31,0.495260113,0.154710174,0.269857669,0.722353565,5
D096,O076,5,87,1.642987791,202,0.209924614,0.319442165,0.171734319,0.667816616,34
D096,O077,5,87,1.642987791,648,0.325153788,0.303515085,0.316930252,0.613107267,97
D096,O078,5,87,1.642987791,379,0.223960723,0.064878079,0.224272393,0.840645589,80
D096,O079,5,87,1.642987791,65,0.075519811,0.282963886,0.299403793,0.51375586,9
D096,O080,5,87,1.642987791,206,0.124478381,0.390952102,0.159201992,0.812430792,3
D096,O081,5,87,1.642987791,229,0.311863322,0.040757227,0.190953924,0.52059127,6
D096,O082,5,87,1.642987791,630,0.267185735,0.363424574,0.305398084,0.528725737,144
D096,O083,5,87,1.642987791,89,0.002629244,0.11891721,0.012340148,0.799263288,13
D096,O084,5,87,1.642987791,797,0.372992677,0.000386491,0.00152113,0.993396916,169
D096,O085,5,87,1.642987791,66,0.183976656,0.236269207,0.120756181,0.591017322,11
D096,O086,5,87,1.642987791,135,0.469888219,0.056365997,0.043821459,0.952586866,28
D096,O087,5,87,1.642987791,23,0.111840401,0.071296914,0.089679808,0.791166307,2
D096,O088,5,87,1.642987791,74,0.028069089,0.054085246,0.202673962,0.619616712,14
D096,O089,5,87,1.642987791,55,0.492105028,0.101006081,0.474810428,0.657444473,6
D096,O090,5,87,1.642987791,285,0.03434851,0.377557012,0.057284121,0.757204241,14
D096,O091,5,87,1.642987791,85,0.181583703,0.224320695,0.138841885,0.830164928,8
D096,O092,5,87,1.642987791,303,0.442706311,0.172267227,0.436491903,0.897895329,53
D096,O093,5,87,1.642987791,25,0.276275035,0.078153424,0.291384582,0.958605081,1
D096,O094,5,87,1.642987791,888,0.302089761,0.091469055,0.358945917,0.915650339,193
D096,O095,5,87,1.642987791,29,0.365502327,0.314203797,0.177999519,0.631365154,3
D096,O096,5,87,1.642987791,91,0.16170145,0.264353919,0.069555674,0.545005585,20
D097,O001,8,515,0.943725711,184,0.252173292,0.345006223,0.414518539,1.008029851,43
D097,O002,8,515,0.943725711,71,0.386957289,0.33590604,0.423756547,1.030814136,16
D097,O003,8,515,0.943725711,43,0.48531049,0.109844006,0.373132887,0.562934186,5
D097,O004,8,515,0.943725711,544,0.015441285,0.39993713,0.047767101,0.621494583,12
D097,O005,8,515,0.943725711,472,0.458927508,0.08115278,0.018055532,0.751825682,8
D097,O006,8,515,0.943725711,26,0.466438896,0.19990199,0.36047691,0.537345538,5
D097,O007,8,515,0.943725711,20,0.141130372,0.138764594,0.166622366,0.974703346,2
D097,O008,8,515,0.943725711,217,0.118365868,0.010264005,0.438577644,0.70421183,4
D097,O009,8,515,0.943725711,39,0.272204984,0.243100415,0.446678,0.893215891,1
D097,O010,8,515,0.943725711,78,0.42428609,0.04657399,0.47291634,0.886241643,6
D097,O011,8,515,0.943725711,163,0.257766277,0.230369452,0.067376828,1.041013094,24
D097,O012,8,515,0.943725711,121,0.018977159,0.042108472,0.106166432,0.634587855,7
D097,O013,8,515,0.943725711,38,0.13035544,0.200717694,0.465695355,0.90739434,4
D097,O014,8,515,0.943725711,505,0.055050564,0.385744929,0.323573274,0.956197221,126
D097,O015,8,515,0.943725711,369,0.403527677,0.186961283,0.029180542,1.016098144,88
D097,O016,8,515,0.943725711,990,0.188337728,0.211915952,0.403770273,0.683522338,99
D097,O017,8,515,0.943725711,47,0.235947901,0.205558573,0.450421949,0.98550411,1
D097,O018,8,515,0.943725711,128,0.201594351,0.132120615,0.2466657,1.015365814,15
D097,O019,8,515,0.943725711,24,0.431629638,0.254066717,0.253740338,0.934568431,1
D097,O020,8,515,0.943725711,113,0.348269976,0.095285863,0.409466489,0.990902637,28
D097,O021,8,515,0.943725711,35,0.407381528,0.191612689,0.078494355,0.726366674,4
D097,O022,8,515,0.943725711,193,0.265083523,0.114415056,0.48366938,0.770574624,6
D097,O023,8,515,0.943725711,410,0.214451437,0.12789836,0.094002538,0.876090399,34
D097,O024,8,515,0.943725711,109,0.107543079,0.370185632,0.33107989,0.763088384,2
D097,O025,8,515,0.943725711,53,0.129725034,0.023513439,0.022926164,0.647079336,9
D097,O026,8,515,0.943725711,104,0.335746812,0.309055962,0.214783733,0.866605062,9
D097,O027,8,515,0.943725711,120,0.173792118,0.275390581,0.115990185,0.594400816,1
D097,O028,8,515,0.943725711,315,0.161028291,0.149607497,0.243736481,0.836522744,76
D097,O029,8,515,0.943725711,744,0.31398409,0.144642217,0.380464816,1.001095973,47
D097,O030,8,515,0.943725711,96,0.291312931,0.178362873,0.260288981,0.712485371,21
D097,O031,8,515,0.943725711,61,0.375724597,0.298965989,0.344989603,1.023539068,2
D097,O032,8,515,0.943725711,449,0.47407037,0.293964396,0.333868972,0.526716923,86
D097,O033,8,515,0.943725711,28,0.356894295,0.285864598,0.280390934,0.572892371,5
D097,O034,8,515,0.943725711,172,0.339323194,0.106162856,0.193996227,0.976195745,28
D097,O035,8,515,0.943725711,173,0.041159595,0.256897351,0.341435098,0.936656262,22
D097,O036,8,515,0.943725711,83,0.318040863,0.288671609,0.125731933,0.510862581,11
D097,O037,8,515,0.943725711,232,0.083660283,0.374766445,0.463420281,0.901833982,16
D097,O038,8,515,0.943725711,765,0.137328547,0.153890662,0.395745604,0.824092212,73
D097,O039,8,515,0.943725711,48,0.232718262,0.17994217,0.033136716,0.784320075,1
D097,O040,8,515,0.943725711,585,0.392959459,0.39457393,0.498815231,0.847757244,30
D097,O041,8,515,0.943725711,49,0.297735298,0.268205888,0.212580592,0.765018393,7
D097,O042,8,515,0.943725711,533,0.049123846,0.273615249,0.271891148,0.775509181,28
D097,O043,8,515,0.943725711,936,0.154267686,0.332919895,0.389161836,0.694797352,211
D097,O044,8,515,0.943725711,721,0.432376139,0.324925408,0.144007894,0.742867678,148
D097,O045,8,515,0.943725711,692,0.331104768,0.086465045,0.220042135,0.679206917,59
D097,O046,8,515,0.943725711,402,0.241792287,0.134055119,0.264545347,1.045585484,81
D097,O047,8,515,0.943725711,32,0.457593053,0.357426009,0.365235909,0.729886159,4
D097,O048,8,515,0.943725711,45,0.221925977,0.348159922,0.204633474,0.792986797,8
D097,O049,8,515,0.943725711,33,0.068127718,0.327197905,0.351458552,0.638016666,6
D097,O050,8,515,0.943725711,322,0.206052109,0.123509785,0.230258857,0.710466564,78
D097,O051,8,515,0.943725711,264,0.415458501,0.161179135,0.311726789,0.922834621,12
D097,O052,8,515,0.943725711,249,0.293109713,0.381495942,0.29384703,0.500330142,30
D097,O053,8,515,0.943725711,251,0.008437374,0.219704544,0.077608614,0.857828126,11
D097,O054,8,515,0.943725711,70,0.483939677,0.225369653,0.039302168,0.574845385,11
D097,O055,8,515,0.943725711,143,0.09821222,0.163666817,0.285033773,0.601558378,17
D097,O056,8,515,0.943725711,345,0.064149611,0.031223606,0.23904777,0.691855779,21
D097,O057,8,515,0.943725711,100,0.400541493,0.216556949,0.487740957,1.038462113,22
D097,O058,8,515,0.943725711,22,0.090722232,0.036785238,0.101049312,0.663001423,4
D097,O059,8,515,0.943725711,486,0.079431167,0.248195591,0.397292534,0.804788767,76
D097,O060,8,515,0.943725711,273,0.451061182,0.170720182,0.061912147,0.815113055,50
D097,O061,8,515,0.943725711,27,0.381805437,0.01616482,0.491613692,0.675221612,4
D097,O062,8,515,0.943725711,442,0.418928223,0.359834489,0.417321395,0.554105019,34
D097,O063,8,515,0.943725711,159,0.167777479,0.069957712,0.130372357,0.943907134,38
D097,O064,8,515,0.943725711,358,0.061032209,0.305917985,0.455729849,0.927346891,71
D097,O065,8,515,0.943725711,56,0.248866638,0.340199764,0.379559452,0.583546864,5
D097,O066,8,515,0.943725711,149,0.351209323,0.192455527,0.149427886,0.883050134,9
D097,O067,8,515,0.943725711,60,0.359928689,0.02076874,0.174232425,0.648987034,6
D097,O068,8,515,0.943725711,871,0.148525779,0.2389906,0.43126666,0.56330551,22
D097,O069,8,515,0.943725711,600,0.193256125,0.259153683,0.18565311,0.968309469,107
D097,O070,8,515,0.943725711,139,0.286307662,0.0275532,0.151186277,0.734969069,9
D097,O071,8,515,0.943725711,830,0.025772238,0.059916076,0.006124037,0.854259133,1
D097,O072,8,515,0.943725711,41,0.447028226,0.353970092,0.321029628,0.606201119,5
D097,O073,8,515,0.943725711,22,0.099783277,0.097826372,0.112559894,0.548583884,3
D097,O074,8,515,0.943725711,36,0.042568944,0.004280635,0.087293441,0.86728622,3
D097,O075,8,515,0.943725711,31,0.495260113,0.154710174,0.269857669,0.722353565,5
D097,O076,8,515,0.943725711,202,0.209924614,0.319442165,0.171734319,0.667816616,34
D097,O077,8,515,0.943725711,648,0.325153788,0.303515085,0.316930252,0.613107267,97
D097,O078,8,515,0.943725711,379,0.223960723,0.064878079,0.224272393,0.840645589,80
D097,O079,8,515,0.943725711,65,0.075519811,0.282963886,0.299403793,0.51375586,9
D097,O080,8,515,0.943725711,206,0.124478381,0.390952102,0.159201992,0.812430792,3
D097,O081,8,515,0.943725711,229,0.311863322,0.040757227,0.190953924,0.52059127,6
D097,O082,8,515,0.943725711,630,0.267185735,0.363424574,0.305398084,0.528725737,144
D097,O083,8,515,0.943725711,89,0.002629244,0.11891721,0.012340148,0.799263288,13
D097,O084,8,515,0.943725711,797,0.372992677,0.000386491,0.00152113,0.993396916,169
D097,O085,8,515,0.943725711,66,0.183976656,0.236269207,0.120756181,0.591017322,11
D097,O086,8,515,0.943725711,135,0.469888219,0.056365997,0.043821459,0.952586866,28
D097,O087,8,515,0.943725711,23,0.111840401,0.071296914,0.089679808,0.791166307,2
D097,O088,8,515,0.943725711,74,0.028069089,0.054085246,0.202673962,0.619616712,14
D097,O089,8,515,0.943725711,55,0.492105028,0.101006081,0.474810428,0.657444473,6
D097,O090,8,515,0.943725711,285,0.03434851,0.377557012,0.057284121,0.757204241,14
D097,O091,8,515,0.943725711,85,0.181583703,0.224320695,0.138841885,0.830164928,8
D097,O092,8,515,0.943725711,303,0.442706311,0.172267227,0.436491903,0.897895329,53
D097,O093,8,515,0.943725711,25,0.276275035,0.078153424,0.291384582,0.958605081,1
D097,O094,8,515,0.943725711,888,0.302089761,0.091469055,0.358945917,0.915650339,193
D097,O095,8,515,0.943725711,29,0.365502327,0.314203797,0.177999519,0.631365154,3
D097,O096,8,515,0.943725711,91,0.16170145,0.264353919,0.069555674,0.545005585,20
D098,O001,5,182,0.327478932,184,0.252173292,0.345006223,0.414518539,1.008029851,43
D098,O002,5,182,0.327478932,71,0.386957289,0.33590604,0.423756547,1.030814136,16
D098,O003,5,182,0.327478932,43,0.48531049,0.109844006,0.373132887,0.562934186,5
D098,O004,5,182,0.327478932,544,0.015441285,0.39993713,0.047767101,0.621494583,12
D098,O005,5,182,0.327478932,472,0.458927508,0.08115278,0.018055532,0.751825682,8
D098,O006,5,182,0.327478932,26,0.466438896,0.19990199,0.36047691,0.537345538,5
D098,O007,5,182,0.327478932,20,0.141130372,0.138764594,0.166622366,0.974703346,2
D098,O008,5,182,0.327478932,217,0.118365868,0.010264005,0.438577644,0.70421183,4
D098,O009,5,182,0.327478932,39,0.272204984,0.243100415,0.446678,0.893215891,1
D098,O010,5,182,0.327478932,78,0.42428609,0.04657399,0.47291634,0.886241643,6
D098,O011,5,182,0.327478932,163,0.257766277,0.230369452,0.067376828,1.041013094,24
D098,O012,5,182,0.327478932,121,0.018977159,0.042108472,0.106166432,0.634587855,7
D098,O013,5,182,0.327478932,38,0.13035544,0.200717694,0.465695355,0.90739434,4
D098,O014,5,182,0.327478932,505,0.055050564,0.385744929,0.323573274,0.956197221,126
D098,O015,5,182,0.327478932,369,0.403527677,0.186961283,0.029180542,1.016098144,88
D098,O016,5,182,0.327478932,990,0.188337728,0.211915952,0.403770273,0.683522338,99
D098,O017,5,182,0.327478932,47,0.235947901,0.205558573,0.450421949,0.98550411,1
D098,O018,5,182,0.327478932,128,0.201594351,0.132120615,0.2466657,1.015365814,15
D098,O019,5,182,0.327478932,24,0.431629638,0.254066717,0.253740338,0.934568431,1
D098,O020,5,182,0.327478932,113,0.348269976,0.095285863,0.409466489,0.990902637,28
D098,O021,5,182,0.327478932,35,0.407381528,0.191612689,0.078494355,0.726366674,4
D098,O022,5,182,0.327478932,193,0.265083523,0.114415056,0.48366938,0.770574624,6
D098,O023,5,182,0.327478932,410,0.214451437,0.12789836,0.094002538,0.876090399,34
D098,O024,5,182,0.327478932,109,0.107543079,0.370185632,0.33107989,0.763088384,2
D098,O025,5,182,0.327478932,53,0.129725034,0.023513439,0.022926164,0.647079336,9
D098,O026,5,182,0.327478932,104,0.335746812,0.309055962,0.214783733,0.866605062,9
D098,O027,5,182,0.327478932,120,0.173792118,0.275390581,0.115990185,0.594400816,1
D098,O028,5,182,0.327478932,315,0.161028291,0.149607497,0.243736481,0.836522744,76
D098,O029,5,182,0.327478932,744,0.31398409,0.144642217,0.380464816,1.001095973,47
D098,O030,5,182,0.327478932,96,0.291312931,0.178362873,0.260288981,0.712485371,21
D098,O031,5,182,0.327478932,61,0.375724597,0.298965989,0.344989603,1.023539068,2
D098,O032,5,182,0.327478932,449,0.47407037,0.293964396,0.333868972,0.526716923,86
D098,O033,5,182,0.327478932,28,0.356894295,0.285864598,0.280390934,0.572892371,5
D098,O034,5,182,0.327478932,172,0.339323194,0.106162856,0.193996227,0.976195745,28
D098,O035,5,182,0.327478932,173,0.041159595,0.256897351,0.341435098,0.936656262,22
D098,O036,5,182,0.327478932,83,0.318040863,0.288671609,0.125731933,0.510862581,11
D098,O037,5,182,0.327478932,232,0.083660283,0.374766445,0.463420281,0.901833982,16
D098,O038,5,182,0.327478932,765,0.137328547,0.153890662,0.395745604,0.824092212,73
D098,O039,5,182,0.327478932,48,0.232718262,0.17994217,0.033136716,0.784320075,1
D098,O040,5,182,0.327478932,585,0.392959459,0.39457393,0.498815231,0.847757244,30
D098,O041,5,182,0.327478932,49,0.297735298,0.268205888,0.212580592,0.765018393,7
D098,O042,5,182,0.327478932,533,0.049123846,0.273615249,0.271891148,0.775509181,28
D098,O043,5,182,0.327478932,936,0.154267686,0.332919895,0.389161836,0.694797352,211
D098,O044,5,182,0.327478932,721,0.432376139,0.324925408,0.144007894,0.742867678,148
D098,O045,5,182,0.327478932,692,0.331104768,0.086465045,0.220042135,0.679206917,59
D098,O046,5,182,0.327478932,402,0.241792287,0.134055119,0.264545347,1.045585484,81
D098,O047,5,182,0.327478932,32,0.457593053,0.357426009,0.365235909,0.729886159,4
D098,O048,5,182,0.327478932,45,0.221925977,0.348159922,0.204633474,0.792986797,8
D098,O049,5,182,0.327478932,33,0.068127718,0.327197905,0.351458552,0.638016666,6
D098,O050,5,182,0.327478932,322,0.206052109,0.123509785,0.230258857,0.710466564,78
D098,O051,5,182,0.327478932,264,0.415458501,0.161179135,0.311726789,0.922834621,12
D098,O052,5,182,0.327478932,249,0.293109713,0.381495942,0.29384703,0.500330142,30
D098,O053,5,182,0.327478932,251,0.008437374,0.219704544,0.077608614,0.857828126,11
D098,O054,5,182,0.327478932,70,0.483939677,0.225369653,0.039302168,0.574845385,11
D098,O055,5,182,0.327478932,143,0.09821222,0.163666817,0.285033773,0.601558378,17
D098,O056,5,182,0.327478932,345,0.064149611,0.031223606,0.23904777,0.691855779,21
D098,O057,5,182,0.327478932,100,0.400541493,0.216556949,0.487740957,1.038462113,22
D098,O058,5,182,0.327478932,22,0.090722232,0.036785238,0.101049312,0.663001423,4
D098,O059,5,182,0.327478932,486,0.079431167,0.248195591,0.397292534,0.804788767,76
D098,O060,5,182,0.327478932,273,0.451061182,0.170720182,0.061912147,0.815113055,50
D098,O061,5,182,0.327478932,27,0.381805437,0.01616482,0.491613692,0.675221612,4
D098,O062,5,182,0.327478932,442,0.418928223,0.359834489,0.417321395,0.554105019,34
D098,O063,5,182,0.327478932,159,0.167777479,0.069957712,0.130372357,0.943907134,38
D098,O064,5,182,0.327478932,358,0.061032209,0.305917985,0.455729849,0.927346891,71
D098,O065,5,182,0.327478932,56,0.248866638,0.340199764,0.379559452,0.583546864,5
D098,O066,5,182,0.327478932,149,0.351209323,0.192455527,0.149427886,0.883050134,9
D098,O067,5,182,0.327478932,60,0.359928689,0.02076874,0.174232425,0.648987034,6
D098,O068,5,182,0.327478932,871,0.148525779,0.2389906,0.43126666,0.56330551,22
D098,O069,5,182,0.327478932,600,0.193256125,0.259153683,0.18565311,0.968309469,107
D098,O070,5,182,0.327478932,139,0.286307662,0.0275532,0.151186277,0.734969069,9
D098,O071,5,182,0.327478932,830,0.025772238,0.059916076,0.006124037,0.854259133,1
D098,O072,5,182,0.327478932,41,0.447028226,0.353970092,0.321029628,0.606201119,5
D098,O073,5,182,0.327478932,22,0.099783277,0.097826372,0.112559894,0.548583884,3
D098,O074,5,182,0.327478932,36,0.042568944,0.004280635,0.087293441,0.86728622,3
D098,O075,5,182,0.327478932,31,0.495260113,0.154710174,0.269857669,0.722353565,5
D098,O076,5,182,0.327478932,202,0.209924614,0.319442165,0.171734319,0.667816616,34
D098,O077,5,182,0.327478932,648,0.325153788,0.303515085,0.316930252,0.613107267,97
D098,O078,5,182,0.327478932,379,0.223960723,0.064878079,0.224272393,0.840645589,80
D098,O079,5,182,0.327478932,65,0.075519811,0.282963886,0.299403793,0.51375586,9
D098,O080,5,182,0.327478932,206,0.124478381,0.390952102,0.159201992,0.812430792,3
D098,O081,5,182,0.327478932,229,0.311863322,0.040757227,0.190953924,0.52059127,6
D098,O082,5,182,0.327478932,630,0.267185735,0.363424574,0.305398084,0.528725737,144
D098,O083,5,182,0.327478932,89,0.002629244,0.11891721,0.012340148,0.799263288,13
D098,O084,5,182,0.327478932,797,0.372992677,0.000386491,0.00152113,0.993396916,169
D098,O085,5,182,0.327478932,66,0.183976656,0.236269207,0.120756181,0.591017322,11
D098,O086,5,182,0.327478932,135,0.469888219,0.056365997,0.043821459,0.952586866,28
D098,O087,5,182,0.327478932,23,0.111840401,0.071296914,0.089679808,0.791166307,2
D098,O088,5,182,0.327478932,74,0.028069089,0.054085246,0.202673962,0.619616712,14
D098,O089,5,182,0.327478932,55,0.492105028,0.101006081,0.474810428,0.657444473,6
D098,O090,5,182,0.327478932,285,0.03434851,0.377557012,0.057284121,0.757204241,14
D098,O091,5,182,0.327478932,85,0.181583703,0.224320695,0.138841885,0.830164928,8
D098,O092,5,182,0.327478932,303,0.442706311,0.172267227,0.436491903,0.897895329,53
D098,O093,5,182,0.327478932,25,0.276275035,0.078153424,0.291384582,0.958605081,1
D098,O094,5,182,0.327478932,888,0.302089761,0.091469055,0.358945917,0.915650339,193
D098,O095,5,182,0.327478932,29,0.365502327,0.314203797,0.177999519,0.631365154,3
D098,O096,5,182,0.327478932,91,0.16170145,0.264353919,0.069555674,0.545005585,20
D099,O001,4,393,1.921945994,184,0.252173292,0.345006223,0.414518539,1.008029851,43
D099,O002,4,393,1.921945994,71,0.386957289,0.33590604,0.423756547,1.030814136,16
D099,O003,4,393,1.921945994,43,0.48531049,0.109844006,0.373132887,0.562934186,5
D099,O004,4,393,1.921945994,544,0.015441285,0.39993713,0.047767101,0.621494583,12
D099,O005,4,393,1.921945994,472,0.458927508,0.08115278,0.018055532,0.751825682,8
D099,O006,4,393,1.921945994,26,0.466438896,0.19990199,0.36047691,0.537345538,5
D099,O007,4,393,1.921945994,20,0.141130372,0.138764594,0.166622366,0.974703346,2
D099,O008,4,393,1.921945994,217,0.118365868,0.010264005,0.438577644,0.70421183,4
D099,O009,4,393,1.921945994,39,0.272204984,0.243100415,0.446678,0.893215891,1
D099,O010,4,393,1.921945994,78,0.42428609,0.04657399,0.47291634,0.886241643,6
D099,O011,4,393,1.921945994,163,0.257766277,0.230369452,0.067376828,1.041013094,24
D099,O012,4,393,1.921945994,121,0.018977159,0.042108472,0.106166432,0.634587855,7
D099,O013,4,393,1.921945994,38,0.13035544,0.200717694,0.465695355,0.90739434,4
D099,O014,4,393,1.921945994,505,0.055050564,0.385744929,0.323573274,0.956197221,126
D099,O015,4,393,1.921945994,369,0.403527677,0.186961283,0.029180542,1.016098144,88
D099,O016,4,393,1.921945994,990,0.188337728,0.211915952,0.403770273,0.683522338,99
D099,O017,4,393,1.921945994,47,0.235947901,0.205558573,0.450421949,0.98550411,1
D099,O018,4,393,1.921945994,128,0.201594351,0.132120615,0.2466657,1.015365814,15
D099,O019,4,393,1.921945994,24,0.431629638,0.254066717,0.253740338,0.934568431,1
D099,O020,4,393,1.921945994,113,0.348269976,0.095285863,0.409466489,0.990902637,28
D099,O021,4,393,1.921945994,35,0.407381528,0.191612689,0.078494355,0.726366674,4
D099,O022,4,393,1.921945994,193,0.265083523,0.114415056,0.48366938,0.770574624,6
D099,O023,4,393,1.921945994,410,0.214451437,0.12789836,0.094002538,0.876090399,34
D099,O024,4,393,1.921945994,109,0.107543079,0.370185632,0.33107989,0.763088384,2
D099,O025,4,393,1.921945994,53,0.129725034,0.023513439,0.022926164,0.647079336,9
D099,O026,4,393,1.921945994,104,0.335746812,0.309055962,0.214783733,0.866605062,9
D099,O027,4,393,1.921945994,120,0.173792118,0.275390581,0.115990185,0.594400816,1
D099,O028,4,393,1.921945994,315,0.161028291,0.149607497,0.243736481,0.836522744,76
D099,O029,4,393,1.921945994,744,0.31398409,0.144642217,0.380464816,1.001095973,47
D099,O030,4,393,1.921945994,96,0.291312931,0.178362873,0.260288981,0.712485371,21
D099,O031,4,393,1.921945994,61,0.375724597,0.298965989,0.344989603,1.023539068,2
D099,O032,4,393,1.921945994,449,0.47407037,0.293964396,0.333868972,0.526716923,86
D099,O033,4,393,1.921945994,28,0.356894295,0.285864598,0.280390934,0.572892371,5
D099,O034,4,393,1.921945994,172,0.339323194,0.106162856,0.193996227,0.976195745,28
D099,O035,4,393,1.921945994,173,0.041159595,0.256897351,0.341435098,0.936656262,22
D099,O036,4,393,1.921945994,83,0.318040863,0.288671609,0.125731933,0.510862581,11
D099,O037,4,393,1.921945994,232,0.083660283,0.374766445,0.463420281,0.901833982,16
D099,O038,4,393,1.921945994,765,0.137328547,0.153890662,0.395745604,0.824092212,73
D099,O039,4,393,1.921945994,48,0.232718262,0.17994217,0.033136716,0.784320075,1
D099,O040,4,393,1.921945994,585,0.392959459,0.39457393,0.498815231,0.847757244,30
D099,O041,4,393,1.921945994,49,0.297735298,0.268205888,0.212580592,0.765018393,7
D099,O042,4,393,1.921945994,533,0.049123846,0.273615249,0.271891148,0.775509181,28
D099,O043,4,393,1.921945994,936,0.154267686,0.332919895,0.389161836,0.694797352,211
D099,O044,4,393,1.921945994,721,0.432376139,0.324925408,0.144007894,0.742867678,148
D099,O045,4,393,1.921945994,692,0.331104768,0.086465045,0.220042135,0.679206917,59
D099,O046,4,393,1.921945994,402,0.241792287,0.134055119,0.264545347,1.045585484,81
D099,O047,4,393,1.921945994,32,0.457593053,0.357426009,0.365235909,0.729886159,4
D099,O048,4,393,1.921945994,45,0.221925977,0.348159922,0.204633474,0.792986797,8
D099,O049,4,393,1.921945994,33,0.068127718,0.327197905,0.351458552,0.638016666,6
D099,O050,4,393,1.921945994,322,0.206052109,0.123509785,0.230258857,0.710466564,78
D099,O051,4,393,1.921945994,264,0.415458501,0.161179135,0.311726789,0.922834621,12
D099,O052,4,393,1.921945994,249,0.293109713,0.381495942,0.29384703,0.500330142,30
D099,O053,4,393,1.921945994,251,0.008437374,0.219704544,0.077608614,0.857828126,11
D099,O054,4,393,1.921945994,70,0.483939677,0.225369653,0.039302168,0.574845385,11
D099,O055,4,393,1.921945994,143,0.09821222,0.163666817,0.285033773,0.601558378,17
D099,O056,4,393,1.921945994,345,0.064149611,0.031223606,0.23904777,0.691855779,21
D099,O057,4,393,1.921945994,100,0.400541493,0.216556949,0.487740957,1.038462113,22
D099,O058,4,393,1.921945994,22,0.090722232,0.036785238,0.101049312,0.663001423,4
D099,O059,4,393,1.921945994,486,0.079431167,0.248195591,0.397292534,0.804788767,76
D099,O060,4,393,1.921945994,273,0.451061182,0.170720182,0.061912147,0.815113055,50
D099,O061,4,393,1.921945994,27,0.381805437,0.01616482,0.491613692,0.675221612,4
D099,O062,4,393,1.921945994,442,0.418928223,0.359834489,0.417321395,0.554105019,34
D099,O063,4,393,1.921945994,159,0.167777479,0.069957712,0.130372357,0.943907134,38
D099,O064,4,393,1.921945994,358,0.061032209,0.305917985,0.455729849,0.927346891,71
D099,O065,4,393,1.921945994,56,0.248866638,0.340199764,0.379559452,0.583546864,5
D099,O066,4,393,1.921945994,149,0.351209323,0.192455527,0.149427886,0.883050134,9
D099,O067,4,393,1.921945994,60,0.359928689,0.02076874,0.174232425,0.648987034,6
D099,O068,4,393,1.921945994,871,0.148525779,0.2389906,0.43126666,0.56330551,22
D099,O069,4,393,1.921945994,600,0.193256125,0.259153683,0.18565311,0.968309469,107
D099,O070,4,393,1.921945994,139,0.286307662,0.0275532,0.151186277,0.734969069,9
D099,O071,4,393,1.921945994,830,0.025772238,0.059916076,0.006124037,0.854259133,1
D099,O072,4,393,1.921945994,41,0.447028226,0.353970092,0.321029628,0.606201119,5
D099,O073,4,393,1.921945994,22,0.099783277,0.097826372,0.112559894,0.548583884,3
D099,O074,4,393,1.921945994,36,0.042568944,0.004280635,0.087293441,0.86728622,3
D099,O075,4,393,1.921945994,31,0.495260113,0.154710174,0.269857669,0.722353565,5
D099,O076,4,393,1.921945994,202,0.209924614,0.319442165,0.171734319,0.667816616,34
D099,O077,4,393,1.921945994,648,0.325153788,0.303515085,0.316930252,0.613107267,97
D099,O078,4,393,1.921945994,379,0.223960723,0.064878079,0.224272393,0.840645589,80
D099,O079,4,393,1.921945994,65,0.075519811,0.282963886,0.299403793,0.51375586,9
D099,O080,4,393,1.921945994,206,0.124478381,0.390952102,0.159201992,0.812430792,3
D099,O081,4,393,1.921945994,229,0.311863322,0.040757227,0.190953924,0.52059127,6
D099,O082,4,393,1.921945994,630,0.267185735,0.363424574,0.305398084,0.528725737,144
D099,O083,4,393,1.921945994,89,0.002629244,0.11891721,0.012340148,0.799263288,13
D099,O084,4,393,1.921945994,797,0.372992677,0.000386491,0.00152113,0.993396916,169
D099,O085,4,393,1.921945994,66,0.183976656,0.236269207,0.120756181,0.591017322,11
D099,O086,4,393,1.921945994,135,0.469888219,0.056365997,0.043821459,0.952586866,28
D099,O087,4,393,1.921945994,23,0.111840401,0.071296914,0.089679808,0.791166307,2
D099,O088,4,393,1.921945994,74,0.028069089,0.054085246,0.202673962,0.619616712,14
D099,O089,4,393,1.921945994,55,0.492105028,0.101006081,0.474810428,0.657444473,6
D099,O090,4,393,1.921945994,285,0.03434851,0.377557012,0.057284121,0.757204241,14
D099,O091,4,393,1.921945994,85,0.181583703,0.224320695,0.138841885,0.830164928,8
D099,O092,4,393,1.921945994,303,0.442706311,0.172267227,0.436491903,0.897895329,53
D099,O093,4,393,1.921945994,25,0.276275035,0.078153424,0.291384582,0.958605081,1
D099,O094,4,393,1.921945994,888,0.302089761,0.091469055,0.358945917,0.915650339,193
D099,O095,4,393,1.921945994,29,0.365502327,0.314203797,0.177999519,0.631365154,3
D099,O096,4,393,1.921945994,91,0.16170145,0.264353919,0.069555674,0.545005585,20
D100,O001,3,113,0.611512327,184,0.252173292,0.345006223,0.414518539,1.008029851,43
D100,O002,3,113,0.611512327,71,0.386957289,0.33590604,0.423756547,1.030814136,16
D100,O003,3,113,0.611512327,43,0.48531049,0.109844006,0.373132887,0.562934186,5
D100,O004,3,113,0.611512327,544,0.015441285,0.39993713,0.047767101,0.621494583,12
D100,O005,3,113,0.611512327,472,0.458927508,0.08115278,0.018055532,0.751825682,8
D100,O006,3,113,0.611512327,26,0.466438896,0.19990199,0.36047691,0.537345538,5
D100,O007,3,113,0.611512327,20,0.141130372,0.138764594,0.166622366,0.974703346,2
D100,O008,3,113,0.611512327,217,0.118365868,0.010264005,0.438577644,0.70421183,4
D100,O009,3,113,0.611512327,39,0.272204984,0.243100415,0.446678,0.893215891,1
D100,O010,3,113,0.611512327,78,0.42428609,0.04657399,0.47291634,0.886241643,6
D100,O011,3,113,0.611512327,163,0.257766277,0.230369452,0.067376828,1.041013094,24
D100,O012,3,113,0.611512327,121,0.018977159,0.042108472,0.106166432,0.634587855,7
D100,O013,3,113,0.611512327,38,0.13035544,0.200717694,0.465695355,0.90739434,4
D100,O014,3,113,0.611512327,505,0.055050564,0.385744929,0.323573274,0.956197221,126
D100,O015,3,113,0.611512327,369,0.403527677,0.186961283,0.029180542,1.016098144,88
D100,O016,3,113,0.611512327,990,0.188337728,0.211915952,0.403770273,0.683522338,99
D100,O017,3,113,0.611512327,47,0.235947901,0.205558573,0.450421949,0.98550411,1
D100,O018,3,113,0.611512327,128,0.201594351,0.132120615,0.2466657,1.015365814,15
D100,O019,3,113,0.611512327,24,0.431629638,0.254066717,0.253740338,0.934568431,1
D100,O020,3,113,0.611512327,113,0.348269976,0.095285863,0.409466489,0.990902637,28
D100,O021,3,113,0.611512327,35,0.407381528,0.191612689,0.078494355,0.726366674,4
D100,O022,3,113,0.611512327,193,0.265083523,0.114415056,0.48366938,0.770574624,6
D100,O023,3,113,0.611512327,410,0.214451437,0.12789836,0.094002538,0.876090399,34
D100,O024,3,113,0.611512327,109,0.107543079,0.370185632,0.33107989,0.763088384,2
D100,O025,3,113,0.611512327,53,0.129725034,0.023513439,0.022926164,0.647079336,9
D100,O026,3,113,0.611512327,104,0.335746812,0.309055962,0.214783733,0.866605062,9
D100,O027,3,113,0.611512327,120,0.173792118,0.275390581,0.115990185,0.594400816,1
D100,O028,3,113,0.611512327,315,0.161028291,0.149607497,0.243736481,0.836522744,76
D100,O029,3,113,0.611512327,744,0.31398409,0.144642217,0.380464816,1.001095973,47
D100,O030,3,113,0.611512327,96,0.291312931,0.178362873,0.260288981,0.712485371,21
D100,O031,3,113,0.611512327,61,0.375724597,0.298965989,0.344989603,1.023539068,2
D100,O032,3,113,0.611512327,449,0.47407037,0.293964396,0.333868972,0.526716923,86
D100,O033,3,113,0.611512327,28,0.356894295,0.285864598,0.280390934,0.572892371,5
D100,O034,3,113,0.611512327,172,0.339323194,0.106162856,0.193996227,0.976195745,28
D100,O035,3,113,0.611512327,173,0.041159595,0.256897351,0.341435098,0.936656262,22
D100,O036,3,113,0.611512327,83,0.318040863,0.288671609,0.125731933,0.510862581,11
D100,O037,3,113,0.611512327,232,0.083660283,0.374766445,0.463420281,0.901833982,16
D100,O038,3,113,0.611512327,765,0.137328547,0.153890662,0.395745604,0.824092212,73
D100,O039,3,113,0.611512327,48,0.232718262,0.17994217,0.033136716,0.784320075,1
D100,O040,3,113,0.611512327,585,0.392959459,0.39457393,0.498815231,0.847757244,30
D100,O041,3,113,0.611512327,49,0.297735298,0.268205888,0.212580592,0.765018393,7
D100,O042,3,113,0.611512327,533,0.049123846,0.273615249,0.271891148,0.775509181,28
D100,O043,3,113,0.611512327,936,0.154267686,0.332919895,0.389161836,0.694797352,211
D100,O044,3,113,0.611512327,721,0.432376139,0.324925408,0.144007894,0.742867678,148
D100,O045,3,113,0.611512327,692,0.331104768,0.086465045,0.220042135,0.679206917,59
D100,O046,3,113,0.611512327,402,0.241792287,0.134055119,0.264545347,1.045585484,81
D100,O047,3,113,0.611512327,32,0.457593053,0.357426009,0.365235909,0.729886159,4
D100,O048,3,113,0.611512327,45,0.221925977,0.348159922,0.204633474,0.792986797,8
D100,O049,3,113,0.611512327,33,0.068127718,0.327197905,0.351458552,0.638016666,6
D100,O050,3,113,0.611512327,322,0.206052109,0.123509785,0.230258857,0.710466564,78
D100,O051,3,113,0.611512327,264,0.415458501,0.161179135,0.311726789,0.922834621,12
D100,O052,3,113,0.611512327,249,0.293109713,0.381495942,0.29384703,0.500330142,30
D100,O053,3,113,0.611512327,251,0.008437374,0.219704544,0.077608614,0.857828126,11
D100,O054,3,113,0.611512327,70,0.483939677,0.225369653,0.039302168,0.574845385,11
D100,O055,3,113,0.611512327,143,0.09821222,0.163666817,0.285033773,0.601558378,17
D100,O056,3,113,0.611512327,345,0.064149611,0.031223606,0.23904777,0.691855779,21
D100,O057,3,113,0.611512327,100,0.400541493,0.216556949,0.487740957,1.038462113,22
D100,O058,3,113,0.611512327,22,0.090722232,0.036785238,0.101049312,0.663001423,4
D100,O059,3,113,0.611512327,486,0.079431167,0.248195591,0.397292534,0.804788767,76
D100,O060,3,113,0.611512327,273,0.451061182,0.170720182,0.061912147,0.815113055,50
D100,O061,3,113,0.611512327,27,0.381805437,0.01616482,0.491613692,0.675221612,4
D100,O062,3,113,0.611512327,442,0.418928223,0.359834489,0.417321395,0.554105019,34
D100,O063,3,113,0.611512327,159,0.167777479,0.069957712,0.130372357,0.943907134,38
D100,O064,3,113,0.611512327,358,0.061032209,0.305917985,0.455729849,0.927346891,71
D100,O065,3,113,0.611512327,56,0.248866638,0.340199764,0.379559452,0.583546864,5
D100,O066,3,113,0.611512327,149,0.351209323,0.192455527,0.149427886,0.883050134,9
D100,O067,3,113,0.611512327,60,0.359928689,0.02076874,0.174232425,0.648987034,6
D100,O068,3,113,0.611512327,871,0.148525779,0.2389906,0.43126666,0.56330551,22
D100,O069,3,113,0.611512327,600,0.193256125,0.259153683,0.18565311,0.968309469,107
D100,O070,3,113,0.611512327,139,0.286307662,0.0275532,0.151186277,0.734969069,9
D100,O071,3,113,0.611512327,830,0.025772238,0.059916076,0.006124037,0.854259133,1
D100,O072,3,113,0.611512327,41,0.447028226,0.353970092,0.321029628,0.606201119,5
D100,O073,3,113,0.611512327,22,0.099783277,0.097826372,0.112559894,0.548583884,3
D100,O074,3,113,0.611512327,36,0.042568944,0.004280635,0.087293441,0.86728622,3
D100,O075,3,113,0.611512327,31,0.495260113,0.154710174,0.269857669,0.722353565,5
D100,O076,3,113,0.611512327,202,0.209924614,0.319442165,0.171734319,0.667816616,34
D100,O077,3,113,0.611512327,648,0.325153788,0.303515085,0.316930252,0.613107267,97
D100,O078,3,113,0.611512327,379,0.223960723,0.064878079,0.224272393,0.840645589,80
D100,O079,3,113,0.611512327,65,0.075519811,0.282963886,0.299403793,0.51375586,9
D100,O080,3,113,0.611512327,206,0.124478381,0.390952102,0.159201992,0.812430792,3
D100,O081,3,113,0.611512327,229,0.311863322,0.040757227,0.190953924,0.52059127,6
D100,O082,3,113,0.611512327,630,0.267185735,0.363424574,0.305398084,0.528725737,144
D100,O083,3,113,0.611512327,89,0.002629244,0.11891721,0.012340148,0.799263288,13
D100,O084,3,113,0.611512327,797,0.372992677,0.000386491,0.00152113,0.993396916,169
D100,O085,3,113,0.611512327,66,0.183976656,0.236269207,0.120756181,0.591017322,11
D100,O086,3,113,0.611512327,135,0.469888219,0.056365997,0.043821459,0.952586866,28
D100,O087,3,113,0.611512327,23,0.111840401,0.071296914,0.089679808,0.791166307,2
D100,O088,3,113,0.611512327,74,0.028069089,0.054085246,0.202673962,0.619616712,14
D100,O089,3,113,0.611512327,55,0.492105028,0.101006081,0.474810428,0.657444473,6
D100,O090,3,113,0.611512327,285,0.03434851,0.377557012,0.057284121,0.757204241,14
D100,O091,3,113,0.611512327,85,0.181583703,0.224320695,0.138841885,0.830164928,8
D100,O092,3,113,0.611512327,303,0.442706311,0.172267227,0.436491903,0.897895329,53
D100,O093,3,113,0.611512327,25,0.276275035,0.078153424,0.291384582,0.958605081,1
D100,O094,3,113,0.611512327,888,0.302089761,0.091469055,0.358945917,0.915650339,193
D100,O095,3,113,0.611512327,29,0.365502327,0.314203797,0.177999519,0.631365154,3
D100,O096,3,113,0.611512327,91,0.16170145,0.264353919,0.069555674,0.545005585,20
D101,O001,5,167,5.760753696,184,0.252173292,0.345006223,0.414518539,1.008029851,43
D101,O002,5,167,5.760753696,71,0.386957289,0.33590604,0.423756547,1.030814136,16
D101,O003,5,167,5.760753696,43,0.48531049,0.109844006,0.373132887,0.562934186,5
D101,O004,5,167,5.760753696,544,0.015441285,0.39993713,0.047767101,0.621494583,12
D101,O005,5,167,5.760753696,472,0.458927508,0.08115278,0.018055532,0.751825682,8
D101,O006,5,167,5.760753696,26,0.466438896,0.19990199,0.36047691,0.537345538,5
D101,O007,5,167,5.760753696,20,0.141130372,0.138764594,0.166622366,0.974703346,2
D101,O008,5,167,5.760753696,217,0.118365868,0.010264005,0.438577644,0.70421183,4
D101,O009,5,167,5.760753696,39,0.272204984,0.243100415,0.446678,0.893215891,1
D101,O010,5,167,5.760753696,78,0.42428609,0.04657399,0.47291634,0.886241643,6
D101,O011,5,167,5.760753696,163,0.257766277,0.230369452,0.067376828,1.041013094,24
D101,O012,5,167,5.760753696,121,0.018977159,0.042108472,0.106166432,0.634587855,7
D101,O013,5,167,5.760753696,38,0.13035544,0.200717694,0.465695355,0.90739434,4
D101,O014,5,167,5.760753696,505,0.055050564,0.385744929,0.323573274,0.956197221,126
D101,O015,5,167,5.760753696,369,0.403527677,0.186961283,0.029180542,1.016098144,88
D101,O016,5,167,5.760753696,990,0.188337728,0.211915952,0.403770273,0.683522338,99
D101,O017,5,167,5.760753696,47,0.235947901,0.205558573,0.450421949,0.98550411,1
D101,O018,5,167,5.760753696,128,0.201594351,0.132120615,0.2466657,1.015365814,15
D101,O019,5,167,5.760753696,24,0.431629638,0.254066717,0.253740338,0.934568431,1
D101,O020,5,167,5.760753696,113,0.348269976,0.095285863,0.409466489,0.990902637,28
D101,O021,5,167,5.760753696,35,0.407381528,0.191612689,0.078494355,0.726366674,4
D101,O022,5,167,5.760753696,193,0.265083523,0.114415056,0.48366938,0.770574624,6
D101,O023,5,167,5.760753696,410,0.214451437,0.12789836,0.094002538,0.876090399,34
D101,O024,5,167,5.760753696,109,0.107543079,0.370185632,0.33107989,0.763088384,2
D101,O025,5,167,5.760753696,53,0.129725034,0.023513439,0.022926164,0.647079336,9
D101,O026,5,167,5.760753696,104,0.335746812,0.309055962,0.214783733,0.866605062,9
D101,O027,5,167,5.760753696,120,0.173792118,0.275390581,0.115990185,0.594400816,1
D101,O028,5,167,5.760753696,315,0.161028291,0.149607497,0.243736481,0.836522744,76
D101,O029,5,167,5.760753696,744,0.31398409,0.144642217,0.380464816,1.001095973,47
D101,O030,5,167,5.760753696,96,0.291312931,0.178362873,0.260288981,0.712485371,21
D101,O031,5,167,5.760753696,61,0.375724597,0.298965989,0.344989603,1.023539068,2
D101,O032,5,167,5.760753696,449,0.47407037,0.293964396,0.333868972,0.526716923,86
D101,O033,5,167,5.760753696,28,0.356894295,0.285864598,0.280390934,0.572892371,5
D101,O034,5,167,5.760753696,172,0.339323194,0.106162856,0.193996227,0.976195745,28
D101,O035,5,167,5.760753696,173,0.041159595,0.256897351,0.341435098,0.936656262,22
D101,O036,5,167,5.760753696,83,0.318040863,0.288671609,0.125731933,0.510862581,11
D101,O037,5,167,5.760753696,232,0.083660283,0.374766445,0.463420281,0.901833982,16
D101,O038,5,167,5.760753696,765,0.137328547,0.153890662,0.395745604,0.824092212,73
D101,O039,5,167,5.760753696,48,0.232718262,0.17994217,0.033136716,0.784320075,1
D101,O040,5,167,5.760753696,585,0.392959459,0.39457393,0.498815231,0.847757244,30
D101,O041,5,167,5.760753696,49,0.297735298,0.268205888,0.212580592,0.765018393,7
D101,O042,5,167,5.760753696,533,0.049123846,0.273615249,0.271891148,0.775509181,28
D101,O043,5,167,5.760753696,936,0.154267686,0.332919895,0.389161836,0.694797352,211
D101,O044,5,167,5.760753696,721,0.432376139,0.324925408,0.144007894,0.742867678,148
D101,O045,5,167,5.760753696,692,0.331104768,0.086465045,0.220042135,0.679206917,59
D101,O046,5,167,5.760753696,402,0.241792287,0.134055119,0.264545347,1.045585484,81
D101,O047,5,167,5.760753696,32,0.457593053,0.357426009,0.365235909,0.729886159,4
D101,O048,5,167,5.760753696,45,0.221925977,0.348159922,0.204633474,0.792986797,8
D101,O049,5,167,5.760753696,33,0.068127718,0.327197905,0.351458552,0.638016666,6
D101,O050,5,167,5.760753696,322,0.206052109,0.123509785,0.230258857,0.710466564,78
D101,O051,5,167,5.760753696,264,0.415458501,0.161179135,0.311726789,0.922834621,12
D101,O052,5,167,5.760753696,249,0.293109713,0.381495942,0.29384703,0.500330142,30
D101,O053,5,167,5.760753696,251,0.008437374,0.219704544,0.077608614,0.857828126,11
D101,O054,5,167,5.760753696,70,0.483939677,0.225369653,0.039302168,0.574845385,11
D101,O055,5,167,5.760753696,143,0.09821222,0.163666817,0.285033773,0.601558378,17
D101,O056,5,167,5.760753696,345,0.064149611,0.031223606,0.23904777,0.691855779,21
D101,O057,5,167,5.760753696,100,0.400541493,0.216556949,0.487740957,1.038462113,22
D101,O058,5,167,5.760753696,22,0.090722232,0.036785238,0.101049312,0.663001423,4
D101,O059,5,167,5.760753696,486,0.079431167,0.248195591,0.397292534,0.804788767,76
D101,O060,5,167,5.760753696,273,0.451061182,0.170720182,0.061912147,0.815113055,50
D101,O061,5,167,5.760753696,27,0.381805437,0.01616482,0.491613692,0.675221612,4
D101,O062,5,167,5.760753696,442,0.418928223,0.359834489,0.417321395,0.554105019,34
D101,O063,5,167,5.760753696,159,0.167777479,0.069957712,0.130372357,0.943907134,38
D101,O064,5,167,5.760753696,358,0.061032209,0.305917985,0.455729849,0.927346891,71
D101,O065,5,167,5.760753696,56,0.248866638,0.340199764,0.379559452,0.583546864,5
D101,O066,5,167,5.760753696,149,0.351209323,0.192455527,0.149427886,0.883050134,9
D101,O067,5,167,5.760753696,60,0.359928689,0.02076874,0.174232425,0.648987034,6
D101,O068,5,167,5.760753696,871,0.148525779,0.2389906,0.43126666,0.56330551,22
D101,O069,5,167,5.760753696,600,0.193256125,0.259153683,0.18565311,0.968309469,107
D101,O070,5,167,5.760753696,139,0.286307662,0.0275532,0.151186277,0.734969069,9
D101,O071,5,167,5.760753696,830,0.025772238,0.059916076,0.006124037,0.854259133,1
D101,O072,5,167,5.760753696,41,0.447028226,0.353970092,0.321029628,0.606201119,5
D101,O073,5,167,5.760753696,22,0.099783277,0.097826372,0.112559894,0.548583884,3
D101,O074,5,167,5.760753696,36,0.042568944,0.004280635,0.087293441,0.86728622,3
D101,O075,5,167,5.760753696,31,0.495260113,0.154710174,0.269857669,0.722353565,5
D101,O076,5,167,5.760753696,202,0.209924614,0.319442165,0.171734319,0.667816616,34
D101,O077,5,167,5.760753696,648,0.325153788,0.303515085,0.316930252,0.613107267,97
D101,O078,5,167,5.760753696,379,0.223960723,0.064878079,0.224272393,0.840645589,80
D101,O079,5,167,5.760753696,65,0.075519811,0.282963886,0.299403793,0.51375586,9
D101,O080,5,167,5.760753696,206,0.124478381,0.390952102,0.159201992,0.812430792,3
D101,O081,5,167,5.760753696,229,0.311863322,0.040757227,0.190953924,0.52059127,6
D101,O082,5,167,5.760753696,630,0.267185735,0.363424574,0.305398084,0.528725737,144
D101,O083,5,167,5.760753696,89,0.002629244,0.11891721,0.012340148,0.799263288,13
D101,O084,5,167,5.760753696,797,0.372992677,0.000386491,0.00152113,0.993396916,169
D101,O085,5,167,5.760753696,66,0.183976656,0.236269207,0.120756181,0.591017322,11
D101,O086,5,167,5.760753696,135,0.469888219,0.056365997,0.043821459,0.952586866,28
D101,O087,5,167,5.760753696,23,0.111840401,0.071296914,0.089679808,0.791166307,2
D101,O088,5,167,5.760753696,74,0.028069089,0.054085246,0.202673962,0.619616712,14
D101,O089,5,167,5.760753696,55,0.492105028,0.101006081,0.474810428,0.657444473,6
D101,O090,5,167,5.760753696,285,0.03434851,0.377557012,0.057284121,0.757204241,14
D101,O091,5,167,5.760753696,85,0.181583703,0.224320695,0.138841885,0.830164928,8
D101,O092,5,167,5.760753696,303,0.442706311,0.172267227,0.436491903,0.897895329,53
D101,O093,5,167,5.760753696,25,0.276275035,0.078153424,0.291384582,0.958605081,1
D101,O094,5,167,5.760753696,888,0.302089761,0.091469055,0.358945917,0.915650339,193
D101,O095,5,167,5.760753696,29,0.365502327,0.314203797,0.177999519,0.631365154,3
D101,O096,5,167,5.760753696,91,0.16170145,0.264353919,0.069555674,0.545005585,20
D102,O001,8,204,3.127787756,184,0.252173292,0.345006223,0.414518539,1.008029851,43
D102,O002,8,204,3.127787756,71,0.386957289,0.33590604,0.423756547,1.030814136,16
D102,O003,8,204,3.127787756,43,0.48531049,0.109844006,0.373132887,0.562934186,5
D102,O004,8,204,3.127787756,544,0.015441285,0.39993713,0.047767101,0.621494583,12
D102,O005,8,204,3.127787756,472,0.458927508,0.08115278,0.018055532,0.751825682,8
D102,O006,8,204,3.127787756,26,0.466438896,0.19990199,0.36047691,0.537345538,5
D102,O007,8,204,3.127787756,20,0.141130372,0.138764594,0.166622366,0.974703346,2
D102,O008,8,204,3.127787756,217,0.118365868,0.010264005,0.438577644,0.70421183,4
D102,O009,8,204,3.127787756,39,0.272204984,0.243100415,0.446678,0.893215891,1
D102,O010,8,204,3.127787756,78,0.42428609,0.04657399,0.47291634,0.886241643,6
D102,O011,8,204,3.127787756,163,0.257766277,0.230369452,0.067376828,1.041013094,24
D102,O012,8,204,3.127787756,121,0.018977159,0.042108472,0.106166432,0.634587855,7
D102,O013,8,204,3.127787756,38,0.13035544,0.200717694,0.465695355,0.90739434,4
D102,O014,8,204,3.127787756,505,0.055050564,0.385744929,0.323573274,0.956197221,126
D102,O015,8,204,3.127787756,369,0.403527677,0.186961283,0.029180542,1.016098144,88
D102,O016,8,204,3.127787756,990,0.188337728,0.211915952,0.403770273,0.683522338,99
D102,O017,8,204,3.127787756,47,0.235947901,0.205558573,0.450421949,0.98550411,1
D102,O018,8,204,3.127787756,128,0.201594351,0.132120615,0.2466657,1.015365814,15
D102,O019,8,204,3.127787756,24,0.431629638,0.254066717,0.253740338,0.934568431,1
D102,O020,8,204,3.127787756,113,0.348269976,0.095285863,0.409466489,0.990902637,28
D102,O021,8,204,3.127787756,35,0.407381528,0.191612689,0.078494355,0.726366674,4
D102,O022,8,204,3.127787756,193,0.265083523,0.114415056,0.48366938,0.770574624,6
D102,O023,8,204,3.127787756,410,0.214451437,0.12789836,0.094002538,0.876090399,34
D102,O024,8,204,3.127787756,109,0.107543079,0.370185632,0.33107989,0.763088384,2
D102,O025,8,204,3.127787756,53,0.129725034,0.023513439,0.022926164,0.647079336,9
D102,O026,8,204,3.127787756,104,0.335746812,0.309055962,0.214783733,0.866605062,9
D102,O027,8,204,3.127787756,120,0.173792118,0.275390581,0.115990185,0.594400816,1
D102,O028,8,204,3.127787756,315,0.161028291,0.149607497,0.243736481,0.836522744,76
D102,O029,8,204,3.127787756,744,0.31398409,0.144642217,0.380464816,1.001095973,47
D102,O030,8,204,3.127787756,96,0.291312931,0.178362873,0.260288981,0.712485371,21
D102,O031,8,204,3.127787756,61,0.375724597,0.298965989,0.344989603,1.023539068,2
D102,O032,8,204,3.127787756,449,0.47407037,0.293964396,0.333868972,0.526716923,86
D102,O033,8,204,3.127787756,28,0.356894295,0.285864598,0.280390934,0.572892371,5
D102,O034,8,204,3.127787756,172,0.339323194,0.106162856,0.193996227,0.976195745,28
D102,O035,8,204,3.127787756,173,0.041159595,0.256897351,0.341435098,0.936656262,22
D102,O036,8,204,3.127787756,83,0.318040863,0.288671609,0.125731933,0.510862581,11
D102,O037,8,204,3.127787756,232,0.083660283,0.374766445,0.463420281,0.901833982,16
D102,O038,8,204,3.127787756,765,0.137328547,0.153890662,0.395745604,0.824092212,73
D102,O039,8,204,3.127787756,48,0.232718262,0.17994217,0.033136716,0.784320075,1
D102,O040,8,204,3.127787756,585,0.392959459,0.39457393,0.498815231,0.847757244,30
D102,O041,8,204,3.127787756,49,0.297735298,0.268205888,0.212580592,0.765018393,7
D102,O042,8,204,3.127787756,533,0.049123846,0.273615249,0.271891148,0.775509181,28
D102,O043,8,204,3.127787756,936,0.154267686,0.332919895,0.389161836,0.694797352,211
D102,O044,8,204,3.127787756,721,0.432376139,0.324925408,0.144007894,0.742867678,148
D102,O045,8,204,3.127787756,692,0.331104768,0.086465045,0.220042135,0.679206917,59
D102,O046,8,204,3.127787756,402,0.241792287,0.134055119,0.264545347,1.045585484,81
D102,O047,8,204,3.127787756,32,0.457593053,0.357426009,0.365235909,0.729886159,4
D102,O048,8,204,3.127787756,45,0.221925977,0.348159922,0.204633474,0.792986797,8
D102,O049,8,204,3.127787756,33,0.068127718,0.327197905,0.351458552,0.638016666,6
D102,O050,8,204,3.127787756,322,0.206052109,0.123509785,0.230258857,0.710466564,78
D102,O051,8,204,3.127787756,264,0.415458501,0.161179135,0.311726789,0.922834621,12
D102,O052,8,204,3.127787756,249,0.293109713,0.381495942,0.29384703,0.500330142,30
D102,O053,8,204,3.127787756,251,0.008437374,0.219704544,0.077608614,0.857828126,11
D102,O054,8,204,3.127787756,70,0.483939677,0.225369653,0.039302168,0.574845385,11
D102,O055,8,204,3.127787756,143,0.09821222,0.163666817,0.285033773,0.601558378,17
D102,O056,8,204,3.127787756,345,0.064149611,0.031223606,0.23904777,0.691855779,21
D102,O057,8,204,3.127787756,100,0.400541493,0.216556949,0.487740957,1.038462113,22
D102,O058,8,204,3.127787756,22,0.090722232,0.036785238,0.101049312,0.663001423,4
D102,O059,8,204,3.127787756,486,0.079431167,0.248195591,0.397292534,0.804788767,76
D102,O060,8,204,3.127787756,273,0.451061182,0.170720182,0.061912147,0.815113055,50
D102,O061,8,204,3.127787756,27,0.381805437,0.01616482,0.491613692,0.675221612,4
D102,O062,8,204,3.127787756,442,0.418928223,0.359834489,0.417321395,0.554105019,34
D102,O063,8,204,3.127787756,159,0.167777479,0.069957712,0.130372357,0.943907134,38
D102,O064,8,204,3.127787756,358,0.061032209,0.305917985,0.455729849,0.927346891,71
D102,O065,8,204,3.127787756,56,0.248866638,0.340199764,0.379559452,0.583546864,5
D102,O066,8,204,3.127787756,149,0.351209323,0.192455527,0.149427886,0.883050134,9
D102,O067,8,204,3.127787756,60,0.359928689,0.02076874,0.174232425,0.648987034,6
D102,O068,8,204,3.127787756,871,0.148525779,0.2389906,0.43126666,0.56330551,22
D102,O069,8,204,3.127787756,600,0.193256125,0.259153683,0.18565311,0.968309469,107
D102,O070,8,204,3.127787756,139,0.286307662,0.0275532,0.151186277,0.734969069,9
D102,O071,8,204,3.127787756,830,0.025772238,0.059916076,0.006124037,0.854259133,1
D102,O072,8,204,3.127787756,41,0.447028226,0.353970092,0.321029628,0.606201119,5
D102,O073,8,204,3.127787756,22,0.099783277,0.097826372,0.112559894,0.548583884,3
D102,O074,8,204,3.127787756,36,0.042568944,0.004280635,0.087293441,0.86728622,3
D102,O075,8,204,3.127787756,31,0.495260113,0.154710174,0.269857669,0.722353565,5
D102,O076,8,204,3.127787756,202,0.209924614,0.319442165,0.171734319,0.667816616,34
D102,O077,8,204,3.127787756,648,0.325153788,0.303515085,0.316930252,0.613107267,97
D102,O078,8,204,3.127787756,379,0.223960723,0.064878079,0.224272393,0.840645589,80
D102,O079,8,204,3.127787756,65,0.075519811,0.282963886,0.299403793,0.51375586,9
D102,O080,8,204,3.127787756,206,0.124478381,0.390952102,0.159201992,0.812430792,3
D102,O081,8,204,3.127787756,229,0.311863322,0.040757227,0.190953924,0.52059127,6
D102,O082,8,204,3.127787756,630,0.267185735,0.363424574,0.305398084,0.528725737,144
D102,O083,8,204,3.127787756,89,0.002629244,0.11891721,0.012340148,0.799263288,13
D102,O084,8,204,3.127787756,797,0.372992677,0.000386491,0.00152113,0.993396916,169
D102,O085,8,204,3.127787756,66,0.183976656,0.236269207,0.120756181,0.591017322,11
D102,O086,8,204,3.127787756,135,0.469888219,0.056365997,0.043821459,0.952586866,28
D102,O087,8,204,3.127787756,23,0.111840401,0.071296914,0.089679808,0.791166307,2
D102,O088,8,204,3.127787756,74,0.028069089,0.054085246,0.202673962,0.619616712,14
D102,O089,8,204,3.127787756,55,0.492105028,0.101006081,0.474810428,0.657444473,6
D102,O090,8,204,3.127787756,285,0.03434851,0.377557012,0.057284121,0.757204241,14
D102,O091,8,204,3.127787756,85,0.181583703,0.224320695,0.138841885,0.830164928,8
D102,O092,8,204,3.127787756,303,0.442706311,0.172267227,0.436491903,0.897895329,53
D102,O093,8,204,3.127787756,25,0.276275035,0.078153424,0.291384582,0.958605081,1
D102,O094,8,204,3.127787756,888,0.302089761,0.091469055,0.358945917,0.915650339,193
D102,O095,8,204,3.127787756,29,0.365502327,0.314203797,0.177999519,0.631365154,3
D102,O096,8,204,3.127787756,91,0.16170145,0.264353919,0.069555674,0.545005585,20
D103,O001,2,622,0.587383364,184,0.252173292,0.345006223,0.414518539,1.008029851,43
D103,O002,2,622,0.587383364,71,0.386957289,0.33590604,0.423756547,1.030814136,16
D103,O003,2,622,0.587383364,43,0.48531049,0.109844006,0.373132887,0.562934186,5
D103,O004,2,622,0.587383364,544,0.015441285,0.39993713,0.047767101,0.621494583,12
D103,O005,2,622,0.587383364,472,0.458927508,0.08115278,0.018055532,0.751825682,8
D103,O006,2,622,0.587383364,26,0.466438896,0.19990199,0.36047691,0.537345538,5
D103,O007,2,622,0.587383364,20,0.141130372,0.138764594,0.166622366,0.974703346,2
D103,O008,2,622,0.587383364,217,0.118365868,0.010264005,0.438577644,0.70421183,4
D103,O009,2,622,0.587383364,39,0.272204984,0.243100415,0.446678,0.893215891,1
D103,O010,2,622,0.587383364,78,0.42428609,0.04657399,0.47291634,0.886241643,6
D103,O011,2,622,0.587383364,163,0.257766277,0.230369452,0.067376828,1.041013094,24
D103,O012,2,622,0.587383364,121,0.018977159,0.042108472,0.106166432,0.634587855,7
D103,O013,2,622,0.587383364,38,0.13035544,0.200717694,0.465695355,0.90739434,4
D103,O014,2,622,0.587383364,505,0.055050564,0.385744929,0.323573274,0.956197221,126
D103,O015,2,622,0.587383364,369,0.403527677,0.186961283,0.029180542,1.016098144,88
D103,O016,2,622,0.587383364,990,0.188337728,0.211915952,0.403770273,0.683522338,99
D103,O017,2,622,0.587383364,47,0.235947901,0.205558573,0.450421949,0.98550411,1
D103,O018,2,622,0.587383364,128,0.201594351,0.132120615,0.2466657,1.015365814,15
D103,O019,2,622,0.587383364,24,0.431629638,0.254066717,0.253740338,0.934568431,1
D103,O020,2,622,0.587383364,113,0.348269976,0.095285863,0.409466489,0.990902637,28
D103,O021,2,622,0.587383364,35,0.407381528,0.191612689,0.078494355,0.726366674,4
D103,O022,2,622,0.587383364,193,0.265083523,0.114415056,0.48366938,0.770574624,6
D103,O023,2,622,0.587383364,410,0.214451437,0.12789836,0.094002538,0.876090399,34
D103,O024,2,622,0.587383364,109,0.107543079,0.370185632,0.33107989,0.763088384,2
D103,O025,2,622,0.587383364,53,0.129725034,0.023513439,0.022926164,0.647079336,9
D103,O026,2,622,0.587383364,104,0.335746812,0.309055962,0.214783733,0.866605062,9
D103,O027,2,622,0.587383364,120,0.173792118,0.275390581,0.115990185,0.594400816,1
D103,O028,2,622,0.587383364,315,0.161028291,0.149607497,0.243736481,0.836522744,76
D103,O029,2,622,0.587383364,744,0.31398409,0.144642217,0.380464816,1.001095973,47
D103,O030,2,622,0.587383364,96,0.291312931,0.178362873,0.260288981,0.712485371,21
D103,O031,2,622,0.587383364,61,0.375724597,0.298965989,0.344989603,1.023539068,2
D103,O032,2,622,0.587383364,449,0.47407037,0.293964396,0.333868972,0.526716923,86
D103,O033,2,622,0.587383364,28,0.356894295,0.285864598,0.280390934,0.572892371,5
D103,O034,2,622,0.587383364,172,0.339323194,0.106162856,0.193996227,0.976195745,28
D103,O035,2,622,0.587383364,173,0.041159595,0.256897351,0.341435098,0.936656262,22
D103,O036,2,622,0.587383364,83,0.318040863,0.288671609,0.125731933,0.510862581,11
D103,O037,2,622,0.587383364,232,0.083660283,0.374766445,0.463420281,0.901833982,16
D103,O038,2,622,0.587383364,765,0.137328547,0.153890662,0.395745604,0.824092212,73
D103,O039,2,622,0.587383364,48,0.232718262,0.17994217,0.033136716,0.784320075,1
D103,O040,2,622,0.587383364,585,0.392959459,0.39457393,0.498815231,0.847757244,30
D103,O041,2,622,0.587383364,49,0.297735298,0.268205888,0.212580592,0.765018393,7
D103,O042,2,622,0.587383364,533,0.049123846,0.273615249,0.271891148,0.775509181,28
D103,O043,2,622,0.587383364,936,0.154267686,0.332919895,0.389161836,0.694797352,211
D103,O044,2,622,0.587383364,721,0.432376139,0.324925408,0.144007894,0.742867678,148
D103,O045,2,622,0.587383364,692,0.331104768,0.086465045,0.220042135,0.679206917,59
D103,O046,2,622,0.587383364,402,0.241792287,0.134055119,0.264545347,1.045585484,81
D103,O047,2,622,0.587383364,32,0.457593053,0.357426009,0.365235909,0.729886159,4
D103,O048,2,622,0.587383364,45,0.221925977,0.348159922,0.204633474,0.792986797,8
D103,O049,2,622,0.587383364,33,0.068127718,0.327197905,0.351458552,0.638016666,6
D103,O050,2,622,0.587383364,322,0.206052109,0.123509785,0.230258857,0.710466564,78
D103,O051,2,622,0.587383364,264,0.415458501,0.161179135,0.311726789,0.922834621,12
D103,O052,2,622,0.587383364,249,0.293109713,0.381495942,0.29384703,0.500330142,30
D103,O053,2,622,0.587383364,251,0.008437374,0.219704544,0.077608614,0.857828126,11
D103,O054,2,622,0.587383364,70,0.483939677,0.225369653,0.039302168,0.574845385,11
D103,O055,2,622,0.587383364,143,0.09821222,0.163666817,0.285033773,0.601558378,17
D103,O056,2,622,0.587383364,345,0.064149611,0.031223606,0.23904777,0.691855779,21
D103,O057,2,622,0.587383364,100,0.400541493,0.216556949,0.487740957,1.038462113,22
D103,O058,2,622,0.587383364,22,0.090722232,0.036785238,0.101049312,0.663001423,4
D103,O059,2,622,0.587383364,486,0.079431167,0.248195591,0.397292534,0.804788767,76
D103,O060,2,622,0.587383364,273,0.451061182,0.170720182,0.061912147,0.815113055,50
D103,O061,2,622,0.587383364,27,0.381805437,0.01616482,0.491613692,0.675221612,4
D103,O062,2,622,0.587383364,442,0.418928223,0.359834489,0.417321395,0.554105019,34
D103,O063,2,622,0.587383364,159,0.167777479,0.069957712,0.130372357,0.943907134,38
D103,O064,2,622,0.587383364,358,0.061032209,0.305917985,0.455729849,0.927346891,71
D103,O065,2,622,0.587383364,56,0.248866638,0.340199764,0.379559452,0.583546864,5
D103,O066,2,622,0.587383364,149,0.351209323,0.192455527,0.149427886,0.883050134,9
D103,O067,2,622,0.587383364,60,0.359928689,0.02076874,0.174232425,0.648987034,6
D103,O068,2,622,0.587383364,871,0.148525779,0.2389906,0.43126666,0.56330551,22
D103,O069,2,622,0.587383364,600,0.193256125,0.259153683,0.18565311,0.968309469,107
D103,O070,2,622,0.587383364,139,0.286307662,0.0275532,0.151186277,0.734969069,9
D103,O071,2,622,0.587383364,830,0.025772238,0.059916076,0.006124037,0.854259133,1
D103,O072,2,622,0.587383364,41,0.447028226,0.353970092,0.321029628,0.606201119,5
D103,O073,2,622,0.587383364,22,0.099783277,0.097826372,0.112559894,0.548583884,3
D103,O074,2,622,0.587383364,36,0.042568944,0.004280635,0.087293441,0.86728622,3
D103,O075,2,622,0.587383364,31,0.495260113,0.154710174,0.269857669,0.722353565,5
D103,O076,2,622,0.587383364,202,0.209924614,0.319442165,0.171734319,0.667816616,34
D103,O077,2,622,0.587383364,648,0.325153788,0.303515085,0.316930252,0.613107267,97
D103,O078,2,622,0.587383364,379,0.223960723,0.064878079,0.224272393,0.840645589,80
D103,O079,2,622,0.587383364,65,0.075519811,0.282963886,0.299403793,0.51375586,9
D103,O080,2,622,0.587383364,206,0.124478381,0.390952102,0.159201992,0.812430792,3
D103,O081,2,622,0.587383364,229,0.311863322,0.040757227,0.190953924,0.52059127,6
D103,O082,2,622,0.587383364,630,0.267185735,0.363424574,0.305398084,0.528725737,144
D103,O083,2,622,0.587383364,89,0.002629244,0.11891721,0.012340148,0.799263288,13
D103,O084,2,622,0.587383364,797,0.372992677,0.000386491,0.00152113,0.993396916,169
D103,O085,2,622,0.587383364,66,0.183976656,0.236269207,0.120756181,0.591017322,11
D103,O086,2,622,0.587383364,135,0.469888219,0.056365997,0.043821459,0.952586866,28
D103,O087,2,622,0.587383364,23,0.111840401,0.071296914,0.089679808,0.791166307,2
D103,O088,2,622,0.587383364,74,0.028069089,0.054085246,0.202673962,0.619616712,14
D103,O089,2,622,0.587383364,55,0.492105028,0.101006081,0.474810428,0.657444473,6
D103,O090,2,622,0.587383364,285,0.03434851,0.377557012,0.057284121,0.757204241,14
D103,O091,2,622,0.587383364,85,0.181583703,0.224320695,0.138841885,0.830164928,8
D103,O092,2,622,0.587383364,303,0.442706311,0.172267227,0.436491903,0.897895329,53
D103,O093,2,622,0.587383364,25,0.276275035,0.078153424,0.291384582,0.958605081,1
D103,O094,2,622,0.587383364,888,0.302089761,0.091469055,0.358945917,0.915650339,193
D103,O095,2,622,0.587383364,29,0.365502327,0.314203797,0.177999519,0.631365154,3
D103,O096,2,622,0.587383364,91,0.16170145,0.264353919,0.069555674,0.545005585,20
D104,O001,8,84,4.321434075,184,0.252173292,0.345006223,0.414518539,1.008029851,43
D104,O002,8,84,4.321434075,71,0.386957289,0.33590604,0.423756547,1.030814136,16
D104,O003,8,84,4.321434075,43,0.48531049,0.109844006,0.373132887,0.562934186,5
D104,O004,8,84,4.321434075,544,0.015441285,0.39993713,0.047767101,0.621494583,12
D104,O005,8,84,4.321434075,472,0.458927508,0.08115278,0.018055532,0.751825682,8
D104,O006,8,84,4.321434075,26,0.466438896,0.19990199,0.36047691,0.537345538,5
D104,O007,8,84,4.321434075,20,0.141130372,0.138764594,0.166622366,0.974703346,2
D104,O008,8,84,4.321434075,217,0.118365868,0.010264005,0.438577644,0.70421183,4
D104,O009,8,84,4.321434075,39,0.272204984,0.243100415,0.446678,0.893215891,1
D104,O010,8,84,4.321434075,78,0.42428609,0.04657399,0.47291634,0.886241643,6
D104,O011,8,84,4.321434075,163,0.257766277,0.230369452,0.067376828,1.041013094,24
D104,O012,8,84,4.321434075,121,0.018977159,0.042108472,0.106166432,0.634587855,7
D104,O013,8,84,4.321434075,38,0.13035544,0.200717694,0.465695355,0.90739434,4
D104,O014,8,84,4.321434075,505,0.055050564,0.385744929,0.323573274,0.956197221,126
D104,O015,8,84,4.321434075,369,0.403527677,0.186961283,0.029180542,1.016098144,88
D104,O016,8,84,4.321434075,990,0.188337728,0.211915952,0.403770273,0.683522338,99
D104,O017,8,84,4.321434075,47,0.235947901,0.205558573,0.450421949,0.98550411,1
D104,O018,8,84,4.321434075,128,0.201594351,0.132120615,0.2466657,1.015365814,15
D104,O019,8,84,4.321434075,24,0.431629638,0.254066717,0.253740338,0.934568431,1
D104,O020,8,84,4.321434075,113,0.348269976,0.095285863,0.409466489,0.990902637,28
D104,O021,8,84,4.321434075,35,0.407381528,0.191612689,0.078494355,0.726366674,4
D104,O022,8,84,4.321434075,193,0.265083523,0.114415056,0.48366938,0.770574624,6
D104,O023,8,84,4.321434075,410,0.214451437,0.12789836,0.094002538,0.876090399,34
D104,O024,8,84,4.321434075,109,0.107543079,0.370185632,0.33107989,0.763088384,2
D104,O025,8,84,4.321434075,53,0.129725034,0.023513439,0.022926164,0.647079336,9
D104,O026,8,84,4.321434075,104,0.335746812,0.309055962,0.214783733,0.866605062,9
D104,O027,8,84,4.321434075,120,0.173792118,0.275390581,0.115990185,0.594400816,1
D104,O028,8,84,4.321434075,315,0.161028291,0.149607497,0.243736481,0.836522744,76
D104,O029,8,84,4.321434075,744,0.31398409,0.144642217,0.380464816,1.001095973,47
D104,O030,8,84,4.321434075,96,0.291312931,0.178362873,0.260288981,0.712485371,21
D104,O031,8,84,4.321434075,61,0.375724597,0.298965989,0.344989603,1.023539068,2
D104,O032,8,84,4.321434075,449,0.47407037,0.293964396,0.333868972,0.526716923,86
D104,O033,8,84,4.321434075,28,0.356894295,0.285864598,0.280390934,0.572892371,5
D104,O034,8,84,4.321434075,172,0.339323194,0.106162856,0.193996227,0.976195745,28
D104,O035,8,84,4.321434075,173,0.041159595,0.256897351,0.341435098,0.936656262,22
D104,O036,8,84,4.321434075,83,0.318040863,0.288671609,0.125731933,0.510862581,11
D104,O037,8,84,4.321434075,232,0.083660283,0.374766445,0.463420281,0.901833982,16
D104,O038,8,84,4.321434075,765,0.137328547,0.153890662,0.395745604,0.824092212,73
D104,O039,8,84,4.321434075,48,0.232718262,0.17994217,0.033136716,0.784320075,1
D104,O040,8,84,4.321434075,585,0.392959459,0.39457393,0.498815231,0.847757244,30
D104,O041,8,84,4.321434075,49,0.297735298,0.268205888,0.212580592,0.765018393,7
D104,O042,8,84,4.321434075,533,0.049123846,0.273615249,0.271891148,0.775509181,28
D104,O043,8,84,4.321434075,936,0.154267686,0.332919895,0.389161836,0.694797352,211
D104,O044,8,84,4.321434075,721,0.432376139,0.324925408,0.144007894,0.742867678,148
D104,O045,8,84,4.321434075,692,0.331104768,0.086465045,0.220042135,0.679206917,59
D104,O046,8,84,4.321434075,402,0.241792287,0.134055119,0.264545347,1.045585484,81
D104,O047,8,84,4.321434075,32,0.457593053,0.357426009,0.365235909,0.729886159,4
D104,O048,8,84,4.321434075,45,0.221925977,0.348159922,0.204633474,0.792986797,8
D104,O049,8,84,4.321434075,33,0.068127718,0.327197905,0.351458552,0.638016666,6
D104,O050,8,84,4.321434075,322,0.206052109,0.123509785,0.230258857,0.710466564,78
D104,O051,8,84,4.321434075,264,0.415458501,0.161179135,0.311726789,0.922834621,12
D104,O052,8,84,4.321434075,249,0.293109713,0.381495942,0.29384703,0.500330142,30
D104,O053,8,84,4.321434075,251,0.008437374,0.219704544,0.077608614,0.857828126,11
D104,O054,8,84,4.321434075,70,0.483939677,0.225369653,0.039302168,0.574845385,11
D104,O055,8,84,4.321434075,143,0.09821222,0.163666817,0.285033773,0.601558378,17
D104,O056,8,84,4.321434075,345,0.064149611,0.031223606,0.23904777,0.691855779,21
D104,O057,8,84,4.321434075,100,0.400541493,0.216556949,0.487740957,1.038462113,22
D104,O058,8,84,4.321434075,22,0.090722232,0.036785238,0.101049312,0.663001423,4
D104,O059,8,84,4.321434075,486,0.079431167,0.248195591,0.397292534,0.804788767,76
D104,O060,8,84,4.321434075,273,0.451061182,0.170720182,0.061912147,0.815113055,50
D104,O061,8,84,4.321434075,27,0.381805437,0.01616482,0.491613692,0.675221612,4
D104,O062,8,84,4.321434075,442,0.418928223,0.359834489,0.417321395,0.554105019,34
D104,O063,8,84,4.321434075,159,0.167777479,0.069957712,0.130372357,0.943907134,38
D104,O064,8,84,4.321434075,358,0.061032209,0.305917985,0.455729849,0.927346891,71
D104,O065,8,84,4.321434075,56,0.248866638,0.340199764,0.379559452,0.583546864,5
D104,O066,8,84,4.321434075,149,0.351209323,0.192455527,0.149427886,0.883050134,9
D104,O067,8,84,4.321434075,60,0.359928689,0.02076874,0.174232425,0.648987034,6
D104,O068,8,84,4.321434075,871,0.148525779,0.2389906,0.43126666,0.56330551,22
D104,O069,8,84,4.321434075,600,0.193256125,0.259153683,0.18565311,0.968309469,107
D104,O070,8,84,4.321434075,139,0.286307662,0.0275532,0.151186277,0.734969069,9
D104,O071,8,84,4.321434075,830,0.025772238,0.059916076,0.006124037,0.854259133,1
D104,O072,8,84,4.321434075,41,0.447028226,0.353970092,0.321029628,0.606201119,5
D104,O073,8,84,4.321434075,22,0.099783277,0.097826372,0.112559894,0.548583884,3
D104,O074,8,84,4.321434075,36,0.042568944,0.004280635,0.087293441,0.86728622,3
D104,O075,8,84,4.321434075,31,0.495260113,0.154710174,0.269857669,0.722353565,5
D104,O076,8,84,4.321434075,202,0.209924614,0.319442165,0.171734319,0.667816616,34
D104,O077,8,84,4.321434075,648,0.325153788,0.303515085,0.316930252,0.613107267,97
D104,O078,8,84,4.321434075,379,0.223960723,0.064878079,0.224272393,0.840645589,80
D104,O079,8,84,4.321434075,65,0.075519811,0.282963886,0.299403793,0.51375586,9
D104,O080,8,84,4.321434075,206,0.124478381,0.390952102,0.159201992,0.812430792,3
D104,O081,8,84,4.321434075,229,0.311863322,0.040757227,0.190953924,0.52059127,6
D104,O082,8,84,4.321434075,630,0.267185735,0.363424574,0.305398084,0.528725737,144
D104,O083,8,84,4.321434075,89,0.002629244,0.11891721,0.012340148,0.799263288,13
D104,O084,8,84,4.321434075,797,0.372992677,0.000386491,0.00152113,0.993396916,169
D104,O085,8,84,4.321434075,66,0.183976656,0.236269207,0.120756181,0.591017322,11
D104,O086,8,84,4.321434075,135,0.469888219,0.056365997,0.043821459,0.952586866,28
D104,O087,8,84,4.321434075,23,0.111840401,0.071296914,0.089679808,0.791166307,2
D104,O088,8,84,4.321434075,74,0.028069089,0.054085246,0.202673962,0.619616712,14
D104,O089,8,84,4.321434075,55,0.492105028,0.101006081,0.474810428,0.657444473,6
D104,O090,8,84,4.321434075,285,0.03434851,0.377557012,0.057284121,0.757204241,14
D104,O091,8,84,4.321434075,85,0.181583703,0.224320695,0.138841885,0.830164928,8
D104,O092,8,84,4.321434075,303,0.442706311,0.172267227,0.436491903,0.897895329,53
D104,O093,8,84,4.321434075,25,0.276275035,0.078153424,0.291384582,0.958605081,1
D104,O094,8,84,4.321434075,888,0.302089761,0.091469055,0.358945917,0.915650339,193
D104,O095,8,84,4.321434075,29,0.365502327,0.314203797,0.177999519,0.631365154,3
D104,O096,8,84,4.321434075,91,0.16170145,0.264353919,0.069555674,0.545005585,20
D105,O001,4,74,1.688409456,184,0.252173292,0.345006223,0.414518539,1.008029851,43
D105,O002,4,74,1.688409456,71,0.386957289,0.33590604,0.423756547,1.030814136,16
D105,O003,4,74,1.688409456,43,0.48531049,0.109844006,0.373132887,0.562934186,5
D105,O004,4,74,1.688409456,544,0.015441285,0.39993713,0.047767101,0.621494583,12
D105,O005,4,74,1.688409456,472,0.458927508,0.08115278,0.018055532,0.751825682,8
D105,O006,4,74,1.688409456,26,0.466438896,0.19990199,0.36047691,0.537345538,5
D105,O007,4,74,1.688409456,20,0.141130372,0.138764594,0.166622366,0.974703346,2
D105,O008,4,74,1.688409456,217,0.118365868,0.010264005,0.438577644,0.70421183,4
D105,O009,4,74,1.688409456,39,0.272204984,0.243100415,0.446678,0.893215891,1
D105,O010,4,74,1.688409456,78,0.42428609,0.04657399,0.47291634,0.886241643,6
D105,O011,4,74,1.688409456,163,0.257766277,0.230369452,0.067376828,1.041013094,24
D105,O012,4,74,1.688409456,121,0.018977159,0.042108472,0.106166432,0.634587855,7
D105,O013,4,74,1.688409456,38,0.13035544,0.200717694,0.465695355,0.90739434,4
D105,O014,4,74,1.688409456,505,0.055050564,0.385744929,0.323573274,0.956197221,126
D105,O015,4,74,1.688409456,369,0.403527677,0.186961283,0.029180542,1.016098144,88
D105,O016,4,74,1.688409456,990,0.188337728,0.211915952,0.403770273,0.683522338,99
D105,O017,4,74,1.688409456,47,0.235947901,0.205558573,0.450421949,0.98550411,1
D105,O018,4,74,1.688409456,128,0.201594351,0.132120615,0.2466657,1.015365814,15
D105,O019,4,74,1.688409456,24,0.431629638,0.254066717,0.253740338,0.934568431,1
D105,O020,4,74,1.688409456,113,0.348269976,0.095285863,0.409466489,0.990902637,28
D105,O021,4,74,1.688409456,35,0.407381528,0.191612689,0.078494355,0.726366674,4
D105,O022,4,74,1.688409456,193,0.265083523,0.114415056,0.48366938,0.770574624,6
D105,O023,4,74,1.688409456,410,0.214451437,0.12789836,0.094002538,0.876090399,34
D105,O024,4,74,1.688409456,109,0.107543079,0.370185632,0.33107989,0.763088384,2
D105,O025,4,74,1.688409456,53,0.129725034,0.023513439,0.022926164,0.647079336,9
D105,O026,4,74,1.688409456,104,0.335746812,0.309055962,0.214783733,0.866605062,9
D105,O027,4,74,1.688409456,120,0.173792118,0.275390581,0.115990185,0.594400816,1
D105,O028,4,74,1.688409456,315,0.161028291,0.149607497,0.243736481,0.836522744,76
D105,O029,4,74,1.688409456,744,0.31398409,0.144642217,0.380464816,1.001095973,47
D105,O030,4,74,1.688409456,96,0.291312931,0.178362873,0.260288981,0.712485371,21
D105,O031,4,74,1.688409456,61,0.375724597,0.298965989,0.344989603,1.023539068,2
D105,O032,4,74,1.688409456,449,0.47407037,0.293964396,0.333868972,0.526716923,86
D105,O033,4,74,1.688409456,28,0.356894295,0.285864598,0.280390934,0.572892371,5
D105,O034,4,74,1.688409456,172,0.339323194,0.106162856,0.193996227,0.976195745,28
D105,O035,4,74,1.688409456,173,0.041159595,0.256897351,0.341435098,0.936656262,22
D105,O036,4,74,1.688409456,83,0.318040863,0.288671609,0.125731933,0.510862581,11
D105,O037,4,74,1.688409456,232,0.083660283,0.374766445,0.463420281,0.901833982,16
D105,O038,4,74,1.688409456,765,0.137328547,0.153890662,0.395745604,0.824092212,73
D105,O039,4,74,1.688409456,48,0.232718262,0.17994217,0.033136716,0.784320075,1
D105,O040,4,74,1.688409456,585,0.392959459,0.39457393,0.498815231,0.847757244,30
D105,O041,4,74,1.688409456,49,0.297735298,0.268205888,0.212580592,0.765018393,7
D105,O042,4,74,1.688409456,533,0.049123846,0.273615249,0.271891148,0.775509181,28
D105,O043,4,74,1.688409456,936,0.154267686,0.332919895,0.389161836,0.694797352,211
D105,O044,4,74,1.688409456,721,0.432376139,0.324925408,0.144007894,0.742867678,148
D105,O045,4,74,1.688409456,692,0.331104768,0.086465045,0.220042135,0.679206917,59
D105,O046,4,74,1.688409456,402,0.241792287,0.134055119,0.264545347,1.045585484,81
D105,O047,4,74,1.688409456,32,0.457593053,0.357426009,0.365235909,0.729886159,4
D105,O048,4,74,1.688409456,45,0.221925977,0.348159922,0.204633474,0.792986797,8
D105,O049,4,74,1.688409456,33,0.068127718,0.327197905,0.351458552,0.638016666,6
D105,O050,4,74,1.688409456,322,0.206052109,0.123509785,0.230258857,0.710466564,78
D105,O051,4,74,1.688409456,264,0.415458501,0.161179135,0.311726789,0.922834621,12
D105,O052,4,74,1.688409456,249,0.293109713,0.381495942,0.29384703,0.500330142,30
D105,O053,4,74,1.688409456,251,0.008437374,0.219704544,0.077608614,0.857828126,11
D105,O054,4,74,1.688409456,70,0.483939677,0.225369653,0.039302168,0.574845385,11
D105,O055,4,74,1.688409456,143,0.09821222,0.163666817,0.285033773,0.601558378,17
D105,O056,4,74,1.688409456,345,0.064149611,0.031223606,0.23904777,0.691855779,21
D105,O057,4,74,1.688409456,100,0.400541493,0.216556949,0.487740957,1.038462113,22
D105,O058,4,74,1.688409456,22,0.090722232,0.036785238,0.101049312,0.663001423,4
D105,O059,4,74,1.688409456,486,0.079431167,0.248195591,0.397292534,0.804788767,76
D105,O060,4,74,1.688409456,273,0.451061182,0.170720182,0.061912147,0.815113055,50
D105,O061,4,74,1.688409456,27,0.381805437,0.01616482,0.491613692,0.675221612,4
D105,O062,4,74,1.688409456,442,0.418928223,0.359834489,0.417321395,0.554105019,34
D105,O063,4,74,1.688409456,159,0.167777479,0.069957712,0.130372357,0.943907134,38
D105,O064,4,74,1.688409456,358,0.061032209,0.305917985,0.455729849,0.927346891,71
D105,O065,4,74,1.688409456,56,0.248866638,0.340199764,0.379559452,0.583546864,5
D105,O066,4,74,1.688409456,149,0.351209323,0.192455527,0.149427886,0.883050134,9
D105,O067,4,74,1.688409456,60,0.359928689,0.02076874,0.174232425,0.648987034,6
D105,O068,4,74,1.688409456,871,0.148525779,0.2389906,0.43126666,0.56330551,22
D105,O069,4,74,1.688409456,600,0.193256125,0.259153683,0.18565311,0.968309469,107
D105,O070,4,74,1.688409456,139,0.286307662,0.0275532,0.151186277,0.734969069,9
D105,O071,4,74,1.688409456,830,0.025772238,0.059916076,0.006124037,0.854259133,1
D105,O072,4,74,1.688409456,41,0.447028226,0.353970092,0.321029628,0.606201119,5
D105,O073,4,74,1.688409456,22,0.099783277,0.097826372,0.112559894,0.548583884,3
D105,O074,4,74,1.688409456,36,0.042568944,0.004280635,0.087293441,0.86728622,3
D105,O075,4,74,1.688409456,31,0.495260113,0.154710174,0.269857669,0.722353565,5
D105,O076,4,74,1.688409456,202,0.209924614,0.319442165,0.171734319,0.667816616,34
D105,O077,4,74,1.688409456,648,0.325153788,0.303515085,0.316930252,0.613107267,97
D105,O078,4,74,1.688409456,379,0.223960723,0.064878079,0.224272393,0.840645589,80
D105,O079,4,74,1.688409456,65,0.075519811,0.282963886,0.299403793,0.51375586,9
D105,O080,4,74,1.688409456,206,0.124478381,0.390952102,0.159201992,0.812430792,3
D105,O081,4,74,1.688409456,229,0.311863322,0.040757227,0.190953924,0.52059127,6
D105,O082,4,74,1.688409456,630,0.267185735,0.363424574,0.305398084,0.528725737,144
D105,O083,4,74,1.688409456,89,0.002629244,0.11891721,0.012340148,0.799263288,13
D105,O084,4,74,1.688409456,797,0.372992677,0.000386491,0.00152113,0.993396916,169
D105,O085,4,74,1.688409456,66,0.183976656,0.236269207,0.120756181,0.591017322,11
D105,O086,4,74,1.688409456,135,0.469888219,0.056365997,0.043821459,0.952586866,28
D105,O087,4,74,1.688409456,23,0.111840401,0.071296914,0.089679808,0.791166307,2
D105,O088,4,74,1.688409456,74,0.028069089,0.054085246,0.202673962,0.619616712,14
D105,O089,4,74,1.688409456,55,0.492105028,0.101006081,0.474810428,0.657444473,6
D105,O090,4,74,1.688409456,285,0.03434851,0.377557012,0.057284121,0.757204241,14
D105,O091,4,74,1.688409456,85,0.181583703,0.224320695,0.138841885,0.830164928,8
D105,O092,4,74,1.688409456,303,0.442706311,0.172267227,0.436491903,0.897895329,53
D105,O093,4,74,1.688409456,25,0.276275035,0.078153424,0.291384582,0.958605081,1
D105,O094,4,74,1.688409456,888,0.302089761,0.091469055,0.358945917,0.915650339,193
D105,O095,4,74,1.688409456,29,0.365502327,0.314203797,0.177999519,0.631365154,3
D105,O096,4,74,1.688409456,91,0.16170145,0.264353919,0.069555674,0.545005585,20
D106,O001,6,840,2.071719566,184,0.252173292,0.345006223,0.414518539,1.008029851,43
D106,O002,6,840,2.071719566,71,0.386957289,0.33590604,0.423756547,1.030814136,16
D106,O003,6,840,2.071719566,43,0.48531049,0.109844006,0.373132887,0.562934186,5
D106,O004,6,840,2.071719566,544,0.015441285,0.39993713,0.047767101,0.621494583,12
D106,O005,6,840,2.071719566,472,0.458927508,0.08115278,0.018055532,0.751825682,8
D106,O006,6,840,2.071719566,26,0.466438896,0.19990199,0.36047691,0.537345538,5
D106,O007,6,840,2.071719566,20,0.141130372,0.138764594,0.166622366,0.974703346,2
D106,O008,6,840,2.071719566,217,0.118365868,0.010264005,0.438577644,0.70421183,4
D106,O009,6,840,2.071719566,39,0.272204984,0.243100415,0.446678,0.893215891,1
D106,O010,6,840,2.071719566,78,0.42428609,0.04657399,0.47291634,0.886241643,6
D106,O011,6,840,2.071719566,163,0.257766277,0.230369452,0.067376828,1.041013094,24
D106,O012,6,840,2.071719566,121,0.018977159,0.042108472,0.106166432,0.634587855,7
D106,O013,6,840,2.071719566,38,0.13035544,0.200717694,0.465695355,0.90739434,4
D106,O014,6,840,2.071719566,505,0.055050564,0.385744929,0.323573274,0.956197221,126
D106,O015,6,840,2.071719566,369,0.403527677,0.186961283,0.029180542,1.016098144,88
D106,O016,6,840,2.071719566,990,0.188337728,0.211915952,0.403770273,0.683522338,99
D106,O017,6,840,2.071719566,47,0.235947901,0.205558573,0.450421949,0.98550411,1
D106,O018,6,840,2.071719566,128,0.201594351,0.132120615,0.2466657,1.015365814,15
D106,O019,6,840,2.071719566,24,0.431629638,0.254066717,0.253740338,0.934568431,1
D106,O020,6,840,2.071719566,113,0.348269976,0.095285863,0.409466489,0.990902637,28
D106,O021,6,840,2.071719566,35,0.407381528,0.191612689,0.078494355,0.726366674,4
D106,O022,6,840,2.071719566,193,0.265083523,0.114415056,0.48366938,0.770574624,6
D106,O023,6,840,2.071719566,410,0.214451437,0.12789836,0.094002538,0.876090399,34
D106,O024,6,840,2.071719566,109,0.107543079,0.370185632,0.33107989,0.763088384,2
D106,O025,6,840,2.071719566,53,0.129725034,0.023513439,0.022926164,0.647079336,9
D106,O026,6,840,2.071719566,104,0.335746812,0.309055962,0.214783733,0.866605062,9
D106,O027,6,840,2.071719566,120,0.173792118,0.275390581,0.115990185,0.594400816,1
D106,O028,6,840,2.071719566,315,0.161028291,0.149607497,0.243736481,0.836522744,76
D106,O029,6,840,2.071719566,744,0.31398409,0.144642217,0.380464816,1.001095973,47
D106,O030,6,840,2.071719566,96,0.291312931,0.178362873,0.260288981,0.712485371,21
D106,O031,6,840,2.071719566,61,0.375724597,0.298965989,0.344989603,1.023539068,2
D106,O032,6,840,2.071719566,449,0.47407037,0.293964396,0.333868972,0.526716923,86
D106,O033,6,840,2.071719566,28,0.356894295,0.285864598,0.280390934,0.572892371,5
D106,O034,6,840,2.071719566,172,0.339323194,0.106162856,0.193996227,0.976195745,28
D106,O035,6,840,2.071719566,173,0.041159595,0.256897351,0.341435098,0.936656262,22
D106,O036,6,840,2.071719566,83,0.318040863,0.288671609,0.125731933,0.510862581,11
D106,O037,6,840,2.071719566,232,0.083660283,0.374766445,0.463420281,0.901833982,16
D106,O038,6,840,2.071719566,765,0.137328547,0.153890662,0.395745604,0.824092212,73
D106,O039,6,840,2.071719566,48,0.232718262,0.17994217,0.033136716,0.784320075,1
D106,O040,6,840,2.071719566,585,0.392959459,0.39457393,0.498815231,0.847757244,30
D106,O041,6,840,2.071719566,49,0.297735298,0.268205888,0.212580592,0.765018393,7
D106,O042,6,840,2.071719566,533,0.049123846,0.273615249,0.271891148,0.775509181,28
D106,O043,6,840,2.071719566,936,0.154267686,0.332919895,0.389161836,0.694797352,211
D106,O044,6,840,2.071719566,721,0.432376139,0.324925408,0.144007894,0.742867678,148
D106,O045,6,840,2.071719566,692,0.331104768,0.086465045,0.220042135,0.679206917,59
D106,O046,6,840,2.071719566,402,0.241792287,0.134055119,0.264545347,1.045585484,81
D106,O047,6,840,2.071719566,32,0.457593053,0.357426009,0.365235909,0.729886159,4
D106,O048,6,840,2.071719566,45,0.221925977,0.348159922,0.204633474,0.792986797,8
D106,O049,6,840,2.071719566,33,0.068127718,0.327197905,0.351458552,0.638016666,6
D106,O050,6,840,2.071719566,322,0.206052109,0.123509785,0.230258857,0.710466564,78
D106,O051,6,840,2.071719566,264,0.415458501,0.161179135,0.311726789,0.922834621,12
D106,O052,6,840,2.071719566,249,0.293109713,0.381495942,0.29384703,0.500330142,30
D106,O053,6,840,2.071719566,251,0.008437374,0.219704544,0.077608614,0.857828126,11
D106,O054,6,840,2.071719566,70,0.483939677,0.225369653,0.039302168,0.574845385,11
D106,O055,6,840,2.071719566,143,0.09821222,0.163666817,0.285033773,0.601558378,17
D106,O056,6,840,2.071719566,345,0.064149611,0.031223606,0.23904777,0.691855779,21
D106,O057,6,840,2.071719566,100,0.400541493,0.216556949,0.487740957,1.038462113,22
D106,O058,6,840,2.071719566,22,0.090722232,0.036785238,0.101049312,0.663001423,4
D106,O059,6,840,2.071719566,486,0.079431167,0.248195591,0.397292534,0.804788767,76
D106,O060,6,840,2.071719566,273,0.451061182,0.170720182,0.061912147,0.815113055,50
D106,O061,6,840,2.071719566,27,0.381805437,0.01616482,0.491613692,0.675221612,4
D106,O062,6,840,2.071719566,442,0.418928223,0.359834489,0.417321395,0.554105019,34
D106,O063,6,840,2.071719566,159,0.167777479,0.069957712,0.130372357,0.943907134,38
D106,O064,6,840,2.071719566,358,0.061032209,0.305917985,0.455729849,0.927346891,71
D106,O065,6,840,2.071719566,56,0.248866638,0.340199764,0.379559452,0.583546864,5
D106,O066,6,840,2.071719566,149,0.351209323,0.192455527,0.149427886,0.883050134,9
D106,O067,6,840,2.071719566,60,0.359928689,0.02076874,0.174232425,0.648987034,6
D106,O068,6,840,2.071719566,871,0.148525779,0.2389906,0.43126666,0.56330551,22
D106,O069,6,840,2.071719566,600,0.193256125,0.259153683,0.18565311,0.968309469,107
D106,O070,6,840,2.071719566,139,0.286307662,0.0275532,0.151186277,0.734969069,9
D106,O071,6,840,2.071719566,830,0.025772238,0.059916076,0.006124037,0.854259133,1
D106,O072,6,840,2.071719566,41,0.447028226,0.353970092,0.321029628,0.606201119,5
D106,O073,6,840,2.071719566,22,0.099783277,0.097826372,0.112559894,0.548583884,3
D106,O074,6,840,2.071719566,36,0.042568944,0.004280635,0.087293441,0.86728622,3
D106,O075,6,840,2.071719566,31,0.495260113,0.154710174,0.269857669,0.722353565,5
D106,O076,6,840,2.071719566,202,0.209924614,0.319442165,0.171734319,0.667816616,34
D106,O077,6,840,2.071719566,648,0.325153788,0.303515085,0.316930252,0.613107267,97
D106,O078,6,840,2.071719566,379,0.223960723,0.064878079,0.224272393,0.840645589,80
D106,O079,6,840,2.071719566,65,0.075519811,0.282963886,0.299403793,0.51375586,9
D106,O080,6,840,2.071719566,206,0.124478381,0.390952102,0.159201992,0.812430792,3
D106,O081,6,840,2.071719566,229,0.311863322,0.040757227,0.190953924,0.52059127,6
D106,O082,6,840,2.071719566,630,0.267185735,0.363424574,0.305398084,0.528725737,144
D106,O083,6,840,2.071719566,89,0.002629244,0.11891721,0.012340148,0.799263288,13
D106,O084,6,840,2.071719566,797,0.372992677,0.000386491,0.00152113,0.993396916,169
D106,O085,6,840,2.071719566,66,0.183976656,0.236269207,0.120756181,0.591017322,11
D106,O086,6,840,2.071719566,135,0.469888219,0.056365997,0.043821459,0.952586866,28
D106,O087,6,840,2.071719566,23,0.111840401,0.071296914,0.089679808,0.791166307,2
D106,O088,6,840,2.071719566,74,0.028069089,0.054085246,0.202673962,0.619616712,14
D106,O089,6,840,2.071719566,55,0.492105028,0.101006081,0.474810428,0.657444473,6
D106,O090,6,840,2.071719566,285,0.03434851,0.377557012,0.057284121,0.757204241,14
D106,O091,6,840,2.071719566,85,0.181583703,0.224320695,0.138841885,0.830164928,8
D106,O092,6,840,2.071719566,303,0.442706311,0.172267227,0.436491903,0.897895329,53
D106,O093,6,840,2.071719566,25,0.276275035,0.078153424,0.291384582,0.958605081,1
D106,O094,6,840,2.071719566,888,0.302089761,0.091469055,0.358945917,0.915650339,193
D106,O095,6,840,2.071719566,29,0.365502327,0.314203797,0.177999519,0.631365154,3
D106,O096,6,840,2.071719566,91,0.16170145,0.264353919,0.069555674,0.545005585,20
D107,O001,7,61,0.987241312,184,0.252173292,0.345006223,0.414518539,1.008029851,43
D107,O002,7,61,0.987241312,71,0.386957289,0.33590604,0.423756547,1.030814136,16
D107,O003,7,61,0.987241312,43,0.48531049,0.109844006,0.373132887,0.562934186,5
D107,O004,7,61,0.987241312,544,0.015441285,0.39993713,0.047767101,0.621494583,12
D107,O005,7,61,0.987241312,472,0.458927508,0.08115278,0.018055532,0.751825682,8
D107,O006,7,61,0.987241312,26,0.466438896,0.19990199,0.36047691,0.537345538,5
D107,O007,7,61,0.987241312,20,0.141130372,0.138764594,0.166622366,0.974703346,2
D107,O008,7,61,0.987241312,217,0.118365868,0.010264005,0.438577644,0.70421183,4
D107,O009,7,61,0.987241312,39,0.272204984,0.243100415,0.446678,0.893215891,1
D107,O010,7,61,0.987241312,78,0.42428609,0.04657399,0.47291634,0.886241643,6
D107,O011,7,61,0.987241312,163,0.257766277,0.230369452,0.067376828,1.041013094,24
D107,O012,7,61,0.987241312,121,0.018977159,0.042108472,0.106166432,0.634587855,7
D107,O013,7,61,0.987241312,38,0.13035544,0.200717694,0.465695355,0.90739434,4
D107,O014,7,61,0.987241312,505,0.055050564,0.385744929,0.323573274,0.956197221,126
D107,O015,7,61,0.987241312,369,0.403527677,0.186961283,0.029180542,1.016098144,88
D107,O016,7,61,0.987241312,990,0.188337728,0.211915952,0.403770273,0.683522338,99
D107,O017,7,61,0.987241312,47,0.235947901,0.205558573,0.450421949,0.98550411,1
D107,O018,7,61,0.987241312,128,0.201594351,0.132120615,0.2466657,1.015365814,15
D107,O019,7,61,0.987241312,24,0.431629638,0.254066717,0.253740338,0.934568431,1
D107,O020,7,61,0.987241312,113,0.348269976,0.095285863,0.409466489,0.990902637,28
D107,O021,7,61,0.987241312,35,0.407381528,0.191612689,0.078494355,0.726366674,4
D107,O022,7,61,0.987241312,193,0.265083523,0.114415056,0.48366938,0.770574624,6
D107,O023,7,61,0.987241312,410,0.214451437,0.12789836,0.094002538,0.876090399,34
D107,O024,7,61,0.987241312,109,0.107543079,0.370185632,0.33107989,0.763088384,2
D107,O025,7,61,0.987241312,53,0.129725034,0.023513439,0.022926164,0.647079336,9
D107,O026,7,61,0.987241312,104,0.335746812,0.309055962,0.214783733,0.866605062,9
D107,O027,7,61,0.987241312,120,0.173792118,0.275390581,0.115990185,0.594400816,1
D107,O028,7,61,0.987241312,315,0.161028291,0.149607497,0.243736481,0.836522744,76
D107,O029,7,61,0.987241312,744,0.31398409,0.144642217,0.380464816,1.001095973,47
D107,O030,7,61,0.987241312,96,0.291312931,0.178362873,0.260288981,0.712485371,21
D107,O031,7,61,0.987241312,61,0.375724597,0.298965989,0.344989603,1.023539068,2
D107,O032,7,61,0.987241312,449,0.47407037,0.293964396,0.333868972,0.526716923,86
D107,O033,7,61,0.987241312,28,0.356894295,0.285864598,0.280390934,0.572892371,5
D107,O034,7,61,0.987241312,172,0.339323194,0.106162856,0.193996227,0.976195745,28
D107,O035,7,61,0.987241312,173,0.041159595,0.256897351,0.341435098,0.936656262,22
D107,O036,7,61,0.987241312,83,0.318040863,0.288671609,0.125731933,0.510862581,11
D107,O037,7,61,0.987241312,232,0.083660283,0.374766445,0.463420281,0.901833982,16
D107,O038,7,61,0.987241312,765,0.137328547,0.153890662,0.395745604,0.824092212,73
D107,O039,7,61,0.987241312,48,0.232718262,0.17994217,0.033136716,0.784320075,1
D107,O040,7,61,0.987241312,585,0.392959459,0.39457393,0.498815231,0.847757244,30
D107,O041,7,61,0.987241312,49,0.297735298,0.268205888,0.212580592,0.765018393,7
D107,O042,7,61,0.987241312,533,0.049123846,0.273615249,0.271891148,0.775509181,28
D107,O043,7,61,0.987241312,936,0.154267686,0.332919895,0.389161836,0.694797352,211
D107,O044,7,61,0.987241312,721,0.432376139,0.324925408,0.144007894,0.742867678,148
D107,O045,7,61,0.987241312,692,0.331104768,0.086465045,0.220042135,0.679206917,59
D107,O046,7,61,0.987241312,402,0.241792287,0.134055119,0.264545347,1.045585484,81
D107,O047,7,61,0.987241312,32,0.457593053,0.357426009,0.365235909,0.729886159,4
D107,O048,7,61,0.987241312,45,0.221925977,0.348159922,0.204633474,0.792986797,8
D107,O049,7,61,0.987241312,33,0.068127718,0.327197905,0.351458552,0.638016666,6
D107,O050,7,61,0.987241312,322,0.206052109,0.123509785,0.230258857,0.710466564,78
D107,O051,7,61,0.987241312,264,0.415458501,0.161179135,0.311726789,0.922834621,12
D107,O052,7,61,0.987241312,249,0.293109713,0.381495942,0.29384703,0.500330142,30
D107,O053,7,61,0.987241312,251,0.008437374,0.219704544,0.077608614,0.857828126,11
D107,O054,7,61,0.987241312,70,0.483939677,0.225369653,0.039302168,0.574845385,11
D107,O055,7,61,0.987241312,143,0.09821222,0.163666817,0.285033773,0.601558378,17
D107,O056,7,61,0.987241312,345,0.064149611,0.031223606,0.23904777,0.691855779,21
D107,O057,7,61,0.987241312,100,0.400541493,0.216556949,0.487740957,1.038462113,22
D107,O058,7,61,0.987241312,22,0.090722232,0.036785238,0.101049312,0.663001423,4
D107,O059,7,61,0.987241312,486,0.079431167,0.248195591,0.397292534,0.804788767,76
D107,O060,7,61,0.987241312,273,0.451061182,0.170720182,0.061912147,0.815113055,50
D107,O061,7,61,0.987241312,27,0.381805437,0.01616482,0.491613692,0.675221612,4
D107,O062,7,61,0.987241312,442,0.418928223,0.359834489,0.417321395,0.554105019,34
D107,O063,7,61,0.987241312,159,0.167777479,0.069957712,0.130372357,0.943907134,38
D107,O064,7,61,0.987241312,358,0.061032209,0.305917985,0.455729849,0.927346891,71
D107,O065,7,61,0.987241312,56,0.248866638,0.340199764,0.379559452,0.583546864,5
D107,O066,7,61,0.987241312,149,0.351209323,0.192455527,0.149427886,0.883050134,9
D107,O067,7,61,0.987241312,60,0.359928689,0.02076874,0.174232425,0.648987034,6
D107,O068,7,61,0.987241312,871,0.148525779,0.2389906,0.43126666,0.56330551,22
D107,O069,7,61,0.987241312,600,0.193256125,0.259153683,0.18565311,0.968309469,107
D107,O070,7,61,0.987241312,139,0.286307662,0.0275532,0.151186277,0.734969069,9
D107,O071,7,61,0.987241312,830,0.025772238,0.059916076,0.006124037,0.854259133,1
D107,O072,7,61,0.987241312,41,0.447028226,0.353970092,0.321029628,0.606201119,5
D107,O073,7,61,0.987241312,22,0.099783277,0.097826372,0.112559894,0.548583884,3
D107,O074,7,61,0.987241312,36,0.042568944,0.004280635,0.087293441,0.86728622,3
D107,O075,7,61,0.987241312,31,0.495260113,0.154710174,0.269857669,0.722353565,5
D107,O076,7,61,0.987241312,202,0.209924614,0.319442165,0.171734319,0.667816616,34
D107,O077,7,61,0.987241312,648,0.325153788,0.303515085,0.316930252,0.613107267,97
D107,O078,7,61,0.987241312,379,0.223960723,0.064878079,0.224272393,0.840645589,80
D107,O079,7,61,0.987241312,65,0.075519811,0.282963886,0.299403793,0.51375586,9
D107,O080,7,61,0.987241312,206,0.124478381,0.390952102,0.159201992,0.812430792,3
D107,O081,7,61,0.987241312,229,0.311863322,0.040757227,0.190953924,0.52059127,6
D107,O082,7,61,0.987241312,630,0.267185735,0.363424574,0.305398084,0.528725737,144
D107,O083,7,61,0.987241312,89,0.002629244,0.11891721,0.012340148,0.799263288,13
D107,O084,7,61,0.987241312,797,0.372992677,0.000386491,0.00152113,0.993396916,169
D107,O085,7,61,0.987241312,66,0.183976656,0.236269207,0.120756181,0.591017322,11
D107,O086,7,61,0.987241312,135,0.469888219,0.056365997,0.043821459,0.952586866,28
D107,O087,7,61,0.987241312,23,0.111840401,0.071296914,0.089679808,0.791166307,2
D107,O088,7,61,0.987241312,74,0.028069089,0.054085246,0.202673962,0.619616712,14
D107,O089,7,61,0.987241312,55,0.492105028,0.101006081,0.474810428,0.657444473,6
D107,O090,7,61,0.987241312,285,0.03434851,0.377557012,0.057284121,0.757204241,14
D107,O091,7,61,0.987241312,85,0.181583703,0.224320695,0.138841885,0.830164928,8
D107,O092,7,61,0.987241312,303,0.442706311,0.172267227,0.436491903,0.897895329,53
D107,O093,7,61,0.987241312,25,0.276275035,0.078153424,0.291384582,0.958605081,1
D107,O094,7,61,0.987241312,888,0.302089761,0.091469055,0.358945917,0.915650339,193
D107,O095,7,61,0.987241312,29,0.365502327,0.314203797,0.177999519,0.631365154,3
D107,O096,7,61,0.987241312,91,0.16170145,0.264353919,0.069555674,0.545005585,20
D108,O001,5,100,0.444344169,184,0.252173292,0.345006223,0.414518539,1.008029851,43
D108,O002,5,100,0.444344169,71,0.386957289,0.33590604,0.423756547,1.030814136,16
D108,O003,5,100,0.444344169,43,0.48531049,0.109844006,0.373132887,0.562934186,5
D108,O004,5,100,0.444344169,544,0.015441285,0.39993713,0.047767101,0.621494583,12
D108,O005,5,100,0.444344169,472,0.458927508,0.08115278,0.018055532,0.751825682,8
D108,O006,5,100,0.444344169,26,0.466438896,0.19990199,0.36047691,0.537345538,5
D108,O007,5,100,0.444344169,20,0.141130372,0.138764594,0.166622366,0.974703346,2
D108,O008,5,100,0.444344169,217,0.118365868,0.010264005,0.438577644,0.70421183,4
D108,O009,5,100,0.444344169,39,0.272204984,0.243100415,0.446678,0.893215891,1
D108,O010,5,100,0.444344169,78,0.42428609,0.04657399,0.47291634,0.886241643,6
D108,O011,5,100,0.444344169,163,0.257766277,0.230369452,0.067376828,1.041013094,24
D108,O012,5,100,0.444344169,121,0.018977159,0.042108472,0.106166432,0.634587855,7
D108,O013,5,100,0.444344169,38,0.13035544,0.200717694,0.465695355,0.90739434,4
D108,O014,5,100,0.444344169,505,0.055050564,0.385744929,0.323573274,0.956197221,126
D108,O015,5,100,0.444344169,369,0.403527677,0.186961283,0.029180542,1.016098144,88
D108,O016,5,100,0.444344169,990,0.188337728,0.211915952,0.403770273,0.683522338,99
D108,O017,5,100,0.444344169,47,0.235947901,0.205558573,0.450421949,0.98550411,1
D108,O018,5,100,0.444344169,128,0.201594351,0.132120615,0.2466657,1.015365814,15
D108,O019,5,100,0.444344169,24,0.431629638,0.254066717,0.253740338,0.934568431,1
D108,O020,5,100,0.444344169,113,0.348269976,0.095285863,0.409466489,0.990902637,28
D108,O021,5,100,0.444344169,35,0.407381528,0.191612689,0.078494355,0.726366674,4
D108,O022,5,100,0.444344169,193,0.265083523,0.114415056,0.48366938,0.770574624,6
D108,O023,5,100,0.444344169,410,0.214451437,0.12789836,0.094002538,0.876090399,34
D108,O024,5,100,0.444344169,109,0.107543079,0.370185632,0.33107989,0.763088384,2
D108,O025,5,100,0.444344169,53,0.129725034,0.023513439,0.022926164,0.647079336,9
D108,O026,5,100,0.444344169,104,0.335746812,0.309055962,0.214783733,0.866605062,9
D108,O027,5,100,0.444344169,120,0.173792118,0.275390581,0.115990185,0.594400816,1
D108,O028,5,100,0.444344169,315,0.161028291,0.149607497,0.243736481,0.836522744,76
D108,O029,5,100,0.444344169,744,0.31398409,0.144642217,0.380464816,1.001095973,47
D108,O030,5,100,0.444344169,96,0.291312931,0.178362873,0.260288981,0.712485371,21
D108,O031,5,100,0.444344169,61,0.375724597,0.298965989,0.344989603,1.023539068,2
D108,O032,5,100,0.444344169,449,0.47407037,0.293964396,0.333868972,0.526716923,86
D108,O033,5,100,0.444344169,28,0.356894295,0.285864598,0.280390934,0.572892371,5
D108,O034,5,100,0.444344169,172,0.339323194,0.106162856,0.193996227,0.976195745,28
D108,O035,5,100,0.444344169,173,0.041159595,0.256897351,0.341435098,0.936656262,22
D108,O036,5,100,0.444344169,83,0.318040863,0.288671609,0.125731933,0.510862581,11
D108,O037,5,100,0.444344169,232,0.083660283,0.374766445,0.463420281,0.901833982,16
D108,O038,5,100,0.444344169,765,0.137328547,0.153890662,0.395745604,0.824092212,73
D108,O039,5,100,0.444344169,48,0.232718262,0.17994217,0.033136716,0.784320075,1
D108,O040,5,100,0.444344169,585,0.392959459,0.39457393,0.498815231,0.847757244,30
D108,O041,5,100,0.444344169,49,0.297735298,0.268205888,0.212580592,0.765018393,7
D108,O042,5,100,0.444344169,533,0.049123846,0.273615249,0.271891148,0.775509181,28
D108,O043,5,100,0.444344169,936,0.154267686,0.332919895,0.389161836,0.694797352,211
D108,O044,5,100,0.444344169,721,0.432376139,0.324925408,0.144007894,0.742867678,148
D108,O045,5,100,0.444344169,692,0.331104768,0.086465045,0.220042135,0.679206917,59
D108,O046,5,100,0.444344169,402,0.241792287,0.134055119,0.264545347,1.045585484,81
D108,O047,5,100,0.444344169,32,0.457593053,0.357426009,0.365235909,0.729886159,4
D108,O048,5,100,0.444344169,45,0.221925977,0.348159922,0.204633474,0.792986797,8
D108,O049,5,100,0.444344169,33,0.068127718,0.327197905,0.351458552,0.638016666,6
D108,O050,5,100,0.444344169,322,0.206052109,0.123509785,0.230258857,0.710466564,78
D108,O051,5,100,0.444344169,264,0.415458501,0.161179135,0.311726789,0.922834621,12
D108,O052,5,100,0.444344169,249,0.293109713,0.381495942,0.29384703,0.500330142,30
D108,O053,5,100,0.444344169,251,0.008437374,0.219704544,0.077608614,0.857828126,11
D108,O054,5,100,0.444344169,70,0.483939677,0.225369653,0.039302168,0.574845385,11
D108,O055,5,100,0.444344169,143,0.09821222,0.163666817,0.285033773,0.601558378,17
D108,O056,5,100,0.444344169,345,0.064149611,0.031223606,0.23904777,0.691855779,21
D108,O057,5,100,0.444344169,100,0.400541493,0.216556949,0.487740957,1.038462113,22
D108,O058,5,100,0.444344169,22,0.090722232,0.036785238,0.101049312,0.663001423,4
D108,O059,5,100,0.444344169,486,0.079431167,0.248195591,0.397292534,0.804788767,76
D108,O060,5,100,0.444344169,273,0.451061182,0.170720182,0.061912147,0.815113055,50
D108,O061,5,100,0.444344169,27,0.381805437,0.01616482,0.491613692,0.675221612,4
D108,O062,5,100,0.444344169,442,0.418928223,0.359834489,0.417321395,0.554105019,34
D108,O063,5,100,0.444344169,159,0.167777479,0.069957712,0.130372357,0.943907134,38
D108,O064,5,100,0.444344169,358,0.061032209,0.305917985,0.455729849,0.927346891,71
D108,O065,5,100,0.444344169,56,0.248866638,0.340199764,0.379559452,0.583546864,5
D108,O066,5,100,0.444344169,149,0.351209323,0.192455527,0.149427886,0.883050134,9
D108,O067,5,100,0.444344169,60,0.359928689,0.02076874,0.174232425,0.648987034,6
D108,O068,5,100,0.444344169,871,0.148525779,0.2389906,0.43126666,0.56330551,22
D108,O069,5,100,0.444344169,600,0.193256125,0.259153683,0.18565311,0.968309469,107
D108,O070,5,100,0.444344169,139,0.286307662,0.0275532,0.151186277,0.734969069,9
D108,O071,5,100,0.444344169,830,0.025772238,0.059916076,0.006124037,0.854259133,1
D108,O072,5,100,0.444344169,41,0.447028226,0.353970092,0.321029628,0.606201119,5
D108,O073,5,100,0.444344169,22,0.099783277,0.097826372,0.112559894,0.548583884,3
D108,O074,5,100,0.444344169,36,0.042568944,0.004280635,0.087293441,0.86728622,3
D108,O075,5,100,0.444344169,31,0.495260113,0.154710174,0.269857669,0.722353565,5
D108,O076,5,100,0.444344169,202,0.209924614,0.319442165,0.171734319,0.667816616,34
D108,O077,5,100,0.444344169,648,0.325153788,0.303515085,0.316930252,0.613107267,97
D108,O078,5,100,0.444344169,379,0.223960723,0.064878079,0.224272393,0.840645589,80
D108,O079,5,100,0.444344169,65,0.075519811,0.282963886,0.299403793,0.51375586,9
D108,O080,5,100,0.444344169,206,0.124478381,0.390952102,0.159201992,0.812430792,3
D108,O081,5,100,0.444344169,229,0.311863322,0.040757227,0.190953924,0.52059127,6
D108,O082,5,100,0.444344169,630,0.267185735,0.363424574,0.305398084,0.528725737,144
D108,O083,5,100,0.444344169,89,0.002629244,0.11891721,0.012340148,0.799263288,13
D108,O084,5,100,0.444344169,797,0.372992677,0.000386491,0.00152113,0.993396916,169
D108,O085,5,100,0.444344169,66,0.183976656,0.236269207,0.120756181,0.591017322,11
D108,O086,5,100,0.444344169,135,0.469888219,0.056365997,0.043821459,0.952586866,28
D108,O087,5,100,0.444344169,23,0.111840401,0.071296914,0.089679808,0.791166307,2
D108,O088,5,100,0.444344169,74,0.028069089,0.054085246,0.202673962,0.619616712,14
D108,O089,5,100,0.444344169,55,0.492105028,0.101006081,0.474810428,0.657444473,6
D108,O090,5,100,0.444344169,285,0.03434851,0.377557012,0.057284121,0.757204241,14
D108,O091,5,100,0.444344169,85,0.181583703,0.224320695,0.138841885,0.830164928,8
D108,O092,5,100,0.444344169,303,0.442706311,0.172267227,0.436491903,0.897895329,53
D108,O093,5,100,0.444344169,25,0.276275035,0.078153424,0.291384582,0.958605081,1
D108,O094,5,100,0.444344169,888,0.302089761,0.091469055,0.358945917,0.915650339,193
D108,O095,5,100,0.444344169,29,0.365502327,0.314203797,0.177999519,0.631365154,3
D108,O096,5,100,0.444344169,91,0.16170145,0.264353919,0.069555674,0.545005585,20
D109,O001,2,361,1.053603839,184,0.252173292,0.345006223,0.414518539,1.008029851,43
D109,O002,2,361,1.053603839,71,0.386957289,0.33590604,0.423756547,1.030814136,16
D109,O003,2,361,1.053603839,43,0.48531049,0.109844006,0.373132887,0.562934186,5
D109,O004,2,361,1.053603839,544,0.015441285,0.39993713,0.047767101,0.621494583,12
D109,O005,2,361,1.053603839,472,0.458927508,0.08115278,0.018055532,0.751825682,8
D109,O006,2,361,1.053603839,26,0.466438896,0.19990199,0.36047691,0.537345538,5
D109,O007,2,361,1.053603839,20,0.141130372,0.138764594,0.166622366,0.974703346,2
D109,O008,2,361,1.053603839,217,0.118365868,0.010264005,0.438577644,0.70421183,4
D109,O009,2,361,1.053603839,39,0.272204984,0.243100415,0.446678,0.893215891,1
D109,O010,2,361,1.053603839,78,0.42428609,0.04657399,0.47291634,0.886241643,6
D109,O011,2,361,1.053603839,163,0.257766277,0.230369452,0.067376828,1.041013094,24
D109,O012,2,361,1.053603839,121,0.018977159,0.042108472,0.106166432,0.634587855,7
D109,O013,2,361,1.053603839,38,0.13035544,0.200717694,0.465695355,0.90739434,4
D109,O014,2,361,1.053603839,505,0.055050564,0.385744929,0.323573274,0.956197221,126
D109,O015,2,361,1.053603839,369,0.403527677,0.186961283,0.029180542,1.016098144,88
D109,O016,2,361,1.053603839,990,0.188337728,0.211915952,0.403770273,0.683522338,99
D109,O017,2,361,1.053603839,47,0.235947901,0.205558573,0.450421949,0.98550411,1
D109,O018,2,361,1.053603839,128,0.201594351,0.132120615,0.2466657,1.015365814,15
D109,O019,2,361,1.053603839,24,0.431629638,0.254066717,0.253740338,0.934568431,1
D109,O020,2,361,1.053603839,113,0.348269976,0.095285863,0.409466489,0.990902637,28
D109,O021,2,361,1.053603839,35,0.407381528,0.191612689,0.078494355,0.726366674,4
D109,O022,2,361,1.053603839,193,0.265083523,0.114415056,0.48366938,0.770574624,6
D109,O023,2,361,1.053603839,410,0.214451437,0.12789836,0.094002538,0.876090399,34
D109,O024,2,361,1.053603839,109,0.107543079,0.370185632,0.33107989,0.763088384,2
D109,O025,2,361,1.053603839,53,0.129725034,0.023513439,0.022926164,0.647079336,9
D109,O026,2,361,1.053603839,104,0.335746812,0.309055962,0.214783733,0.866605062,9
D109,O027,2,361,1.053603839,120,0.173792118,0.275390581,0.115990185,0.594400816,1
D109,O028,2,361,1.053603839,315,0.161028291,0.149607497,0.243736481,0.836522744,76
D109,O029,2,361,1.053603839,744,0.31398409,0.144642217,0.380464816,1.001095973,47
D109,O030,2,361,1.053603839,96,0.291312931,0.178362873,0.260288981,0.712485371,21
D109,O031,2,361,1.053603839,61,0.375724597,0.298965989,0.344989603,1.023539068,2
D109,O032,2,361,1.053603839,449,0.47407037,0.293964396,0.333868972,0.526716923,86
D109,O033,2,361,1.053603839,28,0.356894295,0.285864598,0.280390934,0.572892371,5
D109,O034,2,361,1.053603839,172,0.339323194,0.106162856,0.193996227,0.976195745,28
D109,O035,2,361,1.053603839,173,0.041159595,0.256897351,0.341435098,0.936656262,22
D109,O036,2,361,1.053603839,83,0.318040863,0.288671609,0.125731933,0.510862581,11
D109,O037,2,361,1.053603839,232,0.083660283,0.374766445,0.463420281,0.901833982,16
D109,O038,2,361,1.053603839,765,0.137328547,0.153890662,0.395745604,0.824092212,73
D109,O039,2,361,1.053603839,48,0.232718262,0.17994217,0.033136716,0.784320075,1
D109,O040,2,361,1.053603839,585,0.392959459,0.39457393,0.498815231,0.847757244,30
D109,O041,2,361,1.053603839,49,0.297735298,0.268205888,0.212580592,0.765018393,7
D109,O042,2,361,1.053603839,533,0.049123846,0.273615249,0.271891148,0.775509181,28
D109,O043,2,361,1.053603839,936,0.154267686,0.332919895,0.389161836,0.694797352,211
D109,O044,2,361,1.053603839,721,0.432376139,0.324925408,0.144007894,0.742867678,148
D109,O045,2,361,1.053603839,692,0.331104768,0.086465045,0.220042135,0.679206917,59
D109,O046,2,361,1.053603839,402,0.241792287,0.134055119,0.264545347,1.045585484,81
D109,O047,2,361,1.053603839,32,0.457593053,0.357426009,0.365235909,0.729886159,4
D109,O048,2,361,1.053603839,45,0.221925977,0.348159922,0.204633474,0.792986797,8
D109,O049,2,361,1.053603839,33,0.068127718,0.327197905,0.351458552,0.638016666,6
D109,O050,2,361,1.053603839,322,0.206052109,0.123509785,0.230258857,0.710466564,78
D109,O051,2,361,1.053603839,264,0.415458501,0.161179135,0.311726789,0.922834621,12
D109,O052,2,361,1.053603839,249,0.293109713,0.381495942,0.29384703,0.500330142,30
D109,O053,2,361,1.053603839,251,0.008437374,0.219704544,0.077608614,0.857828126,11
D109,O054,2,361,1.053603839,70,0.483939677,0.225369653,0.039302168,0.574845385,11
D109,O055,2,361,1.053603839,143,0.09821222,0.163666817,0.285033773,0.601558378,17
D109,O056,2,361,1.053603839,345,0.064149611,0.031223606,0.23904777,0.691855779,21
D109,O057,2,361,1.053603839,100,0.400541493,0.216556949,0.487740957,1.038462113,22
D109,O058,2,361,1.053603839,22,0.090722232,0.036785238,0.101049312,0.663001423,4
D109,O059,2,361,1.053603839,486,0.079431167,0.248195591,0.397292534,0.804788767,76
D109,O060,2,361,1.053603839,273,0.451061182,0.170720182,0.061912147,0.815113055,50
D109,O061,2,361,1.053603839,27,0.381805437,0.01616482,0.491613692,0.675221612,4
D109,O062,2,361,1.053603839,442,0.418928223,0.359834489,0.417321395,0.554105019,34
D109,O063,2,361,1.053603839,159,0.167777479,0.069957712,0.130372357,0.943907134,38
D109,O064,2,361,1.053603839,358,0.061032209,0.305917985,0.455729849,0.927346891,71
D109,O065,2,361,1.053603839,56,0.248866638,0.340199764,0.379559452,0.583546864,5
D109,O066,2,361,1.053603839,149,0.351209323,0.192455527,0.149427886,0.883050134,9
D109,O067,2,361,1.053603839,60,0.359928689,0.02076874,0.174232425,0.648987034,6
D109,O068,2,361,1.053603839,871,0.148525779,0.2389906,0.43126666,0.56330551,22
D109,O069,2,361,1.053603839,600,0.193256125,0.259153683,0.18565311,0.968309469,107
D109,O070,2,361,1.053603839,139,0.286307662,0.0275532,0.151186277,0.734969069,9
D109,O071,2,361,1.053603839,830,0.025772238,0.059916076,0.006124037,0.854259133,1
D109,O072,2,361,1.053603839,41,0.447028226,0.353970092,0.321029628,0.606201119,5
D109,O073,2,361,1.053603839,22,0.099783277,0.097826372,0.112559894,0.548583884,3
D109,O074,2,361,1.053603839,36,0.042568944,0.004280635,0.087293441,0.86728622,3
D109,O075,2,361,1.053603839,31,0.495260113,0.154710174,0.269857669,0.722353565,5
D109,O076,2,361,1.053603839,202,0.209924614,0.319442165,0.171734319,0.667816616,34
D109,O077,2,361,1.053603839,648,0.325153788,0.303515085,0.316930252,0.613107267,97
D109,O078,2,361,1.053603839,379,0.223960723,0.064878079,0.224272393,0.840645589,80
D109,O079,2,361,1.053603839,65,0.075519811,0.282963886,0.299403793,0.51375586,9
D109,O080,2,361,1.053603839,206,0.124478381,0.390952102,0.159201992,0.812430792,3
D109,O081,2,361,1.053603839,229,0.311863322,0.040757227,0.190953924,0.52059127,6
D109,O082,2,361,1.053603839,630,0.267185735,0.363424574,0.305398084,0.528725737,144
D109,O083,2,361,1.053603839,89,0.002629244,0.11891721,0.012340148,0.799263288,13
D109,O084,2,361,1.053603839,797,0.372992677,0.000386491,0.00152113,0.993396916,169
D109,O085,2,361,1.053603839,66,0.183976656,0.236269207,0.120756181,0.591017322,11
D109,O086,2,361,1.053603839,135,0.469888219,0.056365997,0.043821459,0.952586866,28
D109,O087,2,361,1.053603839,23,0.111840401,0.071296914,0.089679808,0.791166307,2
D109,O088,2,361,1.053603839,74,0.028069089,0.054085246,0.202673962,0.619616712,14
D109,O089,2,361,1.053603839,55,0.492105028,0.101006081,0.474810428,0.657444473,6
D109,O090,2,361,1.053603839,285,0.03434851,0.377557012,0.057284121,0.757204241,14
D109,O091,2,361,1.053603839,85,0.181583703,0.224320695,0.138841885,0.830164928,8
D109,O092,2,361,1.053603839,303,0.442706311,0.172267227,0.436491903,0.897895329,53
D109,O093,2,361,1.053603839,25,0.276275035,0.078153424,0.291384582,0.958605081,1
D109,O094,2,361,1.053603839,888,0.302089761,0.091469055,0.358945917,0.915650339,193
D109,O095,2,361,1.053603839,29,0.365502327,0.314203797,0.177999519,0.631365154,3
D109,O096,2,361,1.053603839,91,0.16170145,0.264353919,0.069555674,0.545005585,20
D110,O001,5,133,0.732915428,184,0.252173292,0.345006223,0.414518539,1.008029851,43
D110,O002,5,133,0.732915428,71,0.386957289,0.33590604,0.423756547,1.030814136,16
D110,O003,5,133,0.732915428,43,0.48531049,0.109844006,0.373132887,0.562934186,5
D110,O004,5,133,0.732915428,544,0.015441285,0.39993713,0.047767101,0.621494583,12
D110,O005,5,133,0.732915428,472,0.458927508,0.08115278,0.018055532,0.751825682,8
D110,O006,5,133,0.732915428,26,0.466438896,0.19990199,0.36047691,0.537345538,5
D110,O007,5,133,0.732915428,20,0.141130372,0.138764594,0.166622366,0.974703346,2
D110,O008,5,133,0.732915428,217,0.118365868,0.010264005,0.438577644,0.70421183,4
D110,O009,5,133,0.732915428,39,0.272204984,0.243100415,0.446678,0.893215891,1
D110,O010,5,133,0.732915428,78,0.42428609,0.04657399,0.47291634,0.886241643,6
D110,O011,5,133,0.732915428,163,0.257766277,0.230369452,0.067376828,1.041013094,24
D110,O012,5,133,0.732915428,121,0.018977159,0.042108472,0.106166432,0.634587855,7
D110,O013,5,133,0.732915428,38,0.13035544,0.200717694,0.465695355,0.90739434,4
D110,O014,5,133,0.732915428,505,0.055050564,0.385744929,0.323573274,0.956197221,126
D110,O015,5,133,0.732915428,369,0.403527677,0.186961283,0.029180542,1.016098144,88
D110,O016,5,133,0.732915428,990,0.188337728,0.211915952,0.403770273,0.683522338,99
D110,O017,5,133,0.732915428,47,0.235947901,0.205558573,0.450421949,0.98550411,1
D110,O018,5,133,0.732915428,128,0.201594351,0.132120615,0.2466657,1.015365814,15
D110,O019,5,133,0.732915428,24,0.431629638,0.254066717,0.253740338,0.934568431,1
D110,O020,5,133,0.732915428,113,0.348269976,0.095285863,0.409466489,0.990902637,28
D110,O021,5,133,0.732915428,35,0.407381528,0.191612689,0.078494355,0.726366674,4
D110,O022,5,133,0.732915428,193,0.265083523,0.114415056,0.48366938,0.770574624,6
D110,O023,5,133,0.732915428,410,0.214451437,0.12789836,0.094002538,0.876090399,34
D110,O024,5,133,0.732915428,109,0.107543079,0.370185632,0.33107989,0.763088384,2
D110,O025,5,133,0.732915428,53,0.129725034,0.023513439,0.022926164,0.647079336,9
D110,O026,5,133,0.732915428,104,0.335746812,0.309055962,0.214783733,0.866605062,9
D110,O027,5,133,0.732915428,120,0.173792118,0.275390581,0.115990185,0.594400816,1
D110,O028,5,133,0.732915428,315,0.161028291,0.149607497,0.243736481,0.836522744,76
D110,O029,5,133,0.732915428,744,0.31398409,0.144642217,0.380464816,1.001095973,47
D110,O030,5,133,0.732915428,96,0.291312931,0.178362873,0.260288981,0.712485371,21
D110,O031,5,133,0.732915428,61,0.375724597,0.298965989,0.344989603,1.023539068,2
D110,O032,5,133,0.732915428,449,0.47407037,0.293964396,0.333868972,0.526716923,86
D110,O033,5,133,0.732915428,28,0.356894295,0.285864598,0.280390934,0.572892371,5
D110,O034,5,133,0.732915428,172,0.339323194,0.106162856,0.193996227,0.976195745,28
D110,O035,5,133,0.732915428,173,0.041159595,0.256897351,0.341435098,0.936656262,22
D110,O036,5,133,0.732915428,83,0.318040863,0.288671609,0.125731933,0.510862581,11
D110,O037,5,133,0.732915428,232,0.083660283,0.374766445,0.463420281,0.901833982,16
D110,O038,5,133,0.732915428,765,0.137328547,0.153890662,0.395745604,0.824092212,73
D110,O039,5,133,0.732915428,48,0.232718262,0.17994217,0.033136716,0.784320075,1
D110,O040,5,133,0.732915428,585,0.392959459,0.39457393,0.498815231,0.847757244,30
D110,O041,5,133,0.732915428,49,0.297735298,0.268205888,0.212580592,0.765018393,7
D110,O042,5,133,0.732915428,533,0.049123846,0.273615249,0.271891148,0.775509181,28
D110,O043,5,133,0.732915428,936,0.154267686,0.332919895,0.389161836,0.694797352,211
D110,O044,5,133,0.732915428,721,0.432376139,0.324925408,0.144007894,0.742867678,148
D110,O045,5,133,0.732915428,692,0.331104768,0.086465045,0.220042135,0.679206917,59
D110,O046,5,133,0.732915428,402,0.241792287,0.134055119,0.264545347,1.045585484,81
D110,O047,5,133,0.732915428,32,0.457593053,0.357426009,0.365235909,0.729886159,4
D110,O048,5,133,0.732915428,45,0.221925977,0.348159922,0.204633474,0.792986797,8
D110,O049,5,133,0.732915428,33,0.068127718,0.327197905,0.351458552,0.638016666,6
D110,O050,5,133,0.732915428,322,0.206052109,0.123509785,0.230258857,0.710466564,78
D110,O051,5,133,0.732915428,264,0.415458501,0.161179135,0.311726789,0.922834621,12
D110,O052,5,133,0.732915428,249,0.293109713,0.381495942,0.29384703,0.500330142,30
D110,O053,5,133,0.732915428,251,0.008437374,0.219704544,0.077608614,0.857828126,11
D110,O054,5,133,0.732915428,70,0.483939677,0.225369653,0.039302168,0.574845385,11
D110,O055,5,133,0.732915428,143,0.09821222,0.163666817,0.285033773,0.601558378,17
D110,O056,5,133,0.732915428,345,0.064149611,0.031223606,0.23904777,0.691855779,21
D110,O057,5,133,0.732915428,100,0.400541493,0.216556949,0.487740957,1.038462113,22
D110,O058,5,133,0.732915428,22,0.090722232,0.036785238,0.101049312,0.663001423,4
D110,O059,5,133,0.732915428,486,0.079431167,0.248195591,0.397292534,0.804788767,76
D110,O060,5,133,0.732915428,273,0.451061182,0.170720182,0.061912147,0.815113055,50
D110,O061,5,133,0.732915428,27,0.381805437,0.01616482,0.491613692,0.675221612,4
D110,O062,5,133,0.732915428,442,0.418928223,0.359834489,0.417321395,0.554105019,34
D110,O063,5,133,0.732915428,159,0.167777479,0.069957712,0.130372357,0.943907134,38
D110,O064,5,133,0.732915428,358,0.061032209,0.305917985,0.455729849,0.927346891,71
D110,O065,5,133,0.732915428,56,0.248866638,0.340199764,0.379559452,0.583546864,5
D110,O066,5,133,0.732915428,149,0.351209323,0.192455527,0.149427886,0.883050134,9
D110,O067,5,133,0.732915428,60,0.359928689,0.02076874,0.174232425,0.648987034,6
D110,O068,5,133,0.732915428,871,0.148525779,0.2389906,0.43126666,0.56330551,22
D110,O069,5,133,0.732915428,600,0.193256125,0.259153683,0.18565311,0.968309469,107
D110,O070,5,133,0.732915428,139,0.286307662,0.0275532,0.151186277,0.734969069,9
D110,O071,5,133,0.732915428,830,0.025772238,0.059916076,0.006124037,0.854259133,1
D110,O072,5,133,0.732915428,41,0.447028226,0.353970092,0.321029628,0.606201119,5
D110,O073,5,133,0.732915428,22,0.099783277,0.097826372,0.112559894,0.548583884,3
D110,O074,5,133,0.732915428,36,0.042568944,0.004280635,0.087293441,0.86728622,3
D110,O075,5,133,0.732915428,31,0.495260113,0.154710174,0.269857669,0.722353565,5
D110,O076,5,133,0.732915428,202,0.209924614,0.319442165,0.171734319,0.667816616,34
D110,O077,5,133,0.732915428,648,0.325153788,0.303515085,0.316930252,0.613107267,97
D110,O078,5,133,0.732915428,379,0.223960723,0.064878079,0.224272393,0.840645589,80
D110,O079,5,133,0.732915428,65,0.075519811,0.282963886,0.299403793,0.51375586,9
D110,O080,5,133,0.732915428,206,0.124478381,0.390952102,0.159201992,0.812430792,3
D110,O081,5,133,0.732915428,229,0.311863322,0.040757227,0.190953924,0.52059127,6
D110,O082,5,133,0.732915428,630,0.267185735,0.363424574,0.305398084,0.528725737,144
D110,O083,5,133,0.732915428,89,0.002629244,0.11891721,0.012340148,0.799263288,13
D110,O084,5,133,0.732915428,797,0.372992677,0.000386491,0.00152113,0.993396916,169
D110,O085,5,133,0.732915428,66,0.183976656,0.236269207,0.120756181,0.591017322,11
D110,O086,5,133,0.732915428,135,0.469888219,0.056365997,0.043821459,0.952586866,28
D110,O087,5,133,0.732915428,23,0.111840401,0.071296914,0.089679808,0.791166307,2
D110,O088,5,133,0.732915428,74,0.028069089,0.054085246,0.202673962,0.619616712,14
D110,O089,5,133,0.732915428,55,0.492105028,0.101006081,0.474810428,0.657444473,6
D110,O090,5,133,0.732915428,285,0.03434851,0.377557012,0.057284121,0.757204241,14
D110,O091,5,133,0.732915428,85,0.181583703,0.224320695,0.138841885,0.830164928,8
D110,O092,5,133,0.732915428,303,0.442706311,0.172267227,0.436491903,0.897895329,53
D110,O093,5,133,0.732915428,25,0.276275035,0.078153424,0.291384582,0.958605081,1
D110,O094,5,133,0.732915428,888,0.302089761,0.091469055,0.358945917,0.915650339,193
D110,O095,5,133,0.732915428,29,0.365502327,0.314203797,0.177999519,0.631365154,3
D110,O096,5,133,0.732915428,91,0.16170145,0.264353919,0.069555674,0.545005585,20
D111,O001,4,556,0.271542056,184,0.252173292,0.345006223,0.414518539,1.008029851,43
D111,O002,4,556,0.271542056,71,0.386957289,0.33590604,0.423756547,1.030814136,16
D111,O003,4,556,0.271542056,43,0.48531049,0.109844006,0.373132887,0.562934186,5
D111,O004,4,556,0.271542056,544,0.015441285,0.39993713,0.047767101,0.621494583,12
D111,O005,4,556,0.271542056,472,0.458927508,0.08115278,0.018055532,0.751825682,8
D111,O006,4,556,0.271542056,26,0.466438896,0.19990199,0.36047691,0.537345538,5
D111,O007,4,556,0.271542056,20,0.141130372,0.138764594,0.166622366,0.974703346,2
D111,O008,4,556,0.271542056,217,0.118365868,0.010264005,0.438577644,0.70421183,4
D111,O009,4,556,0.271542056,39,0.272204984,0.243100415,0.446678,0.893215891,1
D111,O010,4,556,0.271542056,78,0.42428609,0.04657399,0.47291634,0.886241643,6
D111,O011,4,556,0.271542056,163,0.257766277,0.230369452,0.067376828,1.041013094,24
D111,O012,4,556,0.271542056,121,0.018977159,0.042108472,0.106166432,0.634587855,7
D111,O013,4,556,0.271542056,38,0.13035544,0.200717694,0.465695355,0.90739434,4
D111,O014,4,556,0.271542056,505,0.055050564,0.385744929,0.323573274,0.956197221,126
D111,O015,4,556,0.271542056,369,0.403527677,0.186961283,0.029180542,1.016098144,88
D111,O016,4,556,0.271542056,990,0.188337728,0.211915952,0.403770273,0.683522338,99
D111,O017,4,556,0.271542056,47,0.235947901,0.205558573,0.450421949,0.98550411,1
D111,O018,4,556,0.271542056,128,0.201594351,0.132120615,0.2466657,1.015365814,15
D111,O019,4,556,0.271542056,24,0.431629638,0.254066717,0.253740338,0.934568431,1
D111,O020,4,556,0.271542056,113,0.348269976,0.095285863,0.409466489,0.990902637,28
D111,O021,4,556,0.271542056,35,0.407381528,0.191612689,0.078494355,0.726366674,4
D111,O022,4,556,0.271542056,193,0.265083523,0.114415056,0.48366938,0.770574624,6
D111,O023,4,556,0.271542056,410,0.214451437,0.12789836,0.094002538,0.876090399,34
D111,O024,4,556,0.271542056,109,0.107543079,0.370185632,0.33107989,0.763088384,2
D111,O025,4,556,0.271542056,53,0.129725034,0.023513439,0.022926164,0.647079336,9
D111,O026,4,556,0.271542056,104,0.335746812,0.309055962,0.214783733,0.866605062,9
D111,O027,4,556,0.271542056,120,0.173792118,0.275390581,0.115990185,0.594400816,1
D111,O028,4,556,0.271542056,315,0.161028291,0.149607497,0.243736481,0.836522744,76
D111,O029,4,556,0.271542056,744,0.31398409,0.144642217,0.380464816,1.001095973,47
D111,O030,4,556,0.271542056,96,0.291312931,0.178362873,0.260288981,0.712485371,21
D111,O031,4,556,0.271542056,61,0.375724597,0.298965989,0.344989603,1.023539068,2
D111,O032,4,556,0.271542056,449,0.47407037,0.293964396,0.333868972,0.526716923,86
D111,O033,4,556,0.271542056,28,0.356894295,0.285864598,0.280390934,0.572892371,5
D111,O034,4,556,0.271542056,172,0.339323194,0.106162856,0.193996227,0.976195745,28
D111,O035,4,556,0.271542056,173,0.041159595,0.256897351,0.341435098,0.936656262,22
D111,O036,4,556,0.271542056,83,0.318040863,0.288671609,0.125731933,0.510862581,11
D111,O037,4,556,0.271542056,232,0.083660283,0.374766445,0.463420281,0.901833982,16
D111,O038,4,556,0.271542056,765,0.137328547,0.153890662,0.395745604,0.824092212,73
D111,O039,4,556,0.271542056,48,0.232718262,0.17994217,0.033136716,0.784320075,1
D111,O040,4,556,0.271542056,585,0.392959459,0.39457393,0.498815231,0.847757244,30
D111,O041,4,556,0.271542056,49,0.297735298,0.268205888,0.212580592,0.765018393,7
D111,O042,4,556,0.271542056,533,0.049123846,0.273615249,0.271891148,0.775509181,28
D111,O043,4,556,0.271542056,936,0.154267686,0.332919895,0.389161836,0.694797352,211
D111,O044,4,556,0.271542056,721,0.432376139,0.324925408,0.144007894,0.742867678,148
D111,O045,4,556,0.271542056,692,0.331104768,0.086465045,0.220042135,0.679206917,59
D111,O046,4,556,0.271542056,402,0.241792287,0.134055119,0.264545347,1.045585484,81
D111,O047,4,556,0.271542056,32,0.457593053,0.357426009,0.365235909,0.729886159,4
D111,O048,4,556,0.271542056,45,0.221925977,0.348159922,0.204633474,0.792986797,8
D111,O049,4,556,0.271542056,33,0.068127718,0.327197905,0.351458552,0.638016666,6
D111,O050,4,556,0.271542056,322,0.206052109,0.123509785,0.230258857,0.710466564,78
D111,O051,4,556,0.271542056,264,0.415458501,0.161179135,0.311726789,0.922834621,12
D111,O052,4,556,0.271542056,249,0.293109713,0.381495942,0.29384703,0.500330142,30
D111,O053,4,556,0.271542056,251,0.008437374,0.219704544,0.077608614,0.857828126,11
D111,O054,4,556,0.271542056,70,0.483939677,0.225369653,0.039302168,0.574845385,11
D111,O055,4,556,0.271542056,143,0.09821222,0.163666817,0.285033773,0.601558378,17
D111,O056,4,556,0.271542056,345,0.064149611,0.031223606,0.23904777,0.691855779,21
D111,O057,4,556,0.271542056,100,0.400541493,0.216556949,0.487740957,1.038462113,22
D111,O058,4,556,0.271542056,22,0.090722232,0.036785238,0.101049312,0.663001423,4
D111,O059,4,556,0.271542056,486,0.079431167,0.248195591,0.397292534,0.804788767,76
D111,O060,4,556,0.271542056,273,0.451061182,0.170720182,0.061912147,0.815113055,50
D111,O061,4,556,0.271542056,27,0.381805437,0.01616482,0.491613692,0.675221612,4
D111,O062,4,556,0.271542056,442,0.418928223,0.359834489,0.417321395,0.554105019,34
D111,O063,4,556,0.271542056,159,0.167777479,0.069957712,0.130372357,0.943907134,38
D111,O064,4,556,0.271542056,358,0.061032209,0.305917985,0.455729849,0.927346891,71
D111,O065,4,556,0.271542056,56,0.248866638,0.340199764,0.379559452,0.583546864,5
D111,O066,4,556,0.271542056,149,0.351209323,0.192455527,0.149427886,0.883050134,9
D111,O067,4,556,0.271542056,60,0.359928689,0.02076874,0.174232425,0.648987034,6
D111,O068,4,556,0.271542056,871,0.148525779,0.2389906,0.43126666,0.56330551,22
D111,O069,4,556,0.271542056,600,0.193256125,0.259153683,0.18565311,0.968309469,107
D111,O070,4,556,0.271542056,139,0.286307662,0.0275532,0.151186277,0.734969069,9
D111,O071,4,556,0.271542056,830,0.025772238,0.059916076,0.006124037,0.854259133,1
D111,O072,4,556,0.271542056,41,0.447028226,0.353970092,0.321029628,0.606201119,5
D111,O073,4,556,0.271542056,22,0.099783277,0.097826372,0.112559894,0.548583884,3
D111,O074,4,556,0.271542056,36,0.042568944,0.004280635,0.087293441,0.86728622,3
D111,O075,4,556,0.271542056,31,0.495260113,0.154710174,0.269857669,0.722353565,5
D111,O076,4,556,0.271542056,202,0.209924614,0.319442165,0.171734319,0.667816616,34
D111,O077,4,556,0.271542056,648,0.325153788,0.303515085,0.316930252,0.613107267,97
D111,O078,4,556,0.271542056,379,0.223960723,0.064878079,0.224272393,0.840645589,80
D111,O079,4,556,0.271542056,65,0.075519811,0.282963886,0.299403793,0.51375586,9
D111,O080,4,556,0.271542056,206,0.124478381,0.390952102,0.159201992,0.812430792,3
D111,O081,4,556,0.271542056,229,0.311863322,0.040757227,0.190953924,0.52059127,6
D111,O082,4,556,0.271542056,630,0.267185735,0.363424574,0.305398084,0.528725737,144
D111,O083,4,556,0.271542056,89,0.002629244,0.11891721,0.012340148,0.799263288,13
D111,O084,4,556,0.271542056,797,0.372992677,0.000386491,0.00152113,0.993396916,169
D111,O085,4,556,0.271542056,66,0.183976656,0.236269207,0.120756181,0.591017322,11
D111,O086,4,556,0.271542056,135,0.469888219,0.056365997,0.043821459,0.952586866,28
D111,O087,4,556,0.271542056,23,0.111840401,0.071296914,0.089679808,0.791166307,2
D111,O088,4,556,0.271542056,74,0.028069089,0.054085246,0.202673962,0.619616712,14
D111,O089,4,556,0.271542056,55,0.492105028,0.101006081,0.474810428,0.657444473,6
D111,O090,4,556,0.271542056,285,0.03434851,0.377557012,0.057284121,0.757204241,14
D111,O091,4,556,0.271542056,85,0.181583703,0.224320695,0.138841885,0.830164928,8
D111,O092,4,556,0.271542056,303,0.442706311,0.172267227,0.436491903,0.897895329,53
D111,O093,4,556,0.271542056,25,0.276275035,0.078153424,0.291384582,0.958605081,1
D111,O094,4,556,0.271542056,888,0.302089761,0.091469055,0.358945917,0.915650339,193
D111,O095,4,556,0.271542056,29,0.365502327,0.314203797,0.177999519,0.631365154,3
D111,O096,4,556,0.271542056,91,0.16170145,0.264353919,0.069555674,0.545005585,20
D112,O001,2,978,0.298422661,184,0.252173292,0.345006223,0.414518539,1.008029851,43
D112,O002,2,978,0.298422661,71,0.386957289,0.33590604,0.423756547,1.030814136,16
D112,O003,2,978,0.298422661,43,0.48531049,0.109844006,0.373132887,0.562934186,5
D112,O004,2,978,0.298422661,544,0.015441285,0.39993713,0.047767101,0.621494583,12
D112,O005,2,978,0.298422661,472,0.458927508,0.08115278,0.018055532,0.751825682,8
D112,O006,2,978,0.298422661,26,0.466438896,0.19990199,0.36047691,0.537345538,5
D112,O007,2,978,0.298422661,20,0.141130372,0.138764594,0.166622366,0.974703346,2
D112,O008,2,978,0.298422661,217,0.118365868,0.010264005,0.438577644,0.70421183,4
D112,O009,2,978,0.298422661,39,0.272204984,0.243100415,0.446678,0.893215891,1
D112,O010,2,978,0.298422661,78,0.42428609,0.04657399,0.47291634,0.886241643,6
D112,O011,2,978,0.298422661,163,0.257766277,0.230369452,0.067376828,1.041013094,24
D112,O012,2,978,0.298422661,121,0.018977159,0.042108472,0.106166432,0.634587855,7
D112,O013,2,978,0.298422661,38,0.13035544,0.200717694,0.465695355,0.90739434,4
D112,O014,2,978,0.298422661,505,0.055050564,0.385744929,0.323573274,0.956197221,126
D112,O015,2,978,0.298422661,369,0.403527677,0.186961283,0.029180542,1.016098144,88
D112,O016,2,978,0.298422661,990,0.188337728,0.211915952,0.403770273,0.683522338,99
D112,O017,2,978,0.298422661,47,0.235947901,0.205558573,0.450421949,0.98550411,1
D112,O018,2,978,0.298422661,128,0.201594351,0.132120615,0.2466657,1.015365814,15
D112,O019,2,978,0.298422661,24,0.431629638,0.254066717,0.253740338,0.934568431,1
D112,O020,2,978,0.298422661,113,0.348269976,0.095285863,0.409466489,0.990902637,28
D112,O021,2,978,0.298422661,35,0.407381528,0.191612689,0.078494355,0.726366674,4
D112,O022,2,978,0.298422661,193,0.265083523,0.114415056,0.48366938,0.770574624,6
D112,O023,2,978,0.298422661,410,0.214451437,0.12789836,0.094002538,0.876090399,34
D112,O024,2,978,0.298422661,109,0.107543079,0.370185632,0.33107989,0.763088384,2
D112,O025,2,978,0.298422661,53,0.129725034,0.023513439,0.022926164,0.647079336,9
D112,O026,2,978,0.298422661,104,0.335746812,0.309055962,0.214783733,0.866605062,9
D112,O027,2,978,0.298422661,120,0.173792118,0.275390581,0.115990185,0.594400816,1
D112,O028,2,978,0.298422661,315,0.161028291,0.149607497,0.243736481,0.836522744,76
D112,O029,2,978,0.298422661,744,0.31398409,0.144642217,0.380464816,1.001095973,47
D112,O030,2,978,0.298422661,96,0.291312931,0.178362873,0.260288981,0.712485371,21
D112,O031,2,978,0.298422661,61,0.375724597,0.298965989,0.344989603,1.023539068,2
D112,O032,2,978,0.298422661,449,0.47407037,0.293964396,0.333868972,0.526716923,86
D112,O033,2,978,0.298422661,28,0.356894295,0.285864598,0.280390934,0.572892371,5
D112,O034,2,978,0.298422661,172,0.339323194,0.106162856,0.193996227,0.976195745,28
D112,O035,2,978,0.298422661,173,0.041159595,0.256897351,0.341435098,0.936656262,22
D112,O036,2,978,0.298422661,83,0.318040863,0.288671609,0.125731933,0.510862581,11
D112,O037,2,978,0.298422661,232,0.083660283,0.374766445,0.463420281,0.901833982,16
D112,O038,2,978,0.298422661,765,0.137328547,0.153890662,0.395745604,0.824092212,73
D112,O039,2,978,0.298422661,48,0.232718262,0.17994217,0.033136716,0.784320075,1
D112,O040,2,978,0.298422661,585,0.392959459,0.39457393,0.498815231,0.847757244,30
D112,O041,2,978,0.298422661,49,0.297735298,0.268205888,0.212580592,0.765018393,7
D112,O042,2,978,0.298422661,533,0.049123846,0.273615249,0.271891148,0.775509181,28
D112,O043,2,978,0.298422661,936,0.154267686,0.332919895,0.389161836,0.694797352,211
D112,O044,2,978,0.298422661,721,0.432376139,0.324925408,0.144007894,0.742867678,148
D112,O045,2,978,0.298422661,692,0.331104768,0.086465045,0.220042135,0.679206917,59
D112,O046,2,978,0.298422661,402,0.241792287,0.134055119,0.264545347,1.045585484,81
D112,O047,2,978,0.298422661,32,0.457593053,0.357426009,0.365235909,0.729886159,4
D112,O048,2,978,0.298422661,45,0.221925977,0.348159922,0.204633474,0.792986797,8
D112,O049,2,978,0.298422661,33,0.068127718,0.327197905,0.351458552,0.638016666,6
D112,O050,2,978,0.298422661,322,0.206052109,0.123509785,0.230258857,0.710466564,78
D112,O051,2,978,0.298422661,264,0.415458501,0.161179135,0.311726789,0.922834621,12
D112,O052,2,978,0.298422661,249,0.293109713,0.381495942,0.29384703,0.500330142,30
D112,O053,2,978,0.298422661,251,0.008437374,0.219704544,0.077608614,0.857828126,11
D112,O054,2,978,0.298422661,70,0.483939677,0.225369653,0.039302168,0.574845385,11
D112,O055,2,978,0.298422661,143,0.09821222,0.163666817,0.285033773,0.601558378,17
D112,O056,2,978,0.298422661,345,0.064149611,0.031223606,0.23904777,0.691855779,21
D112,O057,2,978,0.298422661,100,0.400541493,0.216556949,0.487740957,1.038462113,22
D112,O058,2,978,0.298422661,22,0.090722232,0.036785238,0.101049312,0.663001423,4
D112,O059,2,978,0.298422661,486,0.079431167,0.248195591,0.397292534,0.804788767,76
D112,O060,2,978,0.298422661,273,0.451061182,0.170720182,0.061912147,0.815113055,50
D112,O061,2,978,0.298422661,27,0.381805437,0.01616482,0.491613692,0.675221612,4
D112,O062,2,978,0.298422661,442,0.418928223,0.359834489,0.417321395,0.554105019,34
D112,O063,2,978,0.298422661,159,0.167777479,0.069957712,0.130372357,0.943907134,38
D112,O064,2,978,0.298422661,358,0.061032209,0.305917985,0.455729849,0.927346891,71
D112,O065,2,978,0.298422661,56,0.248866638,0.340199764,0.379559452,0.583546864,5
D112,O066,2,978,0.298422661,149,0.351209323,0.192455527,0.149427886,0.883050134,9
D112,O067,2,978,0.298422661,60,0.359928689,0.02076874,0.174232425,0.648987034,6
D112,O068,2,978,0.298422661,871,0.148525779,0.2389906,0.43126666,0.56330551,22
D112,O069,2,978,0.298422661,600,0.193256125,0.259153683,0.18565311,0.968309469,107
D112,O070,2,978,0.298422661,139,0.286307662,0.0275532,0.151186277,0.734969069,9
D112,O071,2,978,0.298422661,830,0.025772238,0.059916076,0.006124037,0.854259133,1
D112,O072,2,978,0.298422661,41,0.447028226,0.353970092,0.321029628,0.606201119,5
D112,O073,2,978,0.298422661,22,0.099783277,0.097826372,0.112559894,0.548583884,3
D112,O074,2,978,0.298422661,36,0.042568944,0.004280635,0.087293441,0.86728622,3
D112,O075,2,978,0.298422661,31,0.495260113,0.154710174,0.269857669,0.722353565,5
D112,O076,2,978,0.298422661,202,0.209924614,0.319442165,0.171734319,0.667816616,34
D112,O077,2,978,0.298422661,648,0.325153788,0.303515085,0.316930252,0.613107267,97
D112,O078,2,978,0.298422661,379,0.223960723,0.064878079,0.224272393,0.840645589,80
D112,O079,2,978,0.298422661,65,0.075519811,0.282963886,0.299403793,0.51375586,9
D112,O080,2,978,0.298422661,206,0.124478381,0.390952102,0.159201992,0.812430792,3
D112,O081,2,978,0.298422661,229,0.311863322,0.040757227,0.190953924,0.52059127,6
D112,O082,2,978,0.298422661,630,0.267185735,0.363424574,0.305398084,0.528725737,144
D112,O083,2,978,0.298422661,89,0.002629244,0.11891721,0.012340148,0.799263288,13
D112,O084,2,978,0.298422661,797,0.372992677,0.000386491,0.00152113,0.993396916,169
D112,O085,2,978,0.298422661,66,0.183976656,0.236269207,0.120756181,0.591017322,11
D112,O086,2,978,0.298422661,135,0.469888219,0.056365997,0.043821459,0.952586866,28
D112,O087,2,978,0.298422661,23,0.111840401,0.071296914,0.089679808,0.791166307,2
D112,O088,2,978,0.298422661,74,0.028069089,0.054085246,0.202673962,0.619616712,14
D112,O089,2,978,0.298422661,55,0.492105028,0.101006081,0.474810428,0.657444473,6
D112,O090,2,978,0.298422661,285,0.03434851,0.377557012,0.057284121,0.757204241,14
D112,O091,2,978,0.298422661,85,0.181583703,0.224320695,0.138841885,0.830164928,8
D112,O092,2,978,0.298422661,303,0.442706311,0.172267227,0.436491903,0.897895329,53
D112,O093,2,978,0.298422661,25,0.276275035,0.078153424,0.291384582,0.958605081,1
D112,O094,2,978,0.298422661,888,0.302089761,0.091469055,0.358945917,0.915650339,193
D112,O095,2,978,0.298422661,29,0.365502327,0.314203797,0.177999519,0.631365154,3
D112,O096,2,978,0.298422661,91,0.16170145,0.264353919,0.069555674,0.545005585,20
D113,O001,7,215,2.254735272,184,0.252173292,0.345006223,0.414518539,1.008029851,43
D113,O002,7,215,2.254735272,71,0.386957289,0.33590604,0.423756547,1.030814136,16
D113,O003,7,215,2.254735272,43,0.48531049,0.109844006,0.373132887,0.562934186,5
D113,O004,7,215,2.254735272,544,0.015441285,0.39993713,0.047767101,0.621494583,12
D113,O005,7,215,2.254735272,472,0.458927508,0.08115278,0.018055532,0.751825682,8
D113,O006,7,215,2.254735272,26,0.466438896,0.19990199,0.36047691,0.537345538,5
D113,O007,7,215,2.254735272,20,0.141130372,0.138764594,0.166622366,0.974703346,2
D113,O008,7,215,2.254735272,217,0.118365868,0.010264005,0.438577644,0.70421183,4
D113,O009,7,215,2.254735272,39,0.272204984,0.243100415,0.446678,0.893215891,1
D113,O010,7,215,2.254735272,78,0.42428609,0.04657399,0.47291634,0.886241643,6
D113,O011,7,215,2.254735272,163,0.257766277,0.230369452,0.067376828,1.041013094,24
D113,O012,7,215,2.254735272,121,0.018977159,0.042108472,0.106166432,0.634587855,7
D113,O013,7,215,2.254735272,38,0.13035544,0.200717694,0.465695355,0.90739434,4
D113,O014,7,215,2.254735272,505,0.055050564,0.385744929,0.323573274,0.956197221,126
D113,O015,7,215,2.254735272,369,0.403527677,0.186961283,0.029180542,1.016098144,88
D113,O016,7,215,2.254735272,990,0.188337728,0.211915952,0.403770273,0.683522338,99
D113,O017,7,215,2.254735272,47,0.235947901,0.205558573,0.450421949,0.98550411,1
D113,O018,7,215,2.254735272,128,0.201594351,0.132120615,0.2466657,1.015365814,15
D113,O019,7,215,2.254735272,24,0.431629638,0.254066717,0.253740338,0.934568431,1
D113,O020,7,215,2.254735272,113,0.348269976,0.095285863,0.409466489,0.990902637,28
D113,O021,7,215,2.254735272,35,0.407381528,0.191612689,0.078494355,0.726366674,4
D113,O022,7,215,2.254735272,193,0.265083523,0.114415056,0.48366938,0.770574624,6
D113,O023,7,215,2.254735272,410,0.214451437,0.12789836,0.094002538,0.876090399,34
D113,O024,7,215,2.254735272,109,0.107543079,0.370185632,0.33107989,0.763088384,2
D113,O025,7,215,2.254735272,53,0.129725034,0.023513439,0.022926164,0.647079336,9
D113,O026,7,215,2.254735272,104,0.335746812,0.309055962,0.214783733,0.866605062,9
D113,O027,7,215,2.254735272,120,0.173792118,0.275390581,0.115990185,0.594400816,1
D113,O028,7,215,2.254735272,315,0.161028291,0.149607497,0.243736481,0.836522744,76
D113,O029,7,215,2.254735272,744,0.31398409,0.144642217,0.380464816,1.001095973,47
D113,O030,7,215,2.254735272,96,0.291312931,0.178362873,0.260288981,0.712485371,21
D113,O031,7,215,2.254735272,61,0.375724597,0.298965989,0.344989603,1.023539068,2
D113,O032,7,215,2.254735272,449,0.47407037,0.293964396,0.333868972,0.526716923,86
D113,O033,7,215,2.254735272,28,0.356894295,0.285864598,0.280390934,0.572892371,5
D113,O034,7,215,2.254735272,172,0.339323194,0.106162856,0.193996227,0.976195745,28
D113,O035,7,215,2.254735272,173,0.041159595,0.256897351,0.341435098,0.936656262,22
D113,O036,7,215,2.254735272,83,0.318040863,0.288671609,0.125731933,0.510862581,11
D113,O037,7,215,2.254735272,232,0.083660283,0.374766445,0.463420281,0.901833982,16
D113,O038,7,215,2.254735272,765,0.137328547,0.153890662,0.395745604,0.824092212,73
D113,O039,7,215,2.254735272,48,0.232718262,0.17994217,0.033136716,0.784320075,1
D113,O040,7,215,2.254735272,585,0.392959459,0.39457393,0.498815231,0.847757244,30
D113,O041,7,215,2.254735272,49,0.297735298,0.268205888,0.212580592,0.765018393,7
D113,O042,7,215,2.254735272,533,0.049123846,0.273615249,0.271891148,0.775509181,28
D113,O043,7,215,2.254735272,936,0.154267686,0.332919895,0.389161836,0.694797352,211
D113,O044,7,215,2.254735272,721,0.432376139,0.324925408,0.144007894,0.742867678,148
D113,O045,7,215,2.254735272,692,0.331104768,0.086465045,0.220042135,0.679206917,59
D113,O046,7,215,2.254735272,402,0.241792287,0.134055119,0.264545347,1.045585484,81
D113,O047,7,215,2.254735272,32,0.457593053,0.357426009,0.365235909,0.729886159,4
D113,O048,7,215,2.254735272,45,0.221925977,0.348159922,0.204633474,0.792986797,8
D113,O049,7,215,2.254735272,33,0.068127718,0.327197905,0.351458552,0.638016666,6
D113,O050,7,215,2.254735272,322,0.206052109,0.123509785,0.230258857,0.710466564,78
D113,O051,7,215,2.254735272,264,0.415458501,0.161179135,0.311726789,0.922834621,12
D113,O052,7,215,2.254735272,249,0.293109713,0.381495942,0.29384703,0.500330142,30
D113,O053,7,215,2.254735272,251,0.008437374,0.219704544,0.077608614,0.857828126,11
D113,O054,7,215,2.254735272,70,0.483939677,0.225369653,0.039302168,0.574845385,11
D113,O055,7,215,2.254735272,143,0.09821222,0.163666817,0.285033773,0.601558378,17
D113,O056,7,215,2.254735272,345,0.064149611,0.031223606,0.23904777,0.691855779,21
D113,O057,7,215,2.254735272,100,0.400541493,0.216556949,0.487740957,1.038462113,22
D113,O058,7,215,2.254735272,22,0.090722232,0.036785238,0.101049312,0.663001423,4
D113,O059,7,215,2.254735272,486,0.079431167,0.248195591,0.397292534,0.804788767,76
D113,O060,7,215,2.254735272,273,0.451061182,0.170720182,0.061912147,0.815113055,50
D113,O061,7,215,2.254735272,27,0.381805437,0.01616482,0.491613692,0.675221612,4
D113,O062,7,215,2.254735272,442,0.418928223,0.359834489,0.417321395,0.554105019,34
D113,O063,7,215,2.254735272,159,0.167777479,0.069957712,0.130372357,0.943907134,38
D113,O064,7,215,2.254735272,358,0.061032209,0.305917985,0.455729849,0.927346891,71
D113,O065,7,215,2.254735272,56,0.248866638,0.340199764,0.379559452,0.583546864,5
D113,O066,7,215,2.254735272,149,0.351209323,0.192455527,0.149427886,0.883050134,9
D113,O067,7,215,2.254735272,60,0.359928689,0.02076874,0.174232425,0.648987034,6
D113,O068,7,215,2.254735272,871,0.148525779,0.2389906,0.43126666,0.56330551,22
D113,O069,7,215,2.254735272,600,0.193256125,0.259153683,0.18565311,0.968309469,107
D113,O070,7,215,2.254735272,139,0.286307662,0.0275532,0.151186277,0.734969069,9
D113,O071,7,215,2.254735272,830,0.025772238,0.059916076,0.006124037,0.854259133,1
D113,O072,7,215,2.254735272,41,0.447028226,0.353970092,0.321029628,0.606201119,5
D113,O073,7,215,2.254735272,22,0.099783277,0.097826372,0.112559894,0.548583884,3
D113,O074,7,215,2.254735272,36,0.042568944,0.004280635,0.087293441,0.86728622,3
D113,O075,7,215,2.254735272,31,0.495260113,0.154710174,0.269857669,0.722353565,5
D113,O076,7,215,2.254735272,202,0.209924614,0.319442165,0.171734319,0.667816616,34
D113,O077,7,215,2.254735272,648,0.325153788,0.303515085,0.316930252,0.613107267,97
D113,O078,7,215,2.254735272,379,0.223960723,0.064878079,0.224272393,0.840645589,80
D113,O079,7,215,2.254735272,65,0.075519811,0.282963886,0.299403793,0.51375586,9
D113,O080,7,215,2.254735272,206,0.124478381,0.390952102,0.159201992,0.812430792,3
D113,O081,7,215,2.254735272,229,0.311863322,0.040757227,0.190953924,0.52059127,6
D113,O082,7,215,2.254735272,630,0.267185735,0.363424574,0.305398084,0.528725737,144
D113,O083,7,215,2.254735272,89,0.002629244,0.11891721,0.012340148,0.799263288,13
D113,O084,7,215,2.254735272,797,0.372992677,0.000386491,0.00152113,0.993396916,169
D113,O085,7,215,2.254735272,66,0.183976656,0.236269207,0.120756181,0.591017322,11
D113,O086,7,215,2.254735272,135,0.469888219,0.056365997,0.043821459,0.952586866,28
D113,O087,7,215,2.254735272,23,0.111840401,0.071296914,0.089679808,0.791166307,2
D113,O088,7,215,2.254735272,74,0.028069089,0.054085246,0.202673962,0.619616712,14
D113,O089,7,215,2.254735272,55,0.492105028,0.101006081,0.474810428,0.657444473,6
D113,O090,7,215,2.254735272,285,0.03434851,0.377557012,0.057284121,0.757204241,14
D113,O091,7,215,2.254735272,85,0.181583703,0.224320695,0.138841885,0.830164928,8
D113,O092,7,215,2.254735272,303,0.442706311,0.172267227,0.436491903,0.897895329,53
D113,O093,7,215,2.254735272,25,0.276275035,0.078153424,0.291384582,0.958605081,1
D113,O094,7,215,2.254735272,888,0.302089761,0.091469055,0.358945917,0.915650339,193
D113,O095,7,215,2.254735272,29,0.365502327,0.314203797,0.177999519,0.631365154,3
D113,O096,7,215,2.254735272,91,0.16170145,0.264353919,0.069555674,0.545005585,20
D114,O001,6,941,5.269639679,184,0.252173292,0.345006223,0.414518539,1.008029851,43
D114,O002,6,941,5.269639679,71,0.386957289,0.33590604,0.423756547,1.030814136,16
D114,O003,6,941,5.269639679,43,0.48531049,0.109844006,0.373132887,0.562934186,5
D114,O004,6,941,5.269639679,544,0.015441285,0.39993713,0.047767101,0.621494583,12
D114,O005,6,941,5.269639679,472,0.458927508,0.08115278,0.018055532,0.751825682,8
D114,O006,6,941,5.269639679,26,0.466438896,0.19990199,0.36047691,0.537345538,5
D114,O007,6,941,5.269639679,20,0.141130372,0.138764594,0.166622366,0.974703346,2
D114,O008,6,941,5.269639679,217,0.118365868,0.010264005,0.438577644,0.70421183,4
D114,O009,6,941,5.269639679,39,0.272204984,0.243100415,0.446678,0.893215891,1
D114,O010,6,941,5.269639679,78,0.42428609,0.04657399,0.47291634,0.886241643,6
D114,O011,6,941,5.269639679,163,0.257766277,0.230369452,0.067376828,1.041013094,24
D114,O012,6,941,5.269639679,121,0.018977159,0.042108472,0.106166432,0.634587855,7
D114,O013,6,941,5.269639679,38,0.13035544,0.200717694,0.465695355,0.90739434,4
D114,O014,6,941,5.269639679,505,0.055050564,0.385744929,0.323573274,0.956197221,126
D114,O015,6,941,5.269639679,369,0.403527677,0.186961283,0.029180542,1.016098144,88
D114,O016,6,941,5.269639679,990,0.188337728,0.211915952,0.403770273,0.683522338,99
D114,O017,6,941,5.269639679,47,0.235947901,0.205558573,0.450421949,0.98550411,1
D114,O018,6,941,5.269639679,128,0.201594351,0.132120615,0.2466657,1.015365814,15
D114,O019,6,941,5.269639679,24,0.431629638,0.254066717,0.253740338,0.934568431,1
D114,O020,6,941,5.269639679,113,0.348269976,0.095285863,0.409466489,0.990902637,28
D114,O021,6,941,5.269639679,35,0.407381528,0.191612689,0.078494355,0.726366674,4
D114,O022,6,941,5.269639679,193,0.265083523,0.114415056,0.48366938,0.770574624,6
D114,O023,6,941,5.269639679,410,0.214451437,0.12789836,0.094002538,0.876090399,34
D114,O024,6,941,5.269639679,109,0.107543079,0.370185632,0.33107989,0.763088384,2
D114,O025,6,941,5.269639679,53,0.129725034,0.023513439,0.022926164,0.647079336,9
D114,O026,6,941,5.269639679,104,0.335746812,0.309055962,0.214783733,0.866605062,9
D114,O027,6,941,5.269639679,120,0.173792118,0.275390581,0.115990185,0.594400816,1
D114,O028,6,941,5.269639679,315,0.161028291,0.149607497,0.243736481,0.836522744,76
D114,O029,6,941,5.269639679,744,0.31398409,0.144642217,0.380464816,1.001095973,47
D114,O030,6,941,5.269639679,96,0.291312931,0.178362873,0.260288981,0.712485371,21
D114,O031,6,941,5.269639679,61,0.375724597,0.298965989,0.344989603,1.023539068,2
D114,O032,6,941,5.269639679,449,0.47407037,0.293964396,0.333868972,0.526716923,86
D114,O033,6,941,5.269639679,28,0.356894295,0.285864598,0.280390934,0.572892371,5
D114,O034,6,941,5.269639679,172,0.339323194,0.106162856,0.193996227,0.976195745,28
D114,O035,6,941,5.269639679,173,0.041159595,0.256897351,0.341435098,0.936656262,22
D114,O036,6,941,5.269639679,83,0.318040863,0.288671609,0.125731933,0.510862581,11
D114,O037,6,941,5.269639679,232,0.083660283,0.374766445,0.463420281,0.901833982,16
D114,O038,6,941,5.269639679,765,0.137328547,0.153890662,0.395745604,0.824092212,73
D114,O039,6,941,5.269639679,48,0.232718262,0.17994217,0.033136716,0.784320075,1
D114,O040,6,941,5.269639679,585,0.392959459,0.39457393,0.498815231,0.847757244,30
D114,O041,6,941,5.269639679,49,0.297735298,0.268205888,0.212580592,0.765018393,7
D114,O042,6,941,5.269639679,533,0.049123846,0.273615249,0.271891148,0.775509181,28
D114,O043,6,941,5.269639679,936,0.154267686,0.332919895,0.389161836,0.694797352,211
D114,O044,6,941,5.269639679,721,0.432376139,0.324925408,0.144007894,0.742867678,148
D114,O045,6,941,5.269639679,692,0.331104768,0.086465045,0.220042135,0.679206917,59
D114,O046,6,941,5.269639679,402,0.241792287,0.134055119,0.264545347,1.045585484,81
D114,O047,6,941,5.269639679,32,0.457593053,0.357426009,0.365235909,0.729886159,4
D114,O048,6,941,5.269639679,45,0.221925977,0.348159922,0.204633474,0.792986797,8
D114,O049,6,941,5.269639679,33,0.068127718,0.327197905,0.351458552,0.638016666,6
D114,O050,6,941,5.269639679,322,0.206052109,0.123509785,0.230258857,0.710466564,78
D114,O051,6,941,5.269639679,264,0.415458501,0.161179135,0.311726789,0.922834621,12
D114,O052,6,941,5.269639679,249,0.293109713,0.381495942,0.29384703,0.500330142,30
D114,O053,6,941,5.269639679,251,0.008437374,0.219704544,0.077608614,0.857828126,11
D114,O054,6,941,5.269639679,70,0.483939677,0.225369653,0.039302168,0.574845385,11
D114,O055,6,941,5.269639679,143,0.09821222,0.163666817,0.285033773,0.601558378,17
D114,O056,6,941,5.269639679,345,0.064149611,0.031223606,0.23904777,0.691855779,21
D114,O057,6,941,5.269639679,100,0.400541493,0.216556949,0.487740957,1.038462113,22
D114,O058,6,941,5.269639679,22,0.090722232,0.036785238,0.101049312,0.663001423,4
D114,O059,6,941,5.269639679,486,0.079431167,0.248195591,0.397292534,0.804788767,76
D114,O060,6,941,5.269639679,273,0.451061182,0.170720182,0.061912147,0.815113055,50
D114,O061,6,941,5.269639679,27,0.381805437,0.01616482,0.491613692,0.675221612,4
D114,O062,6,941,5.269639679,442,0.418928223,0.359834489,0.417321395,0.554105019,34
D114,O063,6,941,5.269639679,159,0.167777479,0.069957712,0.130372357,0.943907134,38
D114,O064,6,941,5.269639679,358,0.061032209,0.305917985,0.455729849,0.927346891,71
D114,O065,6,941,5.269639679,56,0.248866638,0.340199764,0.379559452,0.583546864,5
D114,O066,6,941,5.269639679,149,0.351209323,0.192455527,0.149427886,0.883050134,9
D114,O067,6,941,5.269639679,60,0.359928689,0.02076874,0.174232425,0.648987034,6
D114,O068,6,941,5.269639679,871,0.148525779,0.2389906,0.43126666,0.56330551,22
D114,O069,6,941,5.269639679,600,0.193256125,0.259153683,0.18565311,0.968309469,107
D114,O070,6,941,5.269639679,139,0.286307662,0.0275532,0.151186277,0.734969069,9
D114,O071,6,941,5.269639679,830,0.025772238,0.059916076,0.006124037,0.854259133,1
D114,O072,6,941,5.269639679,41,0.447028226,0.353970092,0.321029628,0.606201119,5
D114,O073,6,941,5.269639679,22,0.099783277,0.097826372,0.112559894,0.548583884,3
D114,O074,6,941,5.269639679,36,0.042568944,0.004280635,0.087293441,0.86728622,3
D114,O075,6,941,5.269639679,31,0.495260113,0.154710174,0.269857669,0.722353565,5
D114,O076,6,941,5.269639679,202,0.209924614,0.319442165,0.171734319,0.667816616,34
D114,O077,6,941,5.269639679,648,0.325153788,0.303515085,0.316930252,0.613107267,97
D114,O078,6,941,5.269639679,379,0.223960723,0.064878079,0.224272393,0.840645589,80
D114,O079,6,941,5.269639679,65,0.075519811,0.282963886,0.299403793,0.51375586,9
D114,O080,6,941,5.269639679,206,0.124478381,0.390952102,0.159201992,0.812430792,3
D114,O081,6,941,5.269639679,229,0.311863322,0.040757227,0.190953924,0.52059127,6
D114,O082,6,941,5.269639679,630,0.267185735,0.363424574,0.305398084,0.528725737,144
D114,O083,6,941,5.269639679,89,0.002629244,0.11891721,0.012340148,0.799263288,13
D114,O084,6,941,5.269639679,797,0.372992677,0.000386491,0.00152113,0.993396916,169
D114,O085,6,941,5.269639679,66,0.183976656,0.236269207,0.120756181,0.591017322,11
D114,O086,6,941,5.269639679,135,0.469888219,0.056365997,0.043821459,0.952586866,28
D114,O087,6,941,5.269639679,23,0.111840401,0.071296914,0.089679808,0.791166307,2
D114,O088,6,941,5.269639679,74,0.028069089,0.054085246,0.202673962,0.619616712,14
D114,O089,6,941,5.269639679,55,0.492105028,0.101006081,0.474810428,0.657444473,6
D114,O090,6,941,5.269639679,285,0.03434851,0.377557012,0.057284121,0.757204241,14
D114,O091,6,941,5.269639679,85,0.181583703,0.224320695,0.138841885,0.830164928,8
D114,O092,6,941,5.269639679,303,0.442706311,0.172267227,0.436491903,0.897895329,53
D114,O093,6,941,5.269639679,25,0.276275035,0.078153424,0.291384582,0.958605081,1
D114,O094,6,941,5.269639679,888,0.302089761,0.091469055,0.358945917,0.915650339,193
D114,O095,6,941,5.269639679,29,0.365502327,0.314203797,0.177999519,0.631365154,3
D114,O096,6,941,5.269639679,91,0.16170145,0.264353919,0.069555674,0.545005585,20
D115,O001,1,77,1.322131557,184,0.252173292,0.345006223,0.414518539,1.008029851,43
D115,O002,1,77,1.322131557,71,0.386957289,0.33590604,0.423756547,1.030814136,16
D115,O003,1,77,1.322131557,43,0.48531049,0.109844006,0.373132887,0.562934186,5
D115,O004,1,77,1.322131557,544,0.015441285,0.39993713,0.047767101,0.621494583,12
D115,O005,1,77,1.322131557,472,0.458927508,0.08115278,0.018055532,0.751825682,8
D115,O006,1,77,1.322131557,26,0.466438896,0.19990199,0.36047691,0.537345538,5
D115,O007,1,77,1.322131557,20,0.141130372,0.138764594,0.166622366,0.974703346,2
D115,O008,1,77,1.322131557,217,0.118365868,0.010264005,0.438577644,0.70421183,4
D115,O009,1,77,1.322131557,39,0.272204984,0.243100415,0.446678,0.893215891,1
D115,O010,1,77,1.322131557,78,0.42428609,0.04657399,0.47291634,0.886241643,6
D115,O011,1,77,1.322131557,163,0.257766277,0.230369452,0.067376828,1.041013094,24
D115,O012,1,77,1.322131557,121,0.018977159,0.042108472,0.106166432,0.634587855,7
D115,O013,1,77,1.322131557,38,0.13035544,0.200717694,0.465695355,0.90739434,4
D115,O014,1,77,1.322131557,505,0.055050564,0.385744929,0.323573274,0.956197221,126
D115,O015,1,77,1.322131557,369,0.403527677,0.186961283,0.029180542,1.016098144,88
D115,O016,1,77,1.322131557,990,0.188337728,0.211915952,0.403770273,0.683522338,99
D115,O017,1,77,1.322131557,47,0.235947901,0.205558573,0.450421949,0.98550411,1
D115,O018,1,77,1.322131557,128,0.201594351,0.132120615,0.2466657,1.015365814,15
D115,O019,1,77,1.322131557,24,0.431629638,0.254066717,0.253740338,0.934568431,1
D115,O020,1,77,1.322131557,113,0.348269976,0.095285863,0.409466489,0.990902637,28
D115,O021,1,77,1.322131557,35,0.407381528,0.191612689,0.078494355,0.726366674,4
D115,O022,1,77,1.322131557,193,0.265083523,0.114415056,0.48366938,0.770574624,6
D115,O023,1,77,1.322131557,410,0.214451437,0.12789836,0.094002538,0.876090399,34
D115,O024,1,77,1.322131557,109,0.107543079,0.370185632,0.33107989,0.763088384,2
D115,O025,1,77,1.322131557,53,0.129725034,0.023513439,0.022926164,0.647079336,9
D115,O026,1,77,1.322131557,104,0.335746812,0.309055962,0.214783733,0.866605062,9
D115,O027,1,77,1.322131557,120,0.173792118,0.275390581,0.115990185,0.594400816,1
D115,O028,1,77,1.322131557,315,0.161028291,0.149607497,0.243736481,0.836522744,76
D115,O029,1,77,1.322131557,744,0.31398409,0.144642217,0.380464816,1.001095973,47
D115,O030,1,77,1.322131557,96,0.291312931,0.178362873,0.260288981,0.712485371,21
D115,O031,1,77,1.322131557,61,0.375724597,0.298965989,0.344989603,1.023539068,2
D115,O032,1,77,1.322131557,449,0.47407037,0.293964396,0.333868972,0.526716923,86
D115,O033,1,77,1.322131557,28,0.356894295,0.285864598,0.280390934,0.572892371,5
D115,O034,1,77,1.322131557,172,0.339323194,0.106162856,0.193996227,0.976195745,28
D115,O035,1,77,1.322131557,173,0.041159595,0.256897351,0.341435098,0.936656262,22
D115,O036,1,77,1.322131557,83,0.318040863,0.288671609,0.125731933,0.510862581,11
D115,O037,1,77,1.322131557,232,0.083660283,0.374766445,0.463420281,0.901833982,16
D115,O038,1,77,1.322131557,765,0.137328547,0.153890662,0.395745604,0.824092212,73
D115,O039,1,77,1.322131557,48,0.232718262,0.17994217,0.033136716,0.784320075,1
D115,O040,1,77,1.322131557,585,0.392959459,0.39457393,0.498815231,0.847757244,30
D115,O041,1,77,1.322131557,49,0.297735298,0.268205888,0.212580592,0.765018393,7
D115,O042,1,77,1.322131557,533,0.049123846,0.273615249,0.271891148,0.775509181,28
D115,O043,1,77,1.322131557,936,0.154267686,0.332919895,0.389161836,0.694797352,211
D115,O044,1,77,1.322131557,721,0.432376139,0.324925408,0.144007894,0.742867678,148
D115,O045,1,77,1.322131557,692,0.331104768,0.086465045,0.220042135,0.679206917,59
D115,O046,1,77,1.322131557,402,0.241792287,0.134055119,0.264545347,1.045585484,81
D115,O047,1,77,1.322131557,32,0.457593053,0.357426009,0.365235909,0.729886159,4
D115,O048,1,77,1.322131557,45,0.221925977,0.348159922,0.204633474,0.792986797,8
D115,O049,1,77,1.322131557,33,0.068127718,0.327197905,0.351458552,0.638016666,6
D115,O050,1,77,1.322131557,322,0.206052109,0.123509785,0.230258857,0.710466564,78
D115,O051,1,77,1.322131557,264,0.415458501,0.161179135,0.311726789,0.922834621,12
D115,O052,1,77,1.322131557,249,0.293109713,0.381495942,0.29384703,0.500330142,30
D115,O053,1,77,1.322131557,251,0.008437374,0.219704544,0.077608614,0.857828126,11
D115,O054,1,77,1.322131557,70,0.483939677,0.225369653,0.039302168,0.574845385,11
D115,O055,1,77,1.322131557,143,0.09821222,0.163666817,0.285033773,0.601558378,17
D115,O056,1,77,1.322131557,345,0.064149611,0.031223606,0.23904777,0.691855779,21
D115,O057,1,77,1.322131557,100,0.400541493,0.216556949,0.487740957,1.038462113,22
D115,O058,1,77,1.322131557,22,0.090722232,0.036785238,0.101049312,0.663001423,4
D115,O059,1,77,1.322131557,486,0.079431167,0.248195591,0.397292534,0.804788767,76
D115,O060,1,77,1.322131557,273,0.451061182,0.170720182,0.061912147,0.815113055,50
D115,O061,1,77,1.322131557,27,0.381805437,0.01616482,0.491613692,0.675221612,4
D115,O062,1,77,1.322131557,442,0.418928223,0.359834489,0.417321395,0.554105019,34
D115,O063,1,77,1.322131557,159,0.167777479,0.069957712,0.130372357,0.943907134,38
D115,O064,1,77,1.322131557,358,0.061032209,0.305917985,0.455729849,0.927346891,71
D115,O065,1,77,1.322131557,56,0.248866638,0.340199764,0.379559452,0.583546864,5
D115,O066,1,77,1.322131557,149,0.351209323,0.192455527,0.149427886,0.883050134,9
D115,O067,1,77,1.322131557,60,0.359928689,0.02076874,0.174232425,0.648987034,6
D115,O068,1,77,1.322131557,871,0.148525779,0.2389906,0.43126666,0.56330551,22
D115,O069,1,77,1.322131557,600,0.193256125,0.259153683,0.18565311,0.968309469,107
D115,O070,1,77,1.322131557,139,0.286307662,0.0275532,0.151186277,0.734969069,9
D115,O071,1,77,1.322131557,830,0.025772238,0.059916076,0.006124037,0.854259133,1
D115,O072,1,77,1.322131557,41,0.447028226,0.353970092,0.321029628,0.606201119,5
D115,O073,1,77,1.322131557,22,0.099783277,0.097826372,0.112559894,0.548583884,3
D115,O074,1,77,1.322131557,36,0.042568944,0.004280635,0.087293441,0.86728622,3
D115,O075,1,77,1.322131557,31,0.495260113,0.154710174,0.269857669,0.722353565,5
D115,O076,1,77,1.322131557,202,0.209924614,0.319442165,0.171734319,0.667816616,34
D115,O077,1,77,1.322131557,648,0.325153788,0.303515085,0.316930252,0.613107267,97
D115,O078,1,77,1.322131557,379,0.223960723,0.064878079,0.224272393,0.840645589,80
D115,O079,1,77,1.322131557,65,0.075519811,0.282963886,0.299403793,0.51375586,9
D115,O080,1,77,1.322131557,206,0.124478381,0.390952102,0.159201992,0.812430792,3
D115,O081,1,77,1.322131557,229,0.311863322,0.040757227,0.190953924,0.52059127,6
D115,O082,1,77,1.322131557,630,0.267185735,0.363424574,0.305398084,0.528725737,144
D115,O083,1,77,1.322131557,89,0.002629244,0.11891721,0.012340148,0.799263288,13
D115,O084,1,77,1.322131557,797,0.372992677,0.000386491,0.00152113,0.993396916,169
D115,O085,1,77,1.322131557,66,0.183976656,0.236269207,0.120756181,0.591017322,11
D115,O086,1,77,1.322131557,135,0.469888219,0.056365997,0.043821459,0.952586866,28
D115,O087,1,77,1.322131557,23,0.111840401,0.071296914,0.089679808,0.791166307,2
D115,O088,1,77,1.322131557,74,0.028069089,0.054085246,0.202673962,0.619616712,14
D115,O089,1,77,1.322131557,55,0.492105028,0.101006081,0.474810428,0.657444473,6
D115,O090,1,77,1.322131557,285,0.03434851,0.377557012,0.057284121,0.757204241,14
D115,O091,1,77,1.322131557,85,0.181583703,0.224320695,0.138841885,0.830164928,8
D115,O092,1,77,1.322131557,303,0.442706311,0.172267227,0.436491903,0.897895329,53
D115,O093,1,77,1.322131557,25,0.276275035,0.078153424,0.291384582,0.958605081,1
D115,O094,1,77,1.322131557,888,0.302089761,0.091469055,0.358945917,0.915650339,193
D115,O095,1,77,1.322131557,29,0.365502327,0.314203797,0.177999519,0.631365154,3
D115,O096,1,77,1.322131557,91,0.16170145,0.264353919,0.069555674,0.545005585,20
D116,O001,4,1043,7.936094537,184,0.252173292,0.345006223,0.414518539,1.008029851,43
D116,O002,4,1043,7.936094537,71,0.386957289,0.33590604,0.423756547,1.030814136,16
D116,O003,4,1043,7.936094537,43,0.48531049,0.109844006,0.373132887,0.562934186,5
D116,O004,4,1043,7.936094537,544,0.015441285,0.39993713,0.047767101,0.621494583,12
D116,O005,4,1043,7.936094537,472,0.458927508,0.08115278,0.018055532,0.751825682,8
D116,O006,4,1043,7.936094537,26,0.466438896,0.19990199,0.36047691,0.537345538,5
D116,O007,4,1043,7.936094537,20,0.141130372,0.138764594,0.166622366,0.974703346,2
D116,O008,4,1043,7.936094537,217,0.118365868,0.010264005,0.438577644,0.70421183,4
D116,O009,4,1043,7.936094537,39,0.272204984,0.243100415,0.446678,0.893215891,1
D116,O010,4,1043,7.936094537,78,0.42428609,0.04657399,0.47291634,0.886241643,6
D116,O011,4,1043,7.936094537,163,0.257766277,0.230369452,0.067376828,1.041013094,24
D116,O012,4,1043,7.936094537,121,0.018977159,0.042108472,0.106166432,0.634587855,7
D116,O013,4,1043,7.936094537,38,0.13035544,0.200717694,0.465695355,0.90739434,4
D116,O014,4,1043,7.936094537,505,0.055050564,0.385744929,0.323573274,0.956197221,126
D116,O015,4,1043,7.936094537,369,0.403527677,0.186961283,0.029180542,1.016098144,88
D116,O016,4,1043,7.936094537,990,0.188337728,0.211915952,0.403770273,0.683522338,99
D116,O017,4,1043,7.936094537,47,0.235947901,0.205558573,0.450421949,0.98550411,1
D116,O018,4,1043,7.936094537,128,0.201594351,0.132120615,0.2466657,1.015365814,15
D116,O019,4,1043,7.936094537,24,0.431629638,0.254066717,0.253740338,0.934568431,1
D116,O020,4,1043,7.936094537,113,0.348269976,0.095285863,0.409466489,0.990902637,28
D116,O021,4,1043,7.936094537,35,0.407381528,0.191612689,0.078494355,0.726366674,4
D116,O022,4,1043,7.936094537,193,0.265083523,0.114415056,0.48366938,0.770574624,6
D116,O023,4,1043,7.936094537,410,0.214451437,0.12789836,0.094002538,0.876090399,34
D116,O024,4,1043,7.936094537,109,0.107543079,0.370185632,0.33107989,0.763088384,2
D116,O025,4,1043,7.936094537,53,0.129725034,0.023513439,0.022926164,0.647079336,9
D116,O026,4,1043,7.936094537,104,0.335746812,0.309055962,0.214783733,0.866605062,9
D116,O027,4,1043,7.936094537,120,0.173792118,0.275390581,0.115990185,0.594400816,1
D116,O028,4,1043,7.936094537,315,0.161028291,0.149607497,0.243736481,0.836522744,76
D116,O029,4,1043,7.936094537,744,0.31398409,0.144642217,0.380464816,1.001095973,47
D116,O030,4,1043,7.936094537,96,0.291312931,0.178362873,0.260288981,0.712485371,21
D116,O031,4,1043,7.936094537,61,0.375724597,0.298965989,0.344989603,1.023539068,2
D116,O032,4,1043,7.936094537,449,0.47407037,0.293964396,0.333868972,0.526716923,86
D116,O033,4,1043,7.936094537,28,0.356894295,0.285864598,0.280390934,0.572892371,5
D116,O034,4,1043,7.936094537,172,0.339323194,0.106162856,0.193996227,0.976195745,28
D116,O035,4,1043,7.936094537,173,0.041159595,0.256897351,0.341435098,0.936656262,22
D116,O036,4,1043,7.936094537,83,0.318040863,0.288671609,0.125731933,0.510862581,11
D116,O037,4,1043,7.936094537,232,0.083660283,0.374766445,0.463420281,0.901833982,16
D116,O038,4,1043,7.936094537,765,0.137328547,0.153890662,0.395745604,0.824092212,73
D116,O039,4,1043,7.936094537,48,0.232718262,0.17994217,0.033136716,0.784320075,1
D116,O040,4,1043,7.936094537,585,0.392959459,0.39457393,0.498815231,0.847757244,30
D116,O041,4,1043,7.936094537,49,0.297735298,0.268205888,0.212580592,0.765018393,7
D116,O042,4,1043,7.936094537,533,0.049123846,0.273615249,0.271891148,0.775509181,28
D116,O043,4,1043,7.936094537,936,0.154267686,0.332919895,0.389161836,0.694797352,211
D116,O044,4,1043,7.936094537,721,0.432376139,0.324925408,0.144007894,0.742867678,148
D116,O045,4,1043,7.936094537,692,0.331104768,0.086465045,0.220042135,0.679206917,59
D116,O046,4,1043,7.936094537,402,0.241792287,0.134055119,0.264545347,1.045585484,81
D116,O047,4,1043,7.936094537,32,0.457593053,0.357426009,0.365235909,0.729886159,4
D116,O048,4,1043,7.936094537,45,0.221925977,0.348159922,0.204633474,0.792986797,8
D116,O049,4,1043,7.936094537,33,0.068127718,0.327197905,0.351458552,0.638016666,6
D116,O050,4,1043,7.936094537,322,0.206052109,0.123509785,0.230258857,0.710466564,78
D116,O051,4,1043,7.936094537,264,0.415458501,0.161179135,0.311726789,0.922834621,12
D116,O052,4,1043,7.936094537,249,0.293109713,0.381495942,0.29384703,0.500330142,30
D116,O053,4,1043,7.936094537,251,0.008437374,0.219704544,0.077608614,0.857828126,11
D116,O054,4,1043,7.936094537,70,0.483939677,0.225369653,0.039302168,0.574845385,11
D116,O055,4,1043,7.936094537,143,0.09821222,0.163666817,0.285033773,0.601558378,17
D116,O056,4,1043,7.936094537,345,0.064149611,0.031223606,0.23904777,0.691855779,21
D116,O057,4,1043,7.936094537,100,0.400541493,0.216556949,0.487740957,1.038462113,22
D116,O058,4,1043,7.936094537,22,0.090722232,0.036785238,0.101049312,0.663001423,4
D116,O059,4,1043,7.936094537,486,0.079431167,0.248195591,0.397292534,0.804788767,76
D116,O060,4,1043,7.936094537,273,0.451061182,0.170720182,0.061912147,0.815113055,50
D116,O061,4,1043,7.936094537,27,0.381805437,0.01616482,0.491613692,0.675221612,4
D116,O062,4,1043,7.936094537,442,0.418928223,0.359834489,0.417321395,0.554105019,34
D116,O063,4,1043,7.936094537,159,0.167777479,0.069957712,0.130372357,0.943907134,38
D116,O064,4,1043,7.936094537,358,0.061032209,0.305917985,0.455729849,0.927346891,71
D116,O065,4,1043,7.936094537,56,0.248866638,0.340199764,0.379559452,0.583546864,5
D116,O066,4,1043,7.936094537,149,0.351209323,0.192455527,0.149427886,0.883050134,9
D116,O067,4,1043,7.936094537,60,0.359928689,0.02076874,0.174232425,0.648987034,6
D116,O068,4,1043,7.936094537,871,0.148525779,0.2389906,0.43126666,0.56330551,22
D116,O069,4,1043,7.936094537,600,0.193256125,0.259153683,0.18565311,0.968309469,107
D116,O070,4,1043,7.936094537,139,0.286307662,0.0275532,0.151186277,0.734969069,9
D116,O071,4,1043,7.936094537,830,0.025772238,0.059916076,0.006124037,0.854259133,1
D116,O072,4,1043,7.936094537,41,0.447028226,0.353970092,0.321029628,0.606201119,5
D116,O073,4,1043,7.936094537,22,0.099783277,0.097826372,0.112559894,0.548583884,3
D116,O074,4,1043,7.936094537,36,0.042568944,0.004280635,0.087293441,0.86728622,3
D116,O075,4,1043,7.936094537,31,0.495260113,0.154710174,0.269857669,0.722353565,5
D116,O076,4,1043,7.936094537,202,0.209924614,0.319442165,0.171734319,0.667816616,34
D116,O077,4,1043,7.936094537,648,0.325153788,0.303515085,0.316930252,0.613107267,97
D116,O078,4,1043,7.936094537,379,0.223960723,0.064878079,0.224272393,0.840645589,80
D116,O079,4,1043,7.936094537,65,0.075519811,0.282963886,0.299403793,0.51375586,9
D116,O080,4,1043,7.936094537,206,0.124478381,0.390952102,0.159201992,0.812430792,3
D116,O081,4,1043,7.936094537,229,0.311863322,0.040757227,0.190953924,0.52059127,6
D116,O082,4,1043,7.936094537,630,0.267185735,0.363424574,0.305398084,0.528725737,144
D116,O083,4,1043,7.936094537,89,0.002629244,0.11891721,0.012340148,0.799263288,13
D116,O084,4,1043,7.936094537,797,0.372992677,0.000386491,0.00152113,0.993396916,169
D116,O085,4,1043,7.936094537,66,0.183976656,0.236269207,0.120756181,0.591017322,11
D116,O086,4,1043,7.936094537,135,0.469888219,0.056365997,0.043821459,0.952586866,28
D116,O087,4,1043,7.936094537,23,0.111840401,0.071296914,0.089679808,0.791166307,2
D116,O088,4,1043,7.936094537,74,0.028069089,0.054085246,0.202673962,0.619616712,14
D116,O089,4,1043,7.936094537,55,0.492105028,0.101006081,0.474810428,0.657444473,6
D116,O090,4,1043,7.936094537,285,0.03434851,0.377557012,0.057284121,0.757204241,14
D116,O091,4,1043,7.936094537,85,0.181583703,0.224320695,0.138841885,0.830164928,8
D116,O092,4,1043,7.936094537,303,0.442706311,0.172267227,0.436491903,0.897895329,53
D116,O093,4,1043,7.936094537,25,0.276275035,0.078153424,0.291384582,0.958605081,1
D116,O094,4,1043,7.936094537,888,0.302089761,0.091469055,0.358945917,0.915650339,193
D116,O095,4,1043,7.936094537,29,0.365502327,0.314203797,0.177999519,0.631365154,3
D116,O096,4,1043,7.936094537,91,0.16170145,0.264353919,0.069555674,0.545005585,20
D117,O001,1,697,7.063418201,184,0.252173292,0.345006223,0.414518539,1.008029851,43
D117,O002,1,697,7.063418201,71,0.386957289,0.33590604,0.423756547,1.030814136,16
D117,O003,1,697,7.063418201,43,0.48531049,0.109844006,0.373132887,0.562934186,5
D117,O004,1,697,7.063418201,544,0.015441285,0.39993713,0.047767101,0.621494583,12
D117,O005,1,697,7.063418201,472,0.458927508,0.08115278,0.018055532,0.751825682,8
D117,O006,1,697,7.063418201,26,0.466438896,0.19990199,0.36047691,0.537345538,5
D117,O007,1,697,7.063418201,20,0.141130372,0.138764594,0.166622366,0.974703346,2
D117,O008,1,697,7.063418201,217,0.118365868,0.010264005,0.438577644,0.70421183,4
D117,O009,1,697,7.063418201,39,0.272204984,0.243100415,0.446678,0.893215891,1
D117,O010,1,697,7.063418201,78,0.42428609,0.04657399,0.47291634,0.886241643,6
D117,O011,1,697,7.063418201,163,0.257766277,0.230369452,0.067376828,1.041013094,24
D117,O012,1,697,7.063418201,121,0.018977159,0.042108472,0.106166432,0.634587855,7
D117,O013,1,697,7.063418201,38,0.13035544,0.200717694,0.465695355,0.90739434,4
D117,O014,1,697,7.063418201,505,0.055050564,0.385744929,0.323573274,0.956197221,126
D117,O015,1,697,7.063418201,369,0.403527677,0.186961283,0.029180542,1.016098144,88
D117,O016,1,697,7.063418201,990,0.188337728,0.211915952,0.403770273,0.683522338,99
D117,O017,1,697,7.063418201,47,0.235947901,0.205558573,0.450421949,0.98550411,1
D117,O018,1,697,7.063418201,128,0.201594351,0.132120615,0.2466657,1.015365814,15
D117,O019,1,697,7.063418201,24,0.431629638,0.254066717,0.253740338,0.934568431,1
D117,O020,1,697,7.063418201,113,0.348269976,0.095285863,0.409466489,0.990902637,28
D117,O021,1,697,7.063418201,35,0.407381528,0.191612689,0.078494355,0.726366674,4
D117,O022,1,697,7.063418201,193,0.265083523,0.114415056,0.48366938,0.770574624,6
D117,O023,1,697,7.063418201,410,0.214451437,0.12789836,0.094002538,0.876090399,34
D117,O024,1,697,7.063418201,109,0.107543079,0.370185632,0.33107989,0.763088384,2
D117,O025,1,697,7.063418201,53,0.129725034,0.023513439,0.022926164,0.647079336,9
D117,O026,1,697,7.063418201,104,0.335746812,0.309055962,0.214783733,0.866605062,9
D117,O027,1,697,7.063418201,120,0.173792118,0.275390581,0.115990185,0.594400816,1
D117,O028,1,697,7.063418201,315,0.161028291,0.149607497,0.243736481,0.836522744,76
D117,O029,1,697,7.063418201,744,0.31398409,0.144642217,0.380464816,1.001095973,47
D117,O030,1,697,7.063418201,96,0.291312931,0.178362873,0.260288981,0.712485371,21
D117,O031,1,697,7.063418201,61,0.375724597,0.298965989,0.344989603,1.023539068,2
D117,O032,1,697,7.063418201,449,0.47407037,0.293964396,0.333868972,0.526716923,86
D117,O033,1,697,7.063418201,28,0.356894295,0.285864598,0.280390934,0.572892371,5
D117,O034,1,697,7.063418201,172,0.339323194,0.106162856,0.193996227,0.976195745,28
D117,O035,1,697,7.063418201,173,0.041159595,0.256897351,0.341435098,0.936656262,22
D117,O036,1,697,7.063418201,83,0.318040863,0.288671609,0.125731933,0.510862581,11
D117,O037,1,697,7.063418201,232,0.083660283,0.374766445,0.463420281,0.901833982,16
D117,O038,1,697,7.063418201,765,0.137328547,0.153890662,0.395745604,0.824092212,73
D117,O039,1,697,7.063418201,48,0.232718262,0.17994217,0.033136716,0.784320075,1
D117,O040,1,697,7.063418201,585,0.392959459,0.39457393,0.498815231,0.847757244,30
D117,O041,1,697,7.063418201,49,0.297735298,0.268205888,0.212580592,0.765018393,7
D117,O042,1,697,7.063418201,533,0.049123846,0.273615249,0.271891148,0.775509181,28
D117,O043,1,697,7.063418201,936,0.154267686,0.332919895,0.389161836,0.694797352,211
D117,O044,1,697,7.063418201,721,0.432376139,0.324925408,0.144007894,0.742867678,148
D117,O045,1,697,7.063418201,692,0.331104768,0.086465045,0.220042135,0.679206917,59
D117,O046,1,697,7.063418201,402,0.241792287,0.134055119,0.264545347,1.045585484,81
D117,O047,1,697,7.063418201,32,0.457593053,0.357426009,0.365235909,0.729886159,4
D117,O048,1,697,7.063418201,45,0.221925977,0.348159922,0.204633474,0.792986797,8
D117,O049,1,697,7.063418201,33,0.068127718,0.327197905,0.351458552,0.638016666,6
D117,O050,1,697,7.063418201,322,0.206052109,0.123509785,0.230258857,0.710466564,78
D117,O051,1,697,7.063418201,264,0.415458501,0.161179135,0.311726789,0.922834621,12
D117,O052,1,697,7.063418201,249,0.293109713,0.381495942,0.29384703,0.500330142,30
D117,O053,1,697,7.063418201,251,0.008437374,0.219704544,0.077608614,0.857828126,11
D117,O054,1,697,7.063418201,70,0.483939677,0.225369653,0.039302168,0.574845385,11
D117,O055,1,697,7.063418201,143,0.09821222,0.163666817,0.285033773,0.601558378,17
D117,O056,1,697,7.063418201,345,0.064149611,0.031223606,0.23904777,0.691855779,21
D117,O057,1,697,7.063418201,100,0.400541493,0.216556949,0.487740957,1.038462113,22
D117,O058,1,697,7.063418201,22,0.090722232,0.036785238,0.101049312,0.663001423,4
D117,O059,1,697,7.063418201,486,0.079431167,0.248195591,0.397292534,0.804788767,76
D117,O060,1,697,7.063418201,273,0.451061182,0.170720182,0.061912147,0.815113055,50
D117,O061,1,697,7.063418201,27,0.381805437,0.01616482,0.491613692,0.675221612,4
D117,O062,1,697,7.063418201,442,0.418928223,0.359834489,0.417321395,0.554105019,34
D117,O063,1,697,7.063418201,159,0.167777479,0.069957712,0.130372357,0.943907134,38
D117,O064,1,697,7.063418201,358,0.061032209,0.305917985,0.455729849,0.927346891,71
D117,O065,1,697,7.063418201,56,0.248866638,0.340199764,0.379559452,0.583546864,5
D117,O066,1,697,7.063418201,149,0.351209323,0.192455527,0.149427886,0.883050134,9
D117,O067,1,697,7.063418201,60,0.359928689,0.02076874,0.174232425,0.648987034,6
D117,O068,1,697,7.063418201,871,0.148525779,0.2389906,0.43126666,0.56330551,22
D117,O069,1,697,7.063418201,600,0.193256125,0.259153683,0.18565311,0.968309469,107
D117,O070,1,697,7.063418201,139,0.286307662,0.0275532,0.151186277,0.734969069,9
D117,O071,1,697,7.063418201,830,0.025772238,0.059916076,0.006124037,0.854259133,1
D117,O072,1,697,7.063418201,41,0.447028226,0.353970092,0.321029628,0.606201119,5
D117,O073,1,697,7.063418201,22,0.099783277,0.097826372,0.112559894,0.548583884,3
D117,O074,1,697,7.063418201,36,0.042568944,0.004280635,0.087293441,0.86728622,3
D117,O075,1,697,7.063418201,31,0.495260113,0.154710174,0.269857669,0.722353565,5
D117,O076,1,697,7.063418201,202,0.209924614,0.319442165,0.171734319,0.667816616,34
D117,O077,1,697,7.063418201,648,0.325153788,0.303515085,0.316930252,0.613107267,97
D117,O078,1,697,7.063418201,379,0.223960723,0.064878079,0.224272393,0.840645589,80
D117,O079,1,697,7.063418201,65,0.075519811,0.282963886,0.299403793,0.51375586,9
D117,O080,1,697,7.063418201,206,0.124478381,0.390952102,0.159201992,0.812430792,3
D117,O081,1,697,7.063418201,229,0.311863322,0.040757227,0.190953924,0.52059127,6
D117,O082,1,697,7.063418201,630,0.267185735,0.363424574,0.305398084,0.528725737,144
D117,O083,1,697,7.063418201,89,0.002629244,0.11891721,0.012340148,0.799263288,13
D117,O084,1,697,7.063418201,797,0.372992677,0.000386491,0.00152113,0.993396916,169
D117,O085,1,697,7.063418201,66,0.183976656,0.236269207,0.120756181,0.591017322,11
D117,O086,1,697,7.063418201,135,0.469888219,0.056365997,0.043821459,0.952586866,28
D117,O087,1,697,7.063418201,23,0.111840401,0.071296914,0.089679808,0.791166307,2
D117,O088,1,697,7.063418201,74,0.028069089,0.054085246,0.202673962,0.619616712,14
D117,O089,1,697,7.063418201,55,0.492105028,0.101006081,0.474810428,0.657444473,6
D117,O090,1,697,7.063418201,285,0.03434851,0.377557012,0.057284121,0.757204241,14
D117,O091,1,697,7.063418201,85,0.181583703,0.224320695,0.138841885,0.830164928,8
D117,O092,1,697,7.063418201,303,0.442706311,0.172267227,0.436491903,0.897895329,53
D117,O093,1,697,7.063418201,25,0.276275035,0.078153424,0.291384582,0.958605081,1
D117,O094,1,697,7.063418201,888,0.302089761,0.091469055,0.358945917,0.915650339,193
D117,O095,1,697,7.063418201,29,0.365502327,0.314203797,0.177999519,0.631365154,3
D117,O096,1,697,7.063418201,91,0.16170145,0.264353919,0.069555674,0.545005585,20
D118,O001,4,1114,0.319192161,184,0.252173292,0.345006223,0.414518539,1.008029851,43
D118,O002,4,1114,0.319192161,71,0.386957289,0.33590604,0.423756547,1.030814136,16
D118,O003,4,1114,0.319192161,43,0.48531049,0.109844006,0.373132887,0.562934186,5
D118,O004,4,1114,0.319192161,544,0.015441285,0.39993713,0.047767101,0.621494583,12
D118,O005,4,1114,0.319192161,472,0.458927508,0.08115278,0.018055532,0.751825682,8
D118,O006,4,1114,0.319192161,26,0.466438896,0.19990199,0.36047691,0.537345538,5
D118,O007,4,1114,0.319192161,20,0.141130372,0.138764594,0.166622366,0.974703346,2
D118,O008,4,1114,0.319192161,217,0.118365868,0.010264005,0.438577644,0.70421183,4
D118,O009,4,1114,0.319192161,39,0.272204984,0.243100415,0.446678,0.893215891,1
D118,O010,4,1114,0.319192161,78,0.42428609,0.04657399,0.47291634,0.886241643,6
D118,O011,4,1114,0.319192161,163,0.257766277,0.230369452,0.067376828,1.041013094,24
D118,O012,4,1114,0.319192161,121,0.018977159,0.042108472,0.106166432,0.634587855,7
D118,O013,4,1114,0.319192161,38,0.13035544,0.200717694,0.465695355,0.90739434,4
D118,O014,4,1114,0.319192161,505,0.055050564,0.385744929,0.323573274,0.956197221,126
D118,O015,4,1114,0.319192161,369,0.403527677,0.186961283,0.029180542,1.016098144,88
D118,O016,4,1114,0.319192161,990,0.188337728,0.211915952,0.403770273,0.683522338,99
D118,O017,4,1114,0.319192161,47,0.235947901,0.205558573,0.450421949,0.98550411,1
D118,O018,4,1114,0.319192161,128,0.201594351,0.132120615,0.2466657,1.015365814,15
D118,O019,4,1114,0.319192161,24,0.431629638,0.254066717,0.253740338,0.934568431,1
D118,O020,4,1114,0.319192161,113,0.348269976,0.095285863,0.409466489,0.990902637,28
D118,O021,4,1114,0.319192161,35,0.407381528,0.191612689,0.078494355,0.726366674,4
D118,O022,4,1114,0.319192161,193,0.265083523,0.114415056,0.48366938,0.770574624,6
D118,O023,4,1114,0.319192161,410,0.214451437,0.12789836,0.094002538,0.876090399,34
D118,O024,4,1114,0.319192161,109,0.107543079,0.370185632,0.33107989,0.763088384,2
D118,O025,4,1114,0.319192161,53,0.129725034,0.023513439,0.022926164,0.647079336,9
D118,O026,4,1114,0.319192161,104,0.335746812,0.309055962,0.214783733,0.866605062,9
D118,O027,4,1114,0.319192161,120,0.173792118,0.275390581,0.115990185,0.594400816,1
D118,O028,4,1114,0.319192161,315,0.161028291,0.149607497,0.243736481,0.836522744,76
D118,O029,4,1114,0.319192161,744,0.31398409,0.144642217,0.380464816,1.001095973,47
D118,O030,4,1114,0.319192161,96,0.291312931,0.178362873,0.260288981,0.712485371,21
D118,O031,4,1114,0.319192161,61,0.375724597,0.298965989,0.344989603,1.023539068,2
D118,O032,4,1114,0.319192161,449,0.47407037,0.293964396,0.333868972,0.526716923,86
D118,O033,4,1114,0.319192161,28,0.356894295,0.285864598,0.280390934,0.572892371,5
D118,O034,4,1114,0.319192161,172,0.339323194,0.106162856,0.193996227,0.976195745,28
D118,O035,4,1114,0.319192161,173,0.041159595,0.256897351,0.341435098,0.936656262,22
D118,O036,4,1114,0.319192161,83,0.318040863,0.288671609,0.125731933,0.510862581,11
D118,O037,4,1114,0.319192161,232,0.083660283,0.374766445,0.463420281,0.901833982,16
D118,O038,4,1114,0.319192161,765,0.137328547,0.153890662,0.395745604,0.824092212,73
D118,O039,4,1114,0.319192161,48,0.232718262,0.17994217,0.033136716,0.784320075,1
D118,O040,4,1114,0.319192161,585,0.392959459,0.39457393,0.498815231,0.847757244,30
D118,O041,4,1114,0.319192161,49,0.297735298,0.268205888,0.212580592,0.765018393,7
D118,O042,4,1114,0.319192161,533,0.049123846,0.273615249,0.271891148,0.775509181,28
D118,O043,4,1114,0.319192161,936,0.154267686,0.332919895,0.389161836,0.694797352,211
D118,O044,4,1114,0.319192161,721,0.432376139,0.324925408,0.144007894,0.742867678,148
D118,O045,4,1114,0.319192161,692,0.331104768,0.086465045,0.220042135,0.679206917,59
D118,O046,4,1114,0.319192161,402,0.241792287,0.134055119,0.264545347,1.045585484,81
D118,O047,4,1114,0.319192161,32,0.457593053,0.357426009,0.365235909,0.729886159,4
D118,O048,4,1114,0.319192161,45,0.221925977,0.348159922,0.204633474,0.792986797,8
D118,O049,4,1114,0.319192161,33,0.068127718,0.327197905,0.351458552,0.638016666,6
D118,O050,4,1114,0.319192161,322,0.206052109,0.123509785,0.230258857,0.710466564,78
D118,O051,4,1114,0.319192161,264,0.415458501,0.161179135,0.311726789,0.922834621,12
D118,O052,4,1114,0.319192161,249,0.293109713,0.381495942,0.29384703,0.500330142,30
D118,O053,4,1114,0.319192161,251,0.008437374,0.219704544,0.077608614,0.857828126,11
D118,O054,4,1114,0.319192161,70,0.483939677,0.225369653,0.039302168,0.574845385,11
D118,O055,4,1114,0.319192161,143,0.09821222,0.163666817,0.285033773,0.601558378,17
D118,O056,4,1114,0.319192161,345,0.064149611,0.031223606,0.23904777,0.691855779,21
D118,O057,4,1114,0.319192161,100,0.400541493,0.216556949,0.487740957,1.038462113,22
D118,O058,4,1114,0.319192161,22,0.090722232,0.036785238,0.101049312,0.663001423,4
D118,O059,4,1114,0.319192161,486,0.079431167,0.248195591,0.397292534,0.804788767,76
D118,O060,4,1114,0.319192161,273,0.451061182,0.170720182,0.061912147,0.815113055,50
D118,O061,4,1114,0.319192161,27,0.381805437,0.01616482,0.491613692,0.675221612,4
D118,O062,4,1114,0.319192161,442,0.418928223,0.359834489,0.417321395,0.554105019,34
D118,O063,4,1114,0.319192161,159,0.167777479,0.069957712,0.130372357,0.943907134,38
D118,O064,4,1114,0.319192161,358,0.061032209,0.305917985,0.455729849,0.927346891,71
D118,O065,4,1114,0.319192161,56,0.248866638,0.340199764,0.379559452,0.583546864,5
D118,O066,4,1114,0.319192161,149,0.351209323,0.192455527,0.149427886,0.883050134,9
D118,O067,4,1114,0.319192161,60,0.359928689,0.02076874,0.174232425,0.648987034,6
D118,O068,4,1114,0.319192161,871,0.148525779,0.2389906,0.43126666,0.56330551,22
D118,O069,4,1114,0.319192161,600,0.193256125,0.259153683,0.18565311,0.968309469,107
D118,O070,4,1114,0.319192161,139,0.286307662,0.0275532,0.151186277,0.734969069,9
D118,O071,4,1114,0.319192161,830,0.025772238,0.059916076,0.006124037,0.854259133,1
D118,O072,4,1114,0.319192161,41,0.447028226,0.353970092,0.321029628,0.606201119,5
D118,O073,4,1114,0.319192161,22,0.099783277,0.097826372,0.112559894,0.548583884,3
D118,O074,4,1114,0.319192161,36,0.042568944,0.004280635,0.087293441,0.86728622,3
D118,O075,4,1114,0.319192161,31,0.495260113,0.154710174,0.269857669,0.722353565,5
D118,O076,4,1114,0.319192161,202,0.209924614,0.319442165,0.171734319,0.667816616,34
D118,O077,4,1114,0.319192161,648,0.325153788,0.303515085,0.316930252,0.613107267,97
D118,O078,4,1114,0.319192161,379,0.223960723,0.064878079,0.224272393,0.840645589,80
D118,O079,4,1114,0.319192161,65,0.075519811,0.282963886,0.299403793,0.51375586,9
D118,O080,4,1114,0.319192161,206,0.124478381,0.390952102,0.159201992,0.812430792,3
D118,O081,4,1114,0.319192161,229,0.311863322,0.040757227,0.190953924,0.52059127,6
D118,O082,4,1114,0.319192161,630,0.267185735,0.363424574,0.305398084,0.528725737,144
D118,O083,4,1114,0.319192161,89,0.002629244,0.11891721,0.012340148,0.799263288,13
D118,O084,4,1114,0.319192161,797,0.372992677,0.000386491,0.00152113,0.993396916,169
D118,O085,4,1114,0.319192161,66,0.183976656,0.236269207,0.120756181,0.591017322,11
D118,O086,4,1114,0.319192161,135,0.469888219,0.056365997,0.043821459,0.952586866,28
D118,O087,4,1114,0.319192161,23,0.111840401,0.071296914,0.089679808,0.791166307,2
D118,O088,4,1114,0.319192161,74,0.028069089,0.054085246,0.202673962,0.619616712,14
D118,O089,4,1114,0.319192161,55,0.492105028,0.101006081,0.474810428,0.657444473,6
D118,O090,4,1114,0.319192161,285,0.03434851,0.377557012,0.057284121,0.757204241,14
D118,O091,4,1114,0.319192161,85,0.181583703,0.224320695,0.138841885,0.830164928,8
D118,O092,4,1114,0.319192161,303,0.442706311,0.172267227,0.436491903,0.897895329,53
D118,O093,4,1114,0.319192161,25,0.276275035,0.078153424,0.291384582,0.958605081,1
D118,O094,4,1114,0.319192161,888,0.302089761,0.091469055,0.358945917,0.915650339,193
D118,O095,4,1114,0.319192161,29,0.365502327,0.314203797,0.177999519,0.631365154,3
D118,O096,4,1114,0.319192161,91,0.16170145,0.264353919,0.069555674,0.545005585,20
D119,O001,8,92,0.389339241,184,0.252173292,0.345006223,0.414518539,1.008029851,43
D119,O002,8,92,0.389339241,71,0.386957289,0.33590604,0.423756547,1.030814136,16
D119,O003,8,92,0.389339241,43,0.48531049,0.109844006,0.373132887,0.562934186,5
D119,O004,8,92,0.389339241,544,0.015441285,0.39993713,0.047767101,0.621494583,12
D119,O005,8,92,0.389339241,472,0.458927508,0.08115278,0.018055532,0.751825682,8
D119,O006,8,92,0.389339241,26,0.466438896,0.19990199,0.36047691,0.537345538,5
D119,O007,8,92,0.389339241,20,0.141130372,0.138764594,0.166622366,0.974703346,2
D119,O008,8,92,0.389339241,217,0.118365868,0.010264005,0.438577644,0.70421183,4
D119,O009,8,92,0.389339241,39,0.272204984,0.243100415,0.446678,0.893215891,1
D119,O010,8,92,0.389339241,78,0.42428609,0.04657399,0.47291634,0.886241643,6
D119,O011,8,92,0.389339241,163,0.257766277,0.230369452,0.067376828,1.041013094,24
D119,O012,8,92,0.389339241,121,0.018977159,0.042108472,0.106166432,0.634587855,7
D119,O013,8,92,0.389339241,38,0.13035544,0.200717694,0.465695355,0.90739434,4
D119,O014,8,92,0.389339241,505,0.055050564,0.385744929,0.323573274,0.956197221,126
D119,O015,8,92,0.389339241,369,0.403527677,0.186961283,0.029180542,1.016098144,88
D119,O016,8,92,0.389339241,990,0.188337728,0.211915952,0.403770273,0.683522338,99
D119,O017,8,92,0.389339241,47,0.235947901,0.205558573,0.450421949,0.98550411,1
D119,O018,8,92,0.389339241,128,0.201594351,0.132120615,0.2466657,1.015365814,15
D119,O019,8,92,0.389339241,24,0.431629638,0.254066717,0.253740338,0.934568431,1
D119,O020,8,92,0.389339241,113,0.348269976,0.095285863,0.409466489,0.990902637,28
D119,O021,8,92,0.389339241,35,0.407381528,0.191612689,0.078494355,0.726366674,4
D119,O022,8,92,0.389339241,193,0.265083523,0.114415056,0.48366938,0.770574624,6
D119,O023,8,92,0.389339241,410,0.214451437,0.12789836,0.094002538,0.876090399,34
D119,O024,8,92,0.389339241,109,0.107543079,0.370185632,0.33107989,0.763088384,2
D119,O025,8,92,0.389339241,53,0.129725034,0.023513439,0.022926164,0.647079336,9
D119,O026,8,92,0.389339241,104,0.335746812,0.309055962,0.214783733,0.866605062,9
D119,O027,8,92,0.389339241,120,0.173792118,0.275390581,0.115990185,0.594400816,1
D119,O028,8,92,0.389339241,315,0.161028291,0.149607497,0.243736481,0.836522744,76
D119,O029,8,92,0.389339241,744,0.31398409,0.144642217,0.380464816,1.001095973,47
D119,O030,8,92,0.389339241,96,0.291312931,0.178362873,0.260288981,0.712485371,21
D119,O031,8,92,0.389339241,61,0.375724597,0.298965989,0.344989603,1.023539068,2
D119,O032,8,92,0.389339241,449,0.47407037,0.293964396,0.333868972,0.526716923,86
D119,O033,8,92,0.389339241,28,0.356894295,0.285864598,0.280390934,0.572892371,5
D119,O034,8,92,0.389339241,172,0.339323194,0.106162856,0.193996227,0.976195745,28
D119,O035,8,92,0.389339241,173,0.041159595,0.256897351,0.341435098,0.936656262,22
D119,O036,8,92,0.389339241,83,0.318040863,0.288671609,0.125731933,0.510862581,11
D119,O037,8,92,0.389339241,232,0.083660283,0.374766445,0.463420281,0.901833982,16
D119,O038,8,92,0.389339241,765,0.137328547,0.153890662,0.395745604,0.824092212,73
D119,O039,8,92,0.389339241,48,0.232718262,0.17994217,0.033136716,0.784320075,1
D119,O040,8,92,0.389339241,585,0.392959459,0.39457393,0.498815231,0.847757244,30
D119,O041,8,92,0.389339241,49,0.297735298,0.268205888,0.212580592,0.765018393,7
D119,O042,8,92,0.389339241,533,0.049123846,0.273615249,0.271891148,0.775509181,28
D119,O043,8,92,0.389339241,936,0.154267686,0.332919895,0.389161836,0.694797352,211
D119,O044,8,92,0.389339241,721,0.432376139,0.324925408,0.144007894,0.742867678,148
D119,O045,8,92,0.389339241,692,0.331104768,0.086465045,0.220042135,0.679206917,59
D119,O046,8,92,0.389339241,402,0.241792287,0.134055119,0.264545347,1.045585484,81
D119,O047,8,92,0.389339241,32,0.457593053,0.357426009,0.365235909,0.729886159,4
D119,O048,8,92,0.389339241,45,0.221925977,0.348159922,0.204633474,0.792986797,8
D119,O049,8,92,0.389339241,33,0.068127718,0.327197905,0.351458552,0.638016666,6
D119,O050,8,92,0.389339241,322,0.206052109,0.123509785,0.230258857,0.710466564,78
D119,O051,8,92,0.389339241,264,0.415458501,0.161179135,0.311726789,0.922834621,12
D119,O052,8,92,0.389339241,249,0.293109713,0.381495942,0.29384703,0.500330142,30
D119,O053,8,92,0.389339241,251,0.008437374,0.219704544,0.077608614,0.857828126,11
D119,O054,8,92,0.389339241,70,0.483939677,0.225369653,0.039302168,0.574845385,11
D119,O055,8,92,0.389339241,143,0.09821222,0.163666817,0.285033773,0.601558378,17
D119,O056,8,92,0.389339241,345,0.064149611,0.031223606,0.23904777,0.691855779,21
D119,O057,8,92,0.389339241,100,0.400541493,0.216556949,0.487740957,1.038462113,22
D119,O058,8,92,0.389339241,22,0.090722232,0.036785238,0.101049312,0.663001423,4
D119,O059,8,92,0.389339241,486,0.079431167,0.248195591,0.397292534,0.804788767,76
D119,O060,8,92,0.389339241,273,0.451061182,0.170720182,0.061912147,0.815113055,50
D119,O061,8,92,0.389339241,27,0.381805437,0.01616482,0.491613692,0.675221612,4
D119,O062,8,92,0.389339241,442,0.418928223,0.359834489,0.417321395,0.554105019,34
D119,O063,8,92,0.389339241,159,0.167777479,0.069957712,0.130372357,0.943907134,38
D119,O064,8,92,0.389339241,358,0.061032209,0.305917985,0.455729849,0.927346891,71
D119,O065,8,92,0.389339241,56,0.248866638,0.340199764,0.379559452,0.583546864,5
D119,O066,8,92,0.389339241,149,0.351209323,0.192455527,0.149427886,0.883050134,9
D119,O067,8,92,0.389339241,60,0.359928689,0.02076874,0.174232425,0.648987034,6
D119,O068,8,92,0.389339241,871,0.148525779,0.2389906,0.43126666,0.56330551,22
D119,O069,8,92,0.389339241,600,0.193256125,0.259153683,0.18565311,0.968309469,107
D119,O070,8,92,0.389339241,139,0.286307662,0.0275532,0.151186277,0.734969069,9
D119,O071,8,92,0.389339241,830,0.025772238,0.059916076,0.006124037,0.854259133,1
D119,O072,8,92,0.389339241,41,0.447028226,0.353970092,0.321029628,0.606201119,5
D119,O073,8,92,0.389339241,22,0.099783277,0.097826372,0.112559894,0.548583884,3
D119,O074,8,92,0.389339241,36,0.042568944,0.004280635,0.087293441,0.86728622,3
D119,O075,8,92,0.389339241,31,0.495260113,0.154710174,0.269857669,0.722353565,5
D119,O076,8,92,0.389339241,202,0.209924614,0.319442165,0.171734319,0.667816616,34
D119,O077,8,92,0.389339241,648,0.325153788,0.303515085,0.316930252,0.613107267,97
D119,O078,8,92,0.389339241,379,0.223960723,0.064878079,0.224272393,0.840645589,80
D119,O079,8,92,0.389339241,65,0.075519811,0.282963886,0.299403793,0.51375586,9
D119,O080,8,92,0.389339241,206,0.124478381,0.390952102,0.159201992,0.812430792,3
D119,O081,8,92,0.389339241,229,0.311863322,0.040757227,0.190953924,0.52059127,6
D119,O082,8,92,0.389339241,630,0.267185735,0.363424574,0.305398084,0.528725737,144
D119,O083,8,92,0.389339241,89,0.002629244,0.11891721,0.012340148,0.799263288,13
D119,O084,8,92,0.389339241,797,0.372992677,0.000386491,0.00152113,0.993396916,169
D119,O085,8,92,0.389339241,66,0.183976656,0.236269207,0.120756181,0.591017322,11
D119,O086,8,92,0.389339241,135,0.469888219,0.056365997,0.043821459,0.952586866,28
D119,O087,8,92,0.389339241,23,0.111840401,0.071296914,0.089679808,0.791166307,2
D119,O088,8,92,0.389339241,74,0.028069089,0.054085246,0.202673962,0.619616712,14
D119,O089,8,92,0.389339241,55,0.492105028,0.101006081,0.474810428,0.657444473,6
D119,O090,8,92,0.389339241,285,0.03434851,0.377557012,0.057284121,0.757204241,14
D119,O091,8,92,0.389339241,85,0.181583703,0.224320695,0.138841885,0.830164928,8
D119,O092,8,92,0.389339241,303,0.442706311,0.172267227,0.436491903,0.897895329,53
D119,O093,8,92,0.389339241,25,0.276275035,0.078153424,0.291384582,0.958605081,1
D119,O094,8,92,0.389339241,888,0.302089761,0.091469055,0.358945917,0.915650339,193
D119,O095,8,92,0.389339241,29,0.365502327,0.314203797,0.177999519,0.631365154,3
D119,O096,8,92,0.389339241,91,0.16170145,0.264353919,0.069555674,0.545005585,20
D120,O001,4,221,0.447446783,184,0.252173292,0.345006223,0.414518539,1.008029851,43
D120,O002,4,221,0.447446783,71,0.386957289,0.33590604,0.423756547,1.030814136,16
D120,O003,4,221,0.447446783,43,0.48531049,0.109844006,0.373132887,0.562934186,5
D120,O004,4,221,0.447446783,544,0.015441285,0.39993713,0.047767101,0.621494583,12
D120,O005,4,221,0.447446783,472,0.458927508,0.08115278,0.018055532,0.751825682,8
D120,O006,4,221,0.447446783,26,0.466438896,0.19990199,0.36047691,0.537345538,5
D120,O007,4,221,0.447446783,20,0.141130372,0.138764594,0.166622366,0.974703346,2
D120,O008,4,221,0.447446783,217,0.118365868,0.010264005,0.438577644,0.70421183,4
D120,O009,4,221,0.447446783,39,0.272204984,0.243100415,0.446678,0.893215891,1
D120,O010,4,221,0.447446783,78,0.42428609,0.04657399,0.47291634,0.886241643,6
D120,O011,4,221,0.447446783,163,0.257766277,0.230369452,0.067376828,1.041013094,24
D120,O012,4,221,0.447446783,121,0.018977159,0.042108472,0.106166432,0.634587855,7
D120,O013,4,221,0.447446783,38,0.13035544,0.200717694,0.465695355,0.90739434,4
D120,O014,4,221,0.447446783,505,0.055050564,0.385744929,0.323573274,0.956197221,126
D120,O015,4,221,0.447446783,369,0.403527677,0.186961283,0.029180542,1.016098144,88
D120,O016,4,221,0.447446783,990,0.188337728,0.211915952,0.403770273,0.683522338,99
D120,O017,4,221,0.447446783,47,0.235947901,0.205558573,0.450421949,0.98550411,1
D120,O018,4,221,0.447446783,128,0.201594351,0.132120615,0.2466657,1.015365814,15
D120,O019,4,221,0.447446783,24,0.431629638,0.254066717,0.253740338,0.934568431,1
D120,O020,4,221,0.447446783,113,0.348269976,0.095285863,0.409466489,0.990902637,28
D120,O021,4,221,0.447446783,35,0.407381528,0.191612689,0.078494355,0.726366674,4
D120,O022,4,221,0.447446783,193,0.265083523,0.114415056,0.48366938,0.770574624,6
D120,O023,4,221,0.447446783,410,0.214451437,0.12789836,0.094002538,0.876090399,34
D120,O024,4,221,0.447446783,109,0.107543079,0.370185632,0.33107989,0.763088384,2
D120,O025,4,221,0.447446783,53,0.129725034,0.023513439,0.022926164,0.647079336,9
D120,O026,4,221,0.447446783,104,0.335746812,0.309055962,0.214783733,0.866605062,9
D120,O027,4,221,0.447446783,120,0.173792118,0.275390581,0.115990185,0.594400816,1
D120,O028,4,221,0.447446783,315,0.161028291,0.149607497,0.243736481,0.836522744,76
D120,O029,4,221,0.447446783,744,0.31398409,0.144642217,0.380464816,1.001095973,47
D120,O030,4,221,0.447446783,96,0.291312931,0.178362873,0.260288981,0.712485371,21
D120,O031,4,221,0.447446783,61,0.375724597,0.298965989,0.344989603,1.023539068,2
D120,O032,4,221,0.447446783,449,0.47407037,0.293964396,0.333868972,0.526716923,86
D120,O033,4,221,0.447446783,28,0.356894295,0.285864598,0.280390934,0.572892371,5
D120,O034,4,221,0.447446783,172,0.339323194,0.106162856,0.193996227,0.976195745,28
D120,O035,4,221,0.447446783,173,0.041159595,0.256897351,0.341435098,0.936656262,22
D120,O036,4,221,0.447446783,83,0.318040863,0.288671609,0.125731933,0.510862581,11
D120,O037,4,221,0.447446783,232,0.083660283,0.374766445,0.463420281,0.901833982,16
D120,O038,4,221,0.447446783,765,0.137328547,0.153890662,0.395745604,0.824092212,73
D120,O039,4,221,0.447446783,48,0.232718262,0.17994217,0.033136716,0.784320075,1
D120,O040,4,221,0.447446783,585,0.392959459,0.39457393,0.498815231,0.847757244,30
D120,O041,4,221,0.447446783,49,0.297735298,0.268205888,0.212580592,0.765018393,7
D120,O042,4,221,0.447446783,533,0.049123846,0.273615249,0.271891148,0.775509181,28
D120,O043,4,221,0.447446783,936,0.154267686,0.332919895,0.389161836,0.694797352,211
D120,O044,4,221,0.447446783,721,0.432376139,0.324925408,0.144007894,0.742867678,148
D120,O045,4,221,0.447446783,692,0.331104768,0.086465045,0.220042135,0.679206917,59
D120,O046,4,221,0.447446783,402,0.241792287,0.134055119,0.264545347,1.045585484,81
D120,O047,4,221,0.447446783,32,0.457593053,0.357426009,0.365235909,0.729886159,4
D120,O048,4,221,0.447446783,45,0.221925977,0.348159922,0.204633474,0.792986797,8
D120,O049,4,221,0.447446783,33,0.068127718,0.327197905,0.351458552,0.638016666,6
D120,O050,4,221,0.447446783,322,0.206052109,0.123509785,0.230258857,0.710466564,78
D120,O051,4,221,0.447446783,264,0.415458501,0.161179135,0.311726789,0.922834621,12
D120,O052,4,221,0.447446783,249,0.293109713,0.381495942,0.29384703,0.500330142,30
D120,O053,4,221,0.447446783,251,0.008437374,0.219704544,0.077608614,0.857828126,11
D120,O054,4,221,0.447446783,70,0.483939677,0.225369653,0.039302168,0.574845385,11
D120,O055,4,221,0.447446783,143,0.09821222,0.163666817,0.285033773,0.601558378,17
D120,O056,4,221,0.447446783,345,0.064149611,0.031223606,0.23904777,0.691855779,21
D120,O057,4,221,0.447446783,100,0.400541493,0.216556949,0.487740957,1.038462113,22
D120,O058,4,221,0.447446783,22,0.090722232,0.036785238,0.101049312,0.663001423,4
D120,O059,4,221,0.447446783,486,0.079431167,0.248195591,0.397292534,0.804788767,76
D120,O060,4,221,0.447446783,273,0.451061182,0.170720182,0.061912147,0.815113055,50
D120,O061,4,221,0.447446783,27,0.381805437,0.01616482,0.491613692,0.675221612,4
D120,O062,4,221,0.447446783,442,0.418928223,0.359834489,0.417321395,0.554105019,34
D120,O063,4,221,0.447446783,159,0.167777479,0.069957712,0.130372357,0.943907134,38
D120,O064,4,221,0.447446783,358,0.061032209,0.305917985,0.455729849,0.927346891,71
D120,O065,4,221,0.447446783,56,0.248866638,0.340199764,0.379559452,0.583546864,5
D120,O066,4,221,0.447446783,149,0.351209323,0.192455527,0.149427886,0.883050134,9
D120,O067,4,221,0.447446783,60,0.359928689,0.02076874,0.174232425,0.648987034,6
D120,O068,4,221,0.447446783,871,0.148525779,0.2389906,0.43126666,0.56330551,22
D120,O069,4,221,0.447446783,600,0.193256125,0.259153683,0.18565311,0.968309469,107
D120,O070,4,221,0.447446783,139,0.286307662,0.0275532,0.151186277,0.734969069,9
D120,O071,4,221,0.447446783,830,0.025772238,0.059916076,0.006124037,0.854259133,1
D120,O072,4,221,0.447446783,41,0.447028226,0.353970092,0.321029628,0.606201119,5
D120,O073,4,221,0.447446783,22,0.099783277,0.097826372,0.112559894,0.548583884,3
D120,O074,4,221,0.447446783,36,0.042568944,0.004280635,0.087293441,0.86728622,3
D120,O075,4,221,0.447446783,31,0.495260113,0.154710174,0.269857669,0.722353565,5
D120,O076,4,221,0.447446783,202,0.209924614,0.319442165,0.171734319,0.667816616,34
D120,O077,4,221,0.447446783,648,0.325153788,0.303515085,0.316930252,0.613107267,97
D120,O078,4,221,0.447446783,379,0.223960723,0.064878079,0.224272393,0.840645589,80
D120,O079,4,221,0.447446783,65,0.075519811,0.282963886,0.299403793,0.51375586,9
D120,O080,4,221,0.447446783,206,0.124478381,0.390952102,0.159201992,0.812430792,3
D120,O081,4,221,0.447446783,229,0.311863322,0.040757227,0.190953924,0.52059127,6
D120,O082,4,221,0.447446783,630,0.267185735,0.363424574,0.305398084,0.528725737,144
D120,O083,4,221,0.447446783,89,0.002629244,0.11891721,0.012340148,0.799263288,13
D120,O084,4,221,0.447446783,797,0.372992677,0.000386491,0.00152113,0.993396916,169
D120,O085,4,221,0.447446783,66,0.183976656,0.236269207,0.120756181,0.591017322,11
D120,O086,4,221,0.447446783,135,0.469888219,0.056365997,0.043821459,0.952586866,28
D120,O087,4,221,0.447446783,23,0.111840401,0.071296914,0.089679808,0.791166307,2
D120,O088,4,221,0.447446783,74,0.028069089,0.054085246,0.202673962,0.619616712,14
D120,O089,4,221,0.447446783,55,0.492105028,0.101006081,0.474810428,0.657444473,6
D120,O090,4,221,0.447446783,285,0.03434851,0.377557012,0.057284121,0.757204241,14
D120,O091,4,221,0.447446783,85,0.181583703,0.224320695,0.138841885,0.830164928,8
D120,O092,4,221,0.447446783,303,0.442706311,0.172267227,0.436491903,0.897895329,53
D120,O093,4,221,0.447446783,25,0.276275035,0.078153424,0.291384582,0.958605081,1
D120,O094,4,221,0.447446783,888,0.302089761,0.091469055,0.358945917,0.915650339,193
D120,O095,4,221,0.447446783,29,0.365502327,0.314203797,0.177999519,0.631365154,3
D120,O096,4,221,0.447446783,91,0.16170145,0.264353919,0.069555674,0.545005585,20
D121,O001,1,60,0.25,184,0.252173292,0.345006223,0.414518539,1.008029851,43
D121,O002,1,60,0.25,71,0.386957289,0.33590604,0.423756547,1.030814136,16
D121,O003,1,60,0.25,43,0.48531049,0.109844006,0.373132887,0.562934186,5
D121,O004,1,60,0.25,544,0.015441285,0.39993713,0.047767101,0.621494583,12
D121,O005,1,60,0.25,472,0.458927508,0.08115278,0.018055532,0.751825682,8
D121,O006,1,60,0.25,26,0.466438896,0.19990199,0.36047691,0.537345538,5
D121,O007,1,60,0.25,20,0.141130372,0.138764594,0.166622366,0.974703346,2
D121,O008,1,60,0.25,217,0.118365868,0.010264005,0.438577644,0.70421183,4
D121,O009,1,60,0.25,39,0.272204984,0.243100415,0.446678,0.893215891,1
D121,O010,1,60,0.25,78,0.42428609,0.04657399,0.47291634,0.886241643,6
D121,O011,1,60,0.25,163,0.257766277,0.230369452,0.067376828,1.041013094,24
D121,O012,1,60,0.25,121,0.018977159,0.042108472,0.106166432,0.634587855,7
D121,O013,1,60,0.25,38,0.13035544,0.200717694,0.465695355,0.90739434,4
D121,O014,1,60,0.25,505,0.055050564,0.385744929,0.323573274,0.956197221,126
D121,O015,1,60,0.25,369,0.403527677,0.186961283,0.029180542,1.016098144,88
D121,O016,1,60,0.25,990,0.188337728,0.211915952,0.403770273,0.683522338,99
D121,O017,1,60,0.25,47,0.235947901,0.205558573,0.450421949,0.98550411,1
D121,O018,1,60,0.25,128,0.201594351,0.132120615,0.2466657,1.015365814,15
D121,O019,1,60,0.25,24,0.431629638,0.254066717,0.253740338,0.934568431,1
D121,O020,1,60,0.25,113,0.348269976,0.095285863,0.409466489,0.990902637,28
D121,O021,1,60,0.25,35,0.407381528,0.191612689,0.078494355,0.726366674,4
D121,O022,1,60,0.25,193,0.265083523,0.114415056,0.48366938,0.770574624,6
D121,O023,1,60,0.25,410,0.214451437,0.12789836,0.094002538,0.876090399,34
D121,O024,1,60,0.25,109,0.107543079,0.370185632,0.33107989,0.763088384,2
D121,O025,1,60,0.25,53,0.129725034,0.023513439,0.022926164,0.647079336,9
D121,O026,1,60,0.25,104,0.335746812,0.309055962,0.214783733,0.866605062,9
D121,O027,1,60,0.25,120,0.173792118,0.275390581,0.115990185,0.594400816,1
D121,O028,1,60,0.25,315,0.161028291,0.149607497,0.243736481,0.836522744,76
D121,O029,1,60,0.25,744,0.31398409,0.144642217,0.380464816,1.001095973,47
D121,O030,1,60,0.25,96,0.291312931,0.178362873,0.260288981,0.712485371,21
D121,O031,1,60,0.25,61,0.375724597,0.298965989,0.344989603,1.023539068,2
D121,O032,1,60,0.25,449,0.47407037,0.293964396,0.333868972,0.526716923,86
D121,O033,1,60,0.25,28,0.356894295,0.285864598,0.280390934,0.572892371,5
D121,O034,1,60,0.25,172,0.339323194,0.106162856,0.193996227,0.976195745,28
D121,O035,1,60,0.25,173,0.041159595,0.256897351,0.341435098,0.936656262,22
D121,O036,1,60,0.25,83,0.318040863,0.288671609,0.125731933,0.510862581,11
D121,O037,1,60,0.25,232,0.083660283,0.374766445,0.463420281,0.901833982,16
D121,O038,1,60,0.25,765,0.137328547,0.153890662,0.395745604,0.824092212,73
D121,O039,1,60,0.25,48,0.232718262,0.17994217,0.033136716,0.784320075,1
D121,O040,1,60,0.25,585,0.392959459,0.39457393,0.498815231,0.847757244,30
D121,O041,1,60,0.25,49,0.297735298,0.268205888,0.212580592,0.765018393,7
D121,O042,1,60,0.25,533,0.049123846,0.273615249,0.271891148,0.775509181,28
D121,O043,1,60,0.25,936,0.154267686,0.332919895,0.389161836,0.694797352,211
D121,O044,1,60,0.25,721,0.432376139,0.324925408,0.144007894,0.742867678,148
D121,O045,1,60,0.25,692,0.331104768,0.086465045,0.220042135,0.679206917,59
D121,O046,1,60,0.25,402,0.241792287,0.134055119,0.264545347,1.045585484,81
D121,O047,1,60,0.25,32,0.457593053,0.357426009,0.365235909,0.729886159,4
D121,O048,1,60,0.25,45,0.221925977,0.348159922,0.204633474,0.792986797,8
D121,O049,1,60,0.25,33,0.068127718,0.327197905,0.351458552,0.638016666,6
D121,O050,1,60,0.25,322,0.206052109,0.123509785,0.230258857,0.710466564,78
D121,O051,1,60,0.25,264,0.415458501,0.161179135,0.311726789,0.922834621,12
D121,O052,1,60,0.25,249,0.293109713,0.381495942,0.29384703,0.500330142,30
D121,O053,1,60,0.25,251,0.008437374,0.219704544,0.077608614,0.857828126,11
D121,O054,1,60,0.25,70,0.483939677,0.225369653,0.039302168,0.574845385,11
D121,O055,1,60,0.25,143,0.09821222,0.163666817,0.285033773,0.601558378,17
D121,O056,1,60,0.25,345,0.064149611,0.031223606,0.23904777,0.691855779,21
D121,O057,1,60,0.25,100,0.400541493,0.216556949,0.487740957,1.038462113,22
D121,O058,1,60,0.25,22,0.090722232,0.036785238,0.101049312,0.663001423,4
D121,O059,1,60,0.25,486,0.079431167,0.248195591,0.397292534,0.804788767,76
D121,O060,1,60,0.25,273,0.451061182,0.170720182,0.061912147,0.815113055,50
D121,O061,1,60,0.25,27,0.381805437,0.01616482,0.491613692,0.675221612,4
D121,O062,1,60,0.25,442,0.418928223,0.359834489,0.417321395,0.554105019,34
D121,O063,1,60,0.25,159,0.167777479,0.069957712,0.130372357,0.943907134,38
D121,O064,1,60,0.25,358,0.061032209,0.305917985,0.455729849,0.927346891,71
D121,O065,1,60,0.25,56,0.248866638,0.340199764,0.379559452,0.583546864,5
D121,O066,1,60,0.25,149,0.351209323,0.192455527,0.149427886,0.883050134,9
D121,O067,1,60,0.25,60,0.359928689,0.02076874,0.174232425,0.648987034,6
D121,O068,1,60,0.25,871,0.148525779,0.2389906,0.43126666,0.56330551,22
D121,O069,1,60,0.25,600,0.193256125,0.259153683,0.18565311,0.968309469,107
D121,O070,1,60,0.25,139,0.286307662,0.0275532,0.151186277,0.734969069,9
D121,O071,1,60,0.25,830,0.025772238,0.059916076,0.006124037,0.854259133,1
D121,O072,1,60,0.25,41,0.447028226,0.353970092,0.321029628,0.606201119,5
D121,O073,1,60,0.25,22,0.099783277,0.097826372,0.112559894,0.548583884,3
D121,O074,1,60,0.25,36,0.042568944,0.004280635,0.087293441,0.86728622,3
D121,O075,1,60,0.25,31,0.495260113,0.154710174,0.269857669,0.722353565,5
D121,O076,1,60,0.25,202,0.209924614,0.319442165,0.171734319,0.667816616,34
D121,O077,1,60,0.25,648,0.325153788,0.303515085,0.316930252,0.613107267,97
D121,O078,1,60,0.25,379,0.223960723,0.064878079,0.224272393,0.840645589,80
D121,O079,1,60,0.25,65,0.075519811,0.282963886,0.299403793,0.51375586,9
D121,O080,1,60,0.25,206,0.124478381,0.390952102,0.159201992,0.812430792,3
D121,O081,1,60,0.25,229,0.311863322,0.040757227,0.190953924,0.52059127,6
D121,O082,1,60,0.25,630,0.267185735,0.363424574,0.305398084,0.528725737,144
D121,O083,1,60,0.25,89,0.002629244,0.11891721,0.012340148,0.799263288,13
D121,O084,1,60,0.25,797,0.372992677,0.000386491,0.00152113,0.993396916,169
D121,O085,1,60,0.25,66,0.183976656,0.236269207,0.120756181,0.591017322,11
D121,O086,1,60,0.25,135,0.469888219,0.056365997,0.043821459,0.952586866,28
D121,O087,1,60,0.25,23,0.111840401,0.071296914,0.089679808,0.791166307,2
D121,O088,1,60,0.25,74,0.028069089,0.054085246,0.202673962,0.619616712,14
D121,O089,1,60,0.25,55,0.492105028,0.101006081,0.474810428,0.657444473,6
D121,O090,1,60,0.25,285,0.03434851,0.377557012,0.057284121,0.757204241,14
D121,O091,1,60,0.25,85,0.181583703,0.224320695,0.138841885,0.830164928,8
D121,O092,1,60,0.25,303,0.442706311,0.172267227,0.436491903,0.897895329,53
D121,O093,1,60,0.25,25,0.276275035,0.078153424,0.291384582,0.958605081,1
D121,O094,1,60,0.25,888,0.302089761,0.091469055,0.358945917,0.915650339,193
D121,O095,1,60,0.25,29,0.365502327,0.314203797,0.177999519,0.631365154,3
D121,O096,1,60,0.25,91,0.16170145,0.264353919,0.069555674,0.545005585,20
D122,O001,1,60,8,184,0.252173292,0.345006223,0.414518539,1.008029851,43
D122,O002,1,60,8,71,0.386957289,0.33590604,0.423756547,1.030814136,16
D122,O003,1,60,8,43,0.48531049,0.109844006,0.373132887,0.562934186,5
D122,O004,1,60,8,544,0.015441285,0.39993713,0.047767101,0.621494583,12
D122,O005,1,60,8,472,0.458927508,0.08115278,0.018055532,0.751825682,8
D122,O006,1,60,8,26,0.466438896,0.19990199,0.36047691,0.537345538,5
D122,O007,1,60,8,20,0.141130372,0.138764594,0.166622366,0.974703346,2
D122,O008,1,60,8,217,0.118365868,0.010264005,0.438577644,0.70421183,4
D122,O009,1,60,8,39,0.272204984,0.243100415,0.446678,0.893215891,1
D122,O010,1,60,8,78,0.42428609,0.04657399,0.47291634,0.886241643,6
D122,O011,1,60,8,163,0.257766277,0.230369452,0.067376828,1.041013094,24
D122,O012,1,60,8,121,0.018977159,0.042108472,0.106166432,0.634587855,7
D122,O013,1,60,8,38,0.13035544,0.200717694,0.465695355,0.90739434,4
D122,O014,1,60,8,505,0.055050564,0.385744929,0.323573274,0.956197221,126
D122,O015,1,60,8,369,0.403527677,0.186961283,0.029180542,1.016098144,88
D122,O016,1,60,8,990,0.188337728,0.211915952,0.403770273,0.683522338,99
D122,O017,1,60,8,47,0.235947901,0.205558573,0.450421949,0.98550411,1
D122,O018,1,60,8,128,0.201594351,0.132120615,0.2466657,1.015365814,15
D122,O019,1,60,8,24,0.431629638,0.254066717,0.253740338,0.934568431,1
D122,O020,1,60,8,113,0.348269976,0.095285863,0.409466489,0.990902637,28
D122,O021,1,60,8,35,0.407381528,0.191612689,0.078494355,0.726366674,4
D122,O022,1,60,8,193,0.265083523,0.114415056,0.48366938,0.770574624,6
D122,O023,1,60,8,410,0.214451437,0.12789836,0.094002538,0.876090399,34
D122,O024,1,60,8,109,0.107543079,0.370185632,0.33107989,0.763088384,2
D122,O025,1,60,8,53,0.129725034,0.023513439,0.022926164,0.647079336,9
D122,O026,1,60,8,104,0.335746812,0.309055962,0.214783733,0.866605062,9
D122,O027,1,60,8,120,0.173792118,0.275390581,0.115990185,0.594400816,1
D122,O028,1,60,8,315,0.161028291,0.149607497,0.243736481,0.836522744,76
D122,O029,1,60,8,744,0.31398409,0.144642217,0.380464816,1.001095973,47
D122,O030,1,60,8,96,0.291312931,0.178362873,0.260288981,0.712485371,21
D122,O031,1,60,8,61,0.375724597,0.298965989,0.344989603,1.023539068,2
D122,O032,1,60,8,449,0.47407037,0.293964396,0.333868972,0.526716923,86
D122,O033,1,60,8,28,0.356894295,0.285864598,0.280390934,0.572892371,5
D122,O034,1,60,8,172,0.339323194,0.106162856,0.193996227,0.976195745,28
D122,O035,1,60,8,173,0.041159595,0.256897351,0.341435098,0.936656262,22
D122,O036,1,60,8,83,0.318040863,0.288671609,0.125731933,0.510862581,11
D122,O037,1,60,8,232,0.083660283,0.374766445,0.463420281,0.901833982,16
D122,O038,1,60,8,765,0.137328547,0.153890662,0.395745604,0.824092212,73
D122,O039,1,60,8,48,0.232718262,0.17994217,0.033136716,0.784320075,1
D122,O040,1,60,8,585,0.392959459,0.39457393,0.498815231,0.847757244,30
D122,O041,1,60,8,49,0.297735298,0.268205888,0.212580592,0.765018393,7
D122,O042,1,60,8,533,0.049123846,0.273615249,0.271891148,0.775509181,28
D122,O043,1,60,8,936,0.154267686,0.332919895,0.389161836,0.694797352,211
D122,O044,1,60,8,721,0.432376139,0.324925408,0.144007894,0.742867678,148
D122,O045,1,60,8,692,0.331104768,0.086465045,0.220042135,0.679206917,59
D122,O046,1,60,8,402,0.241792287,0.134055119,0.264545347,1.045585484,81
D122,O047,1,60,8,32,0.457593053,0.357426009,0.365235909,0.729886159,4
D122,O048,1,60,8,45,0.221925977,0.348159922,0.204633474,0.792986797,8
D122,O049,1,60,8,33,0.068127718,0.327197905,0.351458552,0.638016666,6
D122,O050,1,60,8,322,0.206052109,0.123509785,0.230258857,0.710466564,78
D122,O051,1,60,8,264,0.415458501,0.161179135,0.311726789,0.922834621,12
D122,O052,1,60,8,249,0.293109713,0.381495942,0.29384703,0.500330142,30
D122,O053,1,60,8,251,0.008437374,0.219704544,0.077608614,0.857828126,11
D122,O054,1,60,8,70,0.483939677,0.225369653,0.039302168,0.574845385,11
D122,O055,1,60,8,143,0.09821222,0.163666817,0.285033773,0.601558378,17
D122,O056,1,60,8,345,0.064149611,0.031223606,0.23904777,0.691855779,21
D122,O057,1,60,8,100,0.400541493,0.216556949,0.487740957,1.038462113,22
D122,O058,1,60,8,22,0.090722232,0.036785238,0.101049312,0.663001423,4
D122,O059,1,60,8,486,0.079431167,0.248195591,0.397292534,0.804788767,76
D122,O060,1,60,8,273,0.451061182,0.170720182,0.061912147,0.815113055,50
D122,O061,1,60,8,27,0.381805437,0.01616482,0.491613692,0.675221612,4
D122,O062,1,60,8,442,0.418928223,0.359834489,0.417321395,0.554105019,34
D122,O063,1,60,8,159,0.167777479,0.069957712,0.130372357,0.943907134,38
D122,O064,1,60,8,358,0.061032209,0.305917985,0.455729849,0.927346891,71
D122,O065,1,60,8,56,0.248866638,0.340199764,0.379559452,0.583546864,5
D122,O066,1,60,8,149,0.351209323,0.192455527,0.149427886,0.883050134,9
D122,O067,1,60,8,60,0.359928689,0.02076874,0.174232425,0.648987034,6
D122,O068,1,60,8,871,0.148525779,0.2389906,0.43126666,0.56330551,22
D122,O069,1,60,8,600,0.193256125,0.259153683,0.18565311,0.968309469,107
D122,O070,1,60,8,139,0.286307662,0.0275532,0.151186277,0.734969069,9
D122,O071,1,60,8,830,0.025772238,0.059916076,0.006124037,0.854259133,1
D122,O072,1,60,8,41,0.447028226,0.353970092,0.321029628,0.606201119,5
D122,O073,1,60,8,22,0.099783277,0.097826372,0.112559894,0.548583884,3
D122,O074,1,60,8,36,0.042568944,0.004280635,0.087293441,0.86728622,3
D122,O075,1,60,8,31,0.495260113,0.154710174,0.269857669,0.722353565,5
D122,O076,1,60,8,202,0.209924614,0.319442165,0.171734319,0.667816616,34
D122,O077,1,60,8,648,0.325153788,0.303515085,0.316930252,0.613107267,97
D122,O078,1,60,8,379,0.223960723,0.064878079,0.224272393,0.840645589,80
D122,O079,1,60,8,65,0.075519811,0.282963886,0.299403793,0.51375586,9
D122,O080,1,60,8,206,0.124478381,0.390952102,0.159201992,0.812430792,3
D122,O081,1,60,8,229,0.311863322,0.040757227,0.190953924,0.52059127,6
D122,O082,1,60,8,630,0.267185735,0.363424574,0.305398084,0.528725737,144
D122,O083,1,60,8,89,0.002629244,0.11891721,0.012340148,0.799263288,13
D122,O084,1,60,8,797,0.372992677,0.000386491,0.00152113,0.993396916,169
D122,O085,1,60,8,66,0.183976656,0.236269207,0.120756181,0.591017322,11
D122,O086,1,60,8,135,0.469888219,0.056365997,0.043821459,0.952586866,28
D122,O087,1,60,8,23,0.111840401,0.071296914,0.089679808,0.791166307,2
D122,O088,1,60,8,74,0.028069089,0.054085246,0.202673962,0.619616712,14
D122,O089,1,60,8,55,0.492105028,0.101006081,0.474810428,0.657444473,6
D122,O090,1,60,8,285,0.03434851,0.377557012,0.057284121,0.757204241,14
D122,O091,1,60,8,85,0.181583703,0.224320695,0.138841885,0.830164928,8
D122,O092,1,60,8,303,0.442706311,0.172267227,0.436491903,0.897895329,53
D122,O093,1,60,8,25,0.276275035,0.078153424,0.291384582,0.958605081,1
D122,O094,1,60,8,888,0.302089761,0.091469055,0.358945917,0.915650339,193
D122,O095,1,60,8,29,0.365502327,0.314203797,0.177999519,0.631365154,3
D122,O096,1,60,8,91,0.16170145,0.264353919,0.069555674,0.545005585,20
D123,O001,1,1200,0.25,184,0.252173292,0.345006223,0.414518539,1.008029851,43
D123,O002,1,1200,0.25,71,0.386957289,0.33590604,0.423756547,1.030814136,16
D123,O003,1,1200,0.25,43,0.48531049,0.109844006,0.373132887,0.562934186,5
D123,O004,1,1200,0.25,544,0.015441285,0.39993713,0.047767101,0.621494583,12
D123,O005,1,1200,0.25,472,0.458927508,0.08115278,0.018055532,0.751825682,8
D123,O006,1,1200,0.25,26,0.466438896,0.19990199,0.36047691,0.537345538,5
D123,O007,1,1200,0.25,20,0.141130372,0.138764594,0.166622366,0.974703346,2
D123,O008,1,1200,0.25,217,0.118365868,0.010264005,0.438577644,0.70421183,4
D123,O009,1,1200,0.25,39,0.272204984,0.243100415,0.446678,0.893215891,1
D123,O010,1,1200,0.25,78,0.42428609,0.04657399,0.47291634,0.886241643,6
D123,O011,1,1200,0.25,163,0.257766277,0.230369452,0.067376828,1.041013094,24
D123,O012,1,1200,0.25,121,0.018977159,0.042108472,0.106166432,0.634587855,7
D123,O013,1,1200,0.25,38,0.13035544,0.200717694,0.465695355,0.90739434,4
D123,O014,1,1200,0.25,505,0.055050564,0.385744929,0.323573274,0.956197221,126
D123,O015,1,1200,0.25,369,0.403527677,0.186961283,0.029180542,1.016098144,88
D123,O016,1,1200,0.25,990,0.188337728,0.211915952,0.403770273,0.683522338,99
D123,O017,1,1200,0.25,47,0.235947901,0.205558573,0.450421949,0.98550411,1
D123,O018,1,1200,0.25,128,0.201594351,0.132120615,0.2466657,1.015365814,15
D123,O019,1,1200,0.25,24,0.431629638,0.254066717,0.253740338,0.934568431,1
D123,O020,1,1200,0.25,113,0.348269976,0.095285863,0.409466489,0.990902637,28
D123,O021,1,1200,0.25,35,0.407381528,0.191612689,0.078494355,0.726366674,4
D123,O022,1,1200,0.25,193,0.265083523,0.114415056,0.48366938,0.770574624,6
D123,O023,1,1200,0.25,410,0.214451437,0.12789836,0.094002538,0.876090399,34
D123,O024,1,1200,0.25,109,0.107543079,0.370185632,0.33107989,0.763088384,2
D123,O025,1,1200,0.25,53,0.129725034,0.023513439,0.022926164,0.647079336,9
D123,O026,1,1200,0.25,104,0.335746812,0.309055962,0.214783733,0.866605062,9
D123,O027,1,1200,0.25,120,0.173792118,0.275390581,0.115990185,0.594400816,1
D123,O028,1,1200,0.25,315,0.161028291,0.149607497,0.243736481,0.836522744,76
D123,O029,1,1200,0.25,744,0.31398409,0.144642217,0.380464816,1.001095973,47
D123,O030,1,1200,0.25,96,0.291312931,0.178362873,0.260288981,0.712485371,21
D123,O031,1,1200,0.25,61,0.375724597,0.298965989,0.344989603,1.023539068,2
D123,O032,1,1200,0.25,449,0.47407037,0.293964396,0.333868972,0.526716923,86
D123,O033,1,1200,0.25,28,0.356894295,0.285864598,0.280390934,0.572892371,5
D123,O034,1,1200,0.25,172,0.339323194,0.106162856,0.193996227,0.976195745,28
D123,O035,1,1200,0.25,173,0.041159595,0.256897351,0.341435098,0.936656262,22
D123,O036,1,1200,0.25,83,0.318040863,0.288671609,0.125731933,0.510862581,11
D123,O037,1,1200,0.25,232,0.083660283,0.374766445,0.463420281,0.901833982,16
D123,O038,1,1200,0.25,765,0.137328547,0.153890662,0.395745604,0.824092212,73
D123,O039,1,1200,0.25,48,0.232718262,0.17994217,0.033136716,0.784320075,1
D123,O040,1,1200,0.25,585,0.392959459,0.39457393,0.498815231,0.847757244,30
D123,O041,1,1200,0.25,49,0.297735298,0.268205888,0.212580592,0.765018393,7
D123,O042,1,1200,0.25,533,0.049123846,0.273615249,0.271891148,0.775509181,28
D123,O043,1,1200,0.25,936,0.154267686,0.332919895,0.389161836,0.694797352,211
D123,O044,1,1200,0.25,721,0.432376139,0.324925408,0.144007894,0.742867678,148
D123,O045,1,1200,0.25,692,0.331104768,0.086465045,0.220042135,0.679206917,59
D123,O046,1,1200,0.25,402,0.241792287,0.134055119,0.264545347,1.045585484,81
D123,O047,1,1200,0.25,32,0.457593053,0.357426009,0.365235909,0.729886159,4
D123,O048,1,1200,0.25,45,0.221925977,0.348159922,0.204633474,0.792986797,8
D123,O049,1,1200,0.25,33,0.068127718,0.327197905,0.351458552,0.638016666,6
D123,O050,1,1200,0.25,322,0.206052109,0.123509785,0.230258857,0.710466564,78
D123,O051,1,1200,0.25,264,0.415458501,0.161179135,0.311726789,0.922834621,12
D123,O052,1,1200,0.25,249,0.293109713,0.381495942,0.29384703,0.500330142,30
D123,O053,1,1200,0.25,251,0.008437374,0.219704544,0.077608614,0.857828126,11
D123,O054,1,1200,0.25,70,0.483939677,0.225369653,0.039302168,0.574845385,11
D123,O055,1,1200,0.25,143,0.09821222,0.163666817,0.285033773,0.601558378,17
D123,O056,1,1200,0.25,345,0.064149611,0.031223606,0.23904777,0.691855779,21
D123,O057,1,1200,0.25,100,0.400541493,0.216556949,0.487740957,1.038462113,22
D123,O058,1,1200,0.25,22,0.090722232,0.036785238,0.101049312,0.663001423,4
D123,O059,1,1200,0.25,486,0.079431167,0.248195591,0.397292534,0.804788767,76
D123,O060,1,1200,0.25,273,0.451061182,0.170720182,0.061912147,0.815113055,50
D123,O061,1,1200,0.25,27,0.381805437,0.01616482,0.491613692,0.675221612,4
D123,O062,1,1200,0.25,442,0.418928223,0.359834489,0.417321395,0.554105019,34
D123,O063,1,1200,0.25,159,0.167777479,0.069957712,0.130372357,0.943907134,38
D123,O064,1,1200,0.25,358,0.061032209,0.305917985,0.455729849,0.927346891,71
D123,O065,1,1200,0.25,56,0.248866638,0.340199764,0.379559452,0.583546864,5
D123,O066,1,1200,0.25,149,0.351209323,0.192455527,0.149427886,0.883050134,9
D123,O067,1,1200,0.25,60,0.359928689,0.02076874,0.174232425,0.648987034,6
D123,O068,1,1200,0.25,871,0.148525779,0.2389906,0.43126666,0.56330551,22
D123,O069,1,1200,0.25,600,0.193256125,0.259153683,0.18565311,0.968309469,107
D123,O070,1,1200,0.25,139,0.286307662,0.0275532,0.151186277,0.734969069,9
D123,O071,1,1200,0.25,830,0.025772238,0.059916076,0.006124037,0.854259133,1
D123,O072,1,1200,0.25,41,0.447028226,0.353970092,0.321029628,0.606201119,5
D123,O073,1,1200,0.25,22,0.099783277,0.097826372,0.112559894,0.548583884,3
D123,O074,1,1200,0.25,36,0.042568944,0.004280635,0.087293441,0.86728622,3
D123,O075,1,1200,0.25,31,0.495260113,0.154710174,0.269857669,0.722353565,5
D123,O076,1,1200,0.25,202,0.209924614,0.319442165,0.171734319,0.667816616,34
D123,O077,1,1200,0.25,648,0.325153788,0.303515085,0.316930252,0.613107267,97
D123,O078,1,1200,0.25,379,0.223960723,0.064878079,0.224272393,0.840645589,80
D123,O079,1,1200,0.25,65,0.075519811,0.282963886,0.299403793,0.51375586,9
D123,O080,1,1200,0.25,206,0.124478381,0.390952102,0.159201992,0.812430792,3
D123,O081,1,1200,0.25,229,0.311863322,0.040757227,0.190953924,0.52059127,6
D123,O082,1,1200,0.25,630,0.267185735,0.363424574,0.305398084,0.528725737,144
D123,O083,1,1200,0.25,89,0.002629244,0.11891721,0.012340148,0.799263288,13
D123,O084,1,1200,0.25,797,0.372992677,0.000386491,0.00152113,0.993396916,169
D123,O085,1,1200,0.25,66,0.183976656,0.236269207,0.120756181,0.591017322,11
D123,O086,1,1200,0.25,135,0.469888219,0.056365997,0.043821459,0.952586866,28
D123,O087,1,1200,0.25,23,0.111840401,0.071296914,0.089679808,0.791166307,2
D123,O088,1,1200,0.25,74,0.028069089,0.054085246,0.202673962,0.619616712,14
D123,O089,1,1200,0.25,55,0.492105028,0.101006081,0.474810428,0.657444473,6
D123,O090,1,1200,0.25,285,0.03434851,0.377557012,0.057284121,0.757204241,14
D123,O091,1,1200,0.25,85,0.181583703,0.224320695,0.138841885,0.830164928,8
D123,O092,1,1200,0.25,303,0.442706311,0.172267227,0.436491903,0.897895329,53
D123,O093,1,1200,0.25,25,0.276275035,0.078153424,0.291384582,0.958605081,1
D123,O094,1,1200,0.25,888,0.302089761,0.091469055,0.358945917,0.915650339,193
D123,O095,1,1200,0.25,29,0.365502327,0.314203797,0.177999519,0.631365154,3
D123,O096,1,1200,0.25,91,0.16170145,0.264353919,0.069555674,0.545005585,20
D124,O001,1,1200,8,184,0.252173292,0.345006223,0.414518539,1.008029851,43
D124,O002,1,1200,8,71,0.386957289,0.33590604,0.423756547,1.030814136,16
D124,O003,1,1200,8,43,0.48531049,0.109844006,0.373132887,0.562934186,5
D124,O004,1,1200,8,544,0.015441285,0.39993713,0.047767101,0.621494583,12
D124,O005,1,1200,8,472,0.458927508,0.08115278,0.018055532,0.751825682,8
D124,O006,1,1200,8,26,0.466438896,0.19990199,0.36047691,0.537345538,5
D124,O007,1,1200,8,20,0.141130372,0.138764594,0.166622366,0.974703346,2
D124,O008,1,1200,8,217,0.118365868,0.010264005,0.438577644,0.70421183,4
D124,O009,1,1200,8,39,0.272204984,0.243100415,0.446678,0.893215891,1
D124,O010,1,1200,8,78,0.42428609,0.04657399,0.47291634,0.886241643,6
D124,O011,1,1200,8,163,0.257766277,0.230369452,0.067376828,1.041013094,24
D124,O012,1,1200,8,121,0.018977159,0.042108472,0.106166432,0.634587855,7
D124,O013,1,1200,8,38,0.13035544,0.200717694,0.465695355,0.90739434,4
D124,O014,1,1200,8,505,0.055050564,0.385744929,0.323573274,0.956197221,126
D124,O015,1,1200,8,369,0.403527677,0.186961283,0.029180542,1.016098144,88
D124,O016,1,1200,8,990,0.188337728,0.211915952,0.403770273,0.683522338,99
D124,O017,1,1200,8,47,0.235947901,0.205558573,0.450421949,0.98550411,1
D124,O018,1,1200,8,128,0.201594351,0.132120615,0.2466657,1.015365814,15
D124,O019,1,1200,8,24,0.431629638,0.254066717,0.253740338,0.934568431,1
D124,O020,1,1200,8,113,0.348269976,0.095285863,0.409466489,0.990902637,28
D124,O021,1,1200,8,35,0.407381528,0.191612689,0.078494355,0.726366674,4
D124,O022,1,1200,8,193,0.265083523,0.114415056,0.48366938,0.770574624,6
D124,O023,1,1200,8,410,0.214451437,0.12789836,0.094002538,0.876090399,34
D124,O024,1,1200,8,109,0.107543079,0.370185632,0.33107989,0.763088384,2
D124,O025,1,1200,8,53,0.129725034,0.023513439,0.022926164,0.647079336,9
D124,O026,1,1200,8,104,0.335746812,0.309055962,0.214783733,0.866605062,9
D124,O027,1,1200,8,120,0.173792118,0.275390581,0.115990185,0.594400816,1
D124,O028,1,1200,8,315,0.161028291,0.149607497,0.243736481,0.836522744,76
D124,O029,1,1200,8,744,0.31398409,0.144642217,0.380464816,1.001095973,47
D124,O030,1,1200,8,96,0.291312931,0.178362873,0.260288981,0.712485371,21
D124,O031,1,1200,8,61,0.375724597,0.298965989,0.344989603,1.023539068,2
D124,O032,1,1200,8,449,0.47407037,0.293964396,0.333868972,0.526716923,86
D124,O033,1,1200,8,28,0.356894295,0.285864598,0.280390934,0.572892371,5
D124,O034,1,1200,8,172,0.339323194,0.106162856,0.193996227,0.976195745,28
D124,O035,1,1200,8,173,0.041159595,0.256897351,0.341435098,0.936656262,22
D124,O036,1,1200,8,83,0.318040863,0.288671609,0.125731933,0.510862581,11
D124,O037,1,1200,8,232,0.083660283,0.374766445,0.463420281,0.901833982,16
D124,O038,1,1200,8,765,0.137328547,0.153890662,0.395745604,0.824092212,73
D124,O039,1,1200,8,48,0.232718262,0.17994217,0.033136716,0.784320075,1
D124,O040,1,1200,8,585,0.392959459,0.39457393,0.498815231,0.847757244,30
D124,O041,1,1200,8,49,0.297735298,0.268205888,0.212580592,0.765018393,7
D124,O042,1,1200,8,533,0.049123846,0.273615249,0.271891148,0.775509181,28
D124,O043,1,1200,8,936,0.154267686,0.332919895,0.389161836,0.694797352,211
D124,O044,1,1200,8,721,0.432376139,0.324925408,0.144007894,0.742867678,148
D124,O045,1,1200,8,692,0.331104768,0.086465045,0.220042135,0.679206917,59
D124,O046,1,1200,8,402,0.241792287,0.134055119,0.264545347,1.045585484,81
D124,O047,1,1200,8,32,0.457593053,0.357426009,0.365235909,0.729886159,4
D124,O048,1,1200,8,45,0.221925977,0.348159922,0.204633474,0.792986797,8
D124,O049,1,1200,8,33,0.068127718,0.327197905,0.351458552,0.638016666,6
D124,O050,1,1200,8,322,0.206052109,0.123509785,0.230258857,0.710466564,78
D124,O051,1,1200,8,264,0.415458501,0.161179135,0.311726789,0.922834621,12
D124,O052,1,1200,8,249,0.293109713,0.381495942,0.29384703,0.500330142,30
D124,O053,1,1200,8,251,0.008437374,0.219704544,0.077608614,0.857828126,11
D124,O054,1,1200,8,70,0.483939677,0.225369653,0.039302168,0.574845385,11
D124,O055,1,1200,8,143,0.09821222,0.163666817,0.285033773,0.601558378,17
D124,O056,1,1200,8,345,0.064149611,0.031223606,0.23904777,0.691855779,21
D124,O057,1,1200,8,100,0.400541493,0.216556949,0.487740957,1.038462113,22
D124,O058,1,1200,8,22,0.090722232,0.036785238,0.101049312,0.663001423,4
D124,O059,1,1200,8,486,0.079431167,0.248195591,0.397292534,0.804788767,76
D124,O060,1,1200,8,273,0.451061182,0.170720182,0.061912147,0.815113055,50
D124,O061,1,1200,8,27,0.381805437,0.01616482,0.491613692,0.675221612,4
D124,O062,1,1200,8,442,0.418928223,0.359834489,0.417321395,0.554105019,34
D124,O063,1,1200,8,159,0.167777479,0.069957712,0.130372357,0.943907134,38
D124,O064,1,1200,8,358,0.061032209,0.305917985,0.455729849,0.927346891,71
D124,O065,1,1200,8,56,0.248866638,0.340199764,0.379559452,0.583546864,5
D124,O066,1,1200,8,149,0.351209323,0.192455527,0.149427886,0.883050134,9
D124,O067,1,1200,8,60,0.359928689,0.02076874,0.174232425,0.648987034,6
D124,O068,1,1200,8,871,0.148525779,0.2389906,0.43126666,0.56330551,22
D124,O069,1,1200,8,600,0.193256125,0.259153683,0.18565311,0.968309469,107
D124,O070,1,1200,8,139,0.286307662,0.0275532,0.151186277,0.734969069,9
D124,O071,1,1200,8,830,0.025772238,0.059916076,0.006124037,0.854259133,1
D124,O072,1,1200,8,41,0.447028226,0.353970092,0.321029628,0.606201119,5
D124,O073,1,1200,8,22,0.099783277,0.097826372,0.112559894,0.548583884,3
D124,O074,1,1200,8,36,0.042568944,0.004280635,0.087293441,0.86728622,3
D124,O075,1,1200,8,31,0.495260113,0.154710174,0.269857669,0.722353565,5
D124,O076,1,1200,8,202,0.209924614,0.319442165,0.171734319,0.667816616,34
D124,O077,1,1200,8,648,0.325153788,0.303515085,0.316930252,0.613107267,97
D124,O078,1,1200,8,379,0.223960723,0.064878079,0.224272393,0.840645589,80
D124,O079,1,1200,8,65,0.075519811,0.282963886,0.299403793,0.51375586,9
D124,O080,1,1200,8,206,0.124478381,0.390952102,0.159201992,0.812430792,3
D124,O081,1,1200,8,229,0.311863322,0.040757227,0.190953924,0.52059127,6
D124,O082,1,1200,8,630,0.267185735,0.363424574,0.305398084,0.528725737,144
D124,O083,1,1200,8,89,0.002629244,0.11891721,0.012340148,0.799263288,13
D124,O084,1,1200,8,797,0.372992677,0.000386491,0.00152113,0.993396916,169
D124,O085,1,1200,8,66,0.183976656,0.236269207,0.120756181,0.591017322,11
D124,O086,1,1200,8,135,0.469888219,0.056365997,0.043821459,0.952586866,28
D124,O087,1,1200,8,23,0.111840401,0.071296914,0.089679808,0.791166307,2
D124,O088,1,1200,8,74,0.028069089,0.054085246,0.202673962,0.619616712,14
D124,O089,1,1200,8,55,0.492105028,0.101006081,0.474810428,0.657444473,6
D124,O090,1,1200,8,285,0.03434851,0.377557012,0.057284121,0.757204241,14
D124,O091,1,1200,8,85,0.181583703,0.224320695,0.138841885,0.830164928,8
D124,O092,1,1200,8,303,0.442706311,0.172267227,0.436491903,0.897895329,53
D124,O093,1,1200,8,25,0.276275035,0.078153424,0.291384582,0.958605081,1
D124,O094,1,1200,8,888,0.302089761,0.091469055,0.358945917,0.915650339,193
D124,O095,1,1200,8,29,0.365502327,0.314203797,0.177999519,0.631365154,3
D124,O096,1,1200,8,91,0.16170145,0.264353919,0.069555674,0.545005585,20
D125,O001,8,60,0.25,184,0.252173292,0.345006223,0.414518539,1.008029851,43
D125,O002,8,60,0.25,71,0.386957289,0.33590604,0.423756547,1.030814136,16
D125,O003,8,60,0.25,43,0.48531049,0.109844006,0.373132887,0.562934186,5
D125,O004,8,60,0.25,544,0.015441285,0.39993713,0.047767101,0.621494583,12
D125,O005,8,60,0.25,472,0.458927508,0.08115278,0.018055532,0.751825682,8
D125,O006,8,60,0.25,26,0.466438896,0.19990199,0.36047691,0.537345538,5
D125,O007,8,60,0.25,20,0.141130372,0.138764594,0.166622366,0.974703346,2
D125,O008,8,60,0.25,217,0.118365868,0.010264005,0.438577644,0.70421183,4
D125,O009,8,60,0.25,39,0.272204984,0.243100415,0.446678,0.893215891,1
D125,O010,8,60,0.25,78,0.42428609,0.04657399,0.47291634,0.886241643,6
D125,O011,8,60,0.25,163,0.257766277,0.230369452,0.067376828,1.041013094,24
D125,O012,8,60,0.25,121,0.018977159,0.042108472,0.106166432,0.634587855,7
D125,O013,8,60,0.25,38,0.13035544,0.200717694,0.465695355,0.90739434,4
D125,O014,8,60,0.25,505,0.055050564,0.385744929,0.323573274,0.956197221,126
D125,O015,8,60,0.25,369,0.403527677,0.186961283,0.029180542,1.016098144,88
D125,O016,8,60,0.25,990,0.188337728,0.211915952,0.403770273,0.683522338,99
D125,O017,8,60,0.25,47,0.235947901,0.205558573,0.450421949,0.98550411,1
D125,O018,8,60,0.25,128,0.201594351,0.132120615,0.2466657,1.015365814,15
D125,O019,8,60,0.25,24,0.431629638,0.254066717,0.253740338,0.934568431,1
D125,O020,8,60,0.25,113,0.348269976,0.095285863,0.409466489,0.990902637,28
D125,O021,8,60,0.25,35,0.407381528,0.191612689,0.078494355,0.726366674,4
D125,O022,8,60,0.25,193,0.265083523,0.114415056,0.48366938,0.770574624,6
D125,O023,8,60,0.25,410,0.214451437,0.12789836,0.094002538,0.876090399,34
D125,O024,8,60,0.25,109,0.107543079,0.370185632,0.33107989,0.763088384,2
D125,O025,8,60,0.25,53,0.129725034,0.023513439,0.022926164,0.647079336,9
D125,O026,8,60,0.25,104,0.335746812,0.309055962,0.214783733,0.866605062,9
D125,O027,8,60,0.25,120,0.173792118,0.275390581,0.115990185,0.594400816,1
D125,O028,8,60,0.25,315,0.161028291,0.149607497,0.243736481,0.836522744,76
D125,O029,8,60,0.25,744,0.31398409,0.144642217,0.380464816,1.001095973,47
D125,O030,8,60,0.25,96,0.291312931,0.178362873,0.260288981,0.712485371,21
D125,O031,8,60,0.25,61,0.375724597,0.298965989,0.344989603,1.023539068,2
D125,O032,8,60,0.25,449,0.47407037,0.293964396,0.333868972,0.526716923,86
D125,O033,8,60,0.25,28,0.356894295,0.285864598,0.280390934,0.572892371,5
D125,O034,8,60,0.25,172,0.339323194,0.106162856,0.193996227,0.976195745,28
D125,O035,8,60,0.25,173,0.041159595,0.256897351,0.341435098,0.936656262,22
D125,O036,8,60,0.25,83,0.318040863,0.288671609,0.125731933,0.510862581,11
D125,O037,8,60,0.25,232,0.083660283,0.374766445,0.463420281,0.901833982,16
D125,O038,8,60,0.25,765,0.137328547,0.153890662,0.395745604,0.824092212,73
D125,O039,8,60,0.25,48,0.232718262,0.17994217,0.033136716,0.784320075,1
D125,O040,8,60,0.25,585,0.392959459,0.39457393,0.498815231,0.847757244,30
D125,O041,8,60,0.25,49,0.297735298,0.268205888,0.212580592,0.765018393,7
D125,O042,8,60,0.25,533,0.049123846,0.273615249,0.271891148,0.775509181,28
D125,O043,8,60,0.25,936,0.154267686,0.332919895,0.389161836,0.694797352,211
D125,O044,8,60,0.25,721,0.432376139,0.324925408,0.144007894,0.742867678,148
D125,O045,8,60,0.25,692,0.331104768,0.086465045,0.220042135,0.679206917,59
D125,O046,8,60,0.25,402,0.241792287,0.134055119,0.264545347,1.045585484,81
D125,O047,8,60,0.25,32,0.457593053,0.357426009,0.365235909,0.729886159,4
D125,O048,8,60,0.25,45,0.221925977,0.348159922,0.204633474,0.792986797,8
D125,O049,8,60,0.25,33,0.068127718,0.327197905,0.351458552,0.638016666,6
D125,O050,8,60,0.25,322,0.206052109,0.123509785,0.230258857,0.710466564,78
D125,O051,8,60,0.25,264,0.415458501,0.161179135,0.311726789,0.922834621,12
D125,O052,8,60,0.25,249,0.293109713,0.381495942,0.29384703,0.500330142,30
D125,O053,8,60,0.25,251,0.008437374,0.219704544,0.077608614,0.857828126,11
D125,O054,8,60,0.25,70,0.483939677,0.225369653,0.039302168,0.574845385,11
D125,O055,8,60,0.25,143,0.09821222,0.163666817,0.285033773,0.601558378,17
D125,O056,8,60,0.25,345,0.064149611,0.031223606,0.23904777,0.691855779,21
D125,O057,8,60,0.25,100,0.400541493,0.216556949,0.487740957,1.038462113,22
D125,O058,8,60,0.25,22,0.090722232,0.036785238,0.101049312,0.663001423,4
D125,O059,8,60,0.25,486,0.079431167,0.248195591,0.397292534,0.804788767,76
D125,O060,8,60,0.25,273,0.451061182,0.170720182,0.061912147,0.815113055,50
D125,O061,8,60,0.25,27,0.381805437,0.01616482,0.491613692,0.675221612,4
D125,O062,8,60,0.25,442,0.418928223,0.359834489,0.417321395,0.554105019,34
D125,O063,8,60,0.25,159,0.167777479,0.069957712,0.130372357,0.943907134,38
D125,O064,8,60,0.25,358,0.061032209,0.305917985,0.455729849,0.927346891,71
D125,O065,8,60,0.25,56,0.248866638,0.340199764,0.379559452,0.583546864,5
D125,O066,8,60,0.25,149,0.351209323,0.192455527,0.149427886,0.883050134,9
D125,O067,8,60,0.25,60,0.359928689,0.02076874,0.174232425,0.648987034,6
D125,O068,8,60,0.25,871,0.148525779,0.2389906,0.43126666,0.56330551,22
D125,O069,8,60,0.25,600,0.193256125,0.259153683,0.18565311,0.968309469,107
D125,O070,8,60,0.25,139,0.286307662,0.0275532,0.151186277,0.734969069,9
D125,O071,8,60,0.25,830,0.025772238,0.059916076,0.006124037,0.854259133,1
D125,O072,8,60,0.25,41,0.447028226,0.353970092,0.321029628,0.606201119,5
D125,O073,8,60,0.25,22,0.099783277,0.097826372,0.112559894,0.548583884,3
D125,O074,8,60,0.25,36,0.042568944,0.004280635,0.087293441,0.86728622,3
D125,O075,8,60,0.25,31,0.495260113,0.154710174,0.269857669,0.722353565,5
D125,O076,8,60,0.25,202,0.209924614,0.319442165,0.171734319,0.667816616,34
D125,O077,8,60,0.25,648,0.325153788,0.303515085,0.316930252,0.613107267,97
D125,O078,8,60,0.25,379,0.223960723,0.064878079,0.224272393,0.840645589,80
D125,O079,8,60,0.25,65,0.075519811,0.282963886,0.299403793,0.51375586,9
D125,O080,8,60,0.25,206,0.124478381,0.390952102,0.159201992,0.812430792,3
D125,O081,8,60,0.25,229,0.311863322,0.040757227,0.190953924,0.52059127,6
D125,O082,8,60,0.25,630,0.267185735,0.363424574,0.305398084,0.528725737,144
D125,O083,8,60,0.25,89,0.002629244,0.11891721,0.012340148,0.799263288,13
D125,O084,8,60,0.25,797,0.372992677,0.000386491,0.00152113,0.993396916,169
D125,O085,8,60,0.25,66,0.183976656,0.236269207,0.120756181,0.591017322,11
D125,O086,8,60,0.25,135,0.469888219,0.056365997,0.043821459,0.952586866,28
D125,O087,8,60,0.25,23,0.111840401,0.071296914,0.089679808,0.791166307,2
D125,O088,8,60,0.25,74,0.028069089,0.054085246,0.202673962,0.619616712,14
D125,O089,8,60,0.25,55,0.492105028,0.101006081,0.474810428,0.657444473,6
D125,O090,8,60,0.25,285,0.03434851,0.377557012,0.057284121,0.757204241,14
D125,O091,8,60,0.25,85,0.181583703,0.224320695,0.138841885,0.830164928,8
D125,O092,8,60,0.25,303,0.442706311,0.172267227,0.436491903,0.897895329,53
D125,O093,8,60,0.25,25,0.276275035,0.078153424,0.291384582,0.958605081,1
D125,O094,8,60,0.25,888,0.302089761,0.091469055,0.358945917,0.915650339,193
D125,O095,8,60,0.25,29,0.365502327,0.314203797,0.177999519,0.631365154,3
D125,O096,8,60,0.25,91,0.16170145,0.264353919,0.069555674,0.545005585,20
D126,O001,8,60,8,184,0.252173292,0.345006223,0.414518539,1.008029851,43
D126,O002,8,60,8,71,0.386957289,0.33590604,0.423756547,1.030814136,16
D126,O003,8,60,8,43,0.48531049,0.109844006,0.373132887,0.562934186,5
D126,O004,8,60,8,544,0.015441285,0.39993713,0.047767101,0.621494583,12
D126,O005,8,60,8,472,0.458927508,0.08115278,0.018055532,0.751825682,8
D126,O006,8,60,8,26,0.466438896,0.19990199,0.36047691,0.537345538,5
D126,O007,8,60,8,20,0.141130372,0.138764594,0.166622366,0.974703346,2
D126,O008,8,60,8,217,0.118365868,0.010264005,0.438577644,0.70421183,4
D126,O009,8,60,8,39,0.272204984,0.243100415,0.446678,0.893215891,1
D126,O010,8,60,8,78,0.42428609,0.04657399,0.47291634,0.886241643,6
D126,O011,8,60,8,163,0.257766277,0.230369452,0.067376828,1.041013094,24
D126,O012,8,60,8,121,0.018977159,0.042108472,0.106166432,0.634587855,7
D126,O013,8,60,8,38,0.13035544,0.200717694,0.465695355,0.90739434,4
D126,O014,8,60,8,505,0.055050564,0.385744929,0.323573274,0.956197221,126
D126,O015,8,60,8,369,0.403527677,0.186961283,0.029180542,1.016098144,88
D126,O016,8,60,8,990,0.188337728,0.211915952,0.403770273,0.683522338,99
D126,O017,8,60,8,47,0.235947901,0.205558573,0.450421949,0.98550411,1
D126,O018,8,60,8,128,0.201594351,0.132120615,0.2466657,1.015365814,15
D126,O019,8,60,8,24,0.431629638,0.254066717,0.253740338,0.934568431,1
D126,O020,8,60,8,113,0.348269976,0.095285863,0.409466489,0.990902637,28
D126,O021,8,60,8,35,0.407381528,0.191612689,0.078494355,0.726366674,4
D126,O022,8,60,8,193,0.265083523,0.114415056,0.48366938,0.770574624,6
D126,O023,8,60,8,410,0.214451437,0.12789836,0.094002538,0.876090399,34
D126,O024,8,60,8,109,0.107543079,0.370185632,0.33107989,0.763088384,2
D126,O025,8,60,8,53,0.129725034,0.023513439,0.022926164,0.647079336,9
D126,O026,8,60,8,104,0.335746812,0.309055962,0.214783733,0.866605062,9
D126,O027,8,60,8,120,0.173792118,0.275390581,0.115990185,0.594400816,1
D126,O028,8,60,8,315,0.161028291,0.149607497,0.243736481,0.836522744,76
D126,O029,8,60,8,744,0.31398409,0.144642217,0.380464816,1.001095973,47
D126,O030,8,60,8,96,0.291312931,0.178362873,0.260288981,0.712485371,21
D126,O031,8,60,8,61,0.375724597,0.298965989,0.344989603,1.023539068,2
D126,O032,8,60,8,449,0.47407037,0.293964396,0.333868972,0.526716923,86
D126,O033,8,60,8,28,0.356894295,0.285864598,0.280390934,0.572892371,5
D126,O034,8,60,8,172,0.339323194,0.106162856,0.193996227,0.976195745,28
D126,O035,8,60,8,173,0.041159595,0.256897351,0.341435098,0.936656262,22
D126,O036,8,60,8,83,0.318040863,0.288671609,0.125731933,0.510862581,11
D126,O037,8,60,8,232,0.083660283,0.374766445,0.463420281,0.901833982,16
D126,O038,8,60,8,765,0.137328547,0.153890662,0.395745604,0.824092212,73
D126,O039,8,60,8,48,0.232718262,0.17994217,0.033136716,0.784320075,1
D126,O040,8,60,8,585,0.392959459,0.39457393,0.498815231,0.847757244,30
D126,O041,8,60,8,49,0.297735298,0.268205888,0.212580592,0.765018393,7
D126,O042,8,60,8,533,0.049123846,0.273615249,0.271891148,0.775509181,28
D126,O043,8,60,8,936,0.154267686,0.332919895,0.389161836,0.694797352,211
D126,O044,8,60,8,721,0.432376139,0.324925408,0.144007894,0.742867678,148
D126,O045,8,60,8,692,0.331104768,0.086465045,0.220042135,0.679206917,59
D126,O046,8,60,8,402,0.241792287,0.134055119,0.264545347,1.045585484,81
D126,O047,8,60,8,32,0.457593053,0.357426009,0.365235909,0.729886159,4
D126,O048,8,60,8,45,0.221925977,0.348159922,0.204633474,0.792986797,8
D126,O049,8,60,8,33,0.068127718,0.327197905,0.351458552,0.638016666,6
D126,O050,8,60,8,322,0.206052109,0.123509785,0.230258857,0.710466564,78
D126,O051,8,60,8,264,0.415458501,0.161179135,0.311726789,0.922834621,12
D126,O052,8,60,8,249,0.293109713,0.381495942,0.29384703,0.500330142,30
D126,O053,8,60,8,251,0.008437374,0.219704544,0.077608614,0.857828126,11
D126,O054,8,60,8,70,0.483939677,0.225369653,0.039302168,0.574845385,11
D126,O055,8,60,8,143,0.09821222,0.163666817,0.285033773,0.601558378,17
D126,O056,8,60,8,345,0.064149611,0.031223606,0.23904777,0.691855779,21
D126,O057,8,60,8,100,0.400541493,0.216556949,0.487740957,1.038462113,22
D126,O058,8,60,8,22,0.090722232,0.036785238,0.101049312,0.663001423,4
D126,O059,8,60,8,486,0.079431167,0.248195591,0.397292534,0.804788767,76
D126,O060,8,60,8,273,0.451061182,0.170720182,0.061912147,0.815113055,50
D126,O061,8,60,8,27,0.381805437,0.01616482,0.491613692,0.675221612,4
D126,O062,8,60,8,442,0.418928223,0.359834489,0.417321395,0.554105019,34
D126,O063,8,60,8,159,0.167777479,0.069957712,0.130372357,0.943907134,38
D126,O064,8,60,8,358,0.061032209,0.305917985,0.455729849,0.927346891,71
D126,O065,8,60,8,56,0.248866638,0.340199764,0.379559452,0.583546864,5
D126,O066,8,60,8,149,0.351209323,0.192455527,0.149427886,0.883050134,9
D126,O067,8,60,8,60,0.359928689,0.02076874,0.174232425,0.648987034,6
D126,O068,8,60,8,871,0.148525779,0.2389906,0.43126666,0.56330551,22
D126,O069,8,60,8,600,0.193256125,0.259153683,0.18565311,0.968309469,107
D126,O070,8,60,8,139,0.286307662,0.0275532,0.151186277,0.734969069,9
D126,O071,8,60,8,830,0.025772238,0.059916076,0.006124037,0.854259133,1
D126,O072,8,60,8,41,0.447028226,0.353970092,0.321029628,0.606201119,5
D126,O073,8,60,8,22,0.099783277,0.097826372,0.112559894,0.548583884,3
D126,O074,8,60,8,36,0.042568944,0.004280635,0.087293441,0.86728622,3
D126,O075,8,60,8,31,0.495260113,0.154710174,0.269857669,0.722353565,5
D126,O076,8,60,8,202,0.209924614,0.319442165,0.171734319,0.667816616,34
D126,O077,8,60,8,648,0.325153788,0.303515085,0.316930252,0.613107267,97
D126,O078,8,60,8,379,0.223960723,0.064878079,0.224272393,0.840645589,80
D126,O079,8,60,8,65,0.075519811,0.282963886,0.299403793,0.51375586,9
D126,O080,8,60,8,206,0.124478381,0.390952102,0.159201992,0.812430792,3
D126,O081,8,60,8,229,0.311863322,0.040757227,0.190953924,0.52059127,6
D126,O082,8,60,8,630,0.267185735,0.363424574,0.305398084,0.528725737,144
D126,O083,8,60,8,89,0.002629244,0.11891721,0.012340148,0.799263288,13
D126,O084,8,60,8,797,0.372992677,0.000386491,0.00152113,0.993396916,169
D126,O085,8,60,8,66,0.183976656,0.236269207,0.120756181,0.591017322,11
D126,O086,8,60,8,135,0.469888219,0.056365997,0.043821459,0.952586866,28
D126,O087,8,60,8,23,0.111840401,0.071296914,0.089679808,0.791166307,2
D126,O088,8,60,8,74,0.028069089,0.054085246,0.202673962,0.619616712,14
D126,O089,8,60,8,55,0.492105028,0.101006081,0.474810428,0.657444473,6
D126,O090,8,60,8,285,0.03434851,0.377557012,0.057284121,0.757204241,14
D126,O091,8,60,8,85,0.181583703,0.224320695,0.138841885,0.830164928,8
D126,O092,8,60,8,303,0.442706311,0.172267227,0.436491903,0.897895329,53
D126,O093,8,60,8,25,0.276275035,0.078153424,0.291384582,0.958605081,1
D126,O094,8,60,8,888,0.302089761,0.091469055,0.358945917,0.915650339,193
D126,O095,8,60,8,29,0.365502327,0.314203797,0.177999519,0.631365154,3
D126,O096,8,60,8,91,0.16170145,0.264353919,0.069555674,0.545005585,20
D127,O001,8,1200,0.25,184,0.252173292,0.345006223,0.414518539,1.008029851,43
D127,O002,8,1200,0.25,71,0.386957289,0.33590604,0.423756547,1.030814136,16
D127,O003,8,1200,0.25,43,0.48531049,0.109844006,0.373132887,0.562934186,5
D127,O004,8,1200,0.25,544,0.015441285,0.39993713,0.047767101,0.621494583,12
D127,O005,8,1200,0.25,472,0.458927508,0.08115278,0.018055532,0.751825682,8
D127,O006,8,1200,0.25,26,0.466438896,0.19990199,0.36047691,0.537345538,5
D127,O007,8,1200,0.25,20,0.141130372,0.138764594,0.166622366,0.974703346,2
D127,O008,8,1200,0.25,217,0.118365868,0.010264005,0.438577644,0.70421183,4
D127,O009,8,1200,0.25,39,0.272204984,0.243100415,0.446678,0.893215891,1
D127,O010,8,1200,0.25,78,0.42428609,0.04657399,0.47291634,0.886241643,6
D127,O011,8,1200,0.25,163,0.257766277,0.230369452,0.067376828,1.041013094,24
D127,O012,8,1200,0.25,121,0.018977159,0.042108472,0.106166432,0.634587855,7
D127,O013,8,1200,0.25,38,0.13035544,0.200717694,0.465695355,0.90739434,4
D127,O014,8,1200,0.25,505,0.055050564,0.385744929,0.323573274,0.956197221,126
D127,O015,8,1200,0.25,369,0.403527677,0.186961283,0.029180542,1.016098144,88
D127,O016,8,1200,0.25,990,0.188337728,0.211915952,0.403770273,0.683522338,99
D127,O017,8,1200,0.25,47,0.235947901,0.205558573,0.450421949,0.98550411,1
D127,O018,8,1200,0.25,128,0.201594351,0.132120615,0.2466657,1.015365814,15
D127,O019,8,1200,0.25,24,0.431629638,0.254066717,0.253740338,0.934568431,1
D127,O020,8,1200,0.25,113,0.348269976,0.095285863,0.409466489,0.990902637,28
D127,O021,8,1200,0.25,35,0.407381528,0.191612689,0.078494355,0.726366674,4
D127,O022,8,1200,0.25,193,0.265083523,0.114415056,0.48366938,0.770574624,6
D127,O023,8,1200,0.25,410,0.214451437,0.12789836,0.094002538,0.876090399,34
D127,O024,8,1200,0.25,109,0.107543079,0.370185632,0.33107989,0.763088384,2
D127,O025,8,1200,0.25,53,0.129725034,0.023513439,0.022926164,0.647079336,9
D127,O026,8,1200,0.25,104,0.335746812,0.309055962,0.214783733,0.866605062,9
D127,O027,8,1200,0.25,120,0.173792118,0.275390581,0.115990185,0.594400816,1
D127,O028,8,1200,0.25,315,0.161028291,0.149607497,0.243736481,0.836522744,76
D127,O029,8,1200,0.25,744,0.31398409,0.144642217,0.380464816,1.001095973,47
D127,O030,8,1200,0.25,96,0.291312931,0.178362873,0.260288981,0.712485371,21
D127,O031,8,1200,0.25,61,0.375724597,0.298965989,0.344989603,1.023539068,2
D127,O032,8,1200,0.25,449,0.47407037,0.293964396,0.333868972,0.526716923,86
D127,O033,8,1200,0.25,28,0.356894295,0.285864598,0.280390934,0.572892371,5
D127,O034,8,1200,0.25,172,0.339323194,0.106162856,0.193996227,0.976195745,28
D127,O035,8,1200,0.25,173,0.041159595,0.256897351,0.341435098,0.936656262,22
D127,O036,8,1200,0.25,83,0.318040863,0.288671609,0.125731933,0.510862581,11
D127,O037,8,1200,0.25,232,0.083660283,0.374766445,0.463420281,0.901833982,16
D127,O038,8,1200,0.25,765,0.137328547,0.153890662,0.395745604,0.824092212,73
D127,O039,8,1200,0.25,48,0.232718262,0.17994217,0.033136716,0.784320075,1
D127,O040,8,1200,0.25,585,0.392959459,0.39457393,0.498815231,0.847757244,30
D127,O041,8,1200,0.25,49,0.297735298,0.268205888,0.212580592,0.765018393,7
D127,O042,8,1200,0.25,533,0.049123846,0.273615249,0.271891148,0.775509181,28
D127,O043,8,1200,0.25,936,0.154267686,0.332919895,0.389161836,0.694797352,211
D127,O044,8,1200,0.25,721,0.432376139,0.324925408,0.144007894,0.742867678,148
D127,O045,8,1200,0.25,692,0.331104768,0.086465045,0.220042135,0.679206917,59
D127,O046,8,1200,0.25,402,0.241792287,0.134055119,0.264545347,1.045585484,81
D127,O047,8,1200,0.25,32,0.457593053,0.357426009,0.365235909,0.729886159,4
D127,O048,8,1200,0.25,45,0.221925977,0.348159922,0.204633474,0.792986797,8
D127,O049,8,1200,0.25,33,0.068127718,0.327197905,0.351458552,0.638016666,6
D127,O050,8,1200,0.25,322,0.206052109,0.123509785,0.230258857,0.710466564,78
D127,O051,8,1200,0.25,264,0.415458501,0.161179135,0.311726789,0.922834621,12
D127,O052,8,1200,0.25,249,0.293109713,0.381495942,0.29384703,0.500330142,30
D127,O053,8,1200,0.25,251,0.008437374,0.219704544,0.077608614,0.857828126,11
D127,O054,8,1200,0.25,70,0.483939677,0.225369653,0.039302168,0.574845385,11
D127,O055,8,1200,0.25,143,0.09821222,0.163666817,0.285033773,0.601558378,17
D127,O056,8,1200,0.25,345,0.064149611,0.031223606,0.23904777,0.691855779,21
D127,O057,8,1200,0.25,100,0.400541493,0.216556949,0.487740957,1.038462113,22
D127,O058,8,1200,0.25,22,0.090722232,0.036785238,0.101049312,0.663001423,4
D127,O059,8,1200,0.25,486,0.079431167,0.248195591,0.397292534,0.804788767,76
D127,O060,8,1200,0.25,273,0.451061182,0.170720182,0.061912147,0.815113055,50
D127,O061,8,1200,0.25,27,0.381805437,0.01616482,0.491613692,0.675221612,4
D127,O062,8,1200,0.25,442,0.418928223,0.359834489,0.417321395,0.554105019,34
D127,O063,8,1200,0.25,159,0.167777479,0.069957712,0.130372357,0.943907134,38
D127,O064,8,1200,0.25,358,0.061032209,0.305917985,0.455729849,0.927346891,71
D127,O065,8,1200,0.25,56,0.248866638,0.340199764,0.379559452,0.583546864,5
D127,O066,8,1200,0.25,149,0.351209323,0.192455527,0.149427886,0.883050134,9
D127,O067,8,1200,0.25,60,0.359928689,0.02076874,0.174232425,0.648987034,6
D127,O068,8,1200,0.25,871,0.148525779,0.2389906,0.43126666,0.56330551,22
D127,O069,8,1200,0.25,600,0.193256125,0.259153683,0.18565311,0.968309469,107
D127,O070,8,1200,0.25,139,0.286307662,0.0275532,0.151186277,0.734969069,9
D127,O071,8,1200,0.25,830,0.025772238,0.059916076,0.006124037,0.854259133,1
D127,O072,8,1200,0.25,41,0.447028226,0.353970092,0.321029628,0.606201119,5
D127,O073,8,1200,0.25,22,0.099783277,0.097826372,0.112559894,0.548583884,3
D127,O074,8,1200,0.25,36,0.042568944,0.004280635,0.087293441,0.86728622,3
D127,O075,8,1200,0.25,31,0.495260113,0.154710174,0.269857669,0.722353565,5
D127,O076,8,1200,0.25,202,0.209924614,0.319442165,0.171734319,0.667816616,34
D127,O077,8,1200,0.25,648,0.325153788,0.303515085,0.316930252,0.613107267,97
D127,O078,8,1200,0.25,379,0.223960723,0.064878079,0.224272393,0.840645589,80
D127,O079,8,1200,0.25,65,0.075519811,0.282963886,0.299403793,0.51375586,9
D127,O080,8,1200,0.25,206,0.124478381,0.390952102,0.159201992,0.812430792,3
D127,O081,8,1200,0.25,229,0.311863322,0.040757227,0.190953924,0.52059127,6
D127,O082,8,1200,0.25,630,0.267185735,0.363424574,0.305398084,0.528725737,144
D127,O083,8,1200,0.25,89,0.002629244,0.11891721,0.012340148,0.799263288,13
D127,O084,8,1200,0.25,797,0.372992677,0.000386491,0.00152113,0.993396916,169
D127,O085,8,1200,0.25,66,0.183976656,0.236269207,0.120756181,0.591017322,11
D127,O086,8,1200,0.25,135,0.469888219,0.056365997,0.043821459,0.952586866,28
D127,O087,8,1200,0.25,23,0.111840401,0.071296914,0.089679808,0.791166307,2
D127,O088,8,1200,0.25,74,0.028069089,0.054085246,0.202673962,0.619616712,14
D127,O089,8,1200,0.25,55,0.492105028,0.101006081,0.474810428,0.657444473,6
D127,O090,8,1200,0.25,285,0.03434851,0.377557012,0.057284121,0.757204241,14
D127,O091,8,1200,0.25,85,0.181583703,0.224320695,0.138841885,0.830164928,8
D127,O092,8,1200,0.25,303,0.442706311,0.172267227,0.436491903,0.897895329,53
D127,O093,8,1200,0.25,25,0.276275035,0.078153424,0.291384582,0.958605081,1
D127,O094,8,1200,0.25,888,0.302089761,0.091469055,0.358945917,0.915650339,193
D127,O095,8,1200,0.25,29,0.365502327,0.314203797,0.177999519,0.631365154,3
D127,O096,8,1200,0.25,91,0.16170145,0.264353919,0.069555674,0.545005585,20
D128,O001,8,1200,8,184,0.252173292,0.345006223,0.414518539,1.008029851,43
D128,O002,8,1200,8,71,0.386957289,0.33590604,0.423756547,1.030814136,16
D128,O003,8,1200,8,43,0.48531049,0.109844006,0.373132887,0.562934186,5
D128,O004,8,1200,8,544,0.015441285,0.39993713,0.047767101,0.621494583,12
D128,O005,8,1200,8,472,0.458927508,0.08115278,0.018055532,0.751825682,8
D128,O006,8,1200,8,26,0.466438896,0.19990199,0.36047691,0.537345538,5
D128,O007,8,1200,8,20,0.141130372,0.138764594,0.166622366,0.974703346,2
D128,O008,8,1200,8,217,0.118365868,0.010264005,0.438577644,0.70421183,4
D128,O009,8,1200,8,39,0.272204984,0.243100415,0.446678,0.893215891,1
D128,O010,8,1200,8,78,0.42428609,0.04657399,0.47291634,0.886241643,6
D128,O011,8,1200,8,163,0.257766277,0.230369452,0.067376828,1.041013094,24
D128,O012,8,1200,8,121,0.018977159,0.042108472,0.106166432,0.634587855,7
D128,O013,8,1200,8,38,0.13035544,0.200717694,0.465695355,0.90739434,4
D128,O014,8,1200,8,505,0.055050564,0.385744929,0.323573274,0.956197221,126
D128,O015,8,1200,8,369,0.403527677,0.186961283,0.029180542,1.016098144,88
D128,O016,8,1200,8,990,0.188337728,0.211915952,0.403770273,0.683522338,99
D128,O017,8,1200,8,47,0.235947901,0.205558573,0.450421949,0.98550411,1
D128,O018,8,1200,8,128,0.201594351,0.132120615,0.2466657,1.015365814,15
D128,O019,8,1200,8,24,0.431629638,0.254066717,0.253740338,0.934568431,1
D128,O020,8,1200,8,113,0.348269976,0.095285863,0.409466489,0.990902637,28
D128,O021,8,1200,8,35,0.407381528,0.191612689,0.078494355,0.726366674,4
D128,O022,8,1200,8,193,0.265083523,0.114415056,0.48366938,0.770574624,6
D128,O023,8,1200,8,410,0.214451437,0.12789836,0.094002538,0.876090399,34
D128,O024,8,1200,8,109,0.107543079,0.370185632,0.33107989,0.763088384,2
D128,O025,8,1200,8,53,0.129725034,0.023513439,0.022926164,0.647079336,9
D128,O026,8,1200,8,104,0.335746812,0.309055962,0.214783733,0.866605062,9
D128,O027,8,1200,8,120,0.173792118,0.275390581,0.115990185,0.594400816,1
D128,O028,8,1200,8,315,0.161028291,0.149607497,0.243736481,0.836522744,76
D128,O029,8,1200,8,744,0.31398409,0.144642217,0.380464816,1.001095973,47
D128,O030,8,1200,8,96,0.291312931,0.178362873,0.260288981,0.712485371,21
D128,O031,8,1200,8,61,0.375724597,0.298965989,0.344989603,1.023539068,2
D128,O032,8,1200,8,449,0.47407037,0.293964396,0.333868972,0.526716923,86
D128,O033,8,1200,8,28,0.356894295,0.285864598,0.280390934,0.572892371,5
D128,O034,8,1200,8,172,0.339323194,0.106162856,0.193996227,0.976195745,28
D128,O035,8,1200,8,173,0.041159595,0.256897351,0.341435098,0.936656262,22
D128,O036,8,1200,8,83,0.318040863,0.288671609,0.125731933,0.510862581,11
D128,O037,8,1200,8,232,0.083660283,0.374766445,0.463420281,0.901833982,16
D128,O038,8,1200,8,765,0.137328547,0.153890662,0.395745604,0.824092212,73
D128,O039,8,1200,8,48,0.232718262,0.17994217,0.033136716,0.784320075,1
D128,O040,8,1200,8,585,0.392959459,0.39457393,0.498815231,0.847757244,30
D128,O041,8,1200,8,49,0.297735298,0.268205888,0.212580592,0.765018393,7
D128,O042,8,1200,8,533,0.049123846,0.273615249,0.271891148,0.775509181,28
D128,O043,8,1200,8,936,0.154267686,0.332919895,0.389161836,0.694797352,211
D128,O044,8,1200,8,721,0.432376139,0.324925408,0.144007894,0.742867678,148
D128,O045,8,1200,8,692,0.331104768,0.086465045,0.220042135,0.679206917,59
D128,O046,8,1200,8,402,0.241792287,0.134055119,0.264545347,1.045585484,81
D128,O047,8,1200,8,32,0.457593053,0.357426009,0.365235909,0.729886159,4
D128,O048,8,1200,8,45,0.221925977,0.348159922,0.204633474,0.792986797,8
D128,O049,8,1200,8,33,0.068127718,0.327197905,0.351458552,0.638016666,6
D128,O050,8,1200,8,322,0.206052109,0.123509785,0.230258857,0.710466564,78
D128,O051,8,1200,8,264,0.415458501,0.161179135,0.311726789,0.922834621,12
D128,O052,8,1200,8,249,0.293109713,0.381495942,0.29384703,0.500330142,30
D128,O053,8,1200,8,251,0.008437374,0.219704544,0.077608614,0.857828126,11
D128,O054,8,1200,8,70,0.483939677,0.225369653,0.039302168,0.574845385,11
D128,O055,8,1200,8,143,0.09821222,0.163666817,0.285033773,0.601558378,17
D128,O056,8,1200,8,345,0.064149611,0.031223606,0.23904777,0.691855779,21
D128,O057,8,1200,8,100,0.400541493,0.216556949,0.487740957,1.038462113,22
D128,O058,8,1200,8,22,0.090722232,0.036785238,0.101049312,0.663001423,4
D128,O059,8,1200,8,486,0.079431167,0.248195591,0.397292534,0.804788767,76
D128,O060,8,1200,8,273,0.451061182,0.170720182,0.061912147,0.815113055,50
D128,O061,8,1200,8,27,0.381805437,0.01616482,0.491613692,0.675221612,4
D128,O062,8,1200,8,442,0.418928223,0.359834489,0.417321395,0.554105019,34
D128,O063,8,1200,8,159,0.167777479,0.069957712,0.130372357,0.943907134,38
D128,O064,8,1200,8,358,0.061032209,0.305917985,0.455729849,0.927346891,71
D128,O065,8,1200,8,56,0.248866638,0.340199764,0.379559452,0.583546864,5
D128,O066,8,1200,8,149,0.351209323,0.192455527,0.149427886,0.883050134,9
D128,O067,8,1200,8,60,0.359928689,0.02076874,0.174232425,0.648987034,6
D128,O068,8,1200,8,871,0.148525779,0.2389906,0.43126666,0.56330551,22
D128,O069,8,1200,8,600,0.193256125,0.259153683,0.18565311,0.968309469,107
D128,O070,8,1200,8,139,0.286307662,0.0275532,0.151186277,0.734969069,9
D128,O071,8,1200,8,830,0.025772238,0.059916076,0.006124037,0.854259133,1
D128,O072,8,1200,8,41,0.447028226,0.353970092,0.321029628,0.606201119,5
D128,O073,8,1200,8,22,0.099783277,0.097826372,0.112559894,0.548583884,3
D128,O074,8,1200,8,36,0.042568944,0.004280635,0.087293441,0.86728622,3
D128,O075,8,1200,8,31,0.495260113,0.154710174,0.269857669,0.722353565,5
D128,O076,8,1200,8,202,0.209924614,0.319442165,0.171734319,0.667816616,34
D128,O077,8,1200,8,648,0.325153788,0.303515085,0.316930252,0.613107267,97
D128,O078,8,1200,8,379,0.223960723,0.064878079,0.224272393,0.840645589,80
D128,O079,8,1200,8,65,0.075519811,0.282963886,0.299403793,0.51375586,9
D128,O080,8,1200,8,206,0.124478381,0.390952102,0.159201992,0.812430792,3
D128,O081,8,1200,8,229,0.311863322,0.040757227,0.190953924,0.52059127,6
D128,O082,8,1200,8,630,0.267185735,0.363424574,0.305398084,0.528725737,144
D128,O083,8,1200,8,89,0.002629244,0.11891721,0.012340148,0.799263288,13
D128,O084,8,1200,8,797,0.372992677,0.000386491,0.00152113,0.993396916,169
D128,O085,8,1200,8,66,0.183976656,0.236269207,0.120756181,0.591017322,11
D128,O086,8,1200,8,135,0.469888219,0.056365997,0.043821459,0.952586866,28
D128,O087,8,1200,8,23,0.111840401,0.071296914,0.089679808,0.791166307,2
D128,O088,8,1200,8,74,0.028069089,0.054085246,0.202673962,0.619616712,14
D128,O089,8,1200,8,55,0.492105028,0.101006081,0.474810428,0.657444473,6
D128,O090,8,1200,8,285,0.03434851,0.377557012,0.057284121,0.757204241,14
D128,O091,8,1200,8,85,0.181583703,0.224320695,0.138841885,0.830164928,8
D128,O092,8,1200,8,303,0.442706311,0.172267227,0.436491903,0.897895329,53
D128,O093,8,1200,8,25,0.276275035,0.078153424,0.291384582,0.958605081,1
D128,O094,8,1200,8,888,0.302089761,0.091469055,0.358945917,0.915650339,193
D128,O095,8,1200,8,29,0.365502327,0.314203797,0.177999519,0.631365154,3
D128,O096,8,1200,8,91,0.16170145,0.264353919,0.069555674,0.545005585,20
